timestamp,forecast_cloud_cover,forecast_temp_c,forecast_wind_ms,forecast_humidity_pct,measured_poa_wm2,measured_module_temp_c,measured_ambient_temp_c,rainfall_mm,status,ac_power_kw
2024-01-01 00:00:00,0.124,17.1,2.81,51.0,0.0,16.12,16.1,0.0,STANDBY,0.0
2024-01-01 01:00:00,0.15,15.7,2.24,54.0,0.0,15.91,16.04,0.0,STANDBY,-7.54
01-01-2024 02:00,0.202,15.5,2.13,56.0,0.0,14.52,14.99,0.0,STANDBY,-5.91
2024-01-01 03:00:00,0.098,15.5,2.59,58.0,0.0,15.09,15.26,0.0,STANDBY,-10.04
2024-01-01 04:00:00,0.067,15.0,2.48,53.0,0.0,15.29,15.57,0.0,STANDBY,0.0
2024-01-01 05:00:00,0.081,15.8,2.73,54.0,0.0,14.87,15.77,0.0,STANDBY,0.0
2024-01-01 06:00:00,0.168,17.1,2.83,51.0,4.3,16.66,16.82,0.0,STANDBY,12.56
2024-01-01 07:00:00,0.192,18.6,3.27,51.0,120.3,20.65,18.41,0.0,run,1206.96
2024-01-01 08:00:00,0.145,19.6,3.37,45.0,371.6,28.95,20.24,0.0,RUN,3881.26
2024-01-01 09:00:00,0.073,22.0,2.88,40.0,566.6,34.72,22.05,0.0,RUN,6270.93
2024-01-01 10:00:00,0.194,23.2,3.03,41.0,759.4,39.9,23.6,0.0,RUN,8053.23
2024-01-01 11:00:00,0.216,24.5,3.31,41.0,876.0,43.04,24.54,0.0,RUN,9110.17
2024-01-01 13:00:00,0.349,26.7,3.55,36.0,844.7,43.34,26.75,0.0,RUN,8777.13
2024-01-01 14:00:00,0.191,28.1,3.63,31.0,732.1,43.21,27.85,0.0,RUN,7655.83
2024-01-01 15:00:00,0.141,28.1,3.44,29.0,529.7,39.38,27.22,0.0,RUN,5776.01
2024-01-01 16:00:00,0.177,27.9,3.03,28.0,304.9,34.1,28.2,0.0,RUN,3148.41
2024-01-01 17:00:00,0.156,26.8,3.14,30.0,82.5,28.35,27.28,0.0,RUN,742.32
2024-01-01 18:00:00,0.123,25.7,2.82,33.0,0.0,25.59,26.8,0.0,STANDBY,0.0
2024-01-01 20:00:00,0.162,23.0,3.21,39.0,0.0,24.19,23.1,0.0,STANDBY,0.0
2024-01-01 21:00:00,0.12,20.7,2.54,39.0,0.0,20.63,21.17,0.0,STANDBY,0.0
2024-01-01 22:00:00,0.072,19.7,2.57,43.0,0.0,18.92,19.74,0.0,STANDBY,-9.18
2024-01-01 23:00:00,0.101,18.4,2.59,45.0,0.0,19.09,18.05,0.0,STANDBY,-6.17
2024-01-02 00:00:00,0.246,16.0,2.65,46.0,0.0,17.1,15.92,0.0,standby,0.0
2024-01-02 01:00:00,0.138,14.7,2.52,48.0,0.0,15.09,15.25,0.0,STANDBY,-3.76
2024-01-02 02:00:00,0.088,14.2,2.82,44.0,0.0,14.16,15.08,0.0,STANDBY,-4.78
2024-01-02 03:00:00,0.114,14.1,3.17,44.0,0.0,14.97,13.92,0.0,STANDBY,0.0
2024-01-02 04:00:00,0.225,14.0,3.58,50.0,0.0,14.83,14.72,0.0,STANDBY,0.0
2024-01-02 05:00:00,0.153,14.3,3.72,47.0,0.0,14.26,15.52,0.0,STANDBY,-6.09
2024-01-02 06:00:00,0.239,15.2,3.55,45.0,3.9,16.67,16.49,0.0,STANDBY,21.98
2024-01-02 07:00:00,0.166,16.3,3.77,48.0,121.1,22.08,18.46,0.0,RUN,1198.07
2024-01-02 08:00:00,0.213,18.1,3.4,51.0,354.8,29.69,20.13,0.0,RUN,3782.16
2024-01-02 09:00:00,0.226,20.2,3.58,49.0,581.7,35.98,21.25,0.0,RUN,6271.83
2024-01-02 10:00:00,0.083,21.9,3.37,44.0,758.4,41.46,23.97,0.0,RUN,8067.85
2024-01-02 11:00:00,0.077,23.8,3.2,38.0,870.4,45.0,25.14,0.0,RUN,9166.37
2024-01-02 12:00:00,0.111,25.1,3.19,37.0,895.7,46.48,25.59,0.0,RUN,9399.37
2024-01-02 13:00:00,0.133,25.9,3.97,32.0,866.6,44.09,27.43,0.0,RUN,8943.79
2024-01-02 14:00:00,0.163,26.4,4.5,34.0,724.5,43.74,27.65,0.0,RUN,7689.09
2024-01-02 15:00:00,0.101,27.1,3.94,31.0,533.4,-999.0,27.89,0.0,RUN,5717.88
02-01-2024 16:00,0.127,27.1,3.49,32.0,312.8,34.56,27.29,0.0,RUN,3228.06
2024-01-02 17:00:00,0.235,26.5,3.07,33.0,89.1,27.77,26.18,0.0, RUN ,724.8
2024-01-02 18:00:00,0.231,25.4,2.57,31.0,0.0,26.56,25.66,0.0,STANDBY,0.0
2024-01-02 19:00:00,0.316,24.0,2.53,38.0,0.0,24.42,24.79,0.0,STANDBY,-9.66
2024-01-02 20:00:00,0.269,22.6,2.61,43.0,0.0,23.38,23.13,0.0,STANDBY,-1.91
2024-01-02 21:00:00,0.248,20.9,2.64,45.0,0.0,20.75,21.07,0.0,STANDBY,-5.54
2024-01-02 22:00:00,0.164,18.3,2.55,48.0,0.0,19.33,19.6,0.0,STANDBY,-5.13
2024-01-02 23:00:00,0.23,17.0,2.52,50.0,0.0,18.73,17.21,0.0,STANDBY,-7.69
2024-01-03 00:00:00,0.196,17.9,2.11,59.0,0.0,16.98,16.58,0.0,STANDBY,-10.85
2024-01-03 01:00:00,0.278,16.8,1.91,64.0,0.0,15.93,15.68,0.0,STANDBY,-3.73
2024-01-03 02:00:00,0.201,15.5,2.48,62.0,0.0,14.31,-999.0,0.0,STANDBY,0.0
2024-01-03 03:00:00,0.121,15.9,2.37,60.0,0.0,13.81,14.83,0.0,STANDBY,0.0
2024-01-03 04:00:00,0.152,16.6,2.01,60.0,0.0,15.09,15.5,0.0,STANDBY,-10.66
2024-01-03 05:00:00,0.126,17.5,2.33,56.0,0.0,15.02,15.73,0.0,STANDBY,-7.53
2024-01-03 06:00:00,0.089,18.7,2.08,55.0,3.5,16.85,17.07,0.0,STANDBY,0.0
2024-01-03 07:00:00,0.245,19.9,2.61,53.0,124.3,20.57,18.19,0.0,RUN,1178.4
2024-01-03 08:00:00,0.188,21.5,2.11,48.0,355.5,29.26,20.05,0.0,RUN,3784.54
2024-01-03 09:00:00,0.081,22.5,2.09,45.0,590.8,36.26,20.71,0.0,RUN,6229.19
2024-01-03 10:00:00,0.108,24.1,2.07,39.0,775.4,42.64,22.82,0.0,RUN,8054.08
2024-01-03 11:00:00,0.284,25.6,2.5,38.0,896.6,45.38,25.57,0.0,RUN,9103.44
2024-01-03 12:00:00,0.382,26.7,2.75,36.0,902.1,44.95,25.92,0.0,RUN,9366.3
2024-01-03 13:00:00,0.244,28.3,2.49,34.0,856.2,47.79,26.88,0.0,RUN,8928.28
2024-01-03 14:00:00,0.124,29.0,2.9,32.0,736.6,45.09,28.0,0.0,RUN,7692.79
2024-01-03 15:00:00,0.151,29.6,2.76,31.0,549.9,39.55,27.91,0.0,RUN,5760.05
2024-01-03 16:00:00,0.155,28.9,2.73,29.0,326.1,35.37,27.99,0.0,RUN,3192.11
2024-01-03 17:00:00,0.194,28.2,2.21,28.0,91.0,28.24,27.11,0.0,RUN,762.6
2024-01-03 18:00:00,0.18,27.3,2.41,33.0,0.0,26.8,25.73,0.0,standby,-4.59
2024-01-03 19:00:00,0.143,25.7,2.01,34.0,0.0,25.06,24.68,0.0,STANDBY,-2.08
2024-01-03 20:00:00,0.091,24.0,2.12,37.0,0.0,22.8,22.98,0.0,STANDBY,0.0
2024-01-03 21:00:00,0.236,22.6,1.76,40.0,0.0,22.68,20.79,0.0,STANDBY,0.0
2024-01-03 22:00:00,0.286,20.9,2.09,47.0,0.0,19.4,19.82,0.0,STANDBY,0.0
2024-01-03 23:00:00,0.285,18.4,2.07,48.0,0.0,17.33,17.57,0.0,STANDBY,-5.66
2024-01-04 00:00:00,0.138,17.4,1.69,50.0,0.0,17.69,16.65,0.0,standby,0.0
2024-01-04 01:00:00,0.151,17.1,1.64,52.0,0.0,14.46,16.21,0.0,STANDBY,-2.3
2024-01-04 02:00:00,0.1,16.8,1.86,54.0,0.0,15.36,14.63,0.0,standby,0.0
2024-01-04 03:00:00,0.083,15.9,1.7,56.0,0.0,14.84,15.44,0.0,STANDBY,-9.67
2024-01-04 04:00:00,0.111,15.9,1.76,54.0,0.0,14.96,14.75,0.0,STANDBY,0.0
2024-01-04 05:00:00,0.161,17.5,1.83,53.0,0.0,16.24,16.33,0.0,STANDBY,-6.95
2024-01-04 06:00:00,0.171,18.3,1.62,51.0,3.0,17.5,17.12,0.0,STANDBY,56.65
2024-01-04 07:00:00,0.064,19.8,1.5,44.0,123.3,21.4,18.8,0.0,RUN,1195.98
2024-01-04 08:00:00,0.062,20.6,1.56,45.0,359.2,28.32,20.2,0.0,RUN,3794.9
2024-01-04 09:00:00,0.024,21.9,1.49,44.0,570.4,37.55,21.78,0.0,RUN,6244.32
2024-01-04 10:00:00,0.142,23.8,1.76,38.0,768.3,43.59,23.51,0.0,RUN,8010.93
2024-01-04 11:00:00,0.14,25.9,1.84,33.0,854.9,47.27,25.39,0.0,RUN,9018.71
2024-01-04 12:00:00,0.162,27.4,2.43,33.0,882.9,48.43,26.48,0.0,RUN,9332.29
2024-01-04 13:00:00,0.151,29.0,2.63,36.0,883.8,48.27,27.37,0.0,RUN,8875.48
2024-01-04 14:00:00,0.209,29.2,3.0,36.0,720.2,44.17,27.91,0.0,RUN,7665.11
2024-01-04 15:00:00,0.136,29.2,2.63,33.0,558.1,41.34,27.87,0.0,RUN,5757.06
2024-01-04 16:00:00,0.167,28.3,2.07,32.0,310.3,35.5,27.38,0.0,RUN,3231.82
2024-01-04 17:00:00,0.125,27.7,2.25,35.0,83.7,30.87,27.58,0.0,RUN,822.1
2024-01-04 18:00:00,0.12,26.8,2.17,35.0,0.0,25.94,26.12,0.0,,-1.9
2024-01-04 19:00:00,0.088,25.0,2.05,32.0,0.0,26.39,24.43,0.0,STANDBY,0.0
2024-01-04 20:00:00,0.136,23.3,2.1,37.0,0.0,22.79,23.73,0.0,STANDBY,0.0
2024-01-04 21:00:00,0.139,21.3,2.08,39.0,0.0,21.88,21.82,0.0,STANDBY,-3.59
2024-01-04 22:00:00,0.166,19.8,1.77,44.0,0.0,20.4,20.06,0.0,STANDBY,-8.36
2024-01-04 23:00:00,0.109,18.2,1.59,48.0,0.0,17.94,17.62,0.0,STANDBY,-1.55
2024-01-05 00:00:00,0.025,18.1,2.81,58.0,0.0,18.33,19.33,0.0,STANDBY,-10.98
2024-01-05 01:00:00,0.049,17.0,2.98,58.0,0.0,17.61,18.18,0.0,STANDBY,0.0
2024-01-05 02:00:00,0.095,16.0,3.02,61.0,0.0,17.07,17.12,0.0,STANDBY,0.0
2024-01-05 03:00:00,0.073,16.3,3.3,61.0,0.0,16.77,17.19,0.0,STANDBY,-11.16
2024-01-05 04:00:00,0.061,17.1,3.01,57.0,0.0,16.61,17.34,0.0,STANDBY,0.0
2024-01-05 05:00:00,0.048,17.9,3.1,58.0,0.0,18.9,17.64,0.0,STANDBY,-4.86
2024-01-05 06:00:00,0.033,18.9,2.86,58.0,0.0,19.09,19.91,0.0,STANDBY,0.0
2024-01-05 07:00:00,0.035,20.6,3.07,55.0,116.0,23.08,20.29,0.0,RUN,1180.46
2024-01-05 08:00:00,0.079,22.5,3.44,51.0,348.9,31.06,23.04,0.0,RUN,3745.39
2024-01-05 09:00:00,0.081,23.6,3.4,46.0,579.2,38.26,24.49,0.0,RUN,6182.74
2024-01-05 10:00:00,0.107,25.3,4.43,43.0,758.1,44.47,26.09,0.0,RUN,7986.99
2024-01-05 11:00:00,0.105,27.2,4.4,36.0,862.0,46.09,27.43,0.0,RUN,8996.6
2024-01-05 12:00:00,0.067,28.7,4.8,37.0,922.5,49.01,28.62,0.0,RUN,9338.82
2024-01-05 13:00:00,0.026,29.6,4.3,31.0,900.0,49.34,29.96,0.0,RUN,8874.3
2024-01-05 14:00:00,0.035,30.2,3.65,30.0,749.8,47.31,30.89,0.0,RUN,7643.36
2024-01-05 15:00:00,0.014,31.0,4.67,32.0,571.9,42.97,30.93,0.0,RUN,5739.99
2024-01-05 16:00:00,0.017,31.7,4.23,34.0,319.5,37.16,30.26,0.0,RUN,3226.81
2024-01-05 17:00:00,0.018,30.5,4.42,37.0,93.5,29.53,29.37,0.0,RUN,796.21
2024-01-05 18:00:00,0.024,29.9,4.77,37.0,0.0,29.34,28.65,0.0,STANDBY,-4.89
2024-01-05 19:00:00,0.053,27.6,4.03,36.0,0.0,27.78,26.36,0.0,STANDBY,-9.66
2024-01-05 20:00:00,0.046,26.1,3.76,41.0,0.0,25.16,25.34,0.0,STANDBY,0.0
2024-01-05 21:00:00,0.059,24.2,3.81,43.0,0.0,22.88,23.83,0.0,STANDBY,0.0
2024-01-05 22:00:00,0.172,21.5,3.6,49.0,0.0,23.05,22.72,0.0,STANDBY,0.0
2024-01-05 23:00:00,0.224,20.0,3.31,51.0,0.0,20.35,20.3,0.0,STANDBY,-10.48
2024-01-06 00:00:00,0.144,18.4,1.66,57.0,0.0,17.84,17.96,0.0,STANDBY,0.0
2024-01-06 01:00:00,0.082,17.4,1.73,59.0,0.0,17.6,17.16,0.0, STANDBY ,-7.27
2024-01-06 02:00:00,0.086,16.8,1.95,63.0,0.0,16.04,16.44,0.0,STANDBY,0.0
2024-01-06 03:00:00,0.037,16.8,1.85,63.0,0.0,16.76,15.85,0.0,STANDBY,0.0
2024-01-06 04:00:00,0.066,16.5,1.56,64.0,0.0,17.35,16.2,0.0,STANDBY,0.0
2024-01-06 05:00:00,0.08,18.0,1.6,60.0,0.0,16.79,17.29,0.0,STANDBY,0.0
2024-01-06 06:00:00,0.06,19.1,1.33,59.0,0.6,19.57,18.47,0.0,STANDBY,16.62
2024-01-06 07:00:00,0.078,20.6,1.31,53.0,118.1,23.01,19.53,0.0,RUN,1111.25
2024-01-06 08:00:00,0.103,22.7,1.25,51.0,353.8,30.95,21.45,0.0,RUN,3720.23
2024-01-06 09:00:00,0.075,23.8,1.37,47.0,580.1,38.66,23.08,0.0,RUN,6188.12
2024-01-06 10:00:00,0.029,25.4,1.51,43.0,801.6,44.59,25.09,0.0,RUN,7959.43
2024-01-06 11:00:00,0.097,26.6,1.57,40.0,866.5,49.52,26.76,0.0, RUN ,9010.71
2024-01-06 12:00:00,0.13,28.4,1.91,39.0,906.1,49.95,27.79,0.0,RUN,9261.63
2024-01-06 13:00:00,0.134,28.9,1.8,36.0,862.9,50.54,29.13,0.0,RUN,8895.72
2024-01-06 14:00:00,0.213,29.4,1.88,38.0,754.4,45.99,30.08,0.0,RUN,7640.32
2024-01-06 15:00:00,0.063,29.8,2.05,37.0,545.9,42.79,30.35,0.0,RUN,5749.67
2024-01-06 16:00:00,0.028,29.1,2.97,37.0,325.8,37.19,30.38,0.0,RUN,3265.97
2024-01-06 17:00:00,0.024,28.6,2.71,37.0,94.0,29.19,29.59,0.0,RUN,772.64
2024-01-06 18:00:00,0.035,27.9,2.45,38.0,0.0,26.87,28.48,0.0,STANDBY,-5.52
2024-01-06 19:00:00,0.035,25.8,2.19,42.0,0.0,26.35,26.62,0.0,STANDBY,-5.7
2024-01-06 20:00:00,0.042,24.4,2.07,48.0,0.0,24.91,24.84,0.0,STANDBY,-8.54
2024-01-06 21:00:00,0.08,22.8,1.67,52.0,0.0,23.33,23.78,0.0,STANDBY,-4.15
2024-01-06 22:00:00,0.065,21.2,1.47,52.0,0.0,20.16,21.6,0.0,STANDBY,0.0
2024-01-06 23:00:00,0.082,19.6,1.48,59.0,0.0,20.07,19.41,0.0,STANDBY,-10.92
2024-01-07 00:00:00,0.343,15.5,2.01,54.0,0.0,15.59,15.46,0.0,STANDBY,0.0
2024-01-07 01:00:00,0.343,14.0,2.1,60.0,0.0,14.52,14.6,0.0,STANDBY,-4.47
2024-01-07 02:00:00,0.26,13.5,2.09,59.0,0.0,15.09,13.63,0.0,STANDBY,-7.11
2024-01-07 03:00:00,0.206,13.6,2.64,62.0,0.0,14.92,13.95,0.0,STANDBY,-11.49
2024-01-07 04:00:00,0.198,14.4,3.13,64.0,0.0,13.72,13.57,0.0,STANDBY,-11.33
2024-01-07 05:00:00,0.12,15.3,2.26,62.0,0.0,14.49,15.06,0.0,STANDBY,-3.58
2024-01-07 06:00:00,0.095,16.1,1.74,63.0,0.6,16.32,16.2,0.0,STANDBY,0.0
2024-01-07 07:00:00,0.237,17.5,1.85,59.0,115.8,20.28,17.36,0.0,RUN,1125.4
2024-01-07 08:00:00,0.332,18.8,2.05,51.0,356.0,26.9,19.78,0.0,RUN,3734.96
2024-01-07 09:00:00,0.167,20.9,1.82,51.0,593.3,35.14,20.8,0.0,RUN,6126.27
2024-01-07 10:00:00,0.064,22.7,1.63,45.0,804.6,40.99,22.3,0.0,RUN,8047.12
2024-01-07 11:00:00,0.08,24.5,1.87,45.0,857.6,43.59,24.47,0.0,RUN,9125.22
2024-01-07 12:00:00,0.148,25.5,2.49,45.0,895.8,44.88,25.28,0.0,RUN,9443.21
2024-01-07 13:00:00,0.103,26.1,2.87,43.0,854.3,45.71,26.22,0.0,RUN,8985.59
2024-01-07 14:00:00,0.104,26.9,2.87,44.0,752.6,44.18,27.04,0.0,RUN,7822.35
2024-01-07 15:00:00,0.109,27.2,2.92,38.0,557.7,38.62,27.77,0.0,RUN,5845.38
2024-01-07 16:00:00,0.167,26.7,2.6,37.0,339.7,34.9,27.64,0.0,RUN,3314.45
2024-01-07 17:00:00,0.186,26.2,2.9,41.0,104.3,26.98,26.84,0.0,RUN,847.57
2024-01-07 18:00:00,0.158,24.9,3.1,41.0,0.0,24.63,25.36,0.0,STANDBY,0.0
2024-01-07 19:00:00,0.259,23.9,3.32,45.0,0.0,23.53,24.37,0.0,STANDBY,0.0
2024-01-07 20:00:00,0.222,21.6,3.19,47.0,0.0,21.68,21.94,0.0,STANDBY,-2.71
2024-01-07 21:00:00,0.245,20.0,2.6,51.0,0.0,20.65,20.37,0.0,STANDBY,0.0
2024-01-07 22:00:00,0.18,17.5,2.12,55.0,0.0,19.63,18.77,0.0,STANDBY,-7.83
2024-01-08 00:00:00,0.079,12.7,2.08,57.0,0.0,14.22,14.86,0.0, STANDBY ,-5.66
2024-01-08 01:00:00,0.195,11.2,1.84,58.0,0.0,13.08,13.55,0.0,STANDBY,0.0
2024-01-08 02:00:00,0.193,10.9,2.28,58.0,0.0,12.61,13.21,0.0,STANDBY,-7.79
2024-01-08 04:00:00,0.158,11.6,2.12,55.0,0.0,11.98,14.08,0.0,STANDBY,-10.52
2024-01-08 05:00:00,0.137,12.6,2.09,55.0,0.0,15.08,13.5,0.0,STANDBY,0.0
08-01-2024 06:00,0.126,13.9,2.1,55.0,2.0,14.89,15.55,0.0,STANDBY,0.0
2024-01-08 07:00:00,0.091,15.7,2.54,50.0,118.3,21.18,17.58,0.0,RUN,1104.35
2024-01-08 08:00:00,0.114,17.4,2.77,50.0,352.4,27.86,18.55,0.0,RUN,3737.67
2024-01-08 09:00:00,0.205,19.4,2.97,47.0,582.7,33.95,19.69,0.0,RUN,6077.7
2024-01-08 10:00:00,0.096,21.4,3.83,43.0,772.2,40.6,21.52,0.0, RUN ,8055.37
2024-01-08 11:00:00,0.054,22.6,3.56,40.0,875.8,43.79,23.59,0.0,RUN,9123.5
2024-01-08 12:00:00,0.056,23.9,4.65,37.0,921.4,46.39,24.56,0.0,run,9447.2
2024-01-08 13:00:00,0.098,24.7,4.41,35.0,880.2,43.88,25.59,0.0,RUN,9001.74
2024-01-08 14:00:00,0.122,26.2,4.04,36.0,737.5,41.82,27.13,0.0,RUN,7775.41
2024-01-08 15:00:00,0.201,25.6,3.34,37.0,547.6,38.34,25.71,0.0,RUN,5818.04
2024-01-08 16:00:00,0.185,25.2,3.08,40.0,328.7,32.18,26.07,0.0,RUN,3388.36
2024-01-08 17:00:00,0.129,24.6,2.87,40.0,94.3,28.44,25.52,0.0,RUN,889.5
2024-01-08 18:00:00,0.119,23.7,2.44,41.0,0.0,25.2,24.27,0.0,STANDBY,-7.0
2024-01-08 19:00:00,0.106,21.8,2.68,42.0,0.0,23.18,22.81,0.0,STANDBY,-10.52
2024-01-08 20:00:00,0.078,20.4,2.21,42.0,0.0,21.0,20.84,0.0,STANDBY,0.0
2024-01-08 21:00:00,0.094,18.5,1.91,43.0,0.0,19.89,19.02,0.0,STANDBY,-1.88
2024-01-08 22:00:00,0.099,16.5,2.3,43.0,0.0,19.81,17.24,0.0,STANDBY,-1.77
2024-01-08 23:00:00,0.133,15.1,2.21,46.0,0.0,15.83,16.25,0.0,STANDBY,0.0
2024-01-09 00:00:00,0.267,16.9,2.11,54.0,0.0,16.23,17.13,0.0,STANDBY,0.0
2024-01-09 01:00:00,0.141,15.9,2.43,59.0,0.0,17.71,16.83,0.0,STANDBY,-1.55
2024-01-09 02:00:00,0.266,15.4,2.36,63.0,0.0,16.86,15.45,0.0,STANDBY,-8.17
2024-01-09 03:00:00,0.142,15.0,1.66,62.0,0.0,16.88,15.68,0.0,standby,0.0
2024-01-09 04:00:00,0.221,15.0,1.61,63.0,0.0,16.17,15.63,0.0,STANDBY,0.0
2024-01-09 05:00:00,0.26,15.9,1.41,61.0,0.0,17.77,16.78,0.0,STANDBY,0.0
2024-01-09 06:00:00,0.23,17.4,1.59,63.0,3.1,18.63,16.89,0.0,STANDBY,43.26
2024-01-09 07:00:00,0.233,18.5,1.82,58.0,117.6,22.49,19.5,0.0,RUN,1140.23
2024-01-09 08:00:00,0.317,20.1,1.6,56.0,348.8,31.22,21.53,0.0,run,3551.45
2024-01-09 09:00:00,0.364,22.5,1.8,51.0,579.2,39.54,22.72,0.0,RUN,6050.03
2024-01-09 10:00:00,0.253,24.2,2.56,48.0,771.7,44.97,24.47,0.0,RUN,7842.39
2024-01-09 11:00:00,0.167,26.0,3.42,45.0,870.8,48.24,25.7,0.0,RUN,8974.39
2024-01-09 12:00:00,0.362,27.3,3.95,43.0,892.8,49.95,27.66,0.0,run,9062.25
2024-01-09 13:00:00,0.391,27.7,3.21,41.0,828.9,47.1,27.28,0.0,RUN,8587.47
2024-01-09 14:00:00,0.375,28.3,2.86,39.0,729.1,46.49,28.99,0.0,RUN,7392.22
2024-01-09 15:00:00,0.216,29.2,2.8,38.0,538.1,41.84,29.28,0.0,RUN,5782.77
2024-01-09 16:00:00,0.159,29.4,2.78,40.0,329.2,35.22,29.22,0.0,run,3289.82
2024-01-09 17:00:00,0.192,27.7,3.2,46.0,101.9,30.58,28.4,0.0,RUN,898.36
2024-01-09 18:00:00,0.099,26.8,3.18,48.0,0.0,27.42,27.25,0.0,STANDBY,0.0
2024-01-09 19:00:00,0.101,25.3,3.08,51.0,0.0,26.04,26.38,0.0,STANDBY,0.0
2024-01-09 20:00:00,0.12,24.0,2.61,54.0,0.0,23.44,23.8,0.0,STANDBY,-2.08
2024-01-09 21:00:00,0.203,22.1,2.09,58.0,0.0,20.87,21.83,0.0,STANDBY,0.0
2024-01-09 22:00:00,0.254,20.1,1.93,57.0,0.0,20.65,20.68,0.0, STANDBY ,0.0
2024-01-09 23:00:00,0.272,18.8,1.63,55.0,0.0,18.97,18.26,0.0, STANDBY ,0.0
2024-01-10 00:00:00,0.224,18.3,1.28,62.0,0.0,17.85,17.11,0.0,STANDBY,0.0
2024-01-10 01:00:00,0.136,17.1,1.35,65.0,0.0,15.77,17.31,0.0,STANDBY,0.0
2024-01-10 02:00:00,0.083,17.3,1.73,67.0,0.0,16.3,16.56,0.0,standby,-11.5
2024-01-10 03:00:00,0.098,17.0,1.83,68.0,0.0,18.35,15.75,0.0,STANDBY,-3.73
2024-01-10 04:00:00,0.101,17.3,2.17,66.0,0.0,17.01,16.42,0.0,STANDBY,0.0
2024-01-10 05:00:00,0.07,17.9,2.31,64.0,0.0,17.09,16.76,0.0,STANDBY,-2.11
2024-01-10 06:00:00,0.081,19.1,2.15,59.0,1.4,17.04,18.19,0.0,STANDBY,68.34
2024-01-10 07:00:00,0.191,20.5,2.14,61.0,112.8,22.33,19.51,0.0,RUN,1031.3
2024-01-10 08:00:00,0.165,21.6,2.4,60.0,350.5,31.53,22.02,0.0,RUN,3690.79
2024-01-10 09:00:00,0.28,23.9,2.41,59.0,585.4,36.15,22.81,0.0,RUN,5963.9
2024-01-10 10:00:00,0.38,26.0,2.04,54.0,742.3,40.66,24.03,0.0,RUN,7700.39
2024-01-10 11:00:00,0.194,26.9,2.02,46.0,874.8,44.67,26.42,0.0,run,8985.71
2024-01-10 12:00:00,0.143,27.6,1.81,45.0,906.4,48.03,28.06,0.0,RUN,9385.25
2024-01-10 13:00:00,0.11,29.6,2.14,43.0,897.6,48.17,28.72,0.0,RUN,8936.93
2024-01-10 14:00:00,0.056,29.9,2.38,41.0,738.1,45.35,29.62,0.0,RUN,7762.47
2024-01-10 15:00:00,0.089,30.4,2.26,43.0,579.2,40.07,29.32,0.0,RUN,5860.47
2024-01-10 16:00:00,0.209,29.6,1.6,45.0,332.5,35.12,27.79,0.0,RUN,3232.33
2024-01-10 17:00:00,0.206,29.2,1.63,45.0,92.9,29.78,27.84,0.0,run,795.29
2024-01-10 18:00:00,0.114,28.6,1.53,47.0,0.0,25.62,27.31,0.0,STANDBY,-5.66
2024-01-10 19:00:00,0.326,27.0,1.64,51.0,0.0,25.81,26.04,0.0,STANDBY,0.0
2024-01-10 20:00:00,0.171,25.2,1.47,50.0,0.0,23.98,24.2,0.0,STANDBY,-10.5
2024-01-10 21:00:00,0.185,23.9,1.19,53.0,0.0,22.52,22.31,0.0,STANDBY,-1.81
2024-01-10 22:00:00,0.192,22.1,1.16,54.0,0.0,20.71,20.75,0.0,STANDBY,0.0
2024-01-10 23:00:00,0.105,20.5,1.37,59.0,0.0,18.35,18.58,0.0,STANDBY,0.0
2024-01-11 00:00:00,0.283,17.0,2.04,57.0,0.0,16.51,17.2,0.0,STANDBY,0.0
2024-01-11 01:00:00,0.417,16.1,1.92,60.0,0.0,16.66,16.13,0.0,STANDBY,0.0
2024-01-11 02:00:00,0.409,15.4,2.56,59.0,0.0,15.37,15.63,0.0,STANDBY,-8.91
2024-01-11 03:00:00,0.321,14.8,2.47,59.0,0.0,15.13,15.79,0.0,STANDBY,0.0
2024-01-11 04:00:00,0.148,14.6,2.73,56.0,0.0,16.38,16.27,0.0,standby,-4.7
2024-01-11 05:00:00,0.145,15.6,3.16,52.0,0.0,15.52,16.52,0.0,STANDBY,-5.07
2024-01-11 06:00:00,0.213,16.5,2.33,53.0,3.7,16.16,17.59,0.0,STANDBY,-2.65
2024-01-11 07:00:00,0.153,17.7,2.88,49.0,110.3,21.48,19.27,0.0,RUN,1099.55
2024-01-11 08:00:00,0.192,19.4,2.86,50.0,354.3,26.82,19.98,0.0,RUN,3644.14
2024-01-11 09:00:00,0.19,20.8,2.94,48.0,578.3,34.89,22.56,0.0,RUN,6181.74
2024-01-11 10:00:00,0.193,23.0,3.22,45.0,775.6,42.56,24.27,0.0,RUN,8017.72
2024-01-11 11:00:00,0.14,24.9,4.0,41.0,912.5,43.19,25.43,0.0,RUN,9055.13
2024-01-11 12:00:00,0.286,26.0,3.89,36.0,895.4,47.66,27.21,0.0,RUN,9356.73
2024-01-11 13:00:00,0.362,26.9,3.87,33.0,893.7,46.43,27.41,0.0,RUN,8944.49
2024-01-11 14:00:00,0.499,27.6,4.67,34.0,719.9,44.18,27.66,0.0,RUN,7757.99
2024-01-11 15:00:00,0.335,28.5,6.06,34.0,572.8,40.6,28.85,0.0,RUN,5939.39
2024-01-11 16:00:00,0.177,28.3,5.54,33.0,333.2,33.85,28.73,0.0,RUN,3423.53
2024-01-11 17:00:00,0.111,27.9,5.05,34.0,105.8,30.09,27.98,0.0,RUN,862.41
2024-01-11 18:00:00,0.149,26.9,5.53,36.0,0.0,27.2,27.16,0.0,STANDBY,-6.09
2024-01-11 19:00:00,0.137,25.1,5.87,40.0,0.0,25.19,25.39,0.0,STANDBY,0.0
2024-01-11 20:00:00,0.25,22.9,5.05,47.0,0.0,24.3,23.2,0.0,STANDBY,-8.89
2024-01-11 21:00:00,0.196,21.4,4.34,47.0,0.0,22.29,22.26,0.0,STANDBY,0.0
2024-01-11 22:00:00,0.218,19.5,4.36,53.0,0.0,19.47,20.11,0.0,STANDBY,-4.92
2024-01-11 23:00:00,0.241,18.3,4.26,55.0,0.0,18.51,17.89,0.0,STANDBY,0.0
2024-01-12 00:00:00,0.452,20.0,2.98,56.0,0.0,19.13,19.46,0.0,STANDBY,-4.78
2024-01-12 01:00:00,0.288,19.1,3.2,54.0,0.0,19.09,18.62,0.0,STANDBY,0.0
2024-01-12 02:00:00,0.178,18.9,2.6,56.0,0.0,17.81,17.34,0.0,STANDBY,-8.99
2024-01-12 03:00:00,0.258,17.7,2.67,56.0,0.0,19.33,17.63,0.0,STANDBY,-1.79
2024-01-12 04:00:00,0.402,17.7,2.25,52.0,0.0,18.3,17.68,0.0,STANDBY,0.0
2024-01-12 05:00:00,0.445,18.3,2.5,54.0,0.0,18.95,17.89,0.0,standby,-4.86
2024-01-12 06:00:00,0.318,20.2,2.14,50.0,2.0,20.35,20.77,0.0, STANDBY ,0.0
2024-01-12 07:00:00,0.38,21.1,1.98,49.0,111.0,23.96,21.13,0.0,RUN,1052.83
2024-01-12 08:00:00,0.42,22.6,2.48,47.0,333.2,29.94,21.66,0.0,RUN,3510.71
2024-01-12 09:00:00,0.333,24.9,2.3,44.0,569.2,39.52,24.24,0.0,RUN,6042.2
2024-01-12 10:00:00,0.283,27.1,2.56,36.0,759.4,43.13,27.03,0.0,RUN,7864.03
2024-01-12 11:00:00,0.24,28.7,2.85,36.0,855.5,48.68,27.57,0.0,run,8830.8
2024-01-12 12:00:00,0.233,30.3,2.8,32.0,924.1,48.8,28.65,0.0,RUN,9171.65
2024-01-12 13:00:00,0.219,31.1,2.78,33.0,882.3,47.01,29.97,0.0,RUN,8676.68
2024-01-12 14:00:00,0.187,31.7,2.81,34.0,758.6,48.4,30.6,0.0,RUN,7702.15
2024-01-12 15:00:00,0.177,31.7,2.8,33.0,571.3,44.13,31.34,0.0,RUN,5821.88
2024-01-12 16:00:00,0.18,31.2,3.01,34.0,340.3,37.65,30.11,0.0,RUN,3282.39
2024-01-12 17:00:00,0.294,31.0,3.34,36.0,93.5,31.22,29.68,0.0,RUN,831.29
2024-01-12 18:00:00,0.183,30.0,3.17,34.0,0.0,29.36,28.78,0.0,STANDBY,0.0
2024-01-12 19:00:00,0.161,28.7,2.51,34.0,0.0,27.85,27.31,0.0,STANDBY,-3.99
2024-01-12 20:00:00,0.135,26.6,2.46,38.0,0.0,25.6,25.38,0.0,STANDBY,-9.34
2024-01-12 21:00:00,0.151,24.4,1.9,41.0,0.0,24.75,24.33,0.0,STANDBY,0.0
2024-01-12 22:00:00,0.163,22.8,1.92,44.0,0.0,22.42,22.44,0.0,standby,0.0
2024-01-12 23:00:00,0.175,21.4,2.39,44.0,0.0,20.42,21.42,0.0,STANDBY,-3.7
2024-01-13 00:00:00,0.154,18.2,1.9,39.0,0.0,18.67,18.25,0.0,STANDBY,-10.31
2024-01-13 01:00:00,0.217,17.4,2.36,38.0,0.0,16.78,16.61,0.0, STANDBY ,-5.79
2024-01-13 02:00:00,0.197,16.7,2.08,40.0,0.0,16.73,16.16,0.0, STANDBY ,-10.86
2024-01-13 03:00:00,0.225,16.8,2.03,44.0,0.0,15.92,15.47,0.0,STANDBY,0.0
2024-01-13 04:00:00,0.16,17.4,2.01,41.0,0.0,14.44,16.3,0.0,STANDBY,0.0
2024-01-13 05:00:00,0.101,17.4,1.76,41.0,0.0,17.1,16.79,0.0, STANDBY ,0.0
2024-01-13 06:00:00,0.139,18.2,1.67,40.0,2.9,17.64,18.1,0.0,STANDBY,31.8
2024-01-13 07:00:00,0.223,19.8,1.79,43.0,113.4,22.88,19.98,0.0,RUN,1071.84
2024-01-13 08:00:00,0.209,21.6,1.81,39.0,364.4,31.47,21.69,0.0,RUN,3632.64
2024-01-13 09:00:00,0.274,23.5,1.91,38.0,568.5,38.36,23.49,0.0,RUN,6072.45
2024-01-13 10:00:00,0.193,25.5,1.76,34.0,768.4,43.51,24.76,0.0,RUN,7936.36
2024-01-13 11:00:00,0.151,27.3,2.6,32.0,917.8,47.33,26.67,0.0,RUN,9015.15
2024-01-13 12:00:00,0.105,28.7,2.91,29.0,926.5,49.48,28.15,0.0,RUN,9404.98
2024-01-13 13:00:00,0.251,28.9,3.23,32.0,888.8,48.55,29.12,0.0,,8827.12
2024-01-13 14:00:00,0.156,29.6,2.82,30.0,757.0,46.66,30.14,0.0,RUN,7759.58
2024-01-13 15:00:00,0.148,29.7,2.53,27.0,571.9,41.84,29.58,0.0,RUN,5885.01
2024-01-13 16:00:00,0.131,28.6,2.13,29.0,337.6,37.41,29.84,0.0,RUN,3490.07
2024-01-13 18:00:00,0.094,28.0,1.76,29.0,0.0,27.9,27.9,0.0,STANDBY,-9.02
13-01-2024 19:00,0.057,26.5,1.75,32.0,0.0,26.72,26.53,0.0,STANDBY,-5.48
2024-01-13 20:00:00,0.058,25.1,1.46,36.0,0.0,25.33,24.6,0.0,STANDBY,-3.18
2024-01-13 21:00:00,0.135,23.2,1.25,39.0,0.0,-999.0,22.99,0.0,STANDBY,-2.96
2024-01-13 22:00:00,0.202,20.9,1.38,44.0,0.0,21.51,20.64,0.0,STANDBY,-3.66
2024-01-13 23:00:00,0.139,19.2,1.33,42.0,0.0,18.53,19.55,0.0,STANDBY,0.0
2024-01-14 00:00:00,0.222,16.6,1.66,43.0,0.0,18.03,17.57,0.0,,0.0
2024-01-14 01:00:00,0.205,15.1,1.77,44.0,0.0,15.49,16.04,0.0,STANDBY,-2.07
2024-01-14 02:00:00,0.232,14.4,1.5,43.0,0.0,15.22,15.96,0.0,STANDBY,0.0
2024-01-14 03:00:00,0.406,13.8,1.63,47.0,0.0,14.83,15.35,0.0,STANDBY,-3.51
2024-01-14 04:00:00,0.374,14.7,1.68,45.0,0.0,16.14,16.02,0.0,STANDBY,0.0
2024-01-14 05:00:00,0.307,15.8,1.43,48.0,0.0,15.77,16.43,0.0,STANDBY,-5.73
2024-01-14 06:00:00,0.303,17.0,1.9,47.0,0.3,17.38,17.56,0.0,STANDBY,3.11
2024-01-14 07:00:00,0.301,18.9,2.26,45.0,103.7,22.98,18.96,0.0,RUN,1081.11
2024-01-14 08:00:00,0.233,19.7,2.33,42.0,348.3,29.69,20.86,0.0,RUN,3594.26
2024-01-14 09:00:00,0.381,21.9,2.1,38.0,569.2,37.16,22.37,0.0,RUN,5794.45
2024-01-14 10:00:00,0.351,24.5,1.77,34.0,770.7,42.36,24.8,0.0,RUN,7772.63
2024-01-14 11:00:00,0.48,25.8,1.78,36.0,836.6,47.08,25.94,0.0,RUN,8682.74
2024-01-14 12:00:00,0.287,27.1,1.84,33.0,909.3,50.27,27.22,0.0,RUN,9268.88
2024-01-14 13:00:00,0.166,28.6,2.44,31.0,858.3,49.25,27.64,0.0,RUN,8880.06
2024-01-14 14:00:00,0.193,29.6,3.03,29.0,718.2,46.54,28.95,0.0,run,7767.41
2024-01-14 15:00:00,0.498,29.1,2.84,32.0,536.4,40.3,28.34,0.0,RUN,5451.58
2024-01-14 16:00:00,0.203,29.1,2.6,31.0,332.0,35.67,28.06,0.0,RUN,3478.54
2024-01-14 17:00:00,0.189,28.5,2.34,33.0,108.8,29.18,28.18,0.0,RUN,923.71
2024-01-14 18:00:00,0.184,27.5,2.04,36.0,0.0,26.06,27.11,0.0,STANDBY,0.0
2024-01-14 19:00:00,0.13,25.9,2.23,36.0,0.0,26.56,25.39,0.0,STANDBY,0.0
2024-01-14 20:00:00,0.263,24.2,1.98,42.0,0.0,23.88,23.05,0.0,STANDBY,-6.69
2024-01-14 21:00:00,0.441,21.9,1.79,44.0,0.0,24.01,22.07,0.0,STANDBY,0.0
2024-01-14 22:00:00,0.262,20.2,1.79,45.0,0.0,20.23,20.77,0.0,STANDBY,-10.12
2024-01-14 23:00:00,0.22,18.2,1.91,47.0,0.0,18.59,18.97,0.0,STANDBY,-2.34
2024-01-15 00:00:00,0.255,15.2,2.21,59.0,0.0,16.58,16.49,0.0,STANDBY,-10.25
2024-01-15 01:00:00,0.26,13.9,2.1,63.0,0.0,14.98,14.07,0.0,STANDBY,0.0
2024-01-15 02:00:00,0.209,13.5,2.85,61.0,0.0,14.48,13.7,0.0,STANDBY,-5.38
2024-01-15 03:00:00,0.279,13.5,2.68,63.0,0.0,14.04,14.37,0.0,STANDBY,0.0
2024-01-15 04:00:00,0.27,13.6,2.88,68.0,0.0,13.63,14.34,0.0,STANDBY,-10.72
2024-01-15 05:00:00,0.355,14.6,2.5,70.0,0.0,15.11,14.84,0.0,STANDBY,0.0
2024-01-15 06:00:00,0.264,16.1,2.9,65.0,5.8,15.6,16.46,0.0,STANDBY,17.34
2024-01-15 07:00:00,0.193,17.5,3.28,59.0,114.2,21.46,17.86,0.0,run,1025.23
2024-01-15 08:00:00,0.131,19.2,3.17,54.0,344.7,28.64,19.4,0.0,RUN,3630.31
2024-01-15 09:00:00,0.216,20.2,2.88,49.0,583.4,36.12,20.85,0.0,RUN,6105.33
2024-01-15 10:00:00,0.351,21.5,3.05,47.0,747.5,40.49,22.9,0.0,RUN,7761.09
2024-01-15 11:00:00,0.304,23.1,3.19,41.0,899.3,43.7,24.54,0.0,RUN,9055.01
2024-01-15 12:00:00,0.208,24.3,3.49,38.0,915.7,48.12,25.9,0.0,RUN,9388.74
2024-01-15 13:00:00,0.157,25.7,3.96,39.0,869.1,45.34,26.91,0.0,RUN,9081.81
2024-01-15 14:00:00,0.182,26.3,3.82,39.0,769.3,44.0,26.94,0.0,RUN,7865.23
2024-01-15 15:00:00,0.258,26.6,3.42,38.0,588.2,40.88,26.52,0.0,RUN,5943.38
2024-01-15 16:00:00,0.27,26.4,3.78,40.0,334.5,33.36,26.64,0.0,RUN,3473.47
2024-01-15 17:00:00,0.123,25.7,2.65,42.0,105.4,28.0,25.74,0.0,RUN,1004.29
2024-01-15 18:00:00,0.178,24.7,2.84,43.0,3.2,25.48,25.95,0.0,STANDBY,66.62
2024-01-15 19:00:00,0.224,22.9,2.5,49.0,0.0,25.12,23.31,0.0,STANDBY,-10.76
15-01-2024 20:00,0.212,21.2,2.37,48.0,0.0,23.18,22.15,0.0,STANDBY,0.0
2024-01-15 21:00:00,0.167,19.9,2.25,52.0,0.0,20.95,20.63,0.0,STANDBY,0.0
2024-01-15 22:00:00,0.194,17.9,2.55,54.0,0.0,19.61,19.04,0.0,STANDBY,0.0
2024-01-15 23:00:00,0.426,16.5,2.16,58.0,0.0,16.38,17.27,0.0,standby,-1.99
2024-01-16 00:00:00,0.296,17.5,2.62,51.0,0.0,17.63,18.02,0.0,STANDBY,0.0
2024-01-16 01:00:00,0.219,16.2,2.49,47.0,0.0,17.54,16.33,0.0,STANDBY,0.0
2024-01-16 02:00:00,0.153,15.0,2.8,45.0,0.0,15.33,15.62,0.0,STANDBY,-10.73
2024-01-16 03:00:00,0.125,14.6,2.91,44.0,0.0,14.0,15.2,0.0,,0.0
2024-01-16 04:00:00,0.193,15.0,3.02,47.0,0.0,14.91,15.85,0.0,STANDBY,0.0
16-01-2024 05:00,0.121,15.8,3.23,46.0,0.0,15.96,16.16,0.0,STANDBY,0.0
2024-01-16 06:00:00,0.14,17.4,2.9,40.0,9.8,18.49,17.24,0.0,STANDBY,13.78
2024-01-16 07:00:00,0.21,18.9,3.05,39.0,115.6,22.98,19.47,0.0,RUN,971.55
2024-01-16 08:00:00,0.112,20.2,2.88,40.0,349.0,29.99,20.9,0.0,run,3617.4
2024-01-16 09:00:00,0.21,22.1,2.81,36.0,539.0,37.2,23.05,0.0,run,5915.07
2024-01-16 10:00:00,0.201,23.7,2.84,30.0,774.9,41.21,23.88,0.0,RUN,7811.58
2024-01-16 11:00:00,0.14,25.7,2.92,34.0,871.8,45.28,25.19,0.0,RUN,8964.33
2024-01-16 12:00:00,0.074,27.0,3.31,30.0,927.3,45.4,27.89,0.0,RUN,9445.25
2024-01-16 13:00:00,0.089,27.6,3.17,31.0,868.3,47.37,28.69,0.0,RUN,9086.39
2024-01-16 14:00:00,0.118,28.0,4.16,29.0,780.6,44.25,29.28,0.0,RUN,7843.72
2024-01-16 15:00:00,0.073,27.7,3.63,29.0,599.8,41.77,28.51,0.0,RUN,6024.57
2024-01-16 16:00:00,0.087,28.2,3.31,26.0,338.5,36.29,29.02,0.0,,3543.8
2024-01-16 17:00:00,0.091,27.7,3.48,29.0,114.3,30.49,28.15,0.0,RUN,985.57
2024-01-16 18:00:00,0.164,26.6,3.17,32.0,0.0,25.42,26.81,0.0,STANDBY,17.55
2024-01-16 19:00:00,0.247,25.2,3.38,34.0,0.0,26.53,25.55,0.0,STANDBY,-7.64
2024-01-16 20:00:00,0.352,24.1,3.49,38.0,0.0,23.55,23.6,0.0,STANDBY,-6.25
2024-01-16 21:00:00,0.266,23.0,3.14,37.0,0.0,23.14,21.78,0.0,STANDBY,0.0
2024-01-16 22:00:00,0.232,20.8,2.4,41.0,0.0,20.11,20.55,0.0,STANDBY,0.0
2024-01-16 23:00:00,0.169,19.7,2.41,47.0,0.0,18.97,18.76,0.0,standby,-7.47
2024-01-17 00:00:00,0.289,20.4,2.64,55.0,0.0,16.27,18.32,0.0,STANDBY,-9.96
2024-01-17 01:00:00,0.421,18.9,2.49,59.0,0.0,16.62,-999.0,0.0,STANDBY,0.0
2024-01-17 02:00:00,0.295,18.3,2.5,65.0,0.0,17.44,16.35,0.0,STANDBY,0.0
2024-01-17 03:00:00,0.241,18.8,3.2,64.0,0.0,15.55,16.0,0.0,STANDBY,-11.3
2024-01-17 04:00:00,0.181,19.7,2.97,63.0,0.0,18.21,16.87,0.0,STANDBY,-999.0
2024-01-17 05:00:00,0.142,20.6,2.62,62.0,0.0,17.0,16.55,0.0,STANDBY,0.0
2024-01-17 06:00:00,0.198,20.9,2.12,65.0,0.0,21.48,17.96,0.0,STANDBY,0.0
2024-01-17 07:00:00,0.142,22.2,2.02,59.0,106.4,21.25,19.4,0.0, RUN ,1041.55
2024-01-17 08:00:00,0.077,23.4,2.07,55.0,351.1,29.97,21.46,0.0,RUN,3569.61
2024-01-17 09:00:00,0.099,25.5,1.95,51.0,580.6,37.89,23.73,0.0,RUN,6094.11
2024-01-17 10:00:00,0.07,27.6,2.06,50.0,771.0,43.89,25.47,0.0,RUN,7962.7
2024-01-17 11:00:00,0.091,28.8,2.39,44.0,916.2,45.51,26.72,0.0,RUN,9053.4
2024-01-17 12:00:00,0.089,29.9,2.75,43.0,892.4,46.65,28.18,0.0,RUN,9422.89
2024-01-17 13:00:00,0.119,31.2,2.7,38.0,899.7,47.3,29.25,0.0,run,8980.34
2024-01-17 14:00:00,0.063,31.7,3.1,36.0,796.1,45.97,29.39,0.0,RUN,7845.22
2024-01-17 15:00:00,0.11,32.0,3.29,36.0,584.6,42.14,29.79,0.0,RUN,5972.76
2024-01-17 16:00:00,0.13,31.9,2.88,34.0,354.5,37.45,29.28,0.0,RUN,3574.99
2024-01-17 17:00:00,0.192,31.1,3.52,40.0,117.6,31.93,28.39,0.0,RUN,1017.59
2024-01-17 18:00:00,0.117,30.1,3.22,37.0,0.3,28.69,28.16,0.0,STANDBY,26.69
2024-01-17 19:00:00,0.121,28.6,2.79,40.0,0.0,25.86,26.25,0.0,STANDBY,-10.1
2024-01-17 20:00:00,0.091,26.9,2.9,40.0,0.0,24.9,25.28,0.0,standby,-3.33
2024-01-17 21:00:00,0.134,25.2,2.38,49.0,0.0,23.74,22.68,0.0,STANDBY,0.0
2024-01-17 22:00:00,0.155,23.1,2.14,51.0,0.0,21.67,21.15,0.0,STANDBY,-4.48
2024-01-17 23:00:00,0.218,20.6,1.73,56.0,0.0,20.1,19.52,0.0,STANDBY,-2.05
2024-01-18 00:00:00,0.095,18.3,3.06,57.0,0.0,16.29,16.59,0.0,STANDBY,-3.14
18-01-2024 01:00,0.068,17.7,2.94,55.0,0.0,15.06,15.9,0.0,STANDBY,-9.4
2024-01-18 02:00:00,0.061,16.5,2.98,55.0,0.0,13.75,14.54,0.0,STANDBY,-5.72
2024-01-18 03:00:00,0.078,16.2,3.4,56.0,0.0,15.13,14.11,0.0,STANDBY,0.0
2024-01-18 04:00:00,0.054,16.1,3.26,53.0,0.0,15.49,14.74,0.0,STANDBY,0.0
2024-01-18 05:00:00,0.08,16.6,3.54,55.0,0.0,16.15,16.29,0.0,STANDBY,0.0
2024-01-18 06:00:00,0.046,17.2,4.1,54.0,2.5,17.64,16.87,0.0,STANDBY,0.0
2024-01-18 07:00:00,0.016,19.2,3.93,49.0,106.8,21.29,18.97,0.0,RUN,1076.5
2024-01-18 08:00:00,0.042,21.0,3.64,48.0,356.6,26.21,20.36,0.0,RUN,3571.37
2024-01-18 09:00:00,0.032,23.1,3.36,44.0,583.1,35.17,22.8,0.0,RUN,6108.57
2024-01-18 10:00:00,0.031,24.9,3.62,39.0,754.8,39.62,24.29,0.0,RUN,8024.82
2024-01-18 11:00:00,0.047,26.4,4.93,36.0,883.2,42.82,25.99,0.0,RUN,9159.26
2024-01-18 12:00:00,0.047,28.5,4.52,30.0,905.4,44.39,26.23,0.0,RUN,9558.5
2024-01-18 13:00:00,0.095,29.7,5.1,28.0,896.3,45.08,27.88,0.0,RUN,9114.48
2024-01-18 14:00:00,0.124,30.3,5.69,24.0,797.2,-999.0,28.35,0.0,RUN,7956.29
2024-01-18 15:00:00,0.105,30.5,5.76,28.0,583.3,39.07,28.28,0.0,RUN,6067.69
2024-01-18 16:00:00,0.131,30.6,4.92,27.0,359.8,34.96,28.76,0.0,run,3579.79
2024-01-18 17:00:00,0.104,29.3,5.4,30.0,117.8,29.61,27.67,0.0,RUN,977.33
2024-01-18 18:00:00,0.231,28.0,5.69,33.0,1.5,28.3,27.05,0.0,STANDBY,0.0
2024-01-18 19:00:00,0.154,26.8,4.98,35.0,0.0,24.15,24.49,0.0,STANDBY,0.0
2024-01-18 20:00:00,0.175,24.3,4.03,38.0,0.0,23.6,23.77,0.0,STANDBY,0.0
2024-01-18 21:00:00,0.125,22.4,3.24,41.0,0.0,22.78,21.4,0.0,standby,-10.94
2024-01-18 22:00:00,0.152,20.8,3.45,47.0,0.0,19.2,19.49,0.0,STANDBY,-4.07
2024-01-18 23:00:00,0.242,18.9,3.97,47.0,0.0,18.27,18.55,0.0,STANDBY,-9.55
2024-01-19 00:00:00,0.229,18.7,2.39,47.0,0.0,20.31,19.52,0.0,STANDBY,-4.02
2024-01-19 01:00:00,0.139,18.0,2.57,50.0,0.0,17.25,18.62,0.0,STANDBY,-4.41
2024-01-19 02:00:00,0.156,17.6,2.77,51.0,0.0,18.16,17.59,0.0,STANDBY,-7.93
2024-01-19 03:00:00,0.11,16.5,2.96,50.0,0.0,17.71,17.29,0.0,standby,-8.91
2024-01-19 04:00:00,0.063,16.3,2.61,50.0,0.0,18.75,18.45,0.0,STANDBY,0.0
2024-01-19 05:00:00,0.149,17.1,2.64,50.0,0.0,17.23,18.65,0.0,STANDBY,0.0
2024-01-19 06:00:00,0.102,19.0,2.86,46.0,0.4,19.15,20.31,0.0,STANDBY,0.0
19-01-2024 07:00,0.098,21.0,2.84,45.0,113.5,23.52,21.05,0.0,RUN,1018.71
2024-01-19 08:00:00,0.07,23.0,2.41,40.0,352.2,31.72,23.13,0.0,run,3518.46
2024-01-19 09:00:00,0.068,25.1,2.77,41.0,587.2,38.15,24.44,0.0,RUN,6062.52
2024-01-19 10:00:00,0.056,26.9,2.62,38.0,776.2,44.96,26.95,0.0,RUN,7903.49
2024-01-19 11:00:00,0.049,28.2,3.16,34.0,908.2,47.31,28.85,0.0,RUN,9010.06
2024-01-19 12:00:00,0.037,29.3,3.57,30.0,903.8,49.66,29.66,0.0,RUN,9372.65
2024-01-19 13:00:00,0.091,30.2,3.27,31.0,891.2,49.47,30.33,0.0,RUN,8940.28
2024-01-19 14:00:00,0.081,30.9,3.85,30.0,785.9,47.58,31.59,0.0,RUN,7838.68
2024-01-19 15:00:00,0.077,31.7,3.97,31.0,584.3,44.14,31.06,0.0,RUN,5990.63
2024-01-19 16:00:00,0.132,31.5,3.81,35.0,366.4,37.67,31.06,0.0,RUN,3534.04
2024-01-19 17:00:00,0.135,30.4,3.24,35.0,114.1,32.33,30.11,0.0,RUN,1070.57
2024-01-19 19:00:00,0.06,27.5,3.25,35.0,0.0,27.43,-999.0,0.0, STANDBY ,0.0
2024-01-19 20:00:00,0.044,25.9,2.73,35.0,0.0,24.63,25.94,0.0,STANDBY,-10.87
2024-01-19 21:00:00,0.065,25.1,2.82,41.0,0.0,23.5,24.6,0.0,standby,-2.82
2024-01-19 22:00:00,0.046,22.7,2.7,44.0,0.0,23.29,21.94,0.0,STANDBY,-6.05
2024-01-19 23:00:00,0.046,20.7,3.13,46.0,0.0,21.52,20.7,0.0,standby,0.0
2024-01-20 00:00:00,0.108,16.1,3.04,52.0,0.0,16.29,17.25,0.0,STANDBY,-5.02
2024-01-20 01:00:00,0.116,15.2,2.97,56.0,0.0,15.25,15.39,0.0,STANDBY,-8.41
2024-01-20 02:00:00,0.084,15.1,3.23,58.0,0.0,14.95,15.16,0.0,STANDBY,-7.01
2024-01-20 03:00:00,0.112,14.7,2.6,57.0,0.0,14.3,14.32,0.0,STANDBY,0.0
2024-01-20 04:00:00,0.216,14.7,2.58,56.0,0.0,14.83,15.19,0.0,STANDBY,0.0
2024-01-20 05:00:00,0.216,15.3,2.37,57.0,0.0,15.93,15.75,0.0,STANDBY,-5.06
2024-01-20 06:00:00,0.208,16.7,2.65,55.0,5.1,16.96,16.53,0.0,STANDBY,41.79
2024-01-20 07:00:00,0.139,18.2,2.98,51.0,109.0,21.01,18.66,0.0,run,1042.62
2024-01-20 08:00:00,0.179,19.9,3.13,47.0,-999.0,30.07,19.93,0.0,RUN,3570.24
2024-01-20 09:00:00,0.3,22.1,3.29,49.0,595.2,37.62,21.79,0.0,RUN,6051.05
2024-01-20 10:00:00,0.257,23.6,3.08,41.0,761.2,42.12,23.38,0.0,RUN,7856.93
2024-01-20 11:00:00,0.275,25.6,3.25,37.0,898.3,47.22,25.46,0.0,RUN,8980.74
2024-01-20 12:00:00,0.196,26.7,3.08,36.0,948.6,47.86,26.53,0.0,RUN,9395.73
2024-01-20 13:00:00,0.339,27.3,3.43,35.0,902.0,47.41,27.07,0.0,RUN,8960.3
2024-01-20 14:00:00,0.396,28.2,3.88,33.0,780.3,45.9,28.09,0.0,RUN,7678.94
2024-01-20 15:00:00,0.507,27.8,3.68,34.0,585.7,40.44,28.52,0.0,RUN,5885.93
2024-01-20 16:00:00,0.364,28.2,3.33,34.0,357.9,37.27,27.96,0.0,RUN,3604.77
2024-01-20 17:00:00,0.201,28.3,3.21,36.0,124.6,30.02,27.6,0.0,RUN,1055.0
2024-01-20 18:00:00,0.217,27.0,3.35,41.0,4.0,28.04,26.62,0.0,STANDBY,0.0
2024-01-20 19:00:00,0.141,25.9,3.07,41.0,0.0,25.03,25.11,0.0,STANDBY,-10.71
2024-01-20 20:00:00,0.278,23.9,2.51,45.0,0.0,21.85,22.92,0.0,STANDBY,-1.93
2024-01-20 21:00:00,0.32,22.1,2.04,50.0,0.0,22.4,22.04,0.0,STANDBY,0.0
2024-01-20 22:00:00,0.091,19.8,1.98,51.0,0.0,21.09,19.68,0.0,STANDBY,-2.11
2024-01-20 23:00:00,0.169,18.7,2.26,55.0,0.0,19.11,17.28,0.0,STANDBY,0.0
2024-01-21 00:00:00,0.197,17.6,2.82,62.0,0.0,16.44,16.33,0.0,STANDBY,-5.68
2024-01-21 01:00:00,0.202,16.4,3.18,62.0,0.0,14.54,14.77,0.0,STANDBY,-11.26
2024-01-21 02:00:00,0.234,15.1,2.84,64.0,0.0,14.38,14.72,0.0,STANDBY,-2.18
2024-01-21 03:00:00,0.083,14.9,3.19,60.0,0.0,14.24,13.83,0.0,STANDBY,0.0
2024-01-21 04:00:00,0.094,15.4,3.43,57.0,0.0,14.75,14.21,0.0,STANDBY,-2.64
2024-01-21 05:00:00,0.124,15.9,4.08,54.0,0.0,15.24,15.87,0.0,STANDBY,-9.25
2024-01-21 06:00:00,0.103,17.2,3.67,53.0,2.9,16.77,16.53,0.0,standby,0.55
2024-01-21 07:00:00,0.18,19.5,3.4,49.0,111.7,20.51,18.92,0.0,RUN,1000.87
2024-01-21 08:00:00,0.163,22.1,2.92,43.0,341.5,28.93,19.31,0.0,RUN,3642.51
2024-01-21 09:00:00,0.139,23.2,2.76,43.0,577.3,35.01,22.13,0.0,RUN,6079.33
2024-01-21 10:00:00,0.191,24.9,2.66,41.0,748.2,41.03,22.94,0.0,run,7897.68
2024-01-21 11:00:00,0.131,26.0,2.87,38.0,899.0,45.75,25.11,0.0,run,9096.5
2024-01-21 12:00:00,0.202,26.8,3.76,40.0,932.6,46.47,26.47,0.0,RUN,9497.3
2024-01-21 13:00:00,0.144,28.1,4.04,41.0,910.9,46.38,27.28,0.0,run,9105.91
2024-01-21 14:00:00,0.057,29.2,4.68,38.0,763.9,45.08,27.59,0.0,RUN,7971.85
2024-01-21 15:00:00,0.146,30.0,4.92,35.0,608.9,40.85,28.22,0.0,RUN,6097.09
2024-01-21 16:00:00,0.186,29.3,4.15,38.0,371.3,36.25,27.57,0.0,RUN,3642.53
2024-01-21 17:00:00,0.138,28.7,3.86,38.0,122.9,28.72,27.08,0.0,RUN,1035.15
2024-01-21 18:00:00,0.099,27.6,4.0,38.0,0.7,26.05,26.49,0.0,STANDBY,60.12
2024-01-21 19:00:00,0.09,26.2,4.25,39.0,0.0,25.14,24.52,0.0,STANDBY,0.0
2024-01-21 20:00:00,0.165,24.7,4.77,43.0,0.0,23.65,22.26,0.0,STANDBY,0.0
2024-01-21 21:00:00,0.124,22.9,4.3,46.0,0.0,21.81,21.2,0.0, STANDBY ,0.0
2024-01-21 22:00:00,0.155,21.2,4.38,50.0,0.0,17.88,19.48,0.0,STANDBY,-2.24
2024-01-21 23:00:00,0.216,19.1,4.02,53.0,0.0,17.32,18.09,0.0,STANDBY,0.0
2024-01-22 00:00:00,0.203,19.6,2.7,47.0,0.0,19.19,19.4,0.0,STANDBY,-7.32
2024-01-22 01:00:00,0.148,18.1,3.29,47.0,0.0,17.66,18.33,0.0,STANDBY,-5.98
2024-01-22 02:00:00,0.224,17.6,2.95,52.0,0.0,16.31,17.73,0.0,STANDBY,-6.67
2024-01-22 03:00:00,0.307,16.8,3.32,52.0,0.0,17.3,17.17,0.0,STANDBY,0.0
2024-01-22 04:00:00,0.16,16.3,2.97,49.0,0.0,-999.0,17.54,0.0,STANDBY,0.0
2024-01-22 05:00:00,0.114,16.6,3.24,50.0,0.0,19.41,18.78,0.0,STANDBY,0.0
2024-01-22 06:00:00,0.101,17.7,3.02,49.0,0.0,19.6,19.26,0.0,STANDBY,27.75
2024-01-22 07:00:00,0.254,19.6,3.42,50.0,107.7,22.91,20.97,0.0,RUN,988.45
2024-01-22 08:00:00,0.212,21.3,3.33,49.0,350.9,31.91,22.78,0.0,RUN,3516.81
2024-01-22 09:00:00,0.092,23.2,3.5,42.0,590.3,38.71,24.61,0.0,RUN,6079.54
2024-01-22 10:00:00,0.115,25.0,3.08,41.0,755.5,42.43,26.73,0.0,RUN,7889.02
2024-01-22 11:00:00,0.098,27.1,3.41,37.0,880.2,47.16,28.17,0.0,RUN,9040.27
2024-01-22 12:00:00,0.132,28.0,3.14,36.0,958.1,49.15,28.99,0.0,RUN,9398.33
2024-01-22 13:00:00,0.101,28.6,3.61,32.0,879.1,48.96,29.65,0.0,RUN,9033.31
2024-01-22 14:00:00,0.18,29.6,3.62,29.0,754.1,47.98,31.06,0.0,RUN,7884.51
2024-01-22 15:00:00,0.313,29.7,3.42,28.0,595.2,42.4,31.21,0.0,RUN,5965.64
2024-01-22 16:00:00,0.396,30.1,2.95,28.0,358.0,38.93,30.16,0.0,RUN,3565.81
2024-01-22 17:00:00,0.408,29.6,3.3,32.0,121.1,32.2,30.14,0.0,RUN,1077.26
2024-01-22 18:00:00,0.394,28.6,3.26,34.0,1.6,28.86,28.61,0.0,STANDBY,19.28
2024-01-22 19:00:00,0.402,27.6,2.64,37.0,0.0,27.05,26.5,0.0, STANDBY ,-7.43
2024-01-22 20:00:00,0.322,25.9,1.94,39.0,0.0,24.71,25.76,0.0,STANDBY,-9.45
2024-01-22 21:00:00,0.261,23.6,2.19,45.0,0.0,23.24,24.72,0.0,STANDBY,0.0
2024-01-22 22:00:00,0.266,21.5,1.83,45.0,0.0,22.52,22.6,0.0,standby,-10.93
2024-01-22 23:00:00,0.298,19.8,2.23,48.0,0.0,21.42,20.42,0.0,STANDBY,-10.9
2024-01-23 00:00:00,0.372,19.6,1.63,47.0,0.0,20.75,19.82,0.0,STANDBY,-8.46
2024-01-23 01:00:00,0.472,18.9,2.08,52.0,0.0,18.36,19.49,0.0,STANDBY,0.0
2024-01-23 02:00:00,0.387,18.9,1.97,53.0,0.0,19.15,18.22,0.0,STANDBY,-2.29
2024-01-23 03:00:00,0.311,19.0,2.07,47.0,0.0,19.36,17.81,0.0,STANDBY,0.0
2024-01-23 04:00:00,0.179,19.1,1.85,48.0,0.0,18.51,19.18,0.0,STANDBY,-1.54
2024-01-23 05:00:00,0.149,19.6,1.74,45.0,0.0,17.58,19.64,0.0,STANDBY,0.0
2024-01-23 06:00:00,0.245,20.9,1.78,45.0,1.5,22.42,20.39,0.0,STANDBY,0.0
2024-01-23 07:00:00,0.125,22.4,1.52,42.0,117.9,25.8,22.4,0.0,RUN,1017.42
2024-01-23 08:00:00,0.253,23.2,1.56,40.0,361.6,34.61,23.65,0.0,RUN,3509.28
2024-01-23 09:00:00,0.333,25.2,2.17,42.0,574.1,41.09,25.88,0.0,RUN,5827.86
2024-01-23 10:00:00,0.145,26.7,2.13,33.0,750.0,47.29,27.41,0.0,RUN,7798.76
2024-01-23 11:00:00,0.211,27.9,2.22,32.0,884.9,51.06,29.21,0.0,RUN,8865.51
2024-01-23 12:00:00,0.351,29.5,2.46,33.0,904.1,53.19,30.51,0.0,RUN,9067.17
2024-01-23 13:00:00,0.332,30.4,2.7,35.0,885.4,53.82,31.42,0.0,RUN,8727.83
2024-01-23 14:00:00,0.188,32.2,2.5,31.0,805.3,51.62,31.89,0.0,RUN,7736.08
2024-01-23 15:00:00,0.166,33.0,2.49,33.0,596.1,47.31,32.78,0.0,RUN,6036.03
2024-01-23 16:00:00,0.219,32.6,2.32,32.0,378.1,40.8,32.4,0.0,RUN,3625.0
2024-01-23 17:00:00,0.191,31.0,2.07,33.0,120.8,33.62,31.23,0.0,run,1141.71
2024-01-23 18:00:00,0.129,30.2,2.42,33.0,0.0,31.03,30.19,0.0,STANDBY,0.0
2024-01-23 19:00:00,0.083,28.4,2.08,37.0,0.0,29.36,28.84,0.0,STANDBY,-2.23
2024-01-23 20:00:00,0.157,27.0,2.34,41.0,0.0,27.07,26.61,0.0,STANDBY,0.0
2024-01-23 21:00:00,0.198,25.0,1.91,46.0,0.0,24.51,26.64,0.0,STANDBY,0.0
2024-01-23 22:00:00,0.156,22.6,2.13,49.0,0.0,24.71,23.43,0.0,standby,-3.11
2024-01-23 23:00:00,0.236,21.1,1.97,56.0,0.0,20.89,22.29,0.0,STANDBY,-5.77
2024-01-24 00:00:00,0.446,17.3,2.24,58.0,0.0,18.3,18.56,0.0,STANDBY,-7.05
2024-01-24 01:00:00,0.554,16.8,2.28,57.0,0.0,17.38,17.69,0.0,STANDBY,-5.05
2024-01-24 02:00:00,0.479,16.6,2.17,54.0,0.0,16.11,15.74,0.0,STANDBY,-2.02
2024-01-24 03:00:00,0.298,17.1,2.59,52.0,0.0,15.71,16.51,0.0,STANDBY,0.0
2024-01-24 04:00:00,0.237,17.3,2.52,50.0,0.0,17.4,15.76,0.0,STANDBY,0.0
2024-01-24 05:00:00,0.272,18.4,2.54,49.0,0.0,17.0,17.58,0.0,STANDBY,-7.16
2024-01-24 06:00:00,0.289,20.2,2.75,47.0,2.0,18.39,18.96,0.0,STANDBY,0.0
2024-01-24 07:00:00,0.228,21.5,2.51,42.0,110.2,22.29,20.29,0.0,RUN,998.2
2024-01-24 08:00:00,0.244,23.5,2.35,41.0,346.6,29.95,21.67,0.0,RUN,3493.02
2024-01-24 09:00:00,0.418,25.5,2.21,42.0,577.7,39.44,22.8,0.0,RUN,5762.46
2024-01-24 10:00:00,0.259,27.0,2.85,37.0,765.2,44.32,25.26,0.0,RUN,7763.14
2024-01-24 11:00:00,0.168,28.5,3.27,32.0,910.7,48.98,26.58,0.0,RUN,8976.76
2024-01-24 12:00:00,0.158,29.9,3.05,26.0,924.3,51.1,27.79,0.0,RUN,9359.65
2024-01-24 13:00:00,0.192,30.9,3.2,28.0,859.2,51.89,28.54,0.0,RUN,8944.1
2024-01-24 14:00:00,0.322,31.5,2.81,32.0,771.1,49.36,29.27,0.0,RUN,7774.03
2024-01-24 15:00:00,0.354,31.5,3.5,29.0,609.6,44.27,29.87,0.0,RUN,5979.68
2024-01-24 16:00:00,0.218,31.2,3.52,27.0,361.9,37.97,30.34,0.0,RUN,3668.7
2024-01-24 17:00:00,0.233,30.3,2.88,31.0,120.8,31.65,29.91,0.0,RUN,1164.37
2024-01-24 18:00:00,0.121,29.5,2.58,34.0,8.4,28.88,28.08,0.0,STANDBY,4.47
2024-01-24 19:00:00,0.131,26.7,2.94,33.0,0.0,26.32,26.34,0.0,STANDBY,-7.35
2024-01-24 20:00:00,0.241,24.7,3.07,37.0,0.0,25.4,25.46,0.0,STANDBY,-11.49
2024-01-24 21:00:00,0.165,22.7,2.66,38.0,0.0,22.74,22.5,0.0,STANDBY,-10.71
2024-01-24 22:00:00,0.137,21.1,2.47,41.0,0.0,20.19,21.64,0.0,standby,-7.02
2024-01-24 23:00:00,0.196,19.0,2.23,43.0,0.0,21.08,19.43,0.0,STANDBY,-9.66
2024-01-25 00:00:00,0.242,18.3,2.32,53.0,0.0,19.68,17.78,0.0,STANDBY,-4.71
2024-01-25 01:00:00,0.153,16.6,1.83,55.0,0.0,16.87,16.86,0.0,STANDBY,0.0
2024-01-25 02:00:00,0.101,15.4,1.95,58.0,0.0,16.36,16.62,0.0,STANDBY,0.0
2024-01-25 03:00:00,0.056,15.4,1.8,54.0,0.0,16.11,15.99,0.0,STANDBY,0.0
2024-01-25 04:00:00,0.074,15.3,1.62,55.0,0.0,16.06,16.02,0.0,STANDBY,-7.62
2024-01-25 05:00:00,0.073,16.0,1.3,53.0,0.0,16.69,16.79,0.0,STANDBY,0.0
2024-01-25 06:00:00,0.094,17.0,1.52,50.0,2.3,18.03,17.73,0.0,STANDBY,0.0
2024-01-25 07:00:00,0.151,18.8,1.66,51.0,114.7,23.34,19.44,0.0,RUN,964.85
2024-01-25 08:00:00,0.122,20.5,1.94,48.0,340.7,30.25,21.11,0.0,RUN,3585.35
2024-01-25 09:00:00,0.263,22.7,1.9,44.0,585.3,36.27,23.54,0.0,RUN,5973.83
2024-01-25 10:00:00,0.175,24.1,2.05,39.0,750.0,43.27,24.88,0.0,RUN,7934.6
2024-01-25 11:00:00,0.106,26.0,2.33,32.0,919.9,46.79,26.34,0.0,RUN,9017.01
2024-01-25 12:00:00,0.238,27.3,2.46,33.0,948.4,49.68,28.04,0.0,RUN,9370.86
2024-01-25 13:00:00,0.208,28.9,2.87,26.0,870.5,49.19,28.65,0.0, run ,8988.57
2024-01-25 14:00:00,0.158,29.2,3.43,23.0,796.5,47.38,29.64,0.0,run,7928.74
2024-01-25 15:00:00,0.132,29.6,3.17,24.0,603.1,44.92,30.2,0.0, RUN ,6099.81
2024-01-25 16:00:00,0.138,29.3,2.78,24.0,380.1,36.73,29.24,0.0,RUN,3743.8
2024-01-25 17:00:00,0.212,28.5,2.73,29.0,134.0,30.32,29.22,0.0,RUN,1191.26
2024-01-25 18:00:00,0.288,26.9,2.73,34.0,3.4,27.85,27.59,0.0,standby,50.95
2024-01-25 19:00:00,0.292,25.4,2.53,38.0,0.0,26.59,26.25,0.0,STANDBY,-6.89
2024-01-25 20:00:00,0.148,24.6,2.17,38.0,0.0,24.48,24.53,0.0,STANDBY,0.0
2024-01-25 21:00:00,0.261,23.0,2.29,40.0,0.0,23.26,22.25,0.0,STANDBY,0.0
2024-01-25 22:00:00,0.31,20.2,2.06,44.0,0.0,21.18,21.43,0.0,STANDBY,-5.73
2024-01-25 23:00:00,0.356,18.6,1.9,52.0,0.0,19.84,18.99,0.0,STANDBY,-4.45
2024-01-26 00:00:00,0.25,16.7,2.29,50.0,0.0,17.81,17.58,0.0,STANDBY,0.0
2024-01-26 01:00:00,0.259,16.1,2.15,52.0,0.0,15.57,17.44,0.0,STANDBY,0.0
2024-01-26 02:00:00,0.149,15.9,2.47,54.0,0.0,16.12,15.67,0.0, STANDBY ,-4.42
2024-01-26 03:00:00,0.09,15.6,2.41,54.0,0.0,15.83,15.25,0.0,STANDBY,-9.99
2024-01-26 04:00:00,0.066,16.1,2.23,51.0,0.0,16.42,16.27,0.0,standby,0.0
2024-01-26 05:00:00,0.051,17.4,2.34,44.0,0.0,17.79,16.63,0.0,STANDBY,0.0
2024-01-26 07:00:00,0.121,19.6,2.27,42.0,118.8,21.91,19.65,0.0,,1018.49
2024-01-26 08:00:00,0.135,20.9,2.77,39.0,350.5,30.39,20.89,0.0,RUN,3561.81
2024-01-26 09:00:00,0.069,22.7,2.44,35.0,596.6,38.33,22.72,0.0,RUN,6071.88
2024-01-26 10:00:00,0.072,24.0,2.53,34.0,777.1,42.94,25.24,0.0,RUN,7892.77
2024-01-26 11:00:00,0.06,25.8,2.6,32.0,863.2,46.61,26.74,0.0,RUN,9056.58
2024-01-26 12:00:00,0.075,26.4,2.8,30.0,938.0,49.57,27.82,0.0,RUN,9415.96
2024-01-26 13:00:00,0.073,27.9,3.05,30.0,898.0,47.45,29.45,0.0,run,9114.92
2024-01-26 14:00:00,0.1,28.9,3.33,28.0,822.5,45.15,29.86,0.0,RUN,7923.04
2024-01-26 15:00:00,0.114,29.4,3.18,30.0,599.7,43.41,29.55,0.0,RUN,6074.11
2024-01-26 16:00:00,0.103,29.4,3.59,32.0,370.5,38.21,29.25,0.0,RUN,3704.89
2024-01-26 17:00:00,0.153,27.8,3.65,34.0,127.9,30.01,28.6,0.0,RUN,1170.34
2024-01-26 18:00:00,0.222,25.9,3.82,35.0,7.3,28.19,27.77,0.0,STANDBY,34.35
2024-01-26 19:00:00,0.114,25.4,3.61,33.0,0.0,24.78,26.06,0.0,STANDBY,-2.96
2024-01-26 20:00:00,0.068,24.2,2.42,36.0,0.0,23.01,24.3,0.0,,-6.41
2024-01-26 21:00:00,0.128,22.3,2.89,39.0,0.0,22.75,23.08,0.0,STANDBY,0.0
2024-01-26 22:00:00,0.087,20.1,3.03,39.0,0.0,20.72,21.11,0.0,STANDBY,0.0
2024-01-26 23:00:00,0.056,18.8,2.51,44.0,0.0,18.33,19.53,0.0,STANDBY,0.0
2024-01-27 00:00:00,0.255,17.9,2.75,51.0,0.0,18.16,17.65,0.0,STANDBY,-8.85
2024-01-27 01:00:00,0.286,16.5,2.6,56.0,0.0,16.69,17.35,0.0,STANDBY,0.0
2024-01-27 02:00:00,0.351,16.0,3.14,62.0,0.0,16.35,16.48,0.0,STANDBY,-2.4
2024-01-27 03:00:00,0.286,15.7,2.98,60.0,0.0,16.29,16.6,0.0,STANDBY,0.0
2024-01-27 04:00:00,0.407,15.5,3.31,61.0,0.0,15.64,16.69,0.0,STANDBY,0.0
2024-01-27 05:00:00,0.617,16.5,2.61,60.0,0.0,17.68,16.87,0.0,STANDBY,0.0
2024-01-27 06:00:00,0.565,18.0,2.49,58.0,0.0,17.51,19.11,0.0,STANDBY,6.12
2024-01-27 07:00:00,0.568,19.5,3.01,56.0,103.1,22.36,20.24,0.0,RUN,987.68
2024-01-27 08:00:00,0.624,21.4,2.57,55.0,341.3,27.21,21.9,0.0,run,3434.68
2024-01-27 09:00:00,0.595,23.4,2.53,51.0,560.9,37.57,23.48,0.0,run,5871.02
2024-01-27 10:00:00,0.539,25.2,3.22,50.0,755.3,40.64,24.41,0.0,run,7762.15
2024-01-27 11:00:00,0.462,26.5,3.32,49.0,890.6,45.03,26.69,0.0,RUN,9016.37
2024-01-27 12:00:00,0.383,28.1,3.66,44.0,938.6,48.29,28.29,0.0,RUN,9407.84
2024-01-27 13:00:00,0.367,29.4,4.98,40.0,925.8,46.8,29.37,0.0,RUN,9060.19
2024-01-27 14:00:00,0.296,29.7,4.73,41.0,802.1,45.86,29.95,0.0,RUN,7968.88
2024-01-27 15:00:00,0.246,29.9,4.94,42.0,611.2,43.18,29.87,0.0,RUN,6143.05
2024-01-27 16:00:00,0.333,29.7,5.14,41.0,380.3,38.39,29.46,0.0,run,3789.63
2024-01-27 17:00:00,0.347,29.2,4.76,41.0,135.0,31.07,28.43,0.0,RUN,1233.82
2024-01-27 18:00:00,0.371,27.7,3.99,43.0,2.6,27.78,27.78,0.0,standby,0.0
2024-01-27 19:00:00,0.338,26.2,2.98,43.0,0.0,26.36,26.63,0.0,STANDBY,-6.99
2024-01-27 20:00:00,0.406,24.2,3.02,45.0,0.0,23.51,24.83,0.0,STANDBY,-1.71
2024-01-27 21:00:00,0.432,22.5,1.96,46.0,0.0,23.18,23.84,0.0,STANDBY,0.0
2024-01-27 22:00:00,0.396,20.9,2.28,51.0,0.0,21.75,21.3,0.0,STANDBY,-1.64
2024-01-27 23:00:00,0.451,19.2,3.04,58.0,0.0,18.3,19.57,0.0,STANDBY,-7.6
2024-01-28 00:00:00,0.257,18.3,2.1,49.0,0.0,18.97,17.07,0.0,STANDBY,-3.92
2024-01-28 01:00:00,0.454,17.0,2.06,52.0,0.0,16.96,16.78,0.0,standby,-6.0
2024-01-28 02:00:00,0.53,16.5,2.59,55.0,0.0,14.85,14.79,0.0,STANDBY,-4.72
2024-01-28 03:00:00,0.446,15.9,2.77,60.0,0.0,14.72,15.09,0.0,STANDBY,-6.6
2024-01-28 04:00:00,0.477,16.3,2.47,56.0,0.0,15.56,15.18,0.0,STANDBY,-9.36
2024-01-28 05:00:00,0.466,16.7,2.18,53.0,0.0,15.32,16.29,0.0,STANDBY,-5.61
2024-01-28 06:00:00,0.43,18.2,2.27,52.0,5.7,16.91,17.67,0.0,STANDBY,-5.3
2024-01-28 07:00:00,0.226,19.9,2.35,48.0,110.1,21.85,19.5,0.0,RUN,994.14
2024-01-28 08:00:00,0.213,21.4,2.22,45.0,360.3,27.3,20.62,0.0, RUN ,3606.39
2024-01-28 09:00:00,0.268,23.5,2.28,41.0,602.8,35.45,23.1,0.0,RUN,6010.98
2024-01-28 10:00:00,0.212,24.6,2.25,34.0,774.3,41.37,23.57,0.0,RUN,7932.37
2024-01-28 11:00:00,0.329,26.0,2.42,29.0,894.6,45.42,25.32,0.0,RUN,9060.79
2024-01-28 12:00:00,0.32,27.9,2.67,32.0,926.3,46.49,27.55,0.0,RUN,9448.39
2024-01-28 13:00:00,0.275,28.6,2.97,28.0,911.9,46.32,28.4,0.0,RUN,9138.15
2024-01-28 14:00:00,0.343,28.8,3.19,31.0,813.0,45.48,28.76,0.0,RUN,8027.77
2024-01-28 15:00:00,0.197,28.7,2.43,31.0,609.6,43.94,29.21,0.0,RUN,6246.55
2024-01-28 16:00:00,0.295,27.9,1.86,34.0,360.8,37.53,29.5,0.0,RUN,3714.65
2024-01-28 17:00:00,0.296,28.0,2.25,34.0,138.1,30.32,27.34,0.0,RUN,1196.67
2024-01-28 18:00:00,0.281,27.7,1.88,34.0,2.5,26.68,26.6,0.0,,-5.76
2024-01-28 19:00:00,0.241,26.0,1.76,37.0,0.0,26.05,25.24,0.0,STANDBY,-6.51
2024-01-28 20:00:00,0.103,24.7,1.53,38.0,0.0,22.5,23.28,0.0,standby,0.0
2024-01-28 21:00:00,0.173,22.8,1.68,42.0,0.0,22.68,21.84,0.0,STANDBY,-8.58
2024-01-28 22:00:00,0.312,20.6,2.01,47.0,0.0,20.26,20.6,0.0,STANDBY,0.0
2024-01-28 23:00:00,0.293,18.6,1.65,50.0,0.0,18.02,18.18,0.0,STANDBY,-10.76
2024-01-29 00:00:00,0.093,16.9,3.0,51.0,0.0,18.15,16.96,0.0,STANDBY,-2.51
2024-01-29 01:00:00,0.171,16.1,2.81,54.0,0.0,16.12,16.0,0.0,STANDBY,0.0
2024-01-29 02:00:00,0.179,15.1,3.07,55.0,0.0,15.69,15.05,0.0,STANDBY,-6.88
2024-01-29 03:00:00,0.154,14.6,2.94,54.0,0.0,15.99,16.09,0.0,STANDBY,0.0
2024-01-29 04:00:00,0.105,16.0,2.85,55.0,0.0,15.19,15.27,0.0,standby,-7.97
2024-01-29 05:00:00,0.113,16.6,3.03,53.0,0.0,16.0,16.36,0.0,STANDBY,0.0
2024-01-29 06:00:00,0.163,17.8,2.98,51.0,0.0,17.5,17.61,0.0,STANDBY,15.07
2024-01-29 07:00:00,0.201,19.3,3.16,53.0,106.3,21.24,19.53,0.0,RUN,973.64
2024-01-29 08:00:00,0.145,20.5,2.87,45.0,357.7,30.33,20.48,0.0,RUN,3567.52
2024-01-29 09:00:00,0.201,23.0,3.12,46.0,586.9,34.45,22.14,0.0,RUN,6097.75
2024-01-29 10:00:00,0.158,25.1,3.98,41.0,782.7,41.24,24.43,0.0,RUN,7900.34
2024-01-29 11:00:00,0.217,26.6,4.98,35.0,890.3,43.73,25.62,0.0,RUN,9182.51
2024-01-29 12:00:00,0.247,27.9,5.48,30.0,933.4,48.24,27.85,0.0,RUN,9464.47
29-01-2024 13:00,0.242,29.0,5.8,28.0,897.1,47.82,28.28,0.0,RUN,9150.17
2024-01-29 14:00:00,0.282,30.0,5.52,26.0,782.0,45.85,29.5,0.0,RUN,8039.51
29-01-2024 15:00,0.301,30.1,5.15,26.0,634.7,42.42,29.2,0.0,RUN,6249.98
2024-01-29 16:00:00,0.263,30.0,4.21,28.0,392.1,37.35,29.44,0.0,RUN,3825.27
2024-01-29 17:00:00,0.297,28.5,4.7,25.0,146.5,30.93,28.55,0.0,RUN,1220.56
2024-01-29 18:00:00,0.318,27.4,3.58,31.0,6.0,27.23,27.68,0.0,STANDBY,36.13
2024-01-29 19:00:00,0.23,25.5,3.64,34.0,0.0,27.37,25.83,0.0,STANDBY,-4.66
2024-01-29 20:00:00,0.118,23.7,4.12,38.0,0.0,23.58,24.07,0.0,STANDBY,0.0
2024-01-29 21:00:00,0.178,21.7,4.08,40.0,0.0,22.59,22.46,0.0,STANDBY,0.0
2024-01-29 22:00:00,0.132,19.9,3.5,40.0,0.0,19.41,19.6,0.0,STANDBY,0.0
2024-01-29 23:00:00,0.169,18.3,3.37,45.0,0.0,19.19,18.33,0.0,STANDBY,-8.12
2024-01-30 00:00:00,0.149,16.6,2.67,51.0,0.0,15.33,16.69,0.0,STANDBY,-3.82
2024-01-30 01:00:00,0.193,16.1,2.91,53.0,0.0,14.87,15.62,0.0,STANDBY,0.0
2024-01-30 02:00:00,0.204,15.0,3.0,52.0,0.0,13.46,15.2,0.0,STANDBY,0.0
2024-01-30 03:00:00,0.233,14.3,2.41,55.0,0.0,14.97,14.29,0.0,STANDBY,0.0
2024-01-30 04:00:00,0.274,14.5,2.47,58.0,0.0,13.87,13.89,0.0,STANDBY,0.0
2024-01-30 05:00:00,0.349,15.3,2.89,57.0,0.0,14.71,14.47,0.0,standby,-5.15
2024-01-30 06:00:00,0.231,16.8,2.41,57.0,8.3,17.62,16.45,0.0,STANDBY,2.4
2024-01-30 07:00:00,0.203,18.1,2.58,57.0,115.3,19.74,18.01,0.0,run,1042.43
2024-01-30 08:00:00,0.319,20.1,2.68,54.0,346.4,28.15,20.32,0.0,RUN,3548.1
30-01-2024 09:00,0.217,22.2,2.7,49.0,608.5,34.94,21.74,0.0,RUN,6082.27
30-01-2024 10:00,0.338,23.8,3.79,46.0,776.5,38.59,23.71,0.0,RUN,7866.97
2024-01-30 11:00:00,0.411,25.8,4.13,44.0,866.8,41.94,25.62,0.0,RUN,9055.11
2024-01-30 12:00:00,0.453,27.2,3.98,43.0,923.8,43.39,25.66,0.0,RUN,9304.94
2024-01-30 13:00:00,0.388,27.9,4.36,42.0,871.7,44.43,26.98,0.0,RUN,8992.41
2024-01-30 14:00:00,0.47,28.6,3.85,38.0,781.7,42.64,27.96,0.0,RUN,7962.59
2024-01-30 15:00:00,0.51,28.5,4.27,39.0,610.0,39.76,27.92,0.0,RUN,6042.72
2024-01-30 15:00:00,0.51,28.5,4.27,39.0,610.0,39.76,27.92,0.0,RUN,5666.59
2024-01-30 16:00:00,0.435,28.3,4.17,35.0,373.3,35.58,28.46,0.0,RUN,3748.59
2024-01-30 17:00:00,0.223,28.1,4.33,35.0,137.1,30.24,27.02,0.0,RUN,1263.67
2024-01-30 18:00:00,0.268,26.8,4.65,42.0,0.0,26.11,26.02,0.0,STANDBY,65.16
2024-01-30 19:00:00,0.296,25.2,4.65,45.0,0.0,25.27,24.72,0.0,STANDBY,-8.74
2024-01-30 20:00:00,0.3,23.3,4.25,47.0,0.0,23.4,23.17,0.0,STANDBY,-8.02
2024-01-30 21:00:00,0.265,21.8,3.83,52.0,0.0,21.9,21.38,0.0,STANDBY,0.0
30-01-2024 22:00,0.253,19.7,4.26,54.0,0.0,18.98,19.25,0.0,STANDBY,-7.24
2024-01-30 23:00:00,0.156,18.0,3.46,58.0,0.0,17.62,17.77,0.0,STANDBY,0.0
2024-01-31 00:00:00,0.201,13.0,2.26,60.0,0.0,13.84,13.91,0.0,STANDBY,0.0
2024-01-31 01:00:00,0.282,11.8,2.67,60.0,0.0,11.33,12.15,0.0,STANDBY,-2.16
2024-01-31 02:00:00,0.214,11.6,2.18,63.0,0.0,10.9,12.31,0.0,STANDBY,0.0
2024-01-31 03:00:00,0.193,11.4,2.11,62.0,0.0,11.07,11.97,0.0,STANDBY,-6.42
2024-01-31 04:00:00,0.332,10.9,1.99,62.0,0.0,10.76,12.41,0.0,STANDBY,0.0
2024-01-31 05:00:00,0.32,11.8,2.13,65.0,0.0,11.45,12.79,0.0,STANDBY,-2.59
2024-01-31 06:00:00,0.288,13.2,2.43,59.0,0.0,14.1,13.25,0.0,STANDBY,9.2
2024-01-31 07:00:00,0.367,14.7,2.15,59.0,113.0,18.4,15.51,0.0,run,1003.85
2024-01-31 08:00:00,0.442,16.3,2.09,57.0,345.4,25.15,16.92,0.0,RUN,3553.32
2024-01-31 09:00:00,0.442,17.9,2.2,56.0,597.0,32.06,18.9,0.0,RUN,6012.43
2024-01-31 10:00:00,0.536,20.1,2.52,54.0,787.6,37.87,19.36,0.0,RUN,7981.07
2024-01-31 11:00:00,0.428,21.7,2.75,51.0,931.3,41.53,21.76,0.0, RUN ,9138.29
2024-01-31 12:00:00,0.381,23.3,3.13,45.0,942.4,43.21,22.97,0.0,RUN,9518.89
2024-01-31 13:00:00,0.234,23.8,2.94,40.0,894.8,43.72,25.37,0.0,RUN,9264.73
2024-01-31 14:00:00,0.297,23.7,3.09,39.0,799.8,41.6,25.26,0.0,RUN,8167.2
2024-01-31 15:00:00,0.343,24.0,3.13,34.0,610.1,38.51,25.56,0.0,RUN,6294.1
2024-01-31 16:00:00,0.32,23.9,2.72,34.0,371.3,32.75,25.38,0.0,RUN,3903.13
2024-01-31 17:00:00,0.31,23.3,2.53,37.0,137.5,27.54,23.91,0.0,RUN,1255.76
2024-01-31 18:00:00,0.326,22.4,2.36,37.0,3.1,24.42,23.3,0.0,RUN,90.8
2024-01-31 19:00:00,0.382,20.8,2.24,42.0,0.0,21.9,21.65,0.0,,0.0
2024-01-31 20:00:00,0.356,19.0,1.93,45.0,0.0,19.85,19.92,0.0,STANDBY,0.0
2024-01-31 21:00:00,0.255,17.1,1.93,47.0,0.0,18.21,18.58,0.0,STANDBY,0.0
2024-01-31 22:00:00,0.284,15.8,1.93,48.0,0.0,17.71,17.11,0.0,STANDBY,-10.55
2024-01-31 23:00:00,0.448,14.7,2.46,53.0,0.0,14.9,15.97,0.0,STANDBY,-2.75
2024-02-01 00:00:00,0.263,14.6,2.94,50.0,0.0,15.49,14.63,0.0,STANDBY,-5.47
2024-02-01 02:00:00,0.328,12.7,2.96,55.0,0.0,12.56,13.13,0.0,STANDBY,0.0
2024-02-01 03:00:00,0.118,13.3,3.21,55.0,0.0,13.77,13.13,0.0, STANDBY ,-4.43
2024-02-01 04:00:00,0.118,13.6,2.79,56.0,0.0,12.06,12.43,0.0,STANDBY,0.0
2024-02-01 05:00:00,0.103,14.7,2.83,56.0,0.0,13.54,13.75,0.0,STANDBY,0.0
2024-02-01 06:00:00,0.166,15.6,2.21,52.0,0.0,13.47,13.94,0.0,STANDBY,-3.37
2024-02-01 07:00:00,0.315,16.1,2.73,53.0,114.2,18.92,17.06,0.0,RUN,1069.78
2024-02-01 08:00:00,0.363,18.0,2.8,51.0,368.8,26.35,18.51,0.0,RUN,3518.24
2024-02-01 09:00:00,0.423,20.2,2.72,49.0,601.9,32.56,19.62,0.0,RUN,6069.24
2024-02-01 10:00:00,0.412,21.3,2.93,43.0,780.6,39.48,22.3,0.0,RUN,7937.02
01-02-2024 11:00,0.38,23.1,3.41,43.0,868.7,42.34,23.93,0.0,RUN,9006.17
2024-02-01 12:00:00,0.195,24.5,4.2,38.0,965.5,45.32,25.06,0.0,RUN,9490.2
2024-02-01 13:00:00,0.214,25.6,4.98,35.0,899.9,45.77,25.66,0.0,RUN,9213.88
2024-02-01 14:00:00,0.218,25.9,5.31,36.0,772.2,42.7,26.72,0.0,run,8137.55
2024-02-01 15:00:00,0.081,26.2,6.14,33.0,636.6,38.6,26.86,0.0,RUN,6307.43
2024-02-01 16:00:00,0.091,26.5,4.4,38.0,393.6,34.54,27.09,0.0,,3856.36
2024-02-01 17:00:00,0.088,25.9,4.07,38.0,136.8,29.3,26.08,0.0,run,1290.58
2024-02-01 18:00:00,0.157,24.2,3.67,38.0,4.3,24.91,24.92,0.0,RUN,-3.17
2024-02-01 19:00:00,0.119,22.9,3.89,36.0,0.0,25.22,23.31,0.0,STANDBY,-3.82
2024-02-01 20:00:00,0.133,21.4,3.79,40.0,0.0,22.68,21.48,0.0,,-4.27
2024-02-01 21:00:00,0.082,19.3,3.63,41.0,0.0,18.27,19.47,0.0,STANDBY,-2.23
2024-02-01 22:00:00,0.08,17.7,2.79,46.0,0.0,17.69,17.71,0.0,STANDBY,-3.41
2024-02-01 23:00:00,0.103,16.2,2.68,45.0,0.0,16.37,16.4,0.0,STANDBY,-10.86
2024-02-02 00:00:00,0.212,16.8,2.77,47.0,0.0,15.6,15.95,0.0,STANDBY,-4.15
2024-02-02 01:00:00,0.153,15.3,2.99,49.0,0.0,14.11,14.81,0.0,STANDBY,0.0
2024-02-02 02:00:00,0.156,14.4,3.14,54.0,0.0,13.26,14.6,0.0, STANDBY ,0.0
2024-02-02 03:00:00,0.111,14.5,3.09,56.0,0.0,15.16,14.54,0.0,STANDBY,-6.73
2024-02-02 04:00:00,0.127,15.0,3.97,52.0,0.0,15.63,14.49,0.0,standby,0.0
2024-02-02 05:00:00,0.092,15.4,4.1,51.0,0.0,13.86,15.07,0.0,STANDBY,0.0
2024-02-02 06:00:00,0.068,16.5,3.37,47.0,0.0,16.25,16.13,0.0,STANDBY,10.62
2024-02-02 07:00:00,0.135,18.7,3.16,44.0,118.7,21.85,17.93,0.0,RUN,1038.59
2024-02-02 08:00:00,0.072,20.3,3.03,40.0,345.5,29.21,19.54,0.0,RUN,3594.4
2024-02-02 09:00:00,0.094,21.9,2.51,38.0,615.7,35.1,21.61,0.0,RUN,6158.77
2024-02-02 10:00:00,0.05,24.0,2.28,32.0,790.1,41.67,23.5,0.0,RUN,7956.54
2024-02-02 11:00:00,0.062,25.3,2.55,31.0,927.2,45.91,25.38,0.0,RUN,9176.38
2024-02-02 12:00:00,0.114,27.2,3.1,31.0,975.5,47.04,26.09,0.0,run,9572.53
2024-02-02 13:00:00,0.093,28.1,3.27,27.0,915.2,46.37,27.61,0.0,RUN,9174.11
2024-02-02 14:00:00,0.069,29.0,3.13,24.0,822.3,44.07,27.46,0.0,RUN,8048.43
2024-02-02 15:00:00,0.073,29.2,3.01,21.0,617.3,40.6,29.17,0.0,RUN,6273.85
2024-02-02 16:00:00,0.104,28.1,3.17,24.0,380.9,35.58,28.31,0.0,RUN,3885.68
2024-02-02 17:00:00,0.307,27.0,2.83,27.0,141.2,29.43,26.86,0.0,run,1289.44
2024-02-02 18:00:00,0.109,26.2,2.93,29.0,3.3,26.02,26.52,0.0,RUN,0.0
2024-02-02 19:00:00,0.177,25.4,3.35,31.0,0.0,24.39,24.84,0.0,standby,0.0
2024-02-02 20:00:00,0.169,23.8,3.23,39.0,0.0,22.19,22.87,0.0,STANDBY,-3.73
2024-02-02 21:00:00,0.095,22.0,3.08,44.0,0.0,22.09,21.91,0.0,STANDBY,0.0
2024-02-02 22:00:00,0.104,19.2,3.33,47.0,0.0,18.85,20.13,0.0,STANDBY,-10.65
2024-02-02 23:00:00,0.128,17.9,2.94,52.0,0.0,17.72,17.77,0.0,STANDBY,-3.55
2024-02-03 00:00:00,0.34,15.6,1.5,60.0,0.0,15.85,16.33,0.0,STANDBY,0.0
2024-02-03 01:00:00,0.257,13.4,1.84,59.0,0.0,15.78,15.4,0.0,,0.0
2024-02-03 02:00:00,0.221,13.3,1.57,58.0,0.0,15.32,14.86,0.0,STANDBY,0.0
2024-02-03 03:00:00,0.226,13.7,1.31,60.0,0.0,16.02,14.92,0.0,STANDBY,0.0
2024-02-03 04:00:00,0.136,14.4,1.59,55.0,0.0,15.07,15.45,0.0,STANDBY,0.0
2024-02-03 05:00:00,0.248,15.5,1.56,58.0,0.0,15.88,15.69,0.0,STANDBY,-10.35
2024-02-03 06:00:00,0.32,16.5,1.01,59.0,6.2,17.04,16.29,0.0,STANDBY,15.73
2024-02-03 07:00:00,0.245,18.2,0.98,57.0,111.4,21.59,18.71,0.0,RUN,966.92
2024-02-03 08:00:00,0.192,20.3,1.32,52.0,345.9,28.41,20.26,0.0,RUN,3556.46
2024-02-03 09:00:00,0.08,21.6,1.1,42.0,593.7,39.29,22.54,0.0,run,6067.44
2024-02-03 10:00:00,0.161,23.4,1.04,38.0,811.2,46.02,23.73,0.0,RUN,7907.59
2024-02-03 11:00:00,0.254,24.7,1.02,36.0,896.1,47.3,25.6,0.0,RUN,8959.72
03-02-2024 12:00,0.256,25.8,1.08,36.0,928.6,49.68,27.09,0.0,RUN,9385.28
2024-02-03 13:00:00,0.256,26.6,1.24,35.0,908.8,50.06,27.97,0.0,RUN,8995.26
2024-02-03 14:00:00,0.368,27.2,1.59,34.0,770.2,47.24,28.31,0.0,RUN,7850.87
2024-02-03 15:00:00,0.402,28.0,1.59,33.0,586.8,43.05,28.27,0.0,RUN,5833.4
2024-02-03 16:00:00,0.419,27.7,1.83,33.0,368.2,35.73,27.67,0.0,RUN,3661.92
2024-02-03 17:00:00,0.275,27.1,1.57,28.0,143.1,31.15,27.14,0.0, RUN ,1274.62
2024-02-03 18:00:00,0.286,26.2,1.38,28.0,11.5,26.88,26.17,0.0,RUN,76.76
2024-02-03 19:00:00,0.329,25.3,1.22,31.0,0.0,25.3,25.39,0.0,STANDBY,-4.52
2024-02-03 20:00:00,0.374,23.1,1.3,31.0,0.0,23.97,22.79,0.0,STANDBY,0.0
2024-02-03 21:00:00,0.308,21.0,1.41,35.0,0.0,20.76,21.39,0.0, STANDBY ,-3.03
2024-02-03 22:00:00,0.327,19.9,1.09,38.0,0.0,20.51,19.83,0.0,STANDBY,-11.44
2024-02-03 23:00:00,0.187,17.2,1.12,41.0,0.0,17.25,18.23,0.0,,0.0
2024-02-04 00:00:00,0.24,16.0,1.26,50.0,0.0,17.46,16.75,0.0,STANDBY,-8.3
2024-02-04 01:00:00,0.324,14.4,1.51,52.0,0.0,15.8,15.34,0.0,STANDBY,-10.34
2024-02-04 02:00:00,0.498,14.1,1.72,51.0,0.0,14.9,14.75,0.0,standby,0.0
2024-02-04 03:00:00,0.442,12.6,1.52,54.0,0.0,13.99,15.42,0.0,STANDBY,0.0
2024-02-04 04:00:00,0.298,13.5,1.54,51.0,0.0,14.21,15.11,0.0,STANDBY,-8.02
2024-02-04 05:00:00,0.369,14.4,1.58,55.0,0.0,15.51,14.88,0.0,STANDBY,0.0
2024-02-04 06:00:00,0.273,15.4,1.72,56.0,4.2,17.42,16.24,0.0,STANDBY,0.0
2024-02-04 07:00:00,0.415,16.5,2.05,54.0,115.6,21.32,18.47,0.0,RUN,1013.23
2024-02-04 08:00:00,0.292,18.3,2.17,49.0,347.1,29.9,19.57,0.0,run,3616.81
2024-02-04 09:00:00,0.392,20.8,2.24,46.0,604.2,37.53,22.05,0.0,RUN,6048.48
2024-02-04 10:00:00,0.279,23.2,2.08,45.0,791.3,44.48,24.1,0.0,RUN,7835.89
2024-02-04 11:00:00,0.449,24.9,2.72,43.0,901.2,47.57,25.47,0.0,RUN,8978.73
2024-02-04 12:00:00,0.434,26.4,2.42,39.0,956.2,49.86,26.4,0.0,RUN,9311.23
2024-02-04 13:00:00,0.24,27.9,2.46,34.0,925.9,50.38,28.28,0.0,RUN,9050.26
2024-02-04 14:00:00,0.206,28.3,2.54,33.0,809.7,48.11,29.05,0.0,RUN,7961.09
2024-02-04 15:00:00,0.34,28.3,2.76,32.0,623.7,42.75,28.67,0.0,RUN,6232.02
2024-02-04 16:00:00,0.217,27.9,3.0,26.0,403.4,36.9,28.44,0.0,RUN,3895.71
2024-02-04 17:00:00,0.233,27.9,3.14,26.0,149.0,30.44,27.79,0.0,RUN,1292.02
2024-02-04 18:00:00,0.345,25.8,3.64,33.0,13.1,26.49,26.64,0.0,run,17.49
2024-02-04 19:00:00,0.348,24.2,3.42,34.0,0.0,25.68,24.66,0.0,standby,-6.67
04-02-2024 20:00,0.525,22.7,2.19,37.0,0.0,23.97,23.72,0.0,STANDBY,0.0
2024-02-04 21:00:00,0.606,20.7,2.32,43.0,0.0,19.61,21.91,0.0,STANDBY,0.0
2024-02-04 22:00:00,0.679,19.7,2.46,48.0,0.0,19.52,19.54,0.0,STANDBY,-7.78
2024-02-04 23:00:00,0.823,17.7,2.06,57.0,0.0,17.96,18.3,0.0,STANDBY,-10.23
2024-02-05 00:00:00,0.715,17.6,2.09,54.0,0.0,17.2,17.77,0.0,STANDBY,0.0
2024-02-05 01:00:00,0.676,17.4,1.91,56.0,0.0,16.09,15.67,0.0,STANDBY,0.0
2024-02-05 02:00:00,0.443,16.5,1.57,54.0,0.0,16.3,15.9,0.0, STANDBY ,0.0
2024-02-05 03:00:00,0.359,16.5,1.9,56.0,0.0,15.73,15.65,0.0,STANDBY,-7.86
2024-02-05 04:00:00,0.339,16.0,1.74,51.0,0.0,16.3,15.46,0.0,STANDBY,0.0
2024-02-05 05:00:00,0.402,16.5,1.52,51.0,0.0,18.14,17.06,0.0, STANDBY ,-4.09
2024-02-05 06:00:00,0.54,17.7,1.4,54.0,0.0,16.96,17.7,0.0,STANDBY,15.55
2024-02-05 07:00:00,0.474,19.0,1.45,51.0,106.9,23.18,19.32,0.0,RUN,1021.18
2024-02-05 08:00:00,0.357,21.5,1.39,44.0,348.4,32.47,20.57,0.0,RUN,3623.54
2024-02-05 09:00:00,0.436,23.2,1.61,41.0,560.4,39.38,23.74,0.0,RUN,5694.5
2024-02-05 10:00:00,0.673,24.7,2.1,42.0,664.6,43.44,24.11,0.0,RUN,6537.2
2024-02-05 11:00:00,0.66,26.4,2.5,40.0,742.9,44.01,26.7,0.0,RUN,7320.77
2024-02-05 12:00:00,0.634,28.0,2.83,37.0,820.8,46.65,27.26,0.0,RUN,7935.66
2024-02-05 13:00:00,0.293,29.0,3.02,31.0,901.4,52.9,28.09,0.0,RUN,8952.22
2024-02-05 14:00:00,0.315,30.1,2.55,32.0,796.4,48.6,29.65,0.0,RUN,7893.39
2024-02-05 15:00:00,0.354,30.0,3.42,33.0,605.4,44.0,29.64,0.0,run,5894.27
2024-02-05 16:00:00,0.258,29.5,2.83,33.0,380.8,36.93,29.04,0.0,RUN,3807.31
2024-02-05 17:00:00,0.144,28.9,2.89,29.0,139.3,32.07,28.24,0.0,RUN,1265.95
2024-02-05 18:00:00,0.154,28.2,2.88,33.0,12.8,27.7,27.07,0.0,RUN,64.38
2024-02-05 19:00:00,0.325,26.9,2.38,38.0,0.0,26.97,24.67,0.0,STANDBY,0.0
2024-02-05 20:00:00,0.299,25.6,2.19,38.0,0.0,25.4,24.48,0.0,STANDBY,0.0
05-02-2024 21:00,0.477,23.7,2.15,40.0,0.0,23.71,23.04,0.0,STANDBY,0.0
2024-02-05 22:00:00,0.352,21.9,1.98,41.0,0.0,20.8,20.42,0.0,STANDBY,0.0
2024-02-05 23:00:00,0.368,20.3,1.89,44.0,0.0,19.43,18.37,0.0,STANDBY,-6.7
2024-02-06 00:00:00,0.236,19.0,1.75,50.0,0.0,18.74,18.49,0.0,STANDBY,0.0
2024-02-06 01:00:00,0.117,18.2,1.66,51.0,0.0,18.19,17.67,0.0,STANDBY,0.0
2024-02-06 02:00:00,0.104,17.4,1.34,50.0,0.0,16.69,17.56,0.0,STANDBY,0.0
2024-02-06 03:00:00,0.117,17.2,1.62,51.0,0.0,17.05,16.38,0.0,STANDBY,0.0
2024-02-06 04:00:00,0.113,17.8,1.64,50.0,0.0,16.66,16.2,0.0,STANDBY,0.0
2024-02-06 05:00:00,0.07,18.8,1.83,46.0,0.0,18.08,17.21,0.0,STANDBY,0.0
2024-02-06 06:00:00,0.118,19.0,1.54,46.0,0.0,19.19,18.57,0.0,STANDBY,-6.25
2024-02-06 07:00:00,0.227,21.2,1.56,47.0,112.9,22.67,19.91,0.0,RUN,1041.66
06-02-2024 08:00,0.182,23.9,1.22,42.0,357.3,31.77,21.74,0.0,RUN,3528.44
2024-02-06 09:00:00,0.167,25.2,1.17,41.0,597.9,39.93,24.0,0.0,RUN,6047.22
2024-02-06 10:00:00,0.193,26.6,1.22,39.0,769.1,46.85,25.76,0.0,RUN,7773.49
2024-02-06 11:00:00,0.224,28.2,1.63,33.0,885.6,49.95,27.31,0.0,RUN,8921.79
2024-02-06 12:00:00,0.277,29.0,-999.0,34.0,936.9,51.08,28.3,0.0, RUN ,9097.58
2024-02-06 13:00:00,0.196,30.2,2.2,31.0,956.0,51.91,29.42,0.0,,8954.62
2024-02-06 14:00:00,0.109,31.5,2.84,31.0,832.1,49.9,29.82,0.0,RUN,8004.16
2024-02-06 15:00:00,0.077,31.7,2.39,29.0,620.1,45.28,31.28,0.0,RUN,6206.52
2024-02-06 16:00:00,0.056,31.3,1.84,27.0,383.4,40.18,29.92,0.0,RUN,3888.81
2024-02-06 17:00:00,0.077,30.2,1.44,29.0,156.7,34.08,30.62,0.0,RUN,1336.46
2024-02-06 18:00:00,0.062,28.7,1.29,31.0,8.9,29.44,29.3,0.0,RUN,26.44
2024-02-06 19:00:00,0.087,27.5,1.23,37.0,0.0,26.79,26.92,0.0,STANDBY,-10.69
2024-02-06 20:00:00,0.051,25.5,1.08,38.0,0.0,24.74,25.74,0.0,STANDBY,-8.17
2024-02-06 21:00:00,0.045,23.6,1.16,39.0,0.0,24.6,23.38,0.0,STANDBY,-3.65
2024-02-06 22:00:00,0.031,21.7,1.16,40.0,0.0,22.94,22.01,0.0,STANDBY,0.0
2024-02-06 23:00:00,0.042,20.3,1.38,45.0,0.0,19.35,19.77,0.0,standby,-5.56
2024-02-07 00:00:00,0.06,17.7,1.97,32.0,0.0,16.54,16.69,0.0,STANDBY,0.0
2024-02-07 01:00:00,0.126,16.8,2.41,39.0,0.0,16.6,15.32,0.0,STANDBY,0.0
2024-02-07 02:00:00,0.127,16.2,2.17,41.0,0.0,16.12,14.68,0.0,STANDBY,-6.37
07-02-2024 03:00,0.087,16.0,2.67,38.0,0.0,14.87,15.7,0.0,STANDBY,0.0
2024-02-07 04:00:00,0.102,16.0,2.17,37.0,0.0,15.98,15.24,0.0,STANDBY,0.0
2024-02-07 05:00:00,0.131,16.5,2.28,39.0,0.0,16.2,15.68,0.0,STANDBY,-1.77
2024-02-07 06:00:00,0.146,17.2,2.66,36.0,3.6,18.63,17.24,0.0,STANDBY,-6.32
2024-02-07 07:00:00,0.081,18.9,1.94,33.0,123.4,21.63,19.33,0.0,RUN,1064.42
2024-02-07 08:00:00,0.133,21.0,2.25,32.0,352.5,29.83,20.18,0.0,RUN,3638.08
2024-02-07 09:00:00,0.213,22.8,2.09,27.0,595.4,38.52,22.39,0.0,RUN,6046.4
2024-02-07 10:00:00,0.274,25.4,2.41,27.0,801.3,44.5,24.47,0.0,RUN,7927.53
2024-02-07 11:00:00,0.268,27.4,2.74,24.0,932.3,47.08,26.16,0.0,run,9089.88
2024-02-07 12:00:00,0.252,29.4,2.79,22.0,955.7,51.23,28.06,0.0,RUN,9472.05
2024-02-07 13:00:00,0.128,29.5,3.13,18.0,946.8,48.14,29.01,0.0,RUN,9188.09
2024-02-07 14:00:00,0.082,29.8,3.09,18.0,826.8,46.94,29.45,0.0,run,8068.98
2024-02-07 15:00:00,0.081,30.4,3.08,18.0,642.1,45.21,29.3,0.0,run,6314.95
2024-02-07 16:00:00,0.164,30.3,3.02,18.0,410.4,39.19,29.37,0.0,RUN,3955.06
2024-02-07 17:00:00,0.13,29.4,3.47,17.0,151.9,32.03,28.55,0.0,RUN,1349.06
2024-02-07 18:00:00,0.147,28.1,2.59,21.0,12.9,28.21,26.7,0.0,RUN,5.85
2024-02-07 19:00:00,0.114,27.3,3.24,23.0,0.0,26.36,25.48,0.0,STANDBY,0.0
2024-02-07 20:00:00,0.198,25.0,2.65,30.0,0.0,22.9,23.49,0.0,STANDBY,-9.63
2024-02-07 21:00:00,0.108,23.3,2.33,32.0,0.0,20.73,22.35,0.0,STANDBY,-7.52
2024-02-07 22:00:00,0.069,20.9,2.51,38.0,0.0,19.67,20.49,0.0,STANDBY,0.0
2024-02-07 23:00:00,0.155,18.8,2.02,39.0,0.0,18.63,18.87,0.0,STANDBY,0.0
2024-02-08 00:00:00,0.298,16.7,2.22,55.0,0.0,17.33,17.35,0.0,STANDBY,-10.71
2024-02-08 01:00:00,0.346,14.8,2.47,58.0,0.0,16.92,15.67,0.0,STANDBY,-10.35
2024-02-08 02:00:00,0.416,14.4,2.03,57.0,0.0,14.56,15.13,0.0,,0.0
2024-02-08 03:00:00,0.281,14.6,2.13,55.0,0.0,15.33,14.65,0.0,standby,-5.31
2024-02-08 04:00:00,0.251,14.8,1.69,51.0,0.0,14.99,15.89,0.0,STANDBY,0.0
2024-02-08 05:00:00,0.181,14.8,1.5,50.0,0.0,16.28,15.72,0.0,STANDBY,0.0
08-02-2024 06:00,0.166,16.7,1.76,49.0,0.0,16.73,16.29,0.0,STANDBY,0.0
2024-02-08 07:00:00,0.168,18.5,1.49,43.0,121.8,21.21,18.14,0.0,RUN,1034.59
2024-02-08 08:00:00,0.156,19.9,1.73,42.0,373.4,29.94,20.53,0.0,RUN,3594.01
2024-02-08 09:00:00,0.163,22.0,2.48,35.0,576.2,38.16,23.03,0.0,RUN,6108.93
2024-02-08 10:00:00,0.283,24.9,2.82,34.0,769.9,42.73,24.26,0.0,RUN,7902.71
2024-02-08 11:00:00,0.127,26.6,2.95,29.0,901.5,49.4,25.45,0.0,run,9055.52
2024-02-08 12:00:00,0.131,27.3,3.26,25.0,987.4,49.59,27.45,0.0,RUN,9523.46
2024-02-08 13:00:00,0.24,27.8,3.21,23.0,925.0,49.7,28.4,0.0,RUN,9020.75
2024-02-08 14:00:00,0.255,28.3,3.36,24.0,798.2,47.19,29.24,0.0,RUN,7968.51
2024-02-08 15:00:00,0.261,28.7,3.68,27.0,651.6,43.53,29.12,0.0,RUN,6322.57
2024-02-08 16:00:00,0.208,29.4,3.77,27.0,410.1,38.0,28.83,0.0,run,3965.64
2024-02-08 17:00:00,0.155,28.5,3.4,29.0,161.5,31.05,27.61,0.0,RUN,1316.79
2024-02-08 18:00:00,0.062,27.5,2.92,29.0,10.5,27.58,27.72,0.0,RUN,24.46
2024-02-08 19:00:00,0.061,25.8,2.56,35.0,0.0,24.16,25.93,0.0,STANDBY,0.0
2024-02-08 20:00:00,0.115,23.0,2.79,38.0,0.0,24.0,23.91,0.0,STANDBY,0.0
2024-02-08 21:00:00,0.142,21.3,2.35,43.0,0.0,22.6,21.8,0.0,STANDBY,-11.28
2024-02-08 22:00:00,0.188,19.0,1.84,47.0,0.0,19.61,19.8,0.0,STANDBY,-2.79
2024-02-08 23:00:00,0.068,17.4,2.25,48.0,0.0,16.42,19.14,0.0,STANDBY,-3.85
2024-02-09 00:00:00,0.089,17.1,2.66,46.0,0.0,18.92,18.39,0.0,STANDBY,0.0
2024-02-09 01:00:00,0.183,16.0,2.11,50.0,0.0,17.34,17.56,0.0,STANDBY,-6.64
2024-02-09 02:00:00,0.182,15.9,2.1,49.0,0.0,17.02,16.63,0.0,STANDBY,0.0
2024-02-09 03:00:00,0.411,15.6,2.24,53.0,0.0,16.46,16.42,0.0,STANDBY,0.0
2024-02-09 04:00:00,0.356,16.1,2.63,51.0,0.0,17.12,17.15,0.0,STANDBY,-4.1
2024-02-09 05:00:00,0.284,17.0,2.12,48.0,0.0,16.82,18.01,0.0,STANDBY,-4.36
2024-02-09 06:00:00,0.302,18.4,1.89,46.0,3.9,18.34,19.46,0.0,,-11.5
2024-02-09 07:00:00,0.341,19.8,2.07,45.0,120.7,24.89,20.59,0.0,RUN,1024.1
2024-02-09 08:00:00,0.15,21.5,1.82,38.0,365.5,30.79,22.16,0.0,RUN,3613.65
2024-02-09 09:00:00,0.111,24.0,1.93,32.0,610.9,37.06,24.3,0.0,RUN,6048.23
2024-02-09 10:00:00,0.16,25.4,2.55,32.0,791.3,44.92,26.04,0.0,run,7967.74
2024-02-09 11:00:00,0.13,26.8,3.08,31.0,900.8,48.62,27.59,0.0,RUN,9104.16
2024-02-09 12:00:00,0.11,28.4,3.32,32.0,974.4,49.83,29.48,0.0,RUN,9489.84
2024-02-09 13:00:00,0.103,29.9,3.64,28.0,914.8,48.82,29.82,0.0,RUN,9241.89
2024-02-09 14:00:00,0.109,30.8,3.57,26.0,826.4,46.3,31.18,0.0,RUN,8041.04
2024-02-09 15:00:00,0.1,30.1,3.62,27.0,651.9,45.4,31.75,0.0,RUN,6371.32
2024-02-09 16:00:00,0.127,29.9,3.51,28.0,414.1,39.8,31.61,0.0,RUN,3948.27
2024-02-09 17:00:00,0.112,29.0,3.3,27.0,154.7,34.85,29.9,0.0,RUN,1420.14
2024-02-09 18:00:00,0.197,28.2,3.77,29.0,8.8,30.48,28.2,0.0,run,101.49
2024-02-09 19:00:00,0.159,26.6,3.5,34.0,0.0,26.53,27.28,0.0,STANDBY,-999.0
2024-02-09 20:00:00,0.084,25.0,3.06,38.0,0.0,25.88,25.74,0.0,STANDBY,0.0
2024-02-09 21:00:00,0.213,23.0,2.35,38.0,0.0,25.54,24.19,0.0,STANDBY,0.0
2024-02-09 22:00:00,0.246,21.0,1.96,43.0,0.0,23.66,22.09,0.0,STANDBY,0.0
09-02-2024 23:00,0.223,19.2,2.27,46.0,0.0,20.63,20.49,0.0,STANDBY,-1.83
2024-02-10 00:00:00,0.097,20.2,2.8,33.0,0.0,19.74,19.88,0.0,STANDBY,0.0
2024-02-10 01:00:00,0.108,19.0,2.48,35.0,0.0,19.94,19.38,0.0,STANDBY,-7.54
2024-02-10 02:00:00,0.087,17.9,2.45,35.0,0.0,20.03,18.48,0.0,STANDBY,-5.71
2024-02-10 03:00:00,0.056,17.8,2.26,37.0,0.0,19.27,17.64,0.0,STANDBY,0.0
2024-02-10 04:00:00,0.019,18.5,2.71,39.0,0.0,18.53,18.19,0.0,STANDBY,0.0
2024-02-10 05:00:00,0.04,20.1,2.73,40.0,0.0,20.18,19.02,0.0,STANDBY,-5.29
2024-02-10 06:00:00,0.084,20.8,2.67,37.0,0.0,20.04,20.44,0.0,STANDBY,2.81
2024-02-10 07:00:00,0.096,22.0,2.72,32.0,124.6,23.93,22.62,0.0,run,1017.09
10-02-2024 08:00,0.148,24.2,2.8,32.0,366.3,32.5,24.64,0.0,RUN,3635.04
2024-02-10 09:00:00,0.113,26.1,2.55,28.0,586.3,38.92,26.2,0.0,RUN,6050.25
2024-02-10 10:00:00,0.08,28.0,1.97,26.0,811.3,46.16,28.42,0.0,RUN,7871.06
2024-02-10 11:00:00,0.048,29.5,2.45,24.0,937.5,50.32,29.81,0.0,run,9106.63
2024-02-10 12:00:00,0.024,30.8,2.21,20.0,972.8,51.2,30.56,0.0,RUN,9488.92
10-02-2024 13:00,0.037,32.2,2.56,23.0,918.5,52.36,31.48,0.0,RUN,9038.92
2024-02-10 14:00:00,0.057,33.6,2.65,23.0,810.8,48.96,33.15,0.0,RUN,8050.6
2024-02-10 15:00:00,0.126,34.0,2.82,25.0,649.5,46.39,33.1,0.0,RUN,6278.08
2024-02-10 16:00:00,0.121,33.1,2.51,27.0,415.7,41.93,32.77,0.0,RUN,3944.44
2024-02-10 17:00:00,0.087,32.2,2.6,28.0,149.4,34.84,31.83,0.0,RUN,1397.08
2024-02-10 18:00:00,0.061,31.0,3.86,29.0,13.4,31.64,30.98,0.0,RUN,70.29
2024-02-10 19:00:00,0.04,29.6,2.56,31.0,0.0,29.65,29.28,0.0,STANDBY,0.0
2024-02-10 20:00:00,0.05,27.9,2.82,31.0,0.0,28.87,27.01,0.0,STANDBY,0.0
2024-02-10 21:00:00,0.072,25.5,2.48,34.0,0.0,25.24,26.63,0.0,STANDBY,-11.2
2024-02-10 22:00:00,0.065,23.9,2.63,34.0,0.0,24.33,23.25,0.0,STANDBY,-8.53
2024-02-10 23:00:00,0.127,21.9,2.76,37.0,0.0,21.27,21.62,0.0,STANDBY,0.0
2024-02-11 00:00:00,0.373,19.6,4.96,43.0,0.0,19.61,18.88,0.0,STANDBY,0.0
2024-02-11 01:00:00,0.491,18.1,5.1,45.0,0.0,-999.0,18.3,0.0,STANDBY,-4.0
2024-02-11 02:00:00,0.464,17.3,4.93,45.0,0.0,17.99,17.95,0.0,STANDBY,-7.65
2024-02-11 03:00:00,0.381,16.9,4.62,45.0,0.0,15.41,17.57,0.0,standby,-7.28
2024-02-11 04:00:00,0.38,16.8,4.57,43.0,0.0,16.18,17.74,0.0,STANDBY,-2.12
2024-02-11 05:00:00,0.535,18.4,4.51,45.0,0.0,18.39,19.04,0.0,STANDBY,0.0
2024-02-11 06:00:00,0.44,19.8,4.25,42.0,7.2,19.95,19.44,0.0,STANDBY,-2.33
2024-02-11 07:00:00,0.166,20.8,4.73,40.0,119.7,20.82,20.73,0.0,run,1074.06
2024-02-11 08:00:00,0.131,22.5,4.25,37.0,363.3,31.36,23.25,0.0,RUN,3673.32
2024-02-11 09:00:00,0.12,24.1,5.15,36.0,607.5,36.73,25.96,0.0,RUN,6152.24
2024-02-11 10:00:00,0.089,25.9,6.29,33.0,801.3,41.97,26.7,0.0,RUN,7991.03
2024-02-11 11:00:00,0.123,27.6,6.41,30.0,918.6,45.16,28.42,0.0,run,9186.12
2024-02-11 12:00:00,0.145,29.5,5.83,26.0,973.8,48.29,30.22,0.0,RUN,9667.0
2024-02-11 13:00:00,0.218,31.2,4.72,28.0,917.8,49.28,30.63,0.0,RUN,9272.99
2024-02-11 14:00:00,0.263,32.2,4.6,21.0,831.7,46.76,31.76,0.0,RUN,8167.12
2024-02-11 15:00:00,0.373,32.4,5.17,25.0,648.6,40.44,31.69,0.0,RUN,6373.19
2024-02-11 16:00:00,0.499,31.6,5.8,21.0,410.7,39.42,31.66,0.0,RUN,4009.38
2024-02-11 17:00:00,0.426,31.0,4.95,21.0,160.4,34.62,30.44,0.0,RUN,1403.48
2024-02-11 18:00:00,0.295,31.1,5.78,24.0,3.0,29.34,30.1,0.0,RUN,49.74
2024-02-11 19:00:00,0.506,28.7,5.0,30.0,0.0,28.68,28.57,0.0,STANDBY,-7.08
2024-02-11 20:00:00,0.419,26.2,3.87,31.0,0.0,26.26,26.04,0.0,STANDBY,-10.58
2024-02-11 21:00:00,0.268,23.6,3.15,35.0,0.0,23.76,24.33,0.0,STANDBY,0.0
2024-02-11 22:00:00,0.277,22.4,3.42,38.0,0.0,22.72,22.33,0.0,STANDBY,-8.39
2024-02-11 23:00:00,0.463,20.6,3.22,45.0,0.0,19.9,21.2,0.0,STANDBY,0.0
2024-02-12 00:00:00,0.109,18.4,2.47,47.0,0.0,20.12,19.05,0.0,STANDBY,-6.84
2024-02-12 01:00:00,0.07,17.4,2.46,46.0,0.0,16.91,18.35,0.0,STANDBY,0.0
2024-02-12 02:00:00,0.051,17.2,2.17,46.0,0.0,16.08,16.75,0.0,STANDBY,-3.99
2024-02-12 03:00:00,0.05,16.7,2.32,46.0,0.0,17.26,15.96,0.0, STANDBY ,-2.2
2024-02-12 04:00:00,0.052,16.1,2.08,46.0,0.0,15.24,17.51,0.0,STANDBY,-9.71
12-02-2024 05:00,0.066,16.8,1.99,47.0,0.0,17.68,17.94,0.0,STANDBY,-6.76
2024-02-12 06:00:00,0.105,17.7,2.07,47.0,0.0,19.56,18.88,0.0,STANDBY,0.34
2024-02-12 07:00:00,0.064,19.9,2.23,42.0,125.9,22.53,20.17,0.0,RUN,1061.19
12-02-2024 08:00,0.044,21.7,2.43,41.0,384.7,31.35,21.88,0.0,run,3680.56
2024-02-12 09:00:00,0.044,23.6,2.78,35.0,610.4,37.94,24.16,0.0, RUN ,6142.66
2024-02-12 10:00:00,0.042,25.3,3.54,35.0,808.1,42.27,25.78,0.0,run,7919.24
2024-02-12 11:00:00,0.074,27.2,3.55,33.0,926.4,46.94,27.51,0.0,RUN,9187.65
2024-02-12 12:00:00,0.152,28.7,3.65,34.0,959.0,49.13,29.43,0.0,RUN,9549.29
2024-02-12 13:00:00,0.238,29.8,3.39,28.0,955.7,48.28,30.32,0.0,RUN,9163.14
2024-02-12 14:00:00,0.156,30.0,3.71,25.0,815.4,47.31,30.33,0.0,RUN,8107.83
2024-02-12 15:00:00,0.074,31.0,3.3,25.0,651.9,43.34,31.14,0.0,RUN,6322.71
2024-02-12 16:00:00,0.05,31.5,3.39,25.0,414.4,39.44,30.62,0.0,RUN,4001.43
2024-02-12 17:00:00,0.025,30.8,3.39,26.0,159.3,34.91,29.99,0.0,RUN,1458.19
2024-02-12 18:00:00,0.038,29.8,3.67,30.0,8.5,29.26,28.92,0.0,RUN,28.14
2024-02-12 19:00:00,0.029,27.8,3.28,34.0,0.0,26.95,27.44,0.0,STANDBY,0.0
2024-02-12 20:00:00,0.051,26.3,3.33,35.0,0.0,25.32,25.56,0.0,STANDBY,-9.49
2024-02-12 21:00:00,0.054,23.6,3.7,37.0,0.0,24.1,24.63,0.0,STANDBY,-2.43
2024-02-12 22:00:00,0.083,21.6,2.48,41.0,0.0,20.85,21.83,0.0,standby,-4.64
2024-02-12 23:00:00,0.054,19.5,2.66,43.0,0.0,18.87,20.55,0.0,STANDBY,-6.05
2024-02-13 00:00:00,0.126,18.4,3.05,53.0,0.0,18.21,18.45,0.0,STANDBY,0.0
2024-02-13 01:00:00,0.174,18.1,3.11,53.0,0.0,15.82,16.67,0.0,standby,-6.46
2024-02-13 02:00:00,0.168,17.8,2.96,56.0,0.0,14.44,16.0,0.0,STANDBY,-3.16
2024-02-13 03:00:00,0.208,17.4,2.69,56.0,0.0,15.34,15.6,0.0,STANDBY,-1.92
2024-02-13 04:00:00,0.281,17.9,3.56,55.0,0.0,15.7,16.45,0.0,STANDBY,-9.53
2024-02-13 05:00:00,0.25,18.0,2.91,51.0,0.0,16.62,17.27,0.0,STANDBY,-5.4
2024-02-13 06:00:00,0.21,19.3,3.0,51.0,6.7,18.1,18.71,0.0,STANDBY,50.5
2024-02-13 07:00:00,0.173,20.8,2.69,47.0,129.9,22.34,20.07,0.0,RUN,1062.97
2024-02-13 08:00:00,0.282,22.7,2.51,46.0,376.8,32.06,21.79,0.0,RUN,3652.03
2024-02-13 09:00:00,0.265,24.7,2.55,44.0,633.6,40.05,23.97,0.0,RUN,6066.0
2024-02-13 10:00:00,0.188,26.5,3.0,37.0,818.8,45.0,25.34,0.0,RUN,7954.91
2024-02-13 11:00:00,0.241,28.1,3.88,35.0,948.1,47.59,27.35,0.0,RUN,9131.18
2024-02-13 12:00:00,0.386,29.4,4.6,33.0,959.9,49.42,28.51,0.0,RUN,9515.22
2024-02-13 14:00:00,0.176,32.2,4.23,32.0,819.4,47.8,30.44,0.0,RUN,8181.36
2024-02-13 15:00:00,0.179,32.2,4.26,33.0,669.7,41.5,30.73,0.0,RUN,6327.54
2024-02-13 16:00:00,0.162,32.3,4.41,34.0,414.4,39.94,30.24,0.0,RUN,4012.67
2024-02-13 17:00:00,0.164,31.1,3.86,38.0,156.8,32.98,29.67,0.0,RUN,1391.16
2024-02-13 18:00:00,0.161,29.1,4.27,38.0,7.4,27.84,28.33,0.0,RUN,47.71
2024-02-13 19:00:00,0.11,27.2,3.73,40.0,0.0,26.82,26.39,0.0,STANDBY,0.0
2024-02-13 20:00:00,0.067,25.0,3.25,42.0,0.0,25.37,25.73,0.0,STANDBY,0.0
2024-02-13 21:00:00,0.09,23.6,3.96,44.0,0.0,22.58,23.22,0.0,STANDBY,0.0
2024-02-13 22:00:00,0.109,22.3,3.41,50.0,0.0,21.23,21.41,0.0,standby,0.0
2024-02-13 23:00:00,0.095,20.0,3.43,57.0,0.0,19.02,19.08,0.0,STANDBY,-2.48
2024-02-14 00:00:00,0.059,18.1,2.42,50.0,0.0,17.31,17.16,0.0,STANDBY,-4.55
2024-02-14 01:00:00,0.051,17.1,2.66,51.0,0.0,14.79,16.29,0.0,STANDBY,-2.39
2024-02-14 02:00:00,0.038,15.7,2.39,52.0,0.0,15.71,16.07,0.0, STANDBY ,-10.8
2024-02-14 03:00:00,0.055,15.8,2.12,55.0,0.0,14.78,15.68,0.0,STANDBY,0.0
2024-02-14 04:00:00,0.035,16.7,2.39,52.0,0.0,16.0,16.31,0.0,STANDBY,-6.22
2024-02-14 05:00:00,0.033,17.8,2.3,49.0,0.0,17.06,17.06,0.0,,-6.29
14-02-2024 06:00,0.043,18.7,2.32,44.0,6.9,18.02,17.76,0.0,STANDBY,45.5
2024-02-14 07:00:00,0.078,20.4,2.61,41.0,120.3,22.7,18.84,0.0,RUN,1108.25
2024-02-14 08:00:00,0.117,21.8,2.42,40.0,384.1,28.92,21.52,0.0,RUN,3661.82
2024-02-14 09:00:00,0.147,23.5,2.62,39.0,602.9,38.06,23.26,0.0,RUN,6139.64
2024-02-14 10:00:00,0.185,24.8,2.87,38.0,817.4,43.28,24.87,0.0,run,7955.73
2024-02-14 11:00:00,0.093,27.0,3.66,34.0,883.8,48.52,26.72,0.0,RUN,9148.17
2024-02-14 12:00:00,0.2,28.3,3.76,27.0,978.0,48.26,28.44,0.0,RUN,9514.67
2024-02-14 13:00:00,0.129,29.9,3.38,28.0,920.1,47.1,29.3,0.0,RUN,9210.15
2024-02-14 14:00:00,0.134,30.9,3.73,28.0,862.9,45.64,29.28,0.0,RUN,8137.61
2024-02-14 15:00:00,0.144,30.4,3.28,29.0,666.0,44.12,29.32,0.0,RUN,6374.95
2024-02-14 16:00:00,0.175,30.3,2.76,31.0,413.2,38.63,29.79,0.0,RUN,4000.96
2024-02-14 17:00:00,0.298,29.8,3.09,31.0,159.4,31.56,29.02,0.0,RUN,1378.29
2024-02-14 18:00:00,0.288,28.4,3.13,29.0,0.0,29.52,27.67,0.0,RUN,86.36
2024-02-14 19:00:00,0.258,26.1,3.05,31.0,0.0,26.69,26.61,0.0,STANDBY,0.0
2024-02-14 20:00:00,0.191,25.3,2.74,33.0,0.0,24.71,25.31,0.0,STANDBY,0.0
2024-02-14 21:00:00,0.225,23.3,2.8,34.0,0.0,21.72,22.99,0.0,STANDBY,0.0
2024-02-14 22:00:00,0.25,21.5,2.64,41.0,0.0,20.5,20.94,0.0,STANDBY,0.0
14-02-2024 23:00,0.166,19.9,2.66,41.0,0.0,19.54,18.94,0.0,STANDBY,-6.4
2024-02-15 00:00:00,0.081,16.1,2.06,44.0,0.0,15.55,16.25,0.0,STANDBY,0.0
2024-02-15 01:00:00,0.065,15.1,2.06,47.0,0.0,14.68,15.11,0.0,STANDBY,-8.2
2024-02-15 02:00:00,0.025,13.9,2.25,46.0,0.0,14.4,15.69,0.0,STANDBY,-10.49
2024-02-15 03:00:00,0.054,13.7,2.1,49.0,0.0,15.63,14.68,0.0,STANDBY,0.0
2024-02-15 04:00:00,0.06,14.2,2.37,47.0,0.0,14.66,15.07,0.0,STANDBY,0.0
2024-02-15 05:00:00,0.056,14.7,2.38,48.0,0.0,14.47,15.93,0.0,STANDBY,-5.24
2024-02-15 06:00:00,0.099,15.3,2.54,46.0,0.0,16.22,16.76,0.0,STANDBY,21.46
2024-02-15 07:00:00,0.072,17.1,2.35,42.0,121.1,21.09,17.88,0.0,RUN,1114.8
2024-02-15 08:00:00,0.047,19.5,2.05,39.0,365.7,30.73,20.28,0.0,,3671.83
2024-02-15 09:00:00,0.064,22.8,1.91,40.0,601.6,38.62,22.2,0.0,RUN,6155.78
2024-02-15 10:00:00,0.07,23.8,1.99,40.0,781.1,44.86,24.54,0.0,RUN,7995.63
2024-02-15 11:00:00,0.086,25.9,2.35,37.0,938.4,49.96,25.52,0.0,RUN,9124.88
2024-02-15 12:00:00,0.091,26.2,2.41,36.0,990.5,50.04,27.07,0.0,RUN,9577.82
2024-02-15 13:00:00,0.065,26.7,2.15,31.0,926.2,50.6,27.85,0.0,RUN,9176.91
2024-02-15 14:00:00,0.071,27.8,2.44,30.0,832.3,46.87,29.24,0.0,RUN,8172.16
2024-02-15 15:00:00,0.03,28.5,3.08,29.0,651.1,43.4,29.35,0.0,RUN,6403.26
2024-02-15 16:00:00,0.048,28.1,3.26,32.0,420.6,40.99,29.31,0.0,RUN,4014.15
2024-02-15 17:00:00,0.13,27.4,3.84,31.0,166.8,32.53,28.17,0.0,RUN,1476.89
2024-02-15 18:00:00,0.167,25.9,3.08,34.0,10.5,28.48,26.82,0.0,RUN,79.4
2024-02-15 19:00:00,0.2,24.9,2.39,39.0,0.0,25.76,25.16,0.0,STANDBY,0.0
2024-02-15 20:00:00,0.142,22.8,2.47,44.0,0.0,23.16,24.09,0.0,STANDBY,-8.37
2024-02-15 21:00:00,0.036,21.3,2.35,48.0,0.0,23.27,22.38,0.0,STANDBY,-10.17
2024-02-15 22:00:00,0.042,20.0,2.22,50.0,0.0,20.68,19.79,0.0,STANDBY,0.0
2024-02-15 23:00:00,0.097,18.1,2.78,55.0,0.0,17.1,18.07,0.0,,0.0
2024-02-16 00:00:00,0.117,16.7,4.39,49.0,0.0,17.05,17.8,0.0,STANDBY,0.0
2024-02-16 01:00:00,0.139,15.2,5.0,56.0,0.0,16.93,16.28,0.0,STANDBY,-5.34
2024-02-16 02:00:00,0.135,14.2,4.6,54.0,0.0,14.67,14.95,0.0,STANDBY,0.0
2024-02-16 03:00:00,0.334,13.9,4.6,57.0,0.0,16.13,16.0,0.0,STANDBY,0.0
2024-02-16 04:00:00,0.28,13.8,4.53,56.0,0.0,16.44,15.47,0.0,STANDBY,0.0
2024-02-16 05:00:00,0.228,15.0,4.65,55.0,0.0,15.76,16.71,0.0,STANDBY,0.0
2024-02-16 06:00:00,0.206,16.6,4.43,49.0,0.9,19.1,18.25,0.0,STANDBY,0.82
2024-02-16 07:00:00,0.183,18.2,3.6,45.0,125.8,22.36,19.23,0.0,RUN,1150.99
2024-02-16 08:00:00,0.19,20.1,3.87,47.0,367.1,29.01,21.74,0.0,RUN,3728.43
2024-02-16 09:00:00,0.136,22.1,3.58,39.0,625.9,36.13,23.39,0.0,RUN,6159.83
2024-02-16 10:00:00,0.249,24.5,3.94,40.0,787.7,42.01,25.33,0.0, RUN ,8038.16
2024-02-16 11:00:00,0.225,26.7,4.47,32.0,930.4,43.73,26.87,0.0,RUN,9216.02
2024-02-16 12:00:00,0.175,28.0,3.69,27.0,957.0,48.15,28.61,0.0,RUN,9642.65
2024-02-16 13:00:00,0.275,29.1,4.13,30.0,930.8,46.1,28.84,0.0,RUN,9263.99
2024-02-16 14:00:00,0.183,29.9,3.92,27.0,841.8,45.63,29.92,0.0,RUN,8238.19
2024-02-16 15:00:00,0.147,30.3,3.84,26.0,657.1,43.58,30.43,0.0,RUN,6409.52
2024-02-16 16:00:00,0.169,30.4,4.26,25.0,425.5,37.15,29.76,0.0,RUN,4036.78
2024-02-16 17:00:00,0.359,28.7,4.41,30.0,157.7,31.09,29.3,0.0,RUN,1457.81
2024-02-16 18:00:00,0.38,28.3,5.62,31.0,14.5,28.95,28.03,0.0,RUN,69.61
2024-02-16 19:00:00,0.285,26.9,4.34,35.0,0.0,25.29,27.28,0.0,STANDBY,-4.55
2024-02-16 20:00:00,0.257,25.8,4.22,31.0,0.0,24.92,24.07,0.0,standby,-2.48
2024-02-16 21:00:00,0.239,23.4,4.33,34.0,0.0,22.59,23.13,0.0,STANDBY,-5.79
2024-02-16 22:00:00,0.255,21.2,3.54,39.0,0.0,21.38,20.72,0.0,STANDBY,0.0
2024-02-16 23:00:00,0.111,20.0,3.62,40.0,0.0,18.58,19.08,0.0,STANDBY,-8.65
2024-02-17 00:00:00,0.263,18.8,2.7,44.0,0.0,17.18,17.09,0.0,STANDBY,0.0
2024-02-17 01:00:00,0.288,17.3,3.15,49.0,0.0,17.15,16.57,0.0, STANDBY ,-11.1
2024-02-17 02:00:00,0.315,16.3,3.32,50.0,0.0,16.32,15.83,0.0,STANDBY,-9.81
2024-02-17 03:00:00,0.258,16.5,3.69,51.0,0.0,14.84,14.97,0.0,STANDBY,0.0
2024-02-17 04:00:00,0.285,16.5,3.12,50.0,0.0,15.57,15.31,0.0,STANDBY,0.0
2024-02-17 05:00:00,0.278,17.5,3.17,52.0,0.0,16.01,16.01,0.0,STANDBY,-3.73
2024-02-17 06:00:00,0.265,18.3,3.51,47.0,7.1,17.27,17.57,0.0,STANDBY,27.22
2024-02-17 07:00:00,0.244,20.6,3.57,43.0,127.8,20.66,18.1,0.0,RUN,1140.18
2024-02-17 08:00:00,0.148,22.3,3.96,40.0,361.1,29.01,21.28,0.0,RUN,3732.44
2024-02-17 09:00:00,0.079,24.1,3.36,36.0,633.3,36.84,22.77,0.0,RUN,6152.81
2024-02-17 10:00:00,0.088,26.2,2.86,29.0,826.4,41.98,24.52,0.0,RUN,8031.25
2024-02-17 11:00:00,0.157,28.3,3.32,25.0,963.8,46.25,26.24,0.0,RUN,9188.7
2024-02-17 12:00:00,0.182,29.5,4.08,23.0,984.5,48.49,27.65,0.0,RUN,9602.2
2024-02-17 13:00:00,0.257,30.1,3.61,23.0,910.0,48.89,28.82,0.0,RUN,9242.88
2024-02-17 14:00:00,0.24,30.7,3.02,24.0,827.8,46.22,29.5,0.0, RUN ,8162.54
2024-02-17 15:00:00,0.331,31.1,3.27,24.0,661.2,42.09,29.5,0.0,RUN,6423.5
2024-02-17 16:00:00,0.366,30.4,3.5,29.0,397.6,37.32,29.13,0.0, RUN ,3977.18
2024-02-17 17:00:00,0.293,28.9,3.23,23.0,164.5,30.24,28.27,0.0,RUN,1522.31
2024-02-17 18:00:00,0.287,27.9,3.47,26.0,14.3,27.62,26.54,0.0,RUN,76.12
2024-02-17 19:00:00,0.323,26.3,2.39,31.0,0.0,27.3,25.86,0.0,standby,0.0
2024-02-17 20:00:00,0.355,24.6,2.66,33.0,0.0,25.09,23.98,0.0,STANDBY,0.0
2024-02-17 21:00:00,0.308,22.2,2.75,32.0,0.0,23.4,22.84,0.0,STANDBY,-9.97
2024-02-17 22:00:00,0.306,20.3,2.48,37.0,0.0,20.71,20.16,0.0,STANDBY,0.0
2024-02-17 23:00:00,0.21,18.8,2.44,40.0,0.0,19.74,19.06,0.0,STANDBY,0.0
18-02-2024 00:00,0.103,18.9,3.24,39.0,0.0,19.42,18.67,0.0,STANDBY,-7.35
2024-02-18 01:00:00,0.068,17.4,4.16,43.0,0.0,18.08,17.68,0.0,STANDBY,0.0
2024-02-18 02:00:00,0.136,16.1,4.7,49.0,0.0,16.25,16.87,0.0,STANDBY,0.0
2024-02-18 03:00:00,0.134,16.4,4.44,52.0,0.0,16.1,16.44,0.0,STANDBY,-6.21
2024-02-18 04:00:00,0.124,16.7,4.63,55.0,0.0,17.56,17.02,0.0,,-7.28
2024-02-18 05:00:00,0.101,18.0,4.31,54.0,0.0,17.63,18.23,0.0,standby,0.0
2024-02-18 06:00:00,0.103,19.0,5.29,51.0,4.9,16.74,19.18,0.0,STANDBY,5.13
2024-02-18 07:00:00,0.218,20.6,4.31,51.0,115.3,25.3,20.28,0.0,RUN,1044.23
2024-02-18 08:00:00,0.181,22.8,4.0,50.0,361.3,31.73,22.91,0.0,RUN,3641.52
2024-02-18 09:00:00,0.141,25.1,4.48,41.0,627.4,38.35,24.38,0.0,RUN,6160.71
2024-02-18 10:00:00,0.161,27.5,4.78,40.0,826.4,44.55,27.33,0.0,RUN,7962.74
2024-02-18 11:00:00,0.139,28.8,4.66,37.0,960.7,46.38,28.6,0.0,RUN,9145.56
2024-02-18 12:00:00,0.121,31.1,4.12,35.0,1003.4,49.22,29.59,0.0,RUN,9577.35
2024-02-18 13:00:00,0.194,31.3,4.52,29.0,946.7,49.2,30.8,0.0,RUN,9200.04
2024-02-18 14:00:00,0.159,32.2,4.62,27.0,832.3,47.98,31.8,0.0,RUN,8081.85
18-02-2024 15:00,0.128,33.1,4.86,24.0,664.4,45.11,31.28,0.0,RUN,6389.26
2024-02-18 16:00:00,0.133,32.8,4.08,22.0,428.3,40.9,31.23,0.0,RUN,4063.38
2024-02-18 17:00:00,0.143,32.0,4.2,22.0,167.9,34.29,30.7,0.0,RUN,1479.99
2024-02-18 18:00:00,0.251,30.6,3.41,28.0,12.9,29.69,29.3,0.0,RUN,35.27
2024-02-18 19:00:00,0.085,29.1,2.95,29.0,0.0,28.51,27.65,0.0,STANDBY,-3.06
2024-02-18 20:00:00,0.063,27.0,2.87,34.0,0.0,26.76,26.37,0.0,STANDBY,-11.15
2024-02-18 21:00:00,0.094,24.6,3.15,39.0,0.0,25.16,24.31,0.0,STANDBY,-9.41
2024-02-18 22:00:00,0.126,22.6,3.01,41.0,0.0,23.98,23.03,0.0,STANDBY,-2.05
2024-02-18 23:00:00,0.175,20.6,3.25,45.0,0.0,21.91,21.04,0.0,STANDBY,-5.77
2024-02-19 00:00:00,0.071,17.0,2.06,51.0,0.0,17.61,18.24,0.0,STANDBY,0.0
2024-02-19 01:00:00,0.051,15.7,2.51,49.0,0.0,16.52,17.03,0.0, STANDBY ,0.0
2024-02-19 02:00:00,0.035,14.8,2.33,55.0,0.0,16.92,15.76,0.0,STANDBY,0.0
2024-02-19 03:00:00,0.036,15.1,2.64,57.0,0.0,16.25,15.82,0.0,STANDBY,0.0
2024-02-19 04:00:00,0.079,15.5,2.37,54.0,0.0,16.21,16.14,0.0,STANDBY,0.0
2024-02-19 05:00:00,0.038,16.5,2.3,52.0,0.0,17.16,16.9,0.0, STANDBY ,-9.65
2024-02-19 06:00:00,0.041,17.5,2.76,48.0,4.4,18.12,17.79,0.0,STANDBY,30.64
2024-02-19 07:00:00,0.034,19.2,2.5,44.0,132.8,22.9,19.98,0.0,RUN,1165.07
2024-02-19 08:00:00,0.084,20.8,2.86,40.0,357.8,29.54,21.55,0.0,RUN,3753.38
2024-02-19 09:00:00,0.079,22.7,3.64,38.0,621.9,36.27,22.92,0.0,run,6161.07
2024-02-19 10:00:00,0.066,24.3,3.4,36.0,812.0,43.91,24.6,0.0,,7934.32
2024-02-19 11:00:00,0.054,25.8,3.69,30.0,936.4,47.02,27.56,0.0,RUN,9164.1
2024-02-19 12:00:00,0.055,27.3,3.44,29.0,948.9,48.38,28.88,0.0,RUN,9561.06
2024-02-19 13:00:00,0.059,28.1,3.45,27.0,951.4,49.09,30.13,0.0,RUN,9260.6
2024-02-19 14:00:00,0.062,29.6,3.75,24.0,868.6,46.91,30.25,0.0,run,8192.54
2024-02-19 15:00:00,0.087,29.3,3.85,23.0,646.1,42.9,30.79,0.0,RUN,6418.13
2024-02-19 16:00:00,0.064,28.5,2.5,25.0,409.0,39.67,29.81,0.0,RUN,4090.73
2024-02-19 17:00:00,0.071,28.2,2.24,27.0,167.1,33.75,29.56,0.0,RUN,1481.75
2024-02-19 18:00:00,0.183,27.4,2.72,28.0,10.8,29.51,28.49,0.0,RUN,77.04
2024-02-19 19:00:00,0.177,25.1,2.44,33.0,0.0,26.8,26.77,0.0,STANDBY,0.0
2024-02-19 20:00:00,0.118,22.9,2.3,33.0,0.0,26.12,24.19,0.0,STANDBY,0.0
2024-02-19 21:00:00,0.144,22.1,2.23,35.0,0.0,22.78,23.7,0.0,STANDBY,-5.21
2024-02-19 22:00:00,0.044,20.7,2.25,39.0,0.0,21.47,21.71,0.0,STANDBY,0.0
2024-02-19 23:00:00,0.023,19.2,2.58,43.0,0.0,19.02,19.18,0.0,STANDBY,-6.06
2024-02-20 00:00:00,0.061,18.4,2.21,45.0,0.0,19.79,18.03,0.0,STANDBY,0.0
2024-02-20 01:00:00,0.09,17.3,2.19,46.0,0.0,16.61,16.97,0.0,STANDBY,0.0
2024-02-20 02:00:00,0.124,16.9,2.34,52.0,0.0,16.54,16.77,0.0,STANDBY,-2.79
2024-02-20 03:00:00,0.189,17.2,2.07,50.0,0.0,16.25,15.91,0.0,STANDBY,-8.19
2024-02-20 04:00:00,0.185,16.8,2.23,52.0,0.0,16.6,16.35,0.0,STANDBY,0.0
2024-02-20 05:00:00,0.28,17.4,2.98,52.0,0.0,15.81,17.66,0.0,standby,-9.24
2024-02-20 07:00:00,0.066,20.4,3.53,42.0,127.9,25.1,19.88,0.0, RUN ,1139.52
2024-02-20 08:00:00,0.062,22.1,3.09,36.0,384.5,31.45,21.85,0.0,RUN,3709.38
2024-02-20 09:00:00,0.11,24.2,2.77,37.0,609.5,38.46,23.57,0.0,RUN,6126.64
2024-02-20 10:00:00,0.182,26.2,2.77,35.0,830.1,43.88,25.13,0.0,RUN,7994.06
2024-02-20 11:00:00,0.149,28.2,2.59,34.0,968.3,48.43,27.44,0.0,RUN,9078.99
2024-02-20 13:00:00,0.223,29.7,3.03,29.0,918.4,50.21,29.65,0.0,RUN,9121.93
2024-02-20 14:00:00,0.227,30.2,2.99,31.0,843.9,48.22,30.62,0.0,RUN,8172.62
2024-02-20 15:00:00,0.173,30.8,3.37,28.0,666.4,45.21,31.15,0.0,RUN,6420.48
2024-02-20 16:00:00,0.131,30.6,3.39,27.0,427.7,39.65,30.98,0.0,RUN,4034.61
2024-02-20 17:00:00,0.243,29.9,2.64,27.0,170.7,32.99,29.5,0.0,,1487.22
2024-02-20 18:00:00,0.283,29.2,2.73,30.0,13.6,28.24,28.52,0.0,RUN,50.99
2024-02-20 19:00:00,0.333,27.7,2.46,34.0,0.0,27.61,26.31,0.0,STANDBY,-5.73
2024-02-20 20:00:00,0.396,26.4,2.31,37.0,0.0,24.96,25.52,0.0,STANDBY,-6.72
2024-02-20 21:00:00,0.371,23.7,2.98,42.0,0.0,23.62,23.34,0.0,STANDBY,-9.71
2024-02-20 22:00:00,0.284,21.3,2.58,48.0,0.0,22.35,20.96,0.0,STANDBY,0.0
2024-02-20 23:00:00,0.212,19.4,3.31,49.0,0.0,20.16,20.0,0.0,STANDBY,0.0
2024-02-21 00:00:00,0.368,16.3,3.26,51.0,0.0,16.94,17.46,0.0,STANDBY,-7.31
2024-02-21 01:00:00,0.204,15.3,3.52,51.0,0.0,16.75,16.79,0.0,standby,-3.9
2024-02-21 02:00:00,0.36,14.6,3.13,56.0,0.0,16.49,16.53,0.0,STANDBY,0.0
2024-02-21 03:00:00,0.65,14.8,4.36,59.0,0.0,15.2,15.63,0.0, STANDBY ,0.0
2024-02-21 04:00:00,0.678,15.1,3.91,55.0,0.0,15.68,16.13,0.0, STANDBY ,-3.13
2024-02-21 05:00:00,0.583,16.3,4.08,56.0,0.0,17.16,16.0,0.0,STANDBY,-5.59
2024-02-21 06:00:00,0.573,17.2,3.68,55.0,1.1,18.0,18.13,0.0,STANDBY,-7.88
2024-02-21 07:00:00,0.569,19.2,3.28,52.0,134.0,23.04,19.6,0.0,RUN,1081.42
2024-02-21 08:00:00,0.485,21.1,3.53,48.0,361.4,30.13,21.02,0.0,RUN,3554.34
2024-02-21 09:00:00,0.517,23.0,3.6,45.0,615.2,38.5,23.65,0.0,RUN,5937.94
2024-02-21 10:00:00,0.58,24.3,3.82,48.0,732.5,40.26,25.07,0.0,RUN,7267.24
2024-02-21 11:00:00,0.55,25.8,3.92,43.0,828.6,45.76,26.99,0.0,RUN,8223.0
2024-02-21 12:00:00,0.611,27.1,4.64,39.0,877.5,45.88,27.79,0.0,RUN,8476.62
2024-02-21 13:00:00,0.557,27.7,4.73,37.0,812.9,44.88,28.45,0.0,RUN,8163.27
2024-02-21 14:00:00,0.368,28.9,5.29,31.0,787.6,46.14,28.97,0.0,RUN,7801.8
2024-02-21 15:00:00,0.211,29.5,5.46,27.0,665.1,43.71,30.4,0.0,RUN,6397.9
2024-02-21 16:00:00,0.315,28.9,5.65,26.0,415.9,38.77,29.72,0.0,,4065.96
2024-02-21 17:00:00,0.314,27.6,5.54,31.0,169.0,33.56,28.71,0.0,RUN,1515.45
2024-02-21 18:00:00,0.352,26.0,4.36,33.0,6.7,28.98,27.84,0.0,RUN,11.72
2024-02-21 19:00:00,0.378,24.8,3.87,36.0,0.0,27.04,26.19,0.0,STANDBY,-5.32
2024-02-21 20:00:00,0.387,23.0,3.73,38.0,0.0,23.6,25.22,0.0,STANDBY,0.0
2024-02-21 21:00:00,0.482,20.7,3.13,42.0,0.0,23.96,23.58,0.0,STANDBY,0.0
2024-02-21 22:00:00,0.421,18.9,3.57,42.0,0.0,19.79,21.76,0.0, STANDBY ,-1.96
2024-02-21 23:00:00,0.425,17.3,3.66,44.0,0.0,19.59,20.03,0.0,STANDBY,-4.36
2024-02-22 00:00:00,0.407,16.4,2.72,51.0,0.0,19.15,16.89,0.0,STANDBY,-6.81
2024-02-22 01:00:00,0.558,15.1,2.3,56.0,0.0,15.87,15.79,0.0,STANDBY,0.0
2024-02-22 02:00:00,0.481,13.9,2.56,56.0,0.0,15.78,15.37,0.0,STANDBY,-9.05
2024-02-22 03:00:00,0.572,14.3,2.67,55.0,0.0,15.23,15.09,0.0,STANDBY,0.0
2024-02-22 04:00:00,0.717,14.7,2.51,58.0,0.0,16.72,15.36,0.0,STANDBY,-5.01
2024-02-22 05:00:00,0.768,15.4,2.35,58.0,0.0,17.3,16.3,0.0,STANDBY,0.0
2024-02-22 06:00:00,0.633,17.0,2.49,56.0,2.3,17.03,17.37,0.0,STANDBY,0.0
2024-02-22 07:00:00,0.718,18.0,2.41,54.0,118.4,21.98,18.81,0.0,RUN,921.47
2024-02-22 08:00:00,0.688,20.3,3.25,49.0,328.2,31.38,20.48,0.0,RUN,3284.94
2024-02-22 09:00:00,0.706,22.6,3.39,45.0,563.8,35.82,22.91,0.0,run,5590.88
2024-02-22 10:00:00,0.651,24.8,3.52,40.0,723.1,40.36,24.24,0.0,RUN,7288.24
22-02-2024 11:00,0.748,25.9,3.88,36.0,749.1,43.15,25.82,0.0,RUN,7452.55
2024-02-22 12:00:00,0.83,26.8,4.47,37.0,666.9,42.21,26.6,0.0,RUN,6837.62
2024-02-22 13:00:00,0.644,28.0,5.46,31.0,795.0,45.22,27.6,0.0,RUN,7958.75
2024-02-22 14:00:00,0.625,29.1,6.24,33.0,735.0,46.24,29.16,0.0,RUN,7380.14
2024-02-22 15:00:00,0.576,29.1,5.12,34.0,576.1,42.15,28.53,0.0,RUN,5702.99
2024-02-22 16:00:00,0.624,29.2,4.37,37.0,366.8,36.53,28.23,0.0,run,3546.7
2024-02-22 17:00:00,0.582,28.6,4.38,32.0,156.0,32.83,28.76,0.0,RUN,1380.6
2024-02-22 18:00:00,0.656,27.2,5.05,35.0,4.3,26.39,26.45,0.0,RUN,79.31
2024-02-22 19:00:00,0.605,25.4,4.72,43.0,0.0,27.28,26.11,0.0,STANDBY,0.0
22-02-2024 20:00,0.646,23.8,3.63,49.0,0.0,23.42,23.04,0.0,STANDBY,0.0
2024-02-22 21:00:00,0.475,22.1,3.22,48.0,0.0,23.33,22.73,0.0,STANDBY,-5.27
2024-02-22 22:00:00,0.455,19.6,2.89,53.0,0.0,19.17,20.47,0.0,STANDBY,-11.48
2024-02-22 23:00:00,0.304,17.7,3.28,53.0,0.0,18.55,18.33,0.0,STANDBY,0.0
2024-02-23 00:00:00,0.112,18.5,3.83,49.0,0.0,19.68,18.69,0.0,STANDBY,-7.25
2024-02-23 01:00:00,0.109,17.5,4.18,51.0,0.0,18.4,17.71,0.0,STANDBY,-2.91
2024-02-23 02:00:00,0.191,16.9,3.65,54.0,0.0,16.36,17.45,0.0,STANDBY,0.0
2024-02-23 03:00:00,0.267,16.2,3.34,54.0,0.0,16.03,16.51,0.0,STANDBY,0.0
2024-02-23 04:00:00,0.205,16.2,4.05,50.0,0.0,16.95,16.66,0.0,STANDBY,-4.47
2024-02-23 05:00:00,0.247,17.7,3.82,47.0,0.0,18.2,17.25,0.0,STANDBY,0.0
2024-02-23 06:00:00,0.288,18.9,3.65,45.0,8.6,20.87,18.87,0.0,standby,58.43
2024-02-23 07:00:00,0.332,20.2,3.4,44.0,133.6,24.68,20.54,0.0,RUN,1191.05
2024-02-23 08:00:00,0.249,22.0,3.87,39.0,368.3,29.83,22.81,0.0,RUN,3796.39
2024-02-23 09:00:00,0.21,23.5,4.06,35.0,617.7,37.43,23.93,0.0,RUN,6279.97
2024-02-23 10:00:00,0.104,25.7,4.51,34.0,804.0,42.56,26.54,0.0,RUN,8161.06
2024-02-23 11:00:00,0.168,27.7,3.87,34.0,921.4,47.17,27.77,0.0,RUN,9222.55
2024-02-23 12:00:00,0.233,29.3,4.31,32.0,977.1,47.6,29.44,0.0,RUN,9577.89
2024-02-23 13:00:00,0.329,29.7,4.86,30.0,958.6,48.6,30.25,0.0,RUN,9305.33
2024-02-23 14:00:00,0.331,30.4,4.64,26.0,857.3,46.86,31.49,0.0,RUN,8205.54
23-02-2024 15:00,0.389,30.9,3.77,26.0,680.1,44.87,32.1,0.0,RUN,6364.54
2024-02-23 16:00:00,0.525,30.3,3.69,28.0,413.8,39.2,31.22,0.0,run,4081.12
2024-02-23 17:00:00,0.563,29.5,4.35,32.0,168.4,34.27,30.43,0.0,RUN,1477.67
2024-02-23 18:00:00,0.4,28.7,3.97,34.0,11.3,29.02,29.02,0.0,RUN,105.12
2024-02-23 19:00:00,0.697,27.3,3.66,39.0,0.0,26.62,27.17,0.0, STANDBY ,0.0
2024-02-23 20:00:00,0.363,25.7,3.67,35.0,0.0,26.71,25.46,0.0,STANDBY,-8.47
2024-02-23 21:00:00,0.185,23.8,2.76,35.0,0.0,24.1,23.73,0.0,,-2.82
2024-02-23 22:00:00,0.225,21.7,3.38,39.0,0.0,22.54,21.97,0.0,STANDBY,-4.23
2024-02-23 23:00:00,0.35,19.7,2.67,41.0,0.0,21.29,20.3,0.0,STANDBY,-4.06
2024-02-24 00:00:00,0.22,18.2,3.96,44.0,0.0,18.78,18.83,0.0,STANDBY,-4.01
2024-02-24 01:00:00,0.265,17.6,3.6,48.0,0.0,17.92,17.76,0.0,STANDBY,-1.98
2024-02-24 02:00:00,0.293,16.8,3.63,52.0,0.0,18.11,16.62,0.0,STANDBY,-4.02
2024-02-24 03:00:00,0.38,16.9,3.43,54.0,0.0,15.27,16.61,0.0,STANDBY,-4.81
2024-02-24 04:00:00,0.444,17.2,3.83,55.0,0.0,16.69,16.97,0.0,STANDBY,-5.61
2024-02-24 05:00:00,0.428,18.1,4.34,52.0,0.0,17.58,17.57,0.0,STANDBY,-5.89
2024-02-24 06:00:00,0.427,19.1,4.32,52.0,1.6,19.89,18.18,0.0, STANDBY ,-11.27
2024-02-24 07:00:00,0.252,21.1,3.93,43.0,131.6,22.94,19.99,0.0,RUN,1152.32
2024-02-24 08:00:00,0.392,22.4,3.87,44.0,385.9,29.44,22.59,0.0,RUN,3804.1
2024-02-24 09:00:00,0.353,24.4,3.76,44.0,609.9,36.51,23.93,0.0,RUN,6228.51
2024-02-24 10:00:00,0.232,26.2,3.77,37.0,815.3,42.75,25.91,0.0,run,8120.84
2024-02-24 11:00:00,0.246,27.7,4.94,35.0,963.8,46.49,28.23,0.0,RUN,9356.83
2024-02-24 12:00:00,0.212,29.2,4.72,32.0,1036.0,47.85,28.66,0.0,RUN,9718.52
2024-02-24 13:00:00,0.212,30.4,4.77,28.0,918.1,46.42,30.03,0.0,RUN,9354.75
2024-02-24 14:00:00,0.303,30.1,5.01,27.0,860.2,46.99,30.69,0.0,run,8248.68
2024-02-24 15:00:00,0.247,31.4,5.48,25.0,663.7,42.21,31.44,0.0,RUN,6490.08
2024-02-24 17:00:00,0.41,30.5,5.97,31.0,178.5,33.51,29.84,0.0,RUN,1469.6
2024-02-24 18:00:00,0.282,29.0,5.36,34.0,17.3,29.69,28.52,0.0,RUN,2.62
2024-02-24 19:00:00,0.273,26.9,5.52,37.0,0.0,27.35,27.09,0.0,STANDBY,-8.38
2024-02-24 20:00:00,0.317,24.8,4.9,37.0,0.0,26.09,26.38,0.0,STANDBY,-5.87
2024-02-24 21:00:00,0.47,23.3,4.98,46.0,0.0,25.49,23.94,0.0,standby,-5.0
2024-02-24 22:00:00,0.552,21.2,5.23,47.0,0.0,20.27,21.67,0.0,STANDBY,0.0
2024-02-24 23:00:00,0.353,19.4,4.89,47.0,0.0,20.32,19.89,0.0,STANDBY,-9.57
2024-02-25 00:00:00,0.354,17.7,3.5,45.0,0.0,17.77,19.14,0.0,STANDBY,-9.25
2024-02-25 01:00:00,0.189,16.4,3.91,45.0,0.0,18.69,17.59,0.0,STANDBY,0.0
2024-02-25 02:00:00,0.23,16.1,4.09,45.0,0.0,18.3,17.03,0.0,STANDBY,0.0
2024-02-25 03:00:00,0.151,16.6,4.31,49.0,0.0,18.33,17.24,0.0,STANDBY,0.0
2024-02-25 04:00:00,0.158,16.9,3.82,46.0,0.0,17.8,17.41,0.0,STANDBY,0.0
2024-02-25 05:00:00,0.375,17.9,3.26,47.0,0.0,16.8,18.16,0.0, STANDBY ,-7.64
2024-02-25 06:00:00,0.358,19.1,3.22,48.0,9.3,19.3,18.76,0.0,STANDBY,0.0
2024-02-25 07:00:00,0.429,21.4,3.26,42.0,141.2,24.97,20.94,0.0,RUN,1238.01
2024-02-25 08:00:00,0.612,23.3,3.67,39.0,391.5,30.48,22.66,0.0,RUN,3738.17
2024-02-25 09:00:00,0.584,24.9,3.81,34.0,618.7,36.88,24.5,0.0,RUN,6143.63
2024-02-25 10:00:00,0.421,27.1,3.34,31.0,845.6,43.89,26.85,0.0,run,8124.89
2024-02-25 11:00:00,0.501,28.8,3.68,29.0,923.4,46.41,27.96,0.0,RUN,9137.93
2024-02-25 12:00:00,0.445,30.3,4.04,26.0,1000.3,48.33,30.18,0.0,RUN,9698.88
2024-02-25 13:00:00,0.337,31.3,4.67,24.0,948.7,49.02,31.49,0.0,RUN,9324.88
2024-02-25 14:00:00,0.307,32.4,4.44,23.0,849.1,47.37,31.87,0.0,RUN,8279.76
2024-02-25 15:00:00,0.346,32.2,4.05,22.0,689.2,43.97,31.25,0.0,RUN,6477.95
2024-02-25 16:00:00,0.35,31.9,4.49,21.0,421.8,38.63,31.6,0.0,RUN,4109.96
2024-02-25 17:00:00,0.231,31.8,3.78,24.0,175.8,33.58,30.84,0.0,RUN,1492.52
2024-02-25 18:00:00,0.135,30.6,3.84,28.0,14.3,29.87,28.7,0.0,RUN,123.79
2024-02-25 19:00:00,0.216,28.7,4.99,31.0,0.0,27.48,28.31,0.0,STANDBY,-3.31
2024-02-25 20:00:00,0.372,27.0,4.29,35.0,0.0,25.47,25.46,0.0,standby,-9.84
2024-02-25 21:00:00,0.286,24.2,3.83,38.0,0.0,24.08,23.91,0.0,STANDBY,-7.13
2024-02-25 22:00:00,0.34,22.0,3.98,39.0,0.0,20.87,22.43,0.0,standby,-7.92
2024-02-25 23:00:00,0.295,20.1,3.9,42.0,0.0,21.13,20.78,0.0,standby,0.0
2024-02-26 01:00:00,0.194,19.7,3.52,56.0,0.0,18.71,19.34,0.0,STANDBY,0.0
2024-02-26 02:00:00,0.255,18.5,3.49,60.0,0.0,19.65,17.99,0.0,STANDBY,-8.31
2024-02-26 03:00:00,0.249,18.5,4.14,61.0,0.0,17.82,18.57,0.0,STANDBY,0.0
2024-02-26 04:00:00,0.26,19.1,3.57,60.0,0.0,19.01,18.45,0.0,STANDBY,-6.65
2024-02-26 05:00:00,0.12,19.9,3.96,55.0,0.0,19.86,18.77,0.0,STANDBY,-7.61
2024-02-26 06:00:00,0.11,21.2,3.6,53.0,3.2,20.87,20.8,0.0,RUN,5.75
2024-02-26 07:00:00,0.127,22.8,2.93,52.0,148.5,26.53,22.35,0.0,RUN,1257.07
2024-02-26 08:00:00,0.082,25.5,3.31,50.0,390.1,32.03,24.72,0.0,RUN,3867.57
2024-02-26 09:00:00,0.086,27.1,2.71,48.0,635.0,40.94,26.32,0.0,RUN,6295.84
2024-02-26 10:00:00,0.077,28.7,3.3,44.0,798.0,45.05,28.27,0.0,,8036.83
2024-02-26 11:00:00,0.165,30.6,3.41,38.0,927.8,49.35,30.08,0.0,RUN,9159.03
2024-02-26 12:00:00,0.402,32.1,3.09,38.0,954.3,50.19,30.91,0.0,RUN,9384.14
2024-02-26 13:00:00,0.327,33.1,3.34,38.0,922.2,50.74,32.16,0.0,RUN,9071.54
2024-02-26 14:00:00,0.186,34.1,3.09,30.0,841.9,50.2,32.71,0.0,RUN,8243.44
2024-02-26 15:00:00,0.314,33.3,2.69,33.0,652.8,45.88,32.73,0.0,RUN,6395.69
2024-02-26 16:00:00,0.354,32.8,3.25,31.0,418.5,39.8,33.06,0.0,RUN,4118.55
2024-02-26 17:00:00,0.484,31.9,3.41,38.0,176.1,34.38,31.63,0.0,RUN,1463.5
2024-02-26 18:00:00,0.284,31.4,3.26,35.0,15.4,32.24,31.22,0.0,RUN,18.04
2024-02-26 19:00:00,0.129,30.3,3.03,37.0,0.0,29.51,28.79,0.0,STANDBY,-6.44
2024-02-26 20:00:00,0.176,28.7,2.6,42.0,0.0,27.32,28.03,0.0,STANDBY,-4.93
2024-02-26 21:00:00,0.195,26.5,2.32,45.0,0.0,27.56,26.24,0.0,STANDBY,0.0
2024-02-26 22:00:00,0.295,24.5,2.6,52.0,0.0,23.88,24.16,0.0,STANDBY,0.0
2024-02-26 23:00:00,0.296,22.6,2.68,55.0,0.0,22.45,21.95,0.0,STANDBY,0.0
2024-02-27 00:00:00,0.219,19.9,1.81,50.0,0.0,19.52,20.48,0.0,STANDBY,0.0
2024-02-27 01:00:00,0.167,18.8,1.62,54.0,0.0,19.1,20.05,0.0,STANDBY,-10.44
2024-02-27 02:00:00,0.169,18.7,1.78,56.0,0.0,18.41,18.11,0.0,standby,0.0
27-02-2024 03:00,0.105,17.9,2.04,55.0,0.0,19.14,18.95,0.0,standby,0.0
2024-02-27 04:00:00,0.164,18.1,2.01,56.0,0.0,19.71,19.23,0.0,STANDBY,-6.85
2024-02-27 05:00:00,0.131,19.0,2.22,55.0,0.0,19.4,19.73,0.0,STANDBY,-9.11
2024-02-27 06:00:00,0.191,20.3,2.07,54.0,13.0,20.55,20.7,0.0,RUN,0.04
2024-02-27 07:00:00,0.272,22.3,1.89,49.0,135.3,25.65,22.46,0.0,RUN,1258.93
2024-02-27 08:00:00,0.265,24.0,2.51,46.0,404.0,33.5,24.6,0.0,RUN,3852.71
2024-02-27 09:00:00,0.339,25.7,2.36,46.0,630.6,41.37,26.72,0.0,RUN,6202.11
2024-02-27 10:00:00,0.191,27.4,2.75,41.0,824.6,45.97,28.38,0.0,RUN,8073.56
2024-02-27 11:00:00,0.122,29.1,2.96,33.0,955.0,50.05,29.72,0.0,run,9184.71
2024-02-27 12:00:00,0.126,30.6,2.96,33.0,1022.2,51.04,31.94,0.0,RUN,9545.25
2024-02-27 13:00:00,0.094,30.8,3.08,30.0,967.4,52.04,32.85,0.0,RUN,9278.41
2024-02-27 14:00:00,0.175,31.4,3.48,26.0,860.3,50.54,34.06,0.0,RUN,8146.5
2024-02-27 15:00:00,0.131,31.3,3.32,28.0,642.2,46.57,32.34,0.0,RUN,6464.44
2024-02-27 16:00:00,0.089,30.8,3.59,26.0,429.0,40.81,33.67,0.0,RUN,4103.53
2024-02-27 17:00:00,0.156,29.8,3.98,24.0,174.5,36.19,33.36,0.0,RUN,1487.43
2024-02-27 18:00:00,0.165,28.8,4.63,26.0,16.4,31.49,31.59,0.0,RUN,54.04
2024-02-27 19:00:00,0.188,27.3,4.19,29.0,0.0,29.41,29.92,0.0,STANDBY,-6.41
2024-02-27 20:00:00,0.272,25.8,4.07,34.0,0.0,28.4,27.89,0.0,STANDBY,0.0
27-02-2024 21:00,0.237,24.0,3.21,40.0,0.0,26.57,25.66,0.0,STANDBY,0.0
2024-02-27 21:00:00,0.237,24.0,3.21,40.0,0.0,26.57,25.66,0.0,STANDBY,0.0
2024-02-27 22:00:00,0.206,23.3,2.84,41.0,0.0,24.87,24.49,0.0,STANDBY,-6.53
2024-02-27 23:00:00,0.385,21.8,2.65,45.0,0.0,22.11,22.02,0.0, STANDBY ,-5.67
2024-02-28 00:00:00,0.077,23.5,4.81,37.0,0.0,24.59,23.28,0.0, STANDBY ,0.0
2024-02-28 01:00:00,0.069,22.4,4.19,39.0,0.0,23.01,21.91,0.0,STANDBY,-8.89
2024-02-28 02:00:00,0.083,22.0,4.61,44.0,0.0,21.5,21.7,0.0,STANDBY,-5.0
2024-02-28 03:00:00,0.035,21.7,4.18,42.0,0.0,21.38,21.68,0.0,STANDBY,0.0
2024-02-28 04:00:00,0.04,22.8,4.38,41.0,0.0,22.24,22.09,0.0,STANDBY,-11.34
2024-02-28 05:00:00,0.038,23.2,3.91,41.0,0.0,24.09,23.37,0.0,STANDBY,0.0
2024-02-28 06:00:00,0.055,23.9,4.53,39.0,7.6,23.05,24.26,0.0,RUN,39.58
2024-02-28 07:00:00,0.058,25.4,4.02,33.0,149.4,28.0,25.94,0.0,RUN,1176.66
2024-02-28 08:00:00,0.035,27.5,4.14,30.0,415.9,35.63,27.89,0.0,RUN,3836.36
2024-02-28 09:00:00,0.102,29.4,4.56,31.0,655.7,44.33,29.54,0.0,RUN,6254.48
2024-02-28 10:00:00,0.073,31.0,5.71,23.0,844.7,47.7,31.91,0.0,run,8064.4
2024-02-28 11:00:00,0.052,32.8,6.37,20.0,928.3,51.21,33.24,0.0,RUN,9254.59
2024-02-28 12:00:00,0.06,34.1,7.58,16.0,974.3,52.7,35.01,0.0,,9641.02
2024-02-28 13:00:00,0.072,35.5,8.83,16.0,985.9,53.83,35.98,0.0,RUN,9248.32
28-02-2024 14:00,0.133,36.6,7.72,19.0,842.2,51.41,36.31,0.0,RUN,8172.03
2024-02-28 15:00:00,0.064,36.4,7.11,16.0,682.7,47.41,36.75,0.0,RUN,6367.71
2024-02-28 16:00:00,0.031,36.2,6.31,17.0,428.5,45.16,36.83,0.0,RUN,4051.94
2024-02-28 17:00:00,0.117,35.3,6.63,20.0,9999.0,38.74,35.8,0.0,RUN,1485.1
2024-02-28 18:00:00,0.212,34.3,6.86,23.0,13.1,35.39,34.83,0.0,RUN,49.08
28-02-2024 19:00,0.242,33.3,6.24,24.0,0.0,32.58,32.59,0.0,STANDBY,0.0
2024-02-28 20:00:00,0.178,31.4,4.79,27.0,0.0,31.36,31.28,0.0,STANDBY,0.0
2024-02-28 21:00:00,0.117,29.1,4.49,27.0,0.0,28.58,29.48,0.0,STANDBY,0.0
2024-02-28 22:00:00,0.081,26.8,4.13,25.0,0.0,28.71,27.39,0.0,STANDBY,0.0
2024-02-28 23:00:00,0.035,25.0,3.74,29.0,0.0,26.08,25.24,0.0,STANDBY,-9.25
29-02-2024 00:00,0.182,24.2,4.17,37.0,0.0,23.67,22.84,0.0,STANDBY,0.0
2024-02-29 01:00:00,0.19,23.0,3.72,43.0,0.0,22.59,22.22,0.0, STANDBY ,0.0
2024-02-29 02:00:00,0.236,22.6,2.95,45.0,0.0,22.33,20.62,0.0,standby,-8.76
2024-02-29 03:00:00,0.252,22.5,3.53,44.0,0.0,21.54,21.45,0.0,STANDBY,0.0
2024-02-29 04:00:00,0.143,23.4,3.52,42.0,0.0,21.45,21.99,0.0,STANDBY,0.0
2024-02-29 05:00:00,0.208,24.0,3.66,42.0,0.0,22.65,22.5,0.0,STANDBY,-3.91
2024-02-29 06:00:00,0.2,25.6,3.53,44.0,8.6,24.82,23.1,0.0,RUN,37.6
2024-02-29 07:00:00,0.242,26.9,4.88,41.0,148.8,26.28,24.51,0.0,RUN,1277.58
2024-02-29 08:00:00,0.14,27.9,5.22,38.0,397.9,34.71,27.54,0.0,RUN,3849.98
2024-02-29 09:00:00,0.139,30.6,5.23,33.0,661.5,40.88,29.06,0.0,RUN,6353.5
2024-02-29 10:00:00,0.261,32.5,6.18,28.0,810.7,43.06,31.04,0.0,RUN,8090.14
2024-02-29 11:00:00,0.187,33.8,5.79,22.0,990.5,49.1,32.79,0.0,RUN,9268.6
2024-02-29 12:00:00,0.283,35.4,5.71,22.0,989.2,50.43,33.61,0.0,RUN,9653.65
2024-02-29 13:00:00,0.356,36.3,6.04,21.0,966.6,49.38,34.44,0.0,RUN,9182.12
2024-02-29 14:00:00,0.269,37.1,5.51,18.0,826.6,50.57,35.75,0.0,RUN,8235.09
2024-02-29 15:00:00,0.259,37.1,5.44,19.0,670.0,47.04,36.01,0.0,RUN,6458.9
2024-02-29 16:00:00,0.275,36.6,5.14,17.0,436.4,41.22,34.79,0.0,RUN,4068.46
2024-02-29 17:00:00,0.388,36.0,6.15,23.0,172.5,36.79,34.83,0.0,RUN,1487.47
2024-02-29 18:00:00,0.297,35.5,5.11,28.0,22.7,34.44,33.51,0.0,RUN,36.9
2024-02-29 19:00:00,0.19,34.2,4.57,26.0,0.0,31.72,32.21,0.0,STANDBY,-6.01
2024-02-29 20:00:00,0.268,31.9,4.73,27.0,0.0,31.83,31.2,0.0,STANDBY,0.0
2024-02-29 21:00:00,0.273,30.4,4.12,29.0,0.0,28.99,28.56,0.0, STANDBY ,0.0
2024-02-29 22:00:00,0.346,28.5,4.15,31.0,0.0,26.29,26.49,0.0,STANDBY,0.0
2024-02-29 23:00:00,0.474,27.2,4.8,35.0,0.0,23.35,24.7,0.0,STANDBY,-4.56
2024-03-01 00:00:00,0.193,22.8,4.18,36.0,0.0,23.09,22.98,0.0,STANDBY,0.0
2024-03-01 01:00:00,0.16,21.7,4.34,41.0,0.0,20.84,20.06,0.0,STANDBY,0.0
2024-03-01 02:00:00,0.08,21.2,4.42,41.0,0.0,20.15,20.07,0.0,STANDBY,-2.82
2024-03-01 03:00:00,0.119,20.6,4.62,40.0,0.0,20.4,20.21,0.0,STANDBY,-2.14
2024-03-01 04:00:00,0.23,20.9,4.12,44.0,0.0,19.96,20.55,0.0,STANDBY,0.0
2024-03-01 05:00:00,0.152,21.8,4.7,42.0,0.0,19.59,20.52,0.0,STANDBY,0.0
2024-03-01 06:00:00,0.112,22.9,5.3,42.0,8.5,21.15,22.57,0.0,RUN,16.68
01-03-2024 07:00,0.168,24.4,4.69,37.0,145.5,27.92,24.01,0.0,RUN,1357.83
2024-03-01 08:00:00,0.25,26.3,4.37,36.0,401.4,34.24,25.92,0.0, RUN ,4145.23
2024-03-01 09:00:00,0.245,28.7,3.99,29.0,647.6,41.43,27.72,0.0,RUN,6658.21
2024-03-01 10:00:00,0.24,29.9,4.13,32.0,837.7,47.09,29.63,0.0,RUN,8605.51
2024-03-01 11:00:00,0.221,31.4,4.54,28.0,959.6,50.67,31.33,0.0,RUN,9753.97
2024-03-01 12:00:00,0.171,33.2,5.15,26.0,1024.7,51.46,32.63,0.0,run,9972.4
2024-03-01 13:00:00,0.089,34.3,6.18,23.0,995.0,49.74,34.23,0.0,RUN,9839.87
2024-03-01 13:00:00,0.089,34.3,6.18,23.0,995.0,49.74,34.23,0.0,RUN,9964.17
2024-03-01 14:00:00,0.133,34.4,5.19,19.0,857.8,49.3,35.5,0.0,RUN,8710.85
2024-03-01 15:00:00,0.073,35.3,5.82,17.0,679.4,46.81,34.95,0.0,RUN,6855.61
2024-03-01 16:00:00,0.046,35.4,4.91,15.0,444.9,42.85,34.33,0.0,RUN,4355.51
2024-03-01 17:00:00,0.081,34.0,4.61,22.0,183.0,37.0,34.21,0.0,RUN,1578.15
2024-03-01 18:00:00,0.175,32.9,4.33,26.0,18.9,33.47,32.74,0.0,RUN,87.2
2024-03-01 19:00:00,0.09,31.6,4.2,26.0,-999.0,31.07,31.04,0.0,STANDBY,-7.67
2024-03-01 20:00:00,0.056,29.6,4.31,28.0,0.0,29.18,29.83,0.0,STANDBY,0.0
2024-03-01 21:00:00,0.103,27.6,3.78,31.0,0.0,27.57,27.31,0.0,STANDBY,0.0
2024-03-01 22:00:00,0.107,25.5,4.12,33.0,0.0,25.58,25.43,0.0,STANDBY,-10.15
2024-03-01 23:00:00,0.123,23.6,3.57,39.0,0.0,25.15,23.85,0.0,STANDBY,0.0
2024-03-02 00:00:00,0.066,22.5,2.05,50.0,0.0,19.04,20.82,0.0,STANDBY,-1.71
2024-03-02 01:00:00,0.075,21.9,2.24,50.0,0.0,19.91,20.47,0.0,STANDBY,0.0
2024-03-02 02:00:00,0.043,21.1,2.34,51.0,0.0,19.43,19.89,0.0,STANDBY,0.0
2024-03-02 03:00:00,0.051,20.1,2.48,55.0,0.0,20.37,20.61,0.0,STANDBY,0.0
2024-03-02 04:00:00,0.041,20.4,2.31,56.0,0.0,18.28,20.02,0.0,STANDBY,0.0
2024-03-02 05:00:00,0.034,20.9,2.53,56.0,0.0,20.19,21.39,0.0,standby,-2.17
2024-03-02 06:00:00,0.081,23.4,2.65,53.0,8.1,20.53,22.36,0.0,RUN,24.9
2024-03-02 07:00:00,0.041,24.9,2.63,48.0,155.0,28.31,23.74,0.0,RUN,1417.91
2024-03-02 08:00:00,0.09,27.1,1.77,46.0,403.0,35.39,25.52,0.0,RUN,4152.14
2024-03-02 09:00:00,0.127,28.7,1.96,43.0,653.1,43.68,27.63,0.0,RUN,6667.94
2024-03-02 10:00:00,0.053,31.0,2.0,39.0,824.3,48.94,29.09,0.0,RUN,8575.0
2024-03-02 11:00:00,0.095,31.7,2.49,41.0,960.0,52.76,30.62,0.0,run,9757.1
2024-03-02 12:00:00,0.108,32.7,2.38,36.0,986.2,53.95,31.89,0.0,RUN,10032.75
2024-03-02 13:00:00,0.053,34.1,2.76,34.0,973.5,54.73,33.2,0.0,RUN,9819.39
2024-03-02 14:00:00,0.074,34.5,3.16,36.0,825.8,52.74,34.56,0.0,RUN,8607.11
2024-03-02 15:00:00,0.189,35.0,2.87,34.0,-999.0,48.36,34.44,0.0,RUN,6758.09
2024-03-02 15:00:00,0.189,35.0,2.87,34.0,-999.0,48.36,34.44,0.0,RUN,6758.09
2024-03-02 16:00:00,0.204,35.0,3.15,37.0,439.5,43.44,33.84,0.0,RUN,4276.61
2024-03-02 17:00:00,0.303,34.0,3.17,37.0,176.1,35.99,32.08,0.0,RUN,1552.41
2024-03-02 18:00:00,0.286,33.6,2.57,40.0,12.3,33.06,31.19,0.0,RUN,41.06
2024-03-02 19:00:00,0.178,32.4,2.62,39.0,0.0,29.71,30.74,0.0,STANDBY,0.0
2024-03-02 20:00:00,0.096,30.1,2.18,36.0,0.0,28.18,-999.0,0.0,STANDBY,0.0
2024-03-02 21:00:00,0.11,28.3,2.08,37.0,0.0,28.3,27.1,0.0,STANDBY,0.0
2024-03-02 22:00:00,0.103,26.4,2.13,43.0,0.0,24.46,25.21,0.0,STANDBY,-1.89
2024-03-02 23:00:00,0.054,24.5,2.06,47.0,0.0,22.04,24.29,0.0,STANDBY,0.0
2024-03-03 00:00:00,0.044,22.6,4.7,49.0,0.0,22.94,22.1,0.0,STANDBY,-1.97
2024-03-03 01:00:00,0.059,21.4,4.87,50.0,0.0,20.17,20.32,0.0,STANDBY,-4.17
2024-03-03 02:00:00,0.062,20.2,4.64,51.0,0.0,20.67,19.59,0.0,STANDBY,0.0
2024-03-03 03:00:00,0.081,20.9,4.41,52.0,0.0,19.25,20.16,0.0, STANDBY ,-10.56
2024-03-03 04:00:00,0.03,21.3,3.86,49.0,0.0,20.36,19.7,0.0,STANDBY,-11.27
2024-03-03 05:00:00,0.025,22.1,4.49,48.0,0.0,20.37,20.96,0.0,STANDBY,-3.3
2024-03-03 06:00:00,0.072,23.2,4.21,46.0,11.9,21.65,22.47,0.0,RUN,54.81
2024-03-03 07:00:00,0.067,24.3,4.64,41.0,156.1,25.89,23.91,0.0,RUN,1442.45
2024-03-03 08:00:00,0.037,26.7,4.78,37.0,399.4,32.9,25.3,0.0,RUN,4194.57
2024-03-03 09:00:00,0.035,28.6,5.1,39.0,651.2,40.27,27.34,0.0,RUN,6710.58
2024-03-03 10:00:00,0.019,30.4,5.7,33.0,867.5,45.13,29.39,0.0,RUN,8742.11
2024-03-03 11:00:00,0.029,32.0,6.14,30.0,976.7,49.8,31.18,0.0,RUN,9848.16
2024-03-03 12:00:00,0.031,33.1,7.49,27.0,1015.1,51.49,33.15,0.0,RUN,10006.49
2024-03-03 13:00:00,0.049,33.9,6.45,24.0,956.0,51.75,33.5,0.0,RUN,9845.92
2024-03-03 14:00:00,0.032,34.7,6.01,26.0,864.1,50.67,34.57,0.0,RUN,8697.58
2024-03-03 15:00:00,0.064,34.7,7.43,31.0,686.2,46.55,34.68,0.0,RUN,6834.71
2024-03-03 16:00:00,0.036,34.7,8.43,30.0,429.4,43.88,34.36,0.0,RUN,4385.3
2024-03-03 17:00:00,0.054,33.7,7.36,33.0,176.8,37.61,33.29,0.0,RUN,1605.85
2024-03-03 18:00:00,0.035,32.9,6.26,32.0,12.2,31.97,32.39,0.0,RUN,49.32
2024-03-03 19:00:00,0.017,32.1,5.42,34.0,0.0,31.57,30.86,0.0,STANDBY,-6.87
2024-03-03 20:00:00,0.042,29.8,4.16,40.0,0.0,28.06,28.44,0.0,STANDBY,0.0
2024-03-03 21:00:00,0.035,27.8,3.6,41.0,0.0,26.25,26.99,0.0,,0.0
2024-03-03 22:00:00,0.045,26.2,3.67,44.0,0.0,24.84,24.45,0.0,STANDBY,0.0
03-03-2024 23:00,0.026,24.4,3.26,46.0,0.0,23.29,22.48,0.0,STANDBY,0.0
2024-03-04 00:00:00,0.128,24.5,2.23,47.0,0.0,22.26,22.71,0.0,STANDBY,-6.33
2024-03-04 01:00:00,0.094,23.0,2.08,48.0,0.0,21.78,21.48,0.0,STANDBY,-8.75
2024-03-04 02:00:00,0.094,22.1,2.23,44.0,0.0,20.44,20.79,0.0,STANDBY,-6.43
2024-03-04 03:00:00,0.149,22.1,2.3,46.0,0.0,21.26,21.38,0.0,STANDBY,0.0
04-03-2024 04:00,0.179,23.0,2.67,43.0,0.0,21.7,21.19,0.0,STANDBY,-5.76
2024-03-04 05:00:00,0.188,23.2,2.62,43.0,0.0,22.28,21.13,0.0,STANDBY,0.0
2024-03-04 06:00:00,0.108,24.6,2.59,40.0,5.3,22.2,23.55,0.0,RUN,39.99
2024-03-04 07:00:00,0.088,25.9,2.8,36.0,161.2,28.17,24.59,0.0,RUN,1480.93
2024-03-04 08:00:00,0.083,27.6,2.55,40.0,405.7,36.19,26.06,0.0,RUN,4225.47
2024-03-04 09:00:00,0.118,29.9,2.4,36.0,647.3,45.29,28.55,0.0,RUN,6674.33
04-03-2024 10:00,0.066,31.7,2.39,31.0,838.5,49.21,29.91,0.0,RUN,8551.97
2024-03-04 11:00:00,0.088,33.2,2.47,27.0,937.1,52.84,32.08,0.0,RUN,9754.24
2024-03-04 12:00:00,0.099,34.1,2.93,27.0,1058.1,52.94,33.12,0.0,run,9980.07
2024-03-04 13:00:00,0.071,35.1,3.3,24.0,1012.6,54.3,34.38,0.0,RUN,9718.2
2024-03-04 14:00:00,0.085,35.4,3.1,24.0,891.0,53.06,35.26,0.0,RUN,8556.67
2024-03-04 15:00:00,0.102,36.0,3.17,25.0,662.1,49.35,35.71,0.0,RUN,6811.02
2024-03-04 16:00:00,0.156,35.7,2.79,22.0,445.5,44.02,35.73,0.0,RUN,4388.67
2024-03-04 17:00:00,0.172,35.1,2.99,23.0,182.7,37.15,34.51,0.0,RUN,1624.23
2024-03-04 18:00:00,0.217,33.3,2.91,27.0,13.4,33.3,33.23,0.0,RUN,72.13
2024-03-04 19:00:00,0.368,32.0,2.95,33.0,0.0,31.13,32.03,0.0,STANDBY,-4.68
2024-03-04 20:00:00,0.259,31.1,2.79,34.0,0.0,30.69,29.95,0.0,STANDBY,-10.69
2024-03-04 22:00:00,0.144,27.0,2.64,39.0,0.0,24.24,26.13,0.0,STANDBY,0.0
2024-03-04 23:00:00,0.226,24.9,2.45,45.0,0.0,24.39,25.07,0.0,STANDBY,0.0
2024-03-05 00:00:00,0.116,23.2,2.3,46.0,0.0,22.64,22.51,0.0,STANDBY,0.0
2024-03-05 01:00:00,0.084,22.1,2.43,48.0,0.0,19.79,21.32,0.0,standby,-6.42
2024-03-05 02:00:00,0.043,21.9,2.03,48.0,0.0,21.06,20.23,0.0,standby,-11.21
2024-03-05 03:00:00,0.035,21.6,2.51,46.0,0.0,20.42,20.46,0.0,standby,0.0
2024-03-05 04:00:00,0.09,21.7,2.46,47.0,0.0,21.2,20.81,0.0,STANDBY,-8.45
2024-03-05 05:00:00,0.042,21.7,2.77,47.0,0.0,21.14,21.35,0.0,STANDBY,0.0
2024-03-05 06:00:00,0.082,23.2,3.27,47.0,8.0,22.86,22.45,0.0,RUN,56.7
2024-03-05 07:00:00,0.07,24.7,3.27,43.0,158.9,28.24,23.88,0.0,RUN,1490.3
2024-03-05 08:00:00,0.031,26.9,2.85,40.0,401.3,34.4,26.15,0.0,RUN,4193.37
2024-03-05 09:00:00,0.047,29.0,2.8,37.0,654.8,39.96,28.48,0.0,,6775.62
05-03-2024 10:00,0.067,30.8,2.55,35.0,835.4,45.38,29.79,0.0,RUN,8682.84
2024-03-05 11:00:00,0.061,33.1,2.81,33.0,938.8,49.33,31.38,0.0,RUN,9832.0
2024-03-05 12:00:00,0.044,35.3,2.93,30.0,1016.9,50.6,32.76,0.0,RUN,10040.51
2024-03-05 13:00:00,0.029,36.2,3.4,27.0,998.3,52.52,33.77,0.0,RUN,9827.97
2024-03-05 14:00:00,0.027,36.6,3.77,28.0,877.0,49.43,34.78,0.0,RUN,8704.51
2024-03-05 15:00:00,0.027,35.9,4.3,27.0,651.0,45.62,34.92,0.0,RUN,6909.99
2024-03-05 16:00:00,0.015,35.3,3.16,22.0,446.2,43.04,34.7,0.0,RUN,4341.51
2024-03-05 17:00:00,0.016,34.5,3.48,22.0,184.4,39.24,34.39,0.0,RUN,1601.68
2024-03-05 18:00:00,0.047,33.6,3.01,29.0,12.8,33.84,32.82,0.0,RUN,24.92
2024-03-05 19:00:00,0.107,32.4,3.58,36.0,0.0,30.72,31.07,0.0,STANDBY,-5.11
2024-03-05 20:00:00,0.095,31.0,3.62,38.0,0.0,30.65,29.18,0.0,STANDBY,0.0
2024-03-05 21:00:00,0.056,28.3,2.85,42.0,0.0,28.0,27.16,0.0,STANDBY,0.0
2024-03-05 22:00:00,0.028,26.9,2.56,43.0,0.0,25.44,25.82,0.0,STANDBY,-6.86
2024-03-05 23:00:00,0.052,24.9,2.4,48.0,0.0,23.74,23.53,0.0,STANDBY,-4.65
2024-03-06 00:00:00,0.025,22.7,4.07,51.0,0.0,21.66,21.96,0.0,STANDBY,0.0
2024-03-06 01:00:00,0.019,21.6,3.53,50.0,0.0,19.12,20.25,0.0,STANDBY,0.0
2024-03-06 02:00:00,0.018,21.5,3.48,54.0,0.0,19.81,20.13,0.0,STANDBY,-3.28
2024-03-06 03:00:00,0.011,21.1,3.95,52.0,0.0,19.43,19.87,0.0,STANDBY,-7.54
2024-03-06 04:00:00,0.004,21.8,4.06,50.0,0.0,20.43,20.35,0.0,STANDBY,-3.04
2024-03-06 05:00:00,0.005,22.0,4.06,49.0,0.0,21.15,21.35,0.0,STANDBY,-10.66
2024-03-06 06:00:00,0.008,22.7,5.37,45.0,7.7,23.19,20.77,0.0,RUN,-3.07
2024-03-06 07:00:00,0.005,24.7,5.01,46.0,163.1,26.17,23.95,0.0,RUN,1529.34
2024-03-06 08:00:00,0.006,26.3,4.76,42.0,416.8,33.04,25.78,0.0,RUN,4250.55
2024-03-06 09:00:00,0.006,28.7,4.44,37.0,660.0,40.74,27.51,0.0,RUN,6770.58
2024-03-06 10:00:00,0.016,30.3,4.66,35.0,836.2,45.59,29.08,0.0,RUN,8754.17
2024-03-06 11:00:00,0.012,32.4,4.89,34.0,974.9,47.93,30.81,0.0,,9861.89
2024-03-06 12:00:00,0.017,34.2,4.48,28.0,1003.6,50.48,32.53,0.0,RUN,10006.63
2024-03-06 13:00:00,0.006,34.6,4.87,26.0,973.3,50.32,33.92,0.0,RUN,-999.0
2024-03-06 14:00:00,0.009,34.8,5.18,26.0,844.5,50.47,34.22,0.0,run,8766.4
2024-03-06 15:00:00,0.015,35.2,4.63,28.0,696.8,47.57,34.41,0.0,RUN,6848.58
2024-03-06 16:00:00,0.009,34.8,5.22,25.0,438.9,41.48,33.12,0.0,RUN,4365.86
2024-03-06 17:00:00,0.016,34.1,5.93,25.0,177.9,37.47,33.59,0.0,run,1682.16
2024-03-06 18:00:00,0.01,32.4,6.59,30.0,15.5,31.08,32.83,0.0,run,105.96
2024-03-06 19:00:00,0.007,31.3,5.47,28.0,0.0,30.1,30.1,0.0,STANDBY,-10.94
2024-03-06 20:00:00,0.009,29.9,5.07,36.0,-999.0,27.85,28.82,0.0,STANDBY,-3.05
2024-03-06 21:00:00,0.023,28.3,4.9,41.0,0.0,26.76,26.58,0.0,STANDBY,-10.33
2024-03-06 22:00:00,0.017,26.1,5.29,44.0,0.0,24.35,24.7,0.0, STANDBY ,-9.14
2024-03-06 23:00:00,0.016,23.9,4.3,47.0,0.0,24.2,22.17,0.0,STANDBY,-9.68
2024-03-07 00:00:00,0.018,24.3,3.52,47.0,0.0,24.47,23.62,0.0,STANDBY,-9.05
2024-03-07 01:00:00,0.024,23.5,4.05,50.0,0.0,22.15,22.42,0.0,STANDBY,-9.02
07-03-2024 02:00,0.029,22.6,3.29,53.0,0.0,22.49,22.27,0.0,STANDBY,-11.48
2024-03-07 03:00:00,0.027,22.5,3.52,54.0,0.0,22.61,22.57,0.0,STANDBY,-1.61
2024-03-07 04:00:00,0.021,23.4,4.33,53.0,0.0,23.56,23.24,0.0,STANDBY,-3.17
2024-03-07 05:00:00,0.027,24.6,4.13,51.0,0.0,23.47,23.18,0.0,STANDBY,0.0
2024-03-07 06:00:00,0.014,25.8,4.05,47.0,10.4,24.96,24.59,0.0, RUN ,35.05
2024-03-07 07:00:00,0.009,27.1,4.65,50.0,158.2,29.33,26.16,0.0,RUN,1451.77
2024-03-07 08:00:00,0.01,28.5,3.82,45.0,412.9,36.82,28.33,0.0,RUN,4197.55
2024-03-07 09:00:00,0.014,30.7,3.38,40.0,669.9,43.35,29.95,0.0,run,6679.28
2024-03-07 10:00:00,0.016,32.3,2.87,37.0,844.7,49.69,31.8,0.0,RUN,8571.38
2024-03-07 11:00:00,0.014,34.0,2.88,32.0,961.8,51.66,33.44,0.0,RUN,9683.69
2024-03-07 12:00:00,0.018,35.3,3.14,32.0,986.8,55.01,35.73,0.0,RUN,9968.18
2024-03-07 13:00:00,0.008,35.9,3.29,27.0,978.7,54.59,36.43,0.0,RUN,9706.18
2024-03-07 14:00:00,0.008,36.9,3.07,26.0,866.4,55.12,37.18,0.0,RUN,8593.12
2024-03-07 15:00:00,0.008,37.1,4.07,27.0,673.2,50.88,37.64,0.0,RUN,6760.73
07-03-2024 16:00,0.008,36.3,4.57,27.0,-999.0,44.87,37.13,0.0,RUN,4294.25
2024-03-07 17:00:00,0.009,35.2,5.19,30.0,181.9,39.45,36.07,0.0,RUN,1588.76
2024-03-07 18:00:00,0.013,34.2,5.98,31.0,12.5,35.6,34.94,0.0, RUN ,42.86
2024-03-07 19:00:00,0.017,32.5,5.53,34.0,0.0,33.32,33.36,0.0,STANDBY,0.0
2024-03-07 20:00:00,0.008,30.8,4.53,35.0,0.0,31.27,31.29,0.0,STANDBY,-4.9
2024-03-07 21:00:00,0.007,29.5,4.9,36.0,0.0,28.6,29.54,0.0,STANDBY,0.0
2024-03-07 22:00:00,0.005,27.7,4.7,42.0,0.0,28.02,27.33,0.0,STANDBY,-9.08
2024-03-07 23:00:00,0.006,26.6,5.54,43.0,0.0,24.59,25.63,0.0,STANDBY,0.0
2024-03-08 00:00:00,0.004,25.7,3.37,39.0,0.0,25.58,25.69,0.0,standby,0.0
2024-03-08 01:00:00,0.007,24.8,2.78,39.0,0.0,25.32,24.27,0.0,STANDBY,0.0
2024-03-08 02:00:00,0.022,24.2,2.56,43.0,0.0,24.28,23.93,0.0,STANDBY,-9.2
2024-03-08 03:00:00,0.012,23.8,2.18,41.0,0.0,24.22,23.58,0.0,standby,-11.17
2024-03-08 04:00:00,0.007,24.0,2.16,42.0,0.0,24.91,24.04,0.0,STANDBY,-8.38
2024-03-08 05:00:00,0.022,24.4,2.01,40.0,0.0,23.73,24.85,0.0,standby,-3.79
2024-03-08 06:00:00,0.008,25.7,1.83,33.0,9.0,24.46,25.51,0.0,RUN,39.36
2024-03-08 07:00:00,0.005,27.5,2.07,35.0,164.7,30.59,27.54,0.0,RUN,1487.22
2024-03-08 08:00:00,0.011,28.7,1.85,31.0,412.5,39.0,29.07,0.0,RUN,4195.74
2024-03-08 09:00:00,0.019,30.0,1.65,32.0,651.8,46.0,30.98,0.0, RUN ,6605.58
2024-03-08 10:00:00,0.011,32.3,1.96,30.0,874.4,52.22,32.75,0.0,RUN,8487.44
2024-03-08 11:00:00,0.01,34.3,2.94,27.0,976.2,55.56,34.76,0.0,RUN,9608.3
2024-03-08 12:00:00,0.018,36.1,2.93,26.0,1015.4,56.81,37.02,0.0,RUN,9987.78
2024-03-08 13:00:00,0.01,36.5,3.33,23.0,975.6,57.45,38.22,0.0,RUN,9616.54
2024-03-08 14:00:00,0.006,37.8,3.5,21.0,818.4,54.3,38.07,0.0,run,8512.63
2024-03-08 15:00:00,0.009,37.6,3.1,23.0,652.2,51.7,38.51,0.0,RUN,6713.85
2024-03-08 16:00:00,0.025,37.1,3.14,22.0,436.9,46.65,38.16,0.0,RUN,4258.41
2024-03-08 17:00:00,0.023,36.3,2.74,24.0,177.2,42.24,37.45,0.0,RUN,1606.34
2024-03-08 18:00:00,0.017,35.3,2.7,26.0,16.4,35.24,36.51,0.0,RUN,123.79
2024-03-08 19:00:00,0.014,34.2,2.7,31.0,0.0,33.09,35.18,0.0,STANDBY,-1.55
2024-03-08 20:00:00,0.009,32.7,2.68,34.0,0.0,31.32,32.98,0.0,standby,-8.06
2024-03-08 21:00:00,0.01,31.2,2.66,36.0,0.0,29.52,30.69,0.0,standby,-5.16
2024-03-08 22:00:00,0.013,29.3,2.75,39.0,0.0,28.91,28.07,0.0,STANDBY,-7.34
2024-03-08 23:00:00,0.021,28.0,3.13,46.0,0.0,25.35,27.05,0.0,STANDBY,-10.92
2024-03-09 00:00:00,0.015,23.8,4.33,43.0,0.0,25.57,23.53,0.0,STANDBY,-8.87
2024-03-09 01:00:00,0.012,23.0,3.72,48.0,0.0,22.38,21.64,0.0,STANDBY,-8.25
2024-03-09 02:00:00,0.013,22.0,3.68,47.0,0.0,20.82,21.35,0.0,STANDBY,-3.72
2024-03-09 03:00:00,0.007,21.4,3.23,45.0,0.0,21.63,20.3,0.0,STANDBY,-7.65
2024-03-09 04:00:00,0.009,21.5,3.03,44.0,0.0,22.23,21.56,0.0,STANDBY,-2.04
2024-03-09 05:00:00,0.007,21.9,3.19,39.0,0.0,23.77,21.69,0.0,STANDBY,-3.01
09-03-2024 06:00,0.005,23.5,3.54,33.0,9.9,23.62,23.44,0.0,RUN,25.72
2024-03-09 07:00:00,0.002,24.5,3.74,34.0,166.7,29.33,25.3,0.0,RUN,1523.3
2024-03-09 08:00:00,0.003,25.7,3.44,30.0,419.1,37.29,27.15,0.0,RUN,4214.86
2024-03-09 09:00:00,0.006,28.1,3.71,29.0,662.3,41.99,28.85,0.0,RUN,6819.21
2024-03-09 10:00:00,0.011,29.8,3.24,26.0,846.4,48.18,30.93,0.0,RUN,8644.72
2024-03-09 11:00:00,0.025,31.1,3.48,24.0,960.0,51.67,32.34,0.0,RUN,9744.86
2024-03-09 12:00:00,0.026,32.9,4.03,22.0,1022.7,52.64,34.08,0.0,RUN,9986.37
2024-03-09 13:00:00,0.012,34.3,4.52,22.0,963.0,53.97,34.93,0.0,RUN,9798.29
2024-03-09 14:00:00,0.024,35.0,4.4,22.0,842.6,50.57,36.08,0.0,RUN,8636.78
2024-03-09 15:00:00,0.011,34.7,5.01,21.0,681.6,48.8,36.55,0.0,RUN,6761.36
2024-03-09 16:00:00,0.013,34.7,4.85,16.0,424.0,45.83,35.31,0.0,RUN,4292.52
2024-03-09 17:00:00,0.008,33.8,4.21,20.0,172.7,39.76,34.56,0.0,RUN,1659.4
2024-03-09 18:00:00,0.008,32.4,4.43,21.0,17.3,33.13,33.17,0.0,RUN,79.45
2024-03-09 19:00:00,0.008,30.9,4.69,24.0,0.0,31.37,32.18,0.0,STANDBY,-4.9
2024-03-09 20:00:00,0.004,28.8,4.5,26.0,0.0,31.47,30.19,0.0,STANDBY,0.0
2024-03-09 21:00:00,0.003,27.2,4.11,30.0,0.0,29.8,28.03,0.0,STANDBY,0.0
2024-03-09 22:00:00,0.014,25.6,3.61,34.0,0.0,26.68,26.5,0.0,STANDBY,0.0
2024-03-09 23:00:00,0.025,23.7,3.6,39.0,0.0,24.79,24.62,0.0,STANDBY,0.0
2024-03-10 00:00:00,0.094,20.4,3.77,42.0,0.0,21.12,20.05,0.0,STANDBY,-2.7
2024-03-10 01:00:00,0.11,18.8,3.45,47.0,0.0,18.86,19.01,0.0,STANDBY,0.0
2024-03-10 02:00:00,0.128,18.0,3.33,44.0,0.0,18.97,17.49,0.0,standby,-2.0
2024-03-10 03:00:00,0.056,18.3,3.68,39.0,0.0,16.75,17.34,0.0,STANDBY,-7.94
2024-03-10 04:00:00,0.029,18.8,3.48,40.0,0.0,18.67,16.91,0.0,STANDBY,0.0
2024-03-10 05:00:00,0.041,19.6,3.52,38.0,0.0,19.98,19.69,0.0,STANDBY,-10.02
2024-03-10 06:00:00,0.056,20.4,3.14,36.0,10.5,20.09,20.46,0.0,RUN,59.01
2024-03-10 07:00:00,0.062,22.0,2.49,35.0,172.1,25.74,22.14,0.0,RUN,1561.42
2024-03-10 08:00:00,0.117,24.0,2.75,31.0,438.3,31.38,24.02,0.0,RUN,4329.19
2024-03-10 09:00:00,0.133,26.2,2.56,30.0,650.4,38.47,25.76,0.0,RUN,6966.69
2024-03-10 10:00:00,0.154,28.3,3.23,25.0,859.9,44.53,26.35,0.0,RUN,8787.76
2024-03-10 11:00:00,0.18,29.7,3.78,24.0,985.6,46.74,29.11,0.0,RUN,9897.56
2024-03-10 12:00:00,0.092,31.7,5.0,22.0,966.7,48.86,30.62,0.0,RUN,10002.8
2024-03-10 13:00:00,0.084,32.1,5.04,20.0,998.6,50.11,31.1,0.0,RUN,9881.34
2024-03-10 14:00:00,0.047,33.7,5.34,20.0,874.0,47.82,33.42,0.0,run,8747.84
2024-03-10 15:00:00,0.055,33.7,5.64,17.0,660.1,44.14,32.24,0.0,RUN,6876.51
10-03-2024 16:00,0.086,33.9,4.92,20.0,430.4,41.36,32.79,0.0,RUN,4367.03
2024-03-10 17:00:00,0.102,32.6,4.51,24.0,182.4,34.62,31.41,0.0,RUN,1607.16
2024-03-10 18:00:00,0.11,31.0,5.18,23.0,17.1,30.1,30.08,0.0,RUN,10.34
2024-03-10 19:00:00,0.092,29.3,4.96,26.0,0.0,28.97,28.95,0.0,STANDBY,-9.18
2024-03-10 20:00:00,0.06,27.3,3.65,28.0,0.0,26.43,26.96,0.0,STANDBY,-8.01
2024-03-10 21:00:00,0.087,25.4,3.86,34.0,0.0,25.86,25.17,0.0,STANDBY,-3.92
2024-03-10 22:00:00,0.085,22.7,3.6,38.0,0.0,24.15,23.19,0.0,STANDBY,-999.0
2024-03-10 23:00:00,0.069,20.9,3.34,40.0,0.0,21.59,22.38,0.0,STANDBY,-11.32
2024-03-11 00:00:00,0.108,18.1,3.29,51.0,0.0,19.5,18.34,0.0,STANDBY,-3.48
2024-03-11 01:00:00,0.111,16.8,3.14,52.0,0.0,18.21,17.32,0.0,STANDBY,0.0
2024-03-11 02:00:00,0.114,16.1,2.65,53.0,0.0,16.97,17.55,0.0,STANDBY,-8.54
2024-03-11 03:00:00,0.123,16.0,3.0,54.0,0.0,17.11,17.01,0.0,standby,-4.94
2024-03-11 04:00:00,0.13,16.1,2.53,57.0,0.0,15.64,17.69,0.0,STANDBY,0.0
2024-03-11 05:00:00,0.181,17.3,2.35,52.0,0.0,18.68,18.18,0.0,STANDBY,-4.01
2024-03-11 06:00:00,0.137,18.9,2.77,54.0,11.5,19.94,19.23,0.0,RUN,101.58
2024-03-11 07:00:00,0.217,21.4,2.26,53.0,165.8,25.6,20.01,0.0,RUN,1580.76
2024-03-11 08:00:00,0.151,23.5,2.57,45.0,415.2,31.4,22.37,0.0,RUN,4399.6
2024-03-11 09:00:00,0.066,25.4,2.63,45.0,660.9,37.41,24.57,0.0,run,6921.6
11-03-2024 10:00,0.1,27.2,2.77,44.0,835.5,42.87,26.65,0.0,RUN,8828.06
2024-03-11 11:00:00,0.118,29.1,3.12,40.0,969.9,45.21,28.26,0.0,RUN,9979.56
2024-03-11 12:00:00,0.087,29.9,3.84,37.0,1001.0,47.99,29.64,0.0,RUN,9977.45
2024-03-11 13:00:00,0.069,31.0,3.82,32.0,984.6,47.48,29.94,0.0,RUN,9879.53
2024-03-11 14:00:00,0.037,31.4,3.86,31.0,860.4,46.29,31.2,0.0,RUN,8731.38
2024-03-11 15:00:00,0.032,32.0,3.63,33.0,661.7,45.53,32.02,0.0,RUN,6782.25
2024-03-11 16:00:00,0.033,31.5,3.82,36.0,442.9,39.6,31.54,0.0,RUN,4409.26
2024-03-11 17:00:00,0.033,30.6,4.09,35.0,182.3,34.87,30.63,0.0,RUN,1660.89
2024-03-11 18:00:00,0.029,30.4,3.52,34.0,11.7,30.6,28.98,0.0,RUN,91.91
2024-03-11 19:00:00,0.039,29.1,3.01,39.0,0.0,28.94,27.54,0.0,STANDBY,-7.5
2024-03-11 20:00:00,0.078,26.9,2.8,42.0,0.0,25.01,25.99,0.0,STANDBY,-10.75
2024-03-11 21:00:00,0.054,25.1,3.1,42.0,0.0,22.55,24.13,0.0,STANDBY,0.0
2024-03-11 22:00:00,0.062,22.7,3.29,42.0,0.0,21.02,22.42,0.0,STANDBY,-8.31
2024-03-11 23:00:00,0.07,20.9,3.25,47.0,0.0,21.61,20.28,0.0,standby,0.0
2024-03-12 00:00:00,0.055,21.2,2.96,42.0,0.0,22.76,20.19,0.0,PARTIAL,-9.3
2024-03-12 01:00:00,0.053,19.9,2.28,41.0,0.0,19.36,19.43,0.0,PARTIAL,-1.8
2024-03-12 02:00:00,0.085,19.6,2.51,44.0,0.0,18.05,18.43,0.0,PARTIAL,-10.93
2024-03-12 03:00:00,0.064,19.4,2.3,41.0,0.0,18.31,18.29,0.0,partial,-3.65
2024-03-12 04:00:00,0.058,19.3,2.39,43.0,0.0,19.65,18.89,0.0,PARTIAL,-2.28
2024-03-12 05:00:00,0.06,20.2,2.16,41.0,0.0,18.69,19.35,0.0,PARTIAL,0.0
2024-03-12 06:00:00,0.132,21.1,2.09,43.0,6.9,21.54,20.41,0.0,PARTIAL,71.11
2024-03-12 07:00:00,0.199,23.6,2.67,40.0,169.1,24.89,22.02,0.0,partial,1252.12
2024-03-12 08:00:00,0.164,25.4,2.15,33.0,429.1,34.55,24.18,0.0,PARTIAL,3450.78
12-03-2024 09:00,0.115,27.5,3.11,29.0,672.0,41.29,25.2,0.0, PARTIAL ,5434.49
2024-03-12 10:00:00,0.127,27.8,3.25,33.0,867.6,47.34,27.51,0.0,PARTIAL,6955.49
2024-03-12 11:00:00,0.161,29.9,3.77,28.0,986.0,51.04,29.55,0.0,PARTIAL,7883.23
2024-03-12 12:00:00,0.161,31.7,4.06,28.0,1000.2,52.65,30.83,0.0,PARTIAL,7974.4
2024-03-12 13:00:00,0.147,33.1,3.13,28.0,987.3,52.61,31.99,0.0,PARTIAL,7777.92
2024-03-12 14:00:00,0.102,34.0,3.25,26.0,849.7,51.23,32.94,0.0,PARTIAL,6906.79
12-03-2024 15:00,0.15,33.5,3.72,30.0,655.0,46.14,32.39,0.0,PARTIAL,5373.68
2024-03-12 16:00:00,0.142,33.3,3.82,29.0,431.9,39.81,32.4,0.0,PARTIAL,3454.38
2024-03-12 17:00:00,0.191,31.9,3.56,30.0,177.0,36.0,31.09,0.0,PARTIAL,1364.33
2024-03-12 18:00:00,0.09,31.3,2.93,29.0,10.1,31.92,30.56,0.0,PARTIAL,76.32
2024-03-12 19:00:00,0.072,29.6,2.72,30.0,0.0,28.54,28.96,0.0,PARTIAL,-7.75
2024-03-12 20:00:00,0.084,27.7,2.72,31.0,0.0,27.69,26.94,0.0,PARTIAL,-4.56
2024-03-12 21:00:00,0.047,25.8,2.46,34.0,0.0,26.68,26.23,0.0,PARTIAL,-4.38
2024-03-12 22:00:00,0.052,23.9,2.5,38.0,0.0,23.01,23.66,0.0,PARTIAL,-7.02
2024-03-12 23:00:00,0.083,22.1,2.22,40.0,0.0,22.73,22.21,0.0,PARTIAL,0.0
2024-03-13 00:00:00,0.151,23.2,2.28,36.0,0.0,23.63,22.0,0.0,STANDBY,-2.53
2024-03-13 01:00:00,0.12,22.0,2.17,39.0,0.0,20.44,20.91,0.0,,0.0
2024-03-13 02:00:00,0.072,21.2,2.28,40.0,0.0,20.29,20.39,0.0,STANDBY,-10.17
2024-03-13 03:00:00,0.122,20.7,2.26,37.0,0.0,20.5,20.46,0.0,STANDBY,0.0
2024-03-13 04:00:00,0.104,21.3,1.96,42.0,0.0,21.0,21.2,0.0,STANDBY,-10.42
2024-03-13 05:00:00,0.102,21.8,2.04,39.0,0.0,22.0,21.53,0.0,STANDBY,-10.67
2024-03-13 06:00:00,0.152,22.6,2.23,40.0,11.3,21.82,22.28,0.0,RUN,124.36
2024-03-13 07:00:00,0.228,24.3,2.09,41.0,171.6,29.35,24.18,0.0,RUN,1571.48
2024-03-13 08:00:00,0.204,25.6,2.21,36.0,414.8,34.84,26.07,0.0,RUN,4330.39
2024-03-13 09:00:00,0.215,27.7,2.44,34.0,683.7,43.52,27.76,0.0,RUN,6762.26
2024-03-13 10:00:00,0.135,29.3,2.12,25.0,838.9,50.97,29.71,0.0,run,8532.68
2024-03-13 11:00:00,0.129,30.9,2.37,23.0,939.1,54.66,31.66,0.0,RUN,9687.93
2024-03-13 12:00:00,0.117,33.2,2.7,21.0,964.9,54.95,33.11,0.0,RUN,10000.82
2024-03-13 13:00:00,0.104,34.4,2.76,20.0,958.2,55.31,33.68,0.0,RUN,9711.9
2024-03-13 14:00:00,0.133,35.1,3.29,17.0,867.6,52.6,34.28,0.0,RUN,8529.0
2024-03-13 15:00:00,0.185,34.1,3.6,13.0,9999.0,49.58,34.49,0.0,RUN,6693.44
2024-03-13 16:00:00,0.219,34.3,3.31,17.0,438.8,43.06,34.98,0.0,RUN,4279.43
2024-03-13 17:00:00,0.148,34.0,3.03,19.0,176.6,39.27,34.26,0.0,RUN,1568.44
2024-03-13 18:00:00,0.253,32.5,2.92,22.0,18.5,30.77,32.43,0.0,,16.83
2024-03-13 19:00:00,0.16,31.4,2.36,22.0,0.0,30.89,31.87,0.0, STANDBY ,0.0
2024-03-13 20:00:00,0.1,30.0,2.61,27.0,0.0,29.31,29.59,0.0,STANDBY,-4.9
2024-03-13 21:00:00,0.044,28.0,3.14,30.0,0.0,27.92,27.63,0.0,STANDBY,0.0
13-03-2024 22:00,0.018,26.5,2.96,31.0,0.0,24.6,25.62,0.0,STANDBY,-10.93
2024-03-13 23:00:00,0.036,24.4,3.05,35.0,0.0,23.36,23.5,0.0,STANDBY,-6.22
2024-03-14 00:00:00,0.041,22.8,3.98,37.0,0.0,23.42,24.93,0.0,STANDBY,-1.69
2024-03-14 01:00:00,0.032,21.4,3.51,35.0,0.0,23.04,23.21,0.0,STANDBY,0.0
2024-03-14 02:00:00,0.047,20.9,3.23,38.0,0.0,20.6,22.12,0.0,STANDBY,-3.3
2024-03-14 03:00:00,0.132,20.7,3.4,42.0,0.0,23.43,22.38,0.0,STANDBY,-10.93
2024-03-14 04:00:00,0.112,21.6,3.58,39.0,0.0,21.75,22.04,0.0, STANDBY ,-11.02
2024-03-14 05:00:00,0.086,21.7,3.33,41.0,0.0,23.9,23.48,0.0,STANDBY,0.0
2024-03-14 06:00:00,0.043,22.9,3.59,36.0,16.3,25.08,24.82,0.0,RUN,90.72
2024-03-14 07:00:00,0.027,24.3,3.33,30.0,183.6,30.14,26.15,0.0,RUN,1611.07
2024-03-14 08:00:00,0.022,26.4,3.08,26.0,417.5,37.58,27.6,0.0,run,4273.39
2024-03-14 09:00:00,0.024,28.6,2.8,25.0,685.6,44.62,29.25,0.0,RUN,6727.76
2024-03-14 10:00:00,0.021,30.5,2.58,19.0,846.8,50.92,31.15,0.0,RUN,8530.83
2024-03-14 11:00:00,0.015,32.6,2.21,19.0,1005.2,55.12,33.24,0.0,RUN,9638.79
2024-03-14 12:00:00,0.007,34.2,2.54,13.0,1040.3,-999.0,36.03,0.0,RUN,9990.96
2024-03-14 13:00:00,0.023,35.0,2.47,15.0,942.7,56.63,36.17,0.0,run,9551.47
2024-03-14 14:00:00,0.062,35.7,3.18,16.0,851.3,55.34,36.44,0.0,RUN,8452.62
2024-03-14 15:00:00,0.084,36.1,3.0,18.0,669.1,49.47,36.8,0.0,RUN,6630.17
2024-03-14 16:00:00,0.053,36.3,3.14,16.0,438.7,46.41,36.47,0.0,RUN,4255.08
2024-03-14 17:00:00,0.022,35.5,3.68,17.0,177.9,39.76,36.1,0.0,RUN,1587.69
2024-03-14 18:00:00,0.039,33.6,4.11,17.0,11.5,36.15,34.64,0.0,,49.11
2024-03-14 19:00:00,0.065,32.0,3.85,20.0,0.0,31.72,32.92,0.0,STANDBY,-2.86
2024-03-14 20:00:00,0.037,30.0,3.19,22.0,0.0,32.61,31.08,0.0,STANDBY,0.0
2024-03-14 21:00:00,0.046,27.8,2.98,27.0,0.0,28.9,28.92,0.0,STANDBY,0.0
2024-03-14 22:00:00,0.064,25.8,2.5,32.0,0.0,27.48,27.77,0.0,standby,-6.8
2024-03-14 23:00:00,0.04,24.3,3.03,32.0,0.0,25.81,25.82,0.0,STANDBY,0.0
2024-03-15 00:00:00,0.269,22.6,2.17,40.0,0.0,23.55,23.0,0.0,STANDBY,0.0
2024-03-15 01:00:00,0.257,21.1,2.1,41.0,0.0,22.52,21.65,0.0,STANDBY,-6.02
2024-03-15 02:00:00,0.143,20.9,2.74,42.0,0.0,20.93,21.36,0.0,STANDBY,0.0
2024-03-15 03:00:00,0.311,20.8,2.81,44.0,0.0,19.98,20.72,0.0,STANDBY,-6.16
2024-03-15 04:00:00,0.445,21.4,2.82,43.0,0.0,21.16,21.16,0.0,STANDBY,0.0
2024-03-15 05:00:00,0.334,22.4,2.16,44.0,0.0,21.04,22.36,0.0,STANDBY,0.0
2024-03-15 06:00:00,0.26,23.2,2.45,44.0,13.4,24.2,23.38,0.0,RUN,52.78
2024-03-15 07:00:00,0.336,24.8,2.15,44.0,175.1,29.65,25.38,0.0,RUN,1610.53
2024-03-15 08:00:00,0.357,26.3,2.17,43.0,432.2,37.74,26.6,0.0,RUN,4320.57
2024-03-15 09:00:00,0.242,28.0,1.99,35.0,665.1,45.63,28.67,0.0,RUN,6785.98
2024-03-15 10:00:00,0.193,30.3,2.16,34.0,876.7,49.48,30.2,0.0,RUN,8595.08
2024-03-15 11:00:00,0.174,32.4,1.64,30.0,963.9,54.86,32.58,0.0,RUN,9627.84
2024-03-15 12:00:00,0.284,33.5,1.94,26.0,1014.8,55.62,33.29,0.0,run,9992.42
2024-03-15 13:00:00,0.219,34.7,2.43,22.0,963.6,55.14,34.75,0.0, RUN ,9589.58
2024-03-15 14:00:00,0.275,35.0,2.64,17.0,848.4,55.5,35.6,0.0,RUN,8499.68
2024-03-15 15:00:00,0.354,34.8,2.6,16.0,649.0,50.96,35.85,0.0,RUN,6580.24
2024-03-15 16:00:00,0.336,34.6,2.76,15.0,428.3,43.94,35.46,0.0,RUN,4193.79
2024-03-15 17:00:00,0.279,33.8,3.1,15.0,181.7,38.07,34.86,0.0,RUN,1563.43
2024-03-15 18:00:00,0.311,33.0,2.23,19.0,13.8,33.1,32.75,0.0, RUN ,16.69
2024-03-15 19:00:00,0.255,30.9,2.5,24.0,0.0,31.96,31.89,0.0,STANDBY,0.0
2024-03-15 20:00:00,0.498,29.7,2.15,28.0,0.0,30.27,29.54,0.0,STANDBY,-999.0
2024-03-15 21:00:00,0.46,27.6,2.06,33.0,0.0,29.04,28.05,0.0,STANDBY,0.0
2024-03-15 22:00:00,0.217,25.6,2.26,34.0,0.0,27.15,26.86,0.0,STANDBY,0.0
2024-03-15 23:00:00,0.142,24.1,2.26,36.0,0.0,25.04,24.69,0.0,STANDBY,-2.11
2024-03-16 00:00:00,0.065,23.1,2.88,37.0,0.0,23.79,23.33,0.0,STANDBY,0.0
2024-03-16 01:00:00,0.087,22.5,2.52,39.0,0.0,21.56,21.93,0.0,STANDBY,0.0
2024-03-16 02:00:00,0.115,21.8,2.38,43.0,0.0,22.04,22.08,0.0,STANDBY,0.0
2024-03-16 03:00:00,0.123,21.2,2.74,40.0,0.0,21.57,21.52,0.0,STANDBY,0.0
16-03-2024 04:00,0.196,22.2,2.89,40.0,0.0,22.46,22.06,0.0,standby,0.0
2024-03-16 05:00:00,0.196,22.7,3.02,38.0,0.0,22.53,23.6,0.0,STANDBY,0.0
2024-03-16 06:00:00,0.11,24.2,2.93,37.0,21.3,24.54,23.91,0.0,RUN,74.92
2024-03-16 07:00:00,0.088,25.6,2.81,38.0,182.6,31.2,25.47,0.0,RUN,1609.39
2024-03-16 08:00:00,0.072,26.7,2.57,34.0,427.2,38.37,27.53,0.0,RUN,4314.51
2024-03-16 09:00:00,0.068,28.9,2.93,31.0,666.3,45.71,28.97,0.0,RUN,6721.26
2024-03-16 10:00:00,0.107,31.1,3.8,25.0,833.3,51.0,31.27,0.0,RUN,8572.55
2024-03-16 11:00:00,0.07,33.5,3.85,21.0,999.5,55.06,33.52,0.0,RUN,9710.91
2024-03-16 12:00:00,0.115,35.1,4.81,20.0,987.3,56.44,34.59,0.0,RUN,9940.72
2024-03-16 13:00:00,0.131,35.9,4.15,18.0,961.8,56.06,36.1,0.0,RUN,9622.91
2024-03-16 14:00:00,0.066,36.4,3.85,17.0,885.8,54.95,36.02,0.0,RUN,8461.69
2024-03-16 15:00:00,0.084,36.8,4.51,19.0,665.8,51.01,36.88,0.0,RUN,6562.7
2024-03-16 16:00:00,0.064,36.1,4.15,19.0,432.2,46.25,36.47,0.0,RUN,4224.91
2024-03-16 17:00:00,0.08,35.5,4.45,21.0,179.5,39.86,35.01,0.0,RUN,1643.13
2024-03-16 18:00:00,0.085,33.9,4.35,20.0,17.0,34.48,33.77,0.0,RUN,41.81
2024-03-16 19:00:00,0.045,32.9,4.92,23.0,0.0,33.36,32.02,0.0,STANDBY,0.0
2024-03-16 20:00:00,0.06,30.3,3.95,28.0,0.0,29.52,30.64,0.0,STANDBY,0.0
2024-03-16 21:00:00,0.128,29.2,3.63,33.0,0.0,29.01,28.67,0.0,STANDBY,0.0
2024-03-16 22:00:00,0.096,26.9,2.89,35.0,0.0,26.62,27.45,0.0,STANDBY,-2.21
2024-03-16 23:00:00,0.092,25.2,2.67,42.0,0.0,23.82,24.89,0.0,standby,0.0
17-03-2024 00:00,0.093,26.3,2.28,43.0,0.0,24.53,24.77,0.0,,-7.88
2024-03-17 01:00:00,0.039,24.9,2.49,43.0,0.0,23.92,23.27,0.0,STANDBY,0.0
2024-03-17 02:00:00,0.036,24.3,2.65,43.0,0.0,22.33,22.59,0.0,STANDBY,0.0
17-03-2024 03:00,0.017,24.6,2.78,37.0,0.0,21.63,22.45,0.0,STANDBY,0.0
2024-03-17 04:00:00,0.032,24.9,2.86,39.0,0.0,22.86,22.15,0.0,standby,0.0
2024-03-17 05:00:00,0.031,25.4,3.26,37.0,0.0,23.48,23.88,0.0,STANDBY,0.0
2024-03-17 06:00:00,0.022,27.0,3.09,37.0,14.1,23.98,24.81,0.0,RUN,69.55
2024-03-17 07:00:00,0.007,29.0,2.81,30.0,188.4,31.87,26.76,0.0,RUN,1669.03
2024-03-17 09:00:00,0.012,32.2,2.47,23.0,679.9,44.43,30.49,0.0,RUN,6806.23
2024-03-17 10:00:00,0.012,34.2,2.55,20.0,863.5,49.71,32.22,0.0,RUN,8605.08
2024-03-17 11:00:00,0.006,35.7,2.46,16.0,956.9,54.47,33.61,0.0,RUN,9698.45
2024-03-17 12:00:00,0.006,37.1,2.99,15.0,1037.5,54.56,35.19,0.0,RUN,10006.75
2024-03-17 13:00:00,0.008,38.3,3.0,15.0,982.0,55.96,37.15,0.0,RUN,9629.98
2024-03-17 14:00:00,0.011,39.1,3.46,14.0,878.1,54.03,37.64,0.0,RUN,8454.9
2024-03-17 15:00:00,0.018,39.1,3.73,15.0,673.4,51.4,36.73,0.0,RUN,6603.02
2024-03-17 16:00:00,0.016,39.1,4.07,18.0,434.6,45.5,37.49,0.0,RUN,4195.4
2024-03-17 17:00:00,0.018,38.2,3.84,17.0,187.4,38.25,36.68,0.0,RUN,1645.84
2024-03-17 18:00:00,0.025,37.3,4.27,14.0,13.7,35.02,34.61,0.0,RUN,54.01
2024-03-17 19:00:00,0.012,36.3,3.85,17.0,0.0,33.81,34.06,0.0,STANDBY,-5.97
2024-03-17 20:00:00,0.013,33.6,3.03,24.0,0.0,31.61,31.63,0.0,STANDBY,0.0
2024-03-17 21:00:00,0.019,31.7,3.31,26.0,0.0,29.38,30.37,0.0,STANDBY,-1.74
2024-03-17 22:00:00,0.027,29.7,2.74,31.0,0.0,29.22,28.39,0.0,STANDBY,0.0
2024-03-17 23:00:00,0.026,28.1,2.6,36.0,0.0,25.52,25.7,0.0,STANDBY,0.0
2024-03-18 00:00:00,0.062,23.2,2.62,45.0,0.0,25.59,24.38,0.0,STANDBY,-8.84
2024-03-18 01:00:00,0.046,22.2,2.9,47.0,0.0,23.41,22.63,0.0,STANDBY,-2.17
2024-03-18 02:00:00,0.121,21.6,2.84,47.0,0.0,22.59,22.14,0.0,STANDBY,-8.67
2024-03-18 03:00:00,0.117,21.1,2.73,47.0,0.0,22.1,22.32,0.0,STANDBY,-5.0
18-03-2024 04:00,0.14,21.1,2.92,49.0,0.0,22.04,22.13,0.0,STANDBY,0.0
2024-03-18 05:00:00,0.072,21.8,3.66,43.0,0.0,23.9,23.3,0.0,STANDBY,-3.29
2024-03-18 06:00:00,0.108,23.0,3.85,42.0,21.8,24.11,24.67,0.0,RUN,62.15
2024-03-18 07:00:00,0.111,25.7,3.78,39.0,174.2,28.79,26.3,0.0,RUN,1705.65
2024-03-18 08:00:00,0.17,27.3,3.3,35.0,440.5,37.6,27.88,0.0,RUN,4405.03
2024-03-18 10:00:00,0.18,31.6,3.55,32.0,843.1,47.6,32.84,0.0,RUN,8641.4
2024-03-18 11:00:00,0.135,33.1,3.97,28.0,961.5,50.43,34.2,0.0,RUN,9697.99
2024-03-18 12:00:00,0.067,34.4,4.4,21.0,1007.6,52.79,35.11,0.0,RUN,9999.95
2024-03-18 13:00:00,0.067,35.5,3.6,20.0,980.1,53.3,35.93,0.0,RUN,9678.6
2024-03-18 14:00:00,0.063,35.4,3.29,22.0,850.4,51.3,36.76,0.0,RUN,8521.47
18-03-2024 15:00,0.03,36.0,2.81,18.0,683.7,50.72,37.15,0.0,RUN,6637.73
2024-03-18 16:00:00,0.026,35.6,3.04,20.0,435.4,43.51,37.46,0.0,RUN,4259.79
2024-03-18 17:00:00,0.058,34.5,2.53,23.0,185.3,37.63,35.88,0.0,RUN,1593.36
2024-03-18 18:00:00,0.101,33.4,2.27,29.0,16.5,34.94,34.25,0.0,RUN,3.76
2024-03-18 19:00:00,0.081,32.2,2.29,30.0,0.0,33.45,32.61,0.0,STANDBY,0.0
2024-03-18 20:00:00,0.042,29.9,2.6,34.0,0.0,31.51,31.42,0.0,STANDBY,-6.17
2024-03-18 21:00:00,0.027,28.2,2.58,37.0,0.0,28.55,29.52,0.0,STANDBY,0.0
2024-03-18 22:00:00,0.034,26.0,2.3,41.0,0.0,27.62,28.14,0.0,STANDBY,0.0
2024-03-18 23:00:00,0.047,23.7,2.4,43.0,0.0,26.47,26.49,0.0,STANDBY,-8.2
2024-03-19 00:00:00,0.082,24.9,4.39,39.0,0.0,26.32,26.82,0.0,STANDBY,0.0
2024-03-19 01:00:00,0.051,24.2,4.74,38.0,0.0,25.76,25.86,0.0,STANDBY,0.0
2024-03-19 02:00:00,0.066,24.4,5.12,44.0,0.0,25.44,24.87,0.0,STANDBY,0.0
2024-03-19 03:00:00,0.044,24.0,5.44,43.0,0.0,26.43,24.92,0.0,STANDBY,-4.89
2024-03-19 04:00:00,0.024,23.9,6.14,43.0,0.0,25.31,25.43,0.0,STANDBY,-3.2
2024-03-19 05:00:00,0.046,25.1,6.01,39.0,0.0,26.26,25.68,0.0,STANDBY,-5.25
2024-03-19 06:00:00,0.041,26.5,4.81,38.0,19.0,27.79,26.56,0.0,RUN,59.59
2024-03-19 07:00:00,0.077,27.5,5.75,35.0,191.5,32.69,28.86,0.0,RUN,1732.5
2024-03-19 08:00:00,0.139,29.5,5.9,30.0,439.0,40.11,30.35,0.0,RUN,4387.25
2024-03-19 09:00:00,0.064,31.5,5.09,28.0,699.3,46.81,32.74,0.0,,6749.6
2024-03-19 10:00:00,0.04,33.7,6.58,25.0,846.1,51.9,34.39,0.0,RUN,8539.6
2024-03-19 11:00:00,0.031,35.0,5.44,27.0,1003.6,55.62,36.39,0.0,RUN,9630.57
2024-03-19 12:00:00,0.018,37.1,5.23,20.0,1030.1,57.36,37.46,0.0,RUN,9940.05
2024-03-19 13:00:00,0.017,37.8,5.59,18.0,970.9,58.23,38.39,0.0,RUN,9444.29
2024-03-19 14:00:00,0.012,38.8,6.46,13.0,853.1,55.46,39.48,0.0,RUN,8357.93
2024-03-19 15:00:00,0.028,39.2,5.47,13.0,667.1,52.81,39.15,0.0,run,6513.59
2024-03-19 16:00:00,0.046,39.1,6.01,18.0,434.8,46.22,39.5,0.0,RUN,4136.16
2024-03-19 17:00:00,0.066,38.7,5.55,20.0,177.8,41.41,38.21,0.0,RUN,1584.39
2024-03-19 18:00:00,0.083,37.0,7.06,24.0,11.9,38.53,37.17,0.0,RUN,6.84
2024-03-19 19:00:00,0.033,35.9,5.89,25.0,0.0,37.31,34.86,0.0,STANDBY,0.0
2024-03-19 20:00:00,0.027,34.1,5.59,29.0,0.0,33.49,33.29,0.0,STANDBY,0.0
2024-03-19 21:00:00,0.034,32.0,4.72,32.0,0.0,32.52,32.77,0.0,STANDBY,0.0
2024-03-19 22:00:00,0.057,30.6,4.17,33.0,0.0,29.34,30.72,0.0,STANDBY,0.0
2024-03-19 23:00:00,0.059,29.0,3.72,40.0,0.0,28.31,28.7,0.0, STANDBY ,-7.36
2024-03-20 00:00:00,0.109,28.2,2.41,45.0,0.0,27.4,26.63,0.0,STANDBY,0.0
2024-03-20 01:00:00,0.094,26.9,2.74,46.0,0.0,24.47,26.13,0.0,STANDBY,-7.15
2024-03-20 02:00:00,0.151,26.0,2.92,49.0,0.0,24.03,25.09,0.0,STANDBY,-10.84
2024-03-20 03:00:00,0.089,26.3,2.85,48.0,0.0,25.52,24.6,0.0, STANDBY ,-5.42
2024-03-20 04:00:00,0.062,26.5,3.46,48.0,0.0,24.38,25.34,0.0,STANDBY,-3.63
2024-03-20 05:00:00,0.072,27.2,4.14,45.0,0.0,26.99,25.98,0.0,STANDBY,0.0
2024-03-20 06:00:00,0.148,28.2,3.73,45.0,18.6,26.0,27.32,0.0,run,85.49
2024-03-20 07:00:00,0.09,29.8,4.09,39.0,192.5,32.88,28.63,0.0,RUN,1719.1
2024-03-20 08:00:00,0.049,32.0,3.26,34.0,432.1,41.19,30.41,0.0,RUN,4374.44
2024-03-20 09:00:00,0.046,33.9,3.47,28.0,703.3,47.19,33.12,0.0,RUN,6813.44
2024-03-20 10:00:00,0.034,35.2,3.39,25.0,860.6,51.72,34.08,0.0,RUN,8536.04
2024-03-20 11:00:00,0.117,36.6,3.29,20.0,926.4,55.11,35.81,0.0,run,9632.17
2024-03-20 12:00:00,0.163,37.9,3.33,20.0,1002.0,56.91,37.04,0.0,RUN,9929.91
2024-03-20 13:00:00,0.136,39.7,2.91,20.0,938.7,57.0,38.65,0.0,run,9514.59
2024-03-20 14:00:00,0.076,40.6,2.87,19.0,850.8,55.83,38.69,0.0,RUN,8357.11
2024-03-20 15:00:00,0.106,40.5,3.63,22.0,676.1,51.79,39.51,0.0,RUN,6585.73
2024-03-20 16:00:00,0.093,40.5,3.75,24.0,426.2,47.38,39.38,0.0,RUN,4135.63
2024-03-20 17:00:00,0.111,39.6,4.39,23.0,177.9,41.39,38.28,0.0,RUN,1579.44
2024-03-20 18:00:00,0.132,38.2,4.51,25.0,11.4,37.03,36.87,0.0,RUN,60.67
2024-03-20 19:00:00,0.162,36.2,3.48,29.0,0.0,37.35,35.72,0.0,STANDBY,-8.44
2024-03-20 20:00:00,0.084,34.9,2.95,31.0,0.0,34.57,34.06,0.0,STANDBY,-11.29
2024-03-20 21:00:00,0.075,33.2,2.96,36.0,0.0,33.1,32.04,0.0,STANDBY,-8.82
2024-03-20 22:00:00,0.126,30.8,2.89,36.0,0.0,30.98,29.89,0.0,STANDBY,-9.13
2024-03-20 23:00:00,0.083,29.4,2.52,33.0,0.0,28.97,28.66,0.0,STANDBY,-9.38
2024-03-21 00:00:00,0.046,25.4,2.26,46.0,0.0,26.33,25.43,0.0,STANDBY,0.0
2024-03-21 01:00:00,0.023,23.9,2.94,48.0,0.0,23.09,24.67,0.0,STANDBY,-10.06
2024-03-21 02:00:00,0.037,23.2,2.75,51.0,0.0,22.61,24.16,0.0,STANDBY,-9.52
2024-03-21 03:00:00,0.048,22.6,2.52,51.0,0.0,23.94,23.5,0.0,STANDBY,-6.75
2024-03-21 04:00:00,0.031,23.1,2.58,48.0,0.0,24.3,24.43,0.0,STANDBY,0.0
2024-03-21 05:00:00,0.036,23.5,2.37,48.0,0.0,24.23,24.45,0.0,STANDBY,0.0
2024-03-21 06:00:00,0.044,24.5,3.07,44.0,20.2,27.05,25.82,0.0,RUN,57.3
2024-03-21 07:00:00,0.039,26.2,2.76,45.0,191.1,31.87,28.11,0.0,RUN,1711.31
2024-03-21 08:00:00,0.04,27.8,2.65,42.0,439.4,40.01,29.28,0.0,run,4415.26
2024-03-21 09:00:00,0.066,30.4,2.8,40.0,681.8,46.85,30.93,0.0,RUN,6789.24
2024-03-21 10:00:00,0.04,32.3,2.2,35.0,851.2,52.22,32.78,0.0,RUN,8536.73
2024-03-21 11:00:00,0.053,33.7,2.33,31.0,969.8,55.28,34.13,0.0,RUN,9593.93
2024-03-21 12:00:00,0.05,35.2,2.44,25.0,1003.4,56.47,37.05,0.0, RUN ,9904.84
2024-03-21 13:00:00,0.102,36.1,2.36,27.0,929.0,57.67,36.2,0.0,RUN,9441.67
2024-03-21 14:00:00,0.106,36.4,2.67,28.0,834.2,54.55,37.71,0.0,RUN,8393.59
2024-03-21 15:00:00,0.098,36.4,3.35,26.0,667.0,52.0,38.03,0.0,RUN,6521.08
21-03-2024 16:00,0.054,35.9,3.49,27.0,443.7,45.77,37.66,0.0,RUN,4196.7
2024-03-21 17:00:00,0.071,35.7,3.29,29.0,176.8,41.36,37.21,0.0,RUN,1571.73
2024-03-21 18:00:00,0.047,34.5,3.1,29.0,13.4,36.14,35.94,0.0,run,64.14
2024-03-21 19:00:00,0.064,33.0,3.08,31.0,0.0,34.72,34.51,0.0,STANDBY,-8.95
2024-03-21 20:00:00,0.063,31.5,3.23,32.0,0.0,31.6,32.56,0.0,STANDBY,-7.04
2024-03-21 21:00:00,0.066,30.0,3.09,37.0,0.0,31.01,30.59,0.0,STANDBY,-2.51
2024-03-21 22:00:00,0.073,28.2,2.43,41.0,0.0,28.42,29.1,0.0,STANDBY,0.0
2024-03-21 23:00:00,0.065,27.0,2.58,47.0,0.0,27.34,27.36,0.0,STANDBY,-3.65
2024-03-22 00:00:00,0.053,26.5,2.46,45.0,0.0,26.99,26.04,0.0,STANDBY,0.0
2024-03-22 01:00:00,0.047,25.3,2.5,49.0,0.0,23.92,25.79,0.0,STANDBY,0.0
2024-03-22 02:00:00,0.033,24.3,2.54,52.0,0.0,23.76,24.13,0.0,STANDBY,0.0
2024-03-22 03:00:00,0.054,24.0,2.72,54.0,0.0,24.0,24.37,0.0,STANDBY,0.0
2024-03-22 04:00:00,0.071,24.3,2.66,52.0,0.0,24.02,24.61,0.0, STANDBY ,0.0
2024-03-22 05:00:00,0.098,25.0,2.52,53.0,0.0,25.38,25.51,0.0,STANDBY,-3.24
2024-03-22 06:00:00,0.116,26.1,2.6,51.0,23.2,26.7,27.44,0.0,RUN,75.75
2024-03-22 07:00:00,0.058,28.6,2.39,43.0,202.6,32.16,28.54,0.0,RUN,1814.11
2024-03-22 08:00:00,0.078,30.7,2.52,45.0,454.2,40.81,30.66,0.0,RUN,4429.42
2024-03-22 09:00:00,0.124,32.7,2.89,44.0,667.5,47.2,31.63,0.0,RUN,6740.06
2024-03-22 10:00:00,0.155,34.4,2.54,40.0,855.4,53.3,34.12,0.0,RUN,8441.28
2024-03-22 11:00:00,0.161,36.6,2.56,37.0,968.9,57.64,35.37,0.0,RUN,9535.06
2024-03-22 12:00:00,0.084,37.7,2.44,33.0,1002.6,57.54,37.57,0.0,RUN,9820.43
2024-03-22 13:00:00,0.067,38.7,2.53,29.0,956.1,58.51,37.92,0.0,RUN,9371.51
2024-03-22 14:00:00,0.058,39.0,2.66,24.0,862.6,56.01,38.32,0.0,RUN,8315.38
2024-03-22 15:00:00,0.044,38.9,2.7,29.0,675.8,52.41,39.53,0.0,RUN,6466.1
2024-03-22 16:00:00,0.062,38.4,2.94,31.0,443.8,45.99,38.71,0.0,RUN,4068.09
2024-03-22 17:00:00,0.14,38.0,2.91,33.0,173.5,40.04,38.24,0.0,RUN,1519.11
2024-03-22 18:00:00,0.069,38.0,2.73,34.0,11.0,37.46,36.52,0.0,RUN,52.9
2024-03-22 19:00:00,0.079,35.5,2.88,36.0,0.0,35.72,35.28,0.0,STANDBY,0.0
2024-03-22 20:00:00,0.028,32.9,2.43,36.0,0.0,33.6,32.82,0.0,standby,-1.91
2024-03-22 21:00:00,0.03,30.7,2.27,40.0,0.0,31.09,31.36,0.0,STANDBY,0.0
2024-03-22 22:00:00,0.051,29.3,2.12,44.0,0.0,28.95,29.84,0.0,STANDBY,0.0
2024-03-22 23:00:00,0.03,28.1,2.35,47.0,0.0,28.05,28.4,0.0,STANDBY,0.0
2024-03-23 00:00:00,0.023,25.8,2.22,52.0,0.0,23.69,25.31,0.0,STANDBY,0.0
2024-03-23 01:00:00,0.032,24.9,2.13,52.0,0.0,23.86,24.04,0.0,STANDBY,-1.92
2024-03-23 02:00:00,0.104,23.7,1.79,54.0,0.0,22.64,23.75,0.0,STANDBY,-8.19
2024-03-23 03:00:00,0.05,22.8,1.87,53.0,0.0,24.93,22.86,0.0, STANDBY ,0.0
2024-03-23 04:00:00,0.029,23.4,1.71,55.0,0.0,22.68,23.77,0.0,STANDBY,-4.52
2024-03-23 05:00:00,0.056,24.4,1.81,54.0,0.0,24.73,24.51,0.0,STANDBY,-2.19
2024-03-23 06:00:00,0.046,25.8,1.91,50.0,22.6,26.67,24.96,0.0,RUN,106.17
2024-03-23 07:00:00,0.07,26.7,1.97,50.0,196.6,30.2,27.37,0.0,RUN,1740.55
2024-03-23 08:00:00,0.092,27.5,1.98,45.0,443.8,38.58,28.87,0.0,RUN,4356.98
2024-03-23 09:00:00,0.059,29.4,1.71,39.0,693.9,47.55,30.96,0.0,RUN,6750.14
2024-03-23 10:00:00,0.033,31.5,1.72,38.0,834.5,54.19,32.61,0.0,RUN,8467.49
2024-03-23 11:00:00,0.028,33.5,2.54,38.0,975.8,55.99,33.88,0.0,RUN,9523.23
2024-03-23 12:00:00,0.034,35.9,2.59,38.0,1025.9,58.37,34.87,0.0,run,9836.27
2024-03-23 13:00:00,0.026,37.2,2.5,34.0,9999.0,56.83,37.0,0.0, RUN ,9432.09
2024-03-23 14:00:00,0.025,37.6,3.04,34.0,876.1,55.64,36.81,0.0,RUN,8291.15
2024-03-23 15:00:00,0.026,37.2,2.95,32.0,680.4,51.09,37.46,0.0,RUN,6472.77
2024-03-23 16:00:00,0.023,36.4,2.99,32.0,427.4,46.07,36.67,0.0,RUN,4112.56
2024-03-23 17:00:00,0.02,36.1,2.73,36.0,185.0,40.8,36.8,0.0,RUN,1536.95
2024-03-23 18:00:00,0.032,35.6,2.34,37.0,16.4,35.48,35.85,0.0,RUN,0.0
2024-03-23 19:00:00,0.045,34.3,-999.0,38.0,0.0,32.42,34.56,0.0,STANDBY,0.0
2024-03-23 20:00:00,0.029,31.7,3.13,40.0,0.0,31.62,32.42,0.0,standby,0.0
2024-03-23 21:00:00,0.042,29.8,2.64,43.0,0.0,30.39,30.54,0.0,STANDBY,0.0
2024-03-23 22:00:00,0.076,28.0,2.79,49.0,0.0,29.97,28.19,0.0,STANDBY,-7.2
2024-03-23 23:00:00,0.048,26.6,3.17,51.0,0.0,26.29,26.53,0.0,STANDBY,-10.45
2024-03-24 00:00:00,0.039,25.5,3.87,46.0,0.0,24.97,23.93,0.0,STANDBY,0.0
2024-03-24 01:00:00,0.052,23.9,3.5,46.0,0.0,25.29,23.42,0.0,STANDBY,-3.81
2024-03-24 02:00:00,0.054,23.3,3.27,45.0,0.0,22.88,22.57,0.0,STANDBY,0.0
2024-03-24 03:00:00,0.026,23.0,3.24,44.0,0.0,23.05,22.12,0.0,STANDBY,0.0
2024-03-24 04:00:00,0.022,23.3,3.22,44.0,0.0,21.15,23.27,0.0,STANDBY,0.0
2024-03-24 05:00:00,0.042,23.5,3.88,46.0,0.0,23.49,23.72,0.0,standby,0.0
2024-03-24 06:00:00,0.071,25.1,3.49,45.0,25.4,26.05,24.66,0.0,RUN,118.5
2024-03-24 07:00:00,0.085,26.7,3.55,44.0,194.9,31.02,26.96,0.0,RUN,1801.78
2024-03-24 08:00:00,0.05,29.1,-999.0,39.0,463.0,37.73,27.91,0.0,RUN,4494.46
2024-03-24 09:00:00,0.049,30.8,2.85,33.0,693.0,43.67,29.53,0.0,RUN,6849.4
2024-03-24 10:00:00,0.039,32.6,3.05,35.0,859.5,49.27,32.1,0.0,RUN,8597.07
2024-03-24 11:00:00,0.028,34.2,2.81,29.0,961.9,54.0,34.06,0.0,run,9674.65
2024-03-24 12:00:00,0.044,35.9,3.09,24.0,1024.6,53.68,34.7,0.0,RUN,10004.15
2024-03-24 13:00:00,0.029,37.4,3.54,23.0,935.6,54.59,35.78,0.0,,9512.98
2024-03-24 14:00:00,0.051,38.0,3.22,23.0,857.1,51.57,37.48,0.0,run,8363.38
2024-03-24 15:00:00,0.065,38.3,3.97,23.0,662.1,48.72,37.36,0.0,RUN,6497.67
2024-03-24 16:00:00,0.067,38.1,3.77,24.0,429.9,45.14,36.72,0.0,RUN,4173.71
2024-03-24 17:00:00,0.096,37.2,4.29,23.0,173.9,39.08,35.91,0.0,RUN,1554.07
2024-03-24 18:00:00,0.106,35.8,4.03,30.0,16.9,34.22,34.54,0.0,RUN,40.2
2024-03-24 19:00:00,0.101,34.4,3.36,29.0,0.0,34.07,32.66,0.0,STANDBY,0.0
2024-03-24 20:00:00,0.1,33.1,3.06,33.0,0.0,31.11,31.46,0.0,STANDBY,-10.05
2024-03-24 21:00:00,0.11,30.7,2.97,37.0,0.0,29.06,28.85,0.0,STANDBY,-5.83
2024-03-24 22:00:00,0.068,28.8,3.29,40.0,0.0,27.16,27.91,0.0,STANDBY,-7.86
2024-03-24 23:00:00,0.048,26.3,3.09,47.0,0.0,25.28,25.71,0.0,STANDBY,0.0
2024-03-25 00:00:00,0.225,21.2,3.36,56.0,0.0,22.68,23.94,0.0,STANDBY,-2.19
2024-03-25 01:00:00,0.211,20.1,3.39,51.0,0.0,-999.0,22.83,0.0,STANDBY,-10.79
2024-03-25 02:00:00,0.331,20.3,2.88,51.0,0.0,22.12,22.26,0.0,STANDBY,0.0
2024-03-25 03:00:00,0.204,20.1,3.32,53.0,0.0,21.04,21.47,0.0,STANDBY,-2.9
25-03-2024 04:00,0.281,21.2,3.18,53.0,0.0,22.45,22.26,0.0,STANDBY,-7.01
2024-03-25 05:00:00,0.371,22.3,4.08,51.0,0.0,22.9,22.38,0.0,STANDBY,-7.31
2024-03-25 06:00:00,0.502,23.3,4.16,51.0,26.6,23.82,24.06,0.0,RUN,94.79
2024-03-25 07:00:00,0.359,24.3,3.37,44.0,197.8,30.75,25.72,0.0,RUN,1789.64
2024-03-25 08:00:00,0.317,25.1,3.61,41.0,446.0,35.64,27.19,0.0,RUN,4476.2
2024-03-25 09:00:00,0.179,27.4,3.47,36.0,663.5,43.75,29.42,0.0,RUN,6872.71
25-03-2024 10:00,0.165,29.3,4.21,36.0,882.0,48.21,31.2,0.0,RUN,8611.46
2024-03-25 11:00:00,0.3,31.0,4.81,34.0,976.1,52.44,32.78,0.0,RUN,9563.54
2024-03-25 12:00:00,0.344,32.2,5.47,33.0,989.8,53.19,33.94,0.0,RUN,9874.49
2024-03-25 13:00:00,0.244,33.1,5.13,25.0,968.5,51.37,35.11,0.0,RUN,9578.7
2024-03-25 14:00:00,0.302,32.8,5.75,25.0,888.1,50.83,35.16,0.0,RUN,8345.16
2024-03-25 15:00:00,0.306,33.2,6.67,24.0,640.1,47.76,35.55,0.0,RUN,6501.79
2024-03-25 16:00:00,0.256,32.9,5.67,25.0,428.3,43.31,35.93,0.0, RUN ,4107.08
2024-03-25 17:00:00,0.073,32.8,4.76,30.0,184.2,38.14,35.25,0.0,RUN,1535.21
2024-03-25 18:00:00,0.061,31.4,4.59,33.0,12.2,33.52,34.08,0.0, run ,13.98
2024-03-25 19:00:00,0.054,30.8,4.16,33.0,0.0,30.41,31.72,0.0,STANDBY,-5.14
2024-03-25 20:00:00,0.066,29.1,4.25,35.0,0.0,29.86,30.17,0.0,STANDBY,0.0
2024-03-25 21:00:00,0.11,26.8,4.45,38.0,0.0,29.03,28.46,0.0,STANDBY,-7.86
2024-03-25 22:00:00,0.162,25.2,3.38,37.0,0.0,27.44,26.62,0.0,STANDBY,-4.76
2024-03-25 23:00:00,0.177,23.8,3.6,43.0,0.0,24.73,24.76,0.0,STANDBY,-11.22
2024-03-26 00:00:00,0.409,22.9,3.59,54.0,0.0,22.66,22.79,0.0,,-2.81
2024-03-26 01:00:00,0.476,22.3,3.75,53.0,0.0,22.23,21.98,0.0,STANDBY,-5.61
2024-03-26 02:00:00,0.337,21.2,3.37,52.0,0.0,21.22,20.52,0.0,STANDBY,-8.83
2024-03-26 03:00:00,0.354,21.4,3.87,52.0,0.0,21.85,21.24,0.0,STANDBY,0.0
2024-03-26 04:00:00,0.393,22.2,3.6,55.0,0.0,21.59,20.78,0.0,STANDBY,0.0
2024-03-26 05:00:00,0.329,22.9,3.23,55.0,0.0,22.59,22.52,0.0,STANDBY,-9.56
2024-03-26 06:00:00,0.284,24.0,3.9,50.0,25.3,24.82,23.3,0.0,RUN,75.79
2024-03-26 07:00:00,0.29,25.5,4.36,50.0,194.1,27.69,25.56,0.0,RUN,1821.86
2024-03-26 08:00:00,0.261,27.2,4.07,43.0,438.7,35.99,25.83,0.0,RUN,4449.59
2024-03-26 09:00:00,0.154,28.6,3.76,41.0,684.0,43.21,27.72,0.0,RUN,6876.93
2024-03-26 10:00:00,0.25,30.2,3.53,42.0,850.2,48.55,30.41,0.0,RUN,8482.31
2024-03-26 11:00:00,0.354,31.4,3.45,41.0,931.6,50.59,30.83,0.0,RUN,9235.62
2024-03-26 12:00:00,0.259,32.7,3.93,41.0,987.7,50.07,32.88,0.0,RUN,9783.38
2024-03-26 13:00:00,0.286,34.5,3.99,39.0,952.6,51.98,34.22,0.0,RUN,9329.36
2024-03-26 14:00:00,0.289,35.1,3.53,37.0,829.6,51.59,34.36,0.0,RUN,8276.4
2024-03-26 15:00:00,0.264,35.1,4.16,36.0,661.7,46.88,34.75,0.0,RUN,6376.13
2024-03-26 16:00:00,0.273,34.4,4.26,38.0,410.8,43.33,34.38,0.0,RUN,4102.57
2024-03-26 17:00:00,0.286,32.8,4.21,40.0,176.5,36.68,34.02,0.0,,1536.24
2024-03-26 18:00:00,0.269,32.0,3.5,42.0,11.0,32.65,32.84,0.0,RUN,32.76
2024-03-26 19:00:00,0.169,30.9,3.11,44.0,0.0,30.43,31.17,0.0,STANDBY,-5.78
2024-03-26 20:00:00,0.217,29.3,3.01,49.0,0.0,29.96,29.73,0.0,STANDBY,-7.44
2024-03-26 21:00:00,0.235,28.0,3.57,51.0,0.0,27.49,27.73,0.0,STANDBY,0.0
2024-03-26 22:00:00,0.318,25.9,3.49,53.0,0.0,25.96,26.14,0.0,STANDBY,0.0
2024-03-26 23:00:00,0.409,24.3,2.89,56.0,0.0,-999.0,24.9,0.0,STANDBY,0.0
2024-03-27 00:00:00,0.102,24.4,2.65,42.0,0.0,24.7,23.9,0.0,STANDBY,0.0
2024-03-27 01:00:00,0.143,22.8,3.48,44.0,0.0,23.09,23.37,0.0,STANDBY,0.0
2024-03-27 02:00:00,0.082,22.8,4.21,43.0,0.0,23.31,21.79,0.0,standby,-8.66
2024-03-27 03:00:00,0.119,22.5,3.34,42.0,0.0,21.98,21.62,0.0, STANDBY ,0.0
2024-03-27 04:00:00,0.078,23.2,3.43,44.0,0.0,21.62,22.97,0.0,STANDBY,0.0
2024-03-27 05:00:00,0.081,24.0,3.49,41.0,0.0,24.27,23.26,0.0,standby,-11.45
2024-03-27 06:00:00,0.039,24.7,3.74,37.0,24.5,24.87,24.56,0.0,RUN,87.36
2024-03-27 07:00:00,0.089,27.2,4.33,35.0,205.9,30.53,26.17,0.0,RUN,1851.32
2024-03-27 08:00:00,0.186,28.8,4.41,36.0,437.0,39.35,26.74,0.0,RUN,4475.5
2024-03-27 09:00:00,0.094,30.0,4.33,30.0,701.7,45.73,30.07,0.0,RUN,6827.39
2024-03-27 10:00:00,0.075,31.8,4.18,25.0,858.4,49.87,31.21,0.0,RUN,8542.01
2024-03-27 11:00:00,0.152,33.6,5.62,26.0,970.2,53.32,32.59,0.0,RUN,9576.6
2024-03-27 12:00:00,0.124,34.9,5.62,23.0,1022.7,53.26,34.65,0.0,RUN,9918.72
2024-03-27 13:00:00,0.037,36.2,6.15,21.0,987.3,55.02,36.03,0.0,RUN,9387.54
2024-03-27 14:00:00,0.041,37.0,6.2,19.0,832.5,52.35,36.41,0.0,RUN,8319.98
27-03-2024 15:00,0.087,37.3,4.53,19.0,632.2,48.18,35.58,0.0,RUN,6459.33
2024-03-27 16:00:00,0.082,37.3,4.82,18.0,427.9,43.36,35.85,0.0,run,4064.82
2024-03-27 17:00:00,0.08,36.1,3.83,22.0,174.7,39.1,34.94,0.0,RUN,1559.53
2024-03-27 18:00:00,0.049,35.5,4.45,23.0,13.4,33.37,33.95,0.0,RUN,18.12
2024-03-27 19:00:00,0.052,33.9,4.61,26.0,0.0,31.65,32.82,0.0,STANDBY,-7.14
2024-03-27 20:00:00,0.041,31.6,4.9,30.0,0.0,30.32,30.33,0.0,STANDBY,0.0
2024-03-27 21:00:00,0.045,29.6,4.67,34.0,0.0,27.9,29.33,0.0,STANDBY,-3.36
2024-03-27 22:00:00,0.078,27.8,3.58,37.0,0.0,27.86,26.19,0.0,STANDBY,-10.88
2024-03-27 23:00:00,0.061,25.4,3.7,38.0,0.0,27.56,25.98,0.0,STANDBY,-9.0
2024-03-28 00:00:00,0.047,22.2,2.93,43.0,0.0,23.72,-999.0,0.0,STANDBY,0.0
2024-03-28 01:00:00,0.055,21.1,2.38,47.0,0.0,22.17,22.04,0.0,STANDBY,0.0
2024-03-28 02:00:00,0.063,20.5,2.2,50.0,0.0,22.82,21.21,0.0,STANDBY,-4.86
2024-03-28 03:00:00,0.147,20.4,2.55,49.0,0.0,21.32,21.76,0.0,STANDBY,0.0
2024-03-28 04:00:00,0.196,21.2,2.41,50.0,0.0,21.25,21.68,0.0,STANDBY,-1.79
2024-03-28 05:00:00,0.088,22.1,2.26,49.0,0.0,21.73,22.7,0.0,STANDBY,-5.37
2024-03-28 06:00:00,0.073,22.8,2.13,47.0,25.9,24.83,23.68,0.0,RUN,75.66
2024-03-28 07:00:00,0.086,24.4,2.57,48.0,205.7,31.45,25.47,0.0,RUN,1881.94
2024-03-28 08:00:00,0.04,26.1,2.41,43.0,442.1,38.25,27.25,0.0,RUN,4508.02
2024-03-28 09:00:00,0.05,28.0,2.37,42.0,678.7,46.45,29.78,0.0,RUN,6804.68
2024-03-28 10:00:00,0.073,29.6,3.18,37.0,868.4,51.63,30.38,0.0,RUN,8532.8
2024-03-28 11:00:00,0.097,31.4,3.71,34.0,968.4,53.2,32.38,0.0,RUN,9582.6
2024-03-28 12:00:00,0.098,33.3,4.19,32.0,1021.3,55.93,34.06,0.0,RUN,9783.41
2024-03-28 13:00:00,0.07,35.3,4.43,29.0,969.7,55.46,34.88,0.0,RUN,9442.22
2024-03-28 14:00:00,0.193,35.6,3.87,28.0,866.3,53.77,35.1,0.0,RUN,8235.93
2024-03-28 15:00:00,0.199,35.7,3.9,27.0,657.4,48.69,36.38,0.0,RUN,6470.26
2024-03-28 16:00:00,0.128,35.3,3.31,28.0,436.7,44.1,35.61,0.0,RUN,4066.98
28-03-2024 17:00,0.049,34.9,3.67,27.0,178.0,38.59,35.31,0.0,RUN,1549.86
2024-03-28 18:00:00,0.077,33.3,3.57,30.0,15.8,34.22,33.39,0.0,RUN,47.88
2024-03-28 19:00:00,0.106,31.6,2.63,30.0,0.0,32.94,31.69,0.0,STANDBY,-5.51
2024-03-28 20:00:00,0.117,30.5,2.46,35.0,0.0,29.94,30.31,0.0,STANDBY,-11.03
2024-03-28 21:00:00,0.147,28.5,2.36,42.0,0.0,29.55,28.04,0.0,STANDBY,-10.85
2024-03-28 22:00:00,0.161,27.1,2.45,49.0,0.0,26.18,26.97,0.0,STANDBY,0.0
2024-03-28 23:00:00,0.173,25.2,2.1,53.0,0.0,25.73,25.4,0.0,STANDBY,-1.99
2024-03-29 00:00:00,0.139,26.0,2.38,52.0,0.0,25.14,25.16,0.0,STANDBY,0.0
2024-03-29 01:00:00,0.129,24.7,1.61,52.0,0.0,24.51,24.7,0.0,STANDBY,-6.44
2024-03-29 02:00:00,0.143,23.9,1.8,54.0,0.0,23.97,22.66,0.0,STANDBY,0.0
2024-03-29 03:00:00,0.114,24.3,1.82,53.0,0.0,22.51,23.37,0.0,STANDBY,-3.07
2024-03-29 04:00:00,0.075,24.3,1.88,49.0,0.0,23.0,23.83,0.0,STANDBY,0.0
2024-03-29 05:00:00,0.04,25.2,2.02,48.0,0.0,26.02,23.73,0.0,STANDBY,-3.02
2024-03-29 06:00:00,0.056,26.6,2.13,48.0,27.0,25.81,25.48,0.0,RUN,116.21
2024-03-29 07:00:00,0.022,27.7,2.3,45.0,214.8,30.18,27.18,0.0,RUN,1891.09
2024-03-29 08:00:00,0.048,29.8,2.57,41.0,444.8,36.98,27.98,0.0, RUN ,4458.58
2024-03-29 09:00:00,0.047,31.4,2.68,37.0,660.6,45.08,30.08,0.0,run,6850.84
2024-03-29 10:00:00,0.06,33.3,3.5,36.0,860.7,49.79,32.97,0.0,RUN,8565.52
2024-03-29 11:00:00,0.042,35.4,3.23,31.0,1010.1,53.91,33.94,0.0,RUN,9566.11
2024-03-29 12:00:00,0.033,36.5,3.31,27.0,996.1,54.69,35.52,0.0,RUN,9893.58
29-03-2024 13:00,0.04,36.9,2.89,28.0,936.8,54.66,36.28,0.0,RUN,9442.95
2024-03-29 14:00:00,0.053,37.7,2.86,21.0,838.1,51.91,36.92,0.0,RUN,8275.65
2024-03-29 15:00:00,0.07,37.6,2.88,20.0,675.1,48.61,37.29,0.0,RUN,6401.11
2024-03-29 16:00:00,0.041,37.4,3.16,21.0,409.9,46.45,36.78,0.0,RUN,4065.9
2024-03-29 17:00:00,0.038,36.2,2.66,24.0,176.0,40.15,36.44,0.0,RUN,1540.18
2024-03-29 18:00:00,0.059,35.0,2.75,23.0,16.5,35.03,34.02,0.0,RUN,0.39
2024-03-29 19:00:00,0.107,33.9,2.83,29.0,0.0,34.93,32.85,0.0,STANDBY,-2.86
2024-03-29 21:00:00,0.064,29.9,2.59,34.0,0.0,28.92,30.12,0.0,STANDBY,0.0
2024-03-29 22:00:00,0.059,28.1,2.61,33.0,0.0,28.3,28.73,0.0,STANDBY,-5.06
2024-03-29 23:00:00,0.115,26.3,2.27,39.0,0.0,26.42,26.82,0.0,STANDBY,-10.35
2024-03-30 00:00:00,0.13,25.0,4.62,34.0,0.0,23.9,23.57,0.0,STANDBY,-4.53
2024-03-30 01:00:00,0.096,24.2,4.27,37.0,0.0,22.58,22.41,0.0,standby,-6.36
2024-03-30 02:00:00,0.17,23.6,3.5,40.0,0.0,22.21,22.37,0.0,STANDBY,-10.71
2024-03-30 03:00:00,0.197,23.8,3.79,40.0,0.0,21.24,22.13,0.0,STANDBY,-1.77
2024-03-30 04:00:00,0.152,24.2,3.55,43.0,0.0,22.36,22.18,0.0,STANDBY,0.0
2024-03-30 05:00:00,0.26,24.8,3.44,39.0,0.0,23.32,23.76,0.0,STANDBY,0.0
2024-03-30 06:00:00,0.425,25.3,3.69,41.0,31.3,25.89,24.72,0.0,run,131.18
2024-03-30 07:00:00,0.217,27.0,3.26,37.0,220.6,29.64,26.4,0.0,RUN,1957.16
2024-03-30 08:00:00,0.165,28.8,3.51,34.0,472.6,36.92,27.22,0.0,run,4553.07
2024-03-30 09:00:00,0.189,31.1,3.09,31.0,680.0,44.38,30.78,0.0,RUN,6848.12
2024-03-30 10:00:00,0.134,33.1,3.67,24.0,843.5,49.32,31.67,0.0,RUN,8580.07
2024-03-30 11:00:00,0.066,34.0,4.87,20.0,969.3,52.73,33.87,0.0,RUN,9629.42
2024-03-30 12:00:00,0.106,35.2,5.45,18.0,1003.5,54.64,34.07,0.0,RUN,9898.64
30-03-2024 13:00,0.085,36.1,5.25,18.0,961.6,52.58,35.42,0.0,RUN,9404.77
2024-03-30 14:00:00,0.109,36.5,5.59,18.0,852.9,51.72,36.26,0.0,RUN,8239.85
2024-03-30 15:00:00,0.103,37.2,5.15,15.0,639.0,48.45,36.29,0.0,RUN,6417.24
2024-03-30 16:00:00,0.057,36.8,5.86,15.0,428.3,43.43,35.86,0.0,RUN,4025.35
2024-03-30 17:00:00,0.076,36.4,5.79,20.0,179.4,37.89,35.67,0.0,RUN,1511.66
2024-03-30 18:00:00,0.107,35.5,6.77,22.0,15.7,35.88,33.04,0.0,RUN,1.22
2024-03-30 19:00:00,0.134,33.8,5.15,26.0,0.0,30.25,33.51,0.0,STANDBY,0.0
2024-03-30 20:00:00,0.12,32.2,4.57,27.0,0.0,31.52,30.94,0.0,STANDBY,-10.34
2024-03-30 21:00:00,0.068,30.3,3.61,31.0,0.0,29.85,29.53,0.0,STANDBY,-2.59
2024-03-30 22:00:00,0.164,28.5,3.52,36.0,0.0,26.98,27.82,0.0,standby,0.0
2024-03-30 23:00:00,0.2,27.1,4.24,43.0,0.0,24.11,25.86,0.0,STANDBY,-4.64
2024-03-31 00:00:00,0.085,21.8,2.08,50.0,0.0,22.69,22.22,0.0,STANDBY,0.0
2024-03-31 01:00:00,0.041,20.6,2.28,52.0,0.0,21.72,22.41,0.0,STANDBY,0.0
2024-03-31 02:00:00,0.042,19.8,2.06,57.0,0.0,20.53,21.49,0.0,STANDBY,-2.39
2024-03-31 04:00:00,0.111,19.6,1.96,54.0,0.0,22.27,21.51,0.0,STANDBY,0.0
2024-03-31 05:00:00,0.045,20.6,2.1,52.0,0.0,22.79,21.82,0.0,STANDBY,-9.09
2024-03-31 06:00:00,0.037,22.1,2.12,49.0,30.2,21.65,23.12,0.0,RUN,119.19
2024-03-31 07:00:00,0.041,23.8,2.69,48.0,219.4,29.1,25.25,0.0,RUN,1945.96
2024-03-31 08:00:00,0.087,24.8,2.62,47.0,446.9,35.47,27.08,0.0,RUN,4575.64
2024-03-31 09:00:00,0.063,26.7,2.87,40.0,681.8,42.77,28.57,0.0,RUN,6844.39
2024-03-31 10:00:00,0.044,28.8,2.89,38.0,872.5,47.4,29.75,0.0,RUN,8619.04
2024-03-31 11:00:00,0.066,30.8,2.72,34.0,975.5,50.77,32.25,0.0,RUN,9622.49
2024-03-31 12:00:00,0.08,31.5,3.29,33.0,1024.5,52.22,32.83,0.0,run,9948.76
2024-03-31 13:00:00,0.065,33.1,3.1,31.0,967.2,53.57,34.81,0.0,RUN,9371.99
2024-03-31 14:00:00,0.027,33.9,3.05,29.0,856.6,49.56,35.55,0.0,RUN,8284.4
2024-03-31 15:00:00,0.044,33.7,3.08,27.0,650.1,47.49,35.33,0.0,RUN,6453.41
2024-03-31 16:00:00,0.033,33.9,2.9,30.0,438.1,42.15,34.78,0.0,RUN,4085.64
2024-03-31 17:00:00,0.044,33.2,2.76,30.0,178.7,37.92,33.58,0.0,run,1499.64
31-03-2024 18:00,0.031,32.4,2.53,32.0,18.5,31.93,33.29,0.0,RUN,23.73
2024-03-31 19:00:00,0.031,31.2,2.67,31.0,0.0,31.37,30.92,0.0,standby,0.0
2024-03-31 20:00:00,0.059,29.4,2.12,33.0,0.0,28.36,30.73,0.0,STANDBY,0.0
2024-03-31 21:00:00,0.046,27.2,2.42,38.0,0.0,27.22,27.19,0.0,STANDBY,-8.08
2024-03-31 22:00:00,0.063,25.2,2.36,40.0,0.0,27.52,26.35,0.0,STANDBY,-10.06
2024-03-31 23:00:00,0.097,23.4,2.14,44.0,0.0,24.14,24.14,0.0,STANDBY,-9.91
2024-04-01 00:00:00,0.239,24.4,3.57,41.0,0.0,24.26,23.87,0.0,STANDBY,-4.82
2024-04-01 01:00:00,0.179,22.8,4.18,45.0,0.0,23.39,23.24,0.0,STANDBY,-10.59
2024-04-01 02:00:00,0.06,22.4,4.2,49.0,0.0,23.09,22.25,0.0,STANDBY,0.0
2024-04-01 03:00:00,0.043,21.9,4.11,47.0,0.0,24.22,23.03,0.0,STANDBY,0.0
2024-04-01 04:00:00,0.04,21.9,4.06,45.0,0.0,23.2,22.48,0.0,STANDBY,0.0
2024-04-01 05:00:00,0.064,22.8,3.86,44.0,0.0,22.37,23.39,0.0,STANDBY,-7.37
2024-04-01 06:00:00,0.229,24.0,3.45,45.0,31.9,26.21,25.28,0.0,RUN,150.11
2024-04-01 07:00:00,0.284,25.7,3.49,45.0,220.5,31.24,26.2,0.0,RUN,1952.73
2024-04-01 08:00:00,0.142,27.6,3.82,39.0,464.3,34.98,27.77,0.0,RUN,4590.03
2024-04-01 09:00:00,0.116,28.7,4.3,33.0,722.6,44.22,29.37,0.0,run,6889.08
2024-04-01 10:00:00,0.129,30.1,5.67,30.0,844.9,48.0,31.59,0.0,RUN,8635.4
2024-04-01 11:00:00,0.079,31.8,5.76,26.0,955.5,51.5,32.62,0.0,RUN,9601.35
2024-04-01 12:00:00,0.142,33.3,5.32,27.0,964.8,50.81,34.51,0.0,RUN,9872.68
2024-04-01 13:00:00,0.115,34.2,5.25,25.0,956.8,54.39,35.86,0.0,RUN,9407.26
2024-04-01 14:00:00,0.045,35.3,6.2,25.0,841.8,52.37,35.98,0.0,RUN,-999.0
2024-04-01 15:00:00,0.058,36.2,7.26,26.0,640.2,46.89,36.41,0.0,RUN,6412.57
2024-04-01 16:00:00,0.184,35.7,6.18,29.0,416.6,43.11,35.51,0.0,RUN,3992.38
2024-04-01 17:00:00,0.218,35.2,6.14,30.0,176.2,38.19,34.98,0.0,RUN,1490.44
2024-04-01 18:00:00,0.144,34.1,5.72,31.0,13.4,33.93,33.96,0.0,RUN,0.0
2024-04-01 19:00:00,0.179,32.3,4.34,38.0,0.0,32.42,33.27,0.0,STANDBY,-6.33
2024-04-01 20:00:00,0.19,30.5,4.04,42.0,0.0,31.83,30.18,0.0,STANDBY,0.0
2024-04-01 21:00:00,0.102,29.1,4.09,38.0,0.0,28.29,29.23,0.0,STANDBY,0.0
2024-04-01 22:00:00,0.13,27.3,4.38,38.0,0.0,27.64,27.17,0.0,STANDBY,0.0
2024-04-01 23:00:00,0.087,25.7,3.98,41.0,0.0,24.76,26.19,0.0,standby,-2.32
2024-04-02 00:00:00,0.114,23.9,2.97,54.0,0.0,24.01,22.88,0.0,STANDBY,-9.93
2024-04-02 01:00:00,0.117,23.2,3.31,59.0,0.0,19.69,22.14,0.0,STANDBY,0.0
2024-04-02 02:00:00,0.076,22.7,2.93,58.0,0.0,21.23,21.86,0.0,STANDBY,0.0
2024-04-02 03:00:00,0.117,22.5,3.65,58.0,0.0,20.75,20.86,0.0,STANDBY,0.0
2024-04-02 04:00:00,0.076,22.0,3.67,57.0,0.0,21.53,21.64,0.0,standby,0.0
2024-04-02 05:00:00,0.07,23.0,-999.0,57.0,0.0,21.41,22.58,0.0,STANDBY,-4.86
2024-04-02 06:00:00,0.095,23.6,3.98,55.0,32.9,23.75,23.48,0.0,run,134.35
2024-04-02 07:00:00,0.06,25.4,4.14,54.0,221.8,30.17,24.89,0.0,RUN,2022.01
2024-04-02 08:00:00,0.058,27.1,4.02,49.0,451.3,36.6,27.46,0.0,RUN,4637.55
2024-04-02 09:00:00,0.052,29.1,3.56,47.0,688.5,43.56,29.09,0.0,RUN,6861.77
2024-04-02 10:00:00,0.077,30.2,3.84,42.0,858.5,48.79,29.81,0.0,RUN,8553.77
2024-04-02 11:00:00,0.071,32.3,3.84,40.0,997.7,51.92,31.26,0.0,RUN,9527.47
2024-04-02 12:00:00,0.067,33.2,4.19,34.0,978.1,53.69,33.41,0.0,RUN,9837.92
2024-04-02 13:00:00,0.055,34.2,4.52,34.0,936.9,54.12,34.21,0.0,RUN,9306.93
2024-04-02 14:00:00,0.067,35.2,4.42,34.0,844.1,50.52,35.91,0.0,RUN,8214.92
2024-04-02 15:00:00,0.052,35.4,4.82,33.0,647.3,47.6,35.01,0.0,run,6334.56
2024-04-02 16:00:00,0.066,35.1,4.43,32.0,415.3,42.62,34.99,0.0,RUN,4057.42
2024-04-02 17:00:00,0.061,34.6,3.34,33.0,181.2,38.15,33.73,0.0,RUN,1479.69
2024-04-02 18:00:00,0.12,33.5,2.93,36.0,18.6,32.69,33.16,0.0,RUN,57.11
2024-04-02 19:00:00,0.165,32.2,2.77,35.0,0.0,29.42,31.7,0.0,STANDBY,-8.61
2024-04-02 20:00:00,0.301,30.6,2.62,39.0,0.0,29.42,30.01,0.0,STANDBY,-9.96
2024-04-02 21:00:00,0.174,29.1,2.38,42.0,0.0,29.36,28.21,0.0,STANDBY,0.0
2024-04-02 22:00:00,0.123,27.8,2.61,45.0,0.0,27.7,26.1,0.0,STANDBY,0.0
2024-04-02 23:00:00,0.099,25.3,2.26,48.0,0.0,22.95,24.73,0.0,STANDBY,0.0
2024-04-03 00:00:00,0.212,22.3,2.14,39.0,0.0,21.58,21.3,0.0,STANDBY,0.0
2024-04-03 01:00:00,0.153,21.3,2.56,42.0,0.0,21.05,20.76,0.0,STANDBY,-3.63
2024-04-03 02:00:00,0.136,20.5,2.55,42.0,0.0,19.42,19.9,0.0,STANDBY,0.0
2024-04-03 03:00:00,0.124,20.7,2.27,43.0,0.0,19.47,20.1,0.0,STANDBY,0.0
2024-04-03 04:00:00,0.261,20.6,2.99,47.0,0.0,19.77,19.96,0.0,STANDBY,-6.38
2024-04-03 05:00:00,0.277,21.0,2.64,42.0,0.0,21.84,20.76,0.0,STANDBY,0.0
2024-04-03 06:00:00,0.375,22.1,3.42,36.0,33.6,22.19,21.53,0.0,RUN,154.26
2024-04-03 07:00:00,0.28,23.2,3.4,36.0,215.2,28.87,22.98,0.0,RUN,2006.13
2024-04-03 08:00:00,0.188,25.4,3.0,33.0,454.8,35.52,24.83,0.0, RUN ,4672.98
2024-04-03 09:00:00,0.161,26.8,3.0,30.0,685.0,40.53,27.06,0.0,RUN,6944.33
2024-04-03 10:00:00,0.142,27.6,3.35,32.0,856.4,46.21,28.28,0.0,run,8660.55
2024-04-03 11:00:00,0.178,30.4,3.06,32.0,947.7,48.95,30.2,0.0,RUN,9657.2
2024-04-03 12:00:00,0.176,32.0,3.66,26.0,1035.0,50.78,31.83,0.0,RUN,9908.86
2024-04-03 13:00:00,0.208,32.7,4.16,26.0,942.7,49.23,32.54,0.0,RUN,9465.45
2024-04-03 14:00:00,0.235,33.1,4.27,24.0,840.0,48.97,32.98,0.0,RUN,8252.27
2024-04-03 15:00:00,0.262,33.4,4.33,23.0,647.7,44.61,34.01,0.0,RUN,6412.29
2024-04-03 16:00:00,0.256,32.8,4.23,27.0,418.8,41.24,32.23,0.0,run,4064.1
2024-04-03 17:00:00,0.214,32.4,4.31,24.0,172.3,35.75,32.31,0.0,RUN,1492.63
2024-04-03 19:00:00,0.173,30.1,4.62,27.0,0.0,30.31,30.34,0.0,STANDBY,0.0
2024-04-03 20:00:00,0.091,27.5,4.3,27.0,0.0,28.33,27.88,0.0,STANDBY,-5.76
2024-04-03 21:00:00,0.162,25.7,4.22,28.0,0.0,-999.0,26.73,0.0,STANDBY,0.0
2024-04-03 22:00:00,0.142,24.7,4.66,31.0,0.0,25.09,24.28,0.0,STANDBY,-5.61
2024-04-03 23:00:00,0.15,22.9,4.47,36.0,0.0,21.66,22.21,0.0,STANDBY,0.0
2024-04-04 00:00:00,0.089,21.9,5.81,41.0,0.0,21.01,22.02,0.0,STANDBY,0.0
2024-04-04 01:00:00,0.089,21.4,4.91,45.0,0.0,20.61,20.79,0.0,,-10.89
2024-04-04 02:00:00,0.095,21.0,5.57,48.0,0.0,20.08,19.8,0.0,STANDBY,-10.47
2024-04-04 03:00:00,0.152,20.7,5.09,48.0,0.0,20.99,19.73,0.0,STANDBY,0.0
2024-04-04 04:00:00,0.165,20.7,5.63,50.0,0.0,19.31,20.4,0.0,STANDBY,0.0
2024-04-04 05:00:00,0.168,21.7,4.35,49.0,0.0,21.95,20.19,0.0,STANDBY,-1.85
2024-04-04 06:00:00,0.186,22.7,4.39,48.0,34.2,22.18,22.26,0.0,RUN,183.34
2024-04-04 07:00:00,0.231,24.4,4.51,48.0,217.2,28.03,23.4,0.0,RUN,1969.09
2024-04-04 08:00:00,0.19,26.7,4.23,44.0,454.3,33.22,25.12,0.0,run,4561.48
2024-04-04 09:00:00,0.112,29.5,4.28,38.0,678.9,40.33,27.57,0.0,RUN,6978.73
2024-04-04 10:00:00,0.084,30.5,4.08,37.0,856.4,44.49,28.96,0.0, RUN ,8637.76
2024-04-04 11:00:00,0.062,31.5,4.95,29.0,9999.0,48.44,30.33,0.0,RUN,9689.22
2024-04-04 12:00:00,0.048,32.8,5.65,27.0,992.2,49.97,31.63,0.0,RUN,9971.96
2024-04-04 13:00:00,0.178,33.3,5.83,25.0,947.2,49.18,33.08,0.0,RUN,9444.56
2024-04-04 14:00:00,0.182,33.6,5.66,26.0,824.3,47.16,33.71,0.0,RUN,8190.47
04-04-2024 15:00,0.275,34.0,4.94,24.0,650.5,44.19,33.5,0.0,RUN,6406.99
2024-04-04 16:00:00,0.236,33.7,5.09,27.0,421.1,40.34,33.57,0.0, RUN ,4011.8
2024-04-04 17:00:00,0.289,33.2,5.25,31.0,170.0,36.69,32.69,0.0,RUN,1509.45
2024-04-04 18:00:00,0.258,32.0,5.07,35.0,9.7,32.47,31.21,0.0,RUN,22.15
2024-04-04 19:00:00,0.225,30.9,3.87,35.0,0.0,29.47,29.64,0.0,STANDBY,-6.41
2024-04-04 20:00:00,0.224,30.0,4.64,40.0,0.0,28.69,28.29,0.0,STANDBY,-5.65
2024-04-04 21:00:00,0.161,28.3,4.38,40.0,0.0,28.1,26.92,0.0,STANDBY,0.0
2024-04-04 22:00:00,0.184,26.4,3.87,44.0,0.0,25.54,25.0,0.0,standby,-7.38
2024-04-04 23:00:00,0.129,24.8,3.79,43.0,0.0,23.42,22.3,0.0,STANDBY,0.0
2024-04-05 00:00:00,0.137,22.7,3.01,41.0,0.0,21.71,22.08,0.0,STANDBY,0.0
2024-04-05 01:00:00,0.18,21.3,3.16,44.0,0.0,21.33,20.89,0.0,STANDBY,-4.45
2024-04-05 02:00:00,0.165,20.5,2.98,49.0,0.0,20.52,21.0,0.0,STANDBY,0.0
2024-04-05 03:00:00,0.136,19.8,3.77,52.0,0.0,19.76,19.81,0.0,STANDBY,0.0
2024-04-05 04:00:00,0.194,20.5,3.39,49.0,0.0,21.02,20.51,0.0,STANDBY,0.0
2024-04-05 05:00:00,0.362,21.6,3.09,51.0,0.0,19.92,21.14,0.0,STANDBY,-3.86
2024-04-05 06:00:00,0.419,22.5,2.46,50.0,36.1,23.26,21.86,0.0,RUN,172.32
2024-04-05 07:00:00,0.256,24.1,2.84,45.0,223.1,28.14,22.63,0.0,RUN,2005.72
2024-04-05 08:00:00,0.2,24.9,2.97,42.0,458.8,36.22,24.46,0.0,RUN,4586.85
2024-04-05 09:00:00,0.135,27.3,3.03,37.0,691.8,43.48,26.66,0.0,RUN,6884.9
05-04-2024 10:00,0.144,29.0,3.02,34.0,860.5,47.63,28.97,0.0,RUN,8545.44
2024-04-05 11:00:00,0.132,30.6,3.91,32.0,970.6,50.62,30.37,0.0,RUN,9539.51
2024-04-05 12:00:00,0.224,31.7,3.93,29.0,987.9,49.64,31.36,0.0,,9830.46
2024-04-05 13:00:00,0.294,32.4,4.72,27.0,943.4,48.55,32.51,0.0,RUN,9275.68
2024-04-05 14:00:00,0.205,32.8,4.62,28.0,843.5,49.9,32.34,0.0,RUN,8074.67
2024-04-05 15:00:00,0.139,32.8,4.93,26.0,660.8,44.82,32.86,0.0,run,6320.77
2024-04-05 16:00:00,0.128,32.2,4.93,24.0,414.5,40.37,33.32,0.0,RUN,3976.44
2024-04-05 17:00:00,0.113,31.9,4.39,28.0,180.7,37.41,32.65,0.0,RUN,1504.64
2024-04-05 18:00:00,0.213,30.5,4.36,29.0,14.1,33.19,31.74,0.0, RUN ,-8.61
2024-04-05 19:00:00,0.269,29.4,3.33,32.0,0.0,29.11,29.76,0.0,STANDBY,-10.57
2024-04-05 20:00:00,0.255,27.8,3.31,34.0,0.0,27.16,28.88,0.0,STANDBY,-11.47
2024-04-05 21:00:00,0.188,25.6,2.6,37.0,0.0,26.25,26.31,0.0,STANDBY,-7.25
2024-04-05 22:00:00,0.227,23.8,2.52,38.0,0.0,25.19,24.79,0.0,STANDBY,0.0
2024-04-05 23:00:00,0.182,22.3,2.39,39.0,0.0,22.11,22.96,0.0,STANDBY,0.0
2024-04-06 00:00:00,0.193,21.0,2.98,42.0,0.0,22.42,21.94,0.0,STANDBY,-8.59
2024-04-06 01:00:00,0.135,20.5,3.38,44.0,0.0,20.88,20.99,0.0,STANDBY,-7.82
2024-04-06 02:00:00,0.106,20.3,3.68,48.0,0.0,19.29,19.66,0.0,STANDBY,0.0
2024-04-06 03:00:00,0.124,20.1,4.1,47.0,0.0,20.5,20.49,0.0,STANDBY,0.0
2024-04-06 04:00:00,0.161,20.1,4.23,48.0,0.0,21.19,20.38,0.0,STANDBY,-4.61
2024-04-06 05:00:00,0.227,21.0,3.79,48.0,0.0,20.02,21.08,0.0,standby,-9.75
2024-04-06 06:00:00,0.19,21.3,3.89,43.0,38.9,22.08,22.06,0.0,RUN,128.73
2024-04-06 07:00:00,0.077,22.7,3.96,40.0,229.9,26.51,23.17,0.0,RUN,2012.93
2024-04-06 08:00:00,0.173,24.7,4.18,38.0,456.5,36.0,24.54,0.0,RUN,4680.64
2024-04-06 09:00:00,0.129,26.6,4.1,34.0,687.0,41.59,26.91,0.0,RUN,6911.02
2024-04-06 10:00:00,0.184,28.1,4.03,32.0,865.1,45.79,28.8,0.0,RUN,8538.37
2024-04-06 11:00:00,0.223,29.2,4.32,36.0,937.0,47.94,30.18,0.0,RUN,9584.49
2024-04-06 12:00:00,0.16,31.1,4.37,34.0,1042.5,51.85,32.06,0.0,RUN,9871.46
2024-04-06 13:00:00,0.241,32.9,4.27,31.0,955.0,48.38,32.01,0.0,RUN,9349.98
2024-04-06 14:00:00,0.129,33.7,5.13,29.0,804.0,47.61,33.73,0.0,RUN,8209.55
2024-04-06 15:00:00,0.168,32.7,4.59,27.0,619.2,43.76,33.26,0.0,RUN,6367.56
06-04-2024 16:00,0.136,33.3,4.45,27.0,413.6,41.39,33.39,0.0,RUN,4027.71
2024-04-06 17:00:00,0.151,33.0,3.87,32.0,180.6,35.51,33.15,0.0,run,1538.64
2024-04-06 18:00:00,0.131,32.8,4.24,33.0,8.0,31.82,31.37,0.0,RUN,26.15
2024-04-06 19:00:00,0.232,30.4,4.1,39.0,0.0,30.42,30.92,0.0,STANDBY,0.0
2024-04-06 20:00:00,0.099,28.7,4.23,34.0,0.0,29.08,28.39,0.0,STANDBY,-4.11
2024-04-06 21:00:00,0.119,26.7,3.89,38.0,0.0,26.38,27.17,0.0,STANDBY,0.0
2024-04-06 22:00:00,0.077,25.3,4.21,38.0,0.0,25.38,24.46,0.0,STANDBY,0.0
2024-04-06 23:00:00,0.153,22.9,3.35,43.0,0.0,22.65,23.76,0.0,STANDBY,-2.58
2024-04-07 00:00:00,0.08,20.2,3.5,49.0,0.0,19.42,21.32,0.0,standby,0.0
2024-04-07 01:00:00,0.061,18.8,3.91,50.0,0.0,20.81,20.25,0.0,STANDBY,0.0
2024-04-07 02:00:00,0.127,18.0,3.92,50.0,0.0,19.36,19.37,0.0,STANDBY,0.0
2024-04-07 03:00:00,0.184,18.1,3.78,49.0,0.0,19.07,18.76,0.0,STANDBY,0.0
2024-04-07 04:00:00,0.1,18.2,3.66,49.0,0.0,18.53,19.46,0.0,STANDBY,0.0
2024-04-07 05:00:00,0.05,19.0,4.5,47.0,0.0,20.18,20.7,0.0,STANDBY,-10.9
2024-04-07 06:00:00,0.096,20.8,3.79,45.0,38.9,21.85,21.33,0.0,RUN,133.94
2024-04-07 07:00:00,0.067,21.7,4.64,44.0,221.7,26.19,23.05,0.0,RUN,2076.42
2024-04-07 08:00:00,0.047,23.8,4.6,39.0,484.9,32.86,24.18,0.0,RUN,4615.64
2024-04-07 09:00:00,0.026,26.3,5.44,35.0,691.1,40.72,26.25,0.0,RUN,6921.97
2024-04-07 10:00:00,0.028,27.9,5.49,32.0,884.1,44.54,27.58,0.0,RUN,8625.22
2024-04-07 11:00:00,0.03,28.7,5.38,32.0,966.7,48.03,29.06,0.0,RUN,9635.98
2024-04-07 12:00:00,0.052,30.3,5.07,26.0,1004.1,48.49,31.42,0.0,RUN,9917.12
2024-04-07 13:00:00,0.085,31.5,5.64,25.0,979.6,49.16,31.55,0.0,RUN,9475.85
2024-04-07 14:00:00,0.062,32.3,5.34,24.0,853.1,47.16,32.52,0.0,RUN,8189.58
2024-04-07 15:00:00,0.067,32.2,4.76,27.0,634.3,43.22,32.91,0.0,RUN,6355.87
2024-04-07 16:00:00,0.08,32.0,4.17,27.0,412.8,40.14,32.06,0.0,RUN,3962.19
2024-04-07 17:00:00,0.059,31.4,4.56,24.0,173.2,35.38,32.25,0.0,RUN,1522.72
2024-04-07 18:00:00,0.103,30.5,4.78,26.0,16.2,32.29,30.16,0.0,RUN,39.32
07-04-2024 19:00,0.075,28.7,4.91,29.0,0.0,29.68,30.14,0.0,STANDBY,-4.51
2024-04-07 20:00:00,0.135,26.4,5.35,27.0,0.0,27.58,27.02,0.0,STANDBY,0.0
2024-04-07 21:00:00,0.089,25.0,5.78,32.0,0.0,24.48,25.39,0.0,STANDBY,-1.53
2024-04-07 22:00:00,0.103,23.1,5.29,38.0,0.0,24.42,23.73,0.0,STANDBY,-8.88
2024-04-07 23:00:00,0.058,21.1,5.29,40.0,0.0,21.87,22.73,0.0,STANDBY,-10.62
08-04-2024 00:00,0.127,21.8,5.24,43.0,0.0,22.26,22.48,0.0,STANDBY,0.0
2024-04-08 01:00:00,0.111,20.8,4.59,42.0,0.0,21.49,21.37,0.0,STANDBY,0.0
2024-04-08 02:00:00,0.354,20.9,5.19,48.0,0.0,20.59,21.28,0.0,STANDBY,0.0
2024-04-08 03:00:00,0.359,20.9,4.88,51.0,0.0,21.41,20.28,0.0,STANDBY,0.0
2024-04-08 04:00:00,0.291,21.4,4.79,48.0,0.0,19.92,21.64,0.0,standby,-8.77
2024-04-08 05:00:00,0.364,21.8,5.8,50.0,0.0,21.94,21.37,0.0,STANDBY,0.0
2024-04-08 06:00:00,0.337,22.3,5.04,47.0,35.2,21.8,22.17,0.0,RUN,220.24
2024-04-08 07:00:00,0.303,23.5,5.68,42.0,228.8,28.47,24.34,0.0,RUN,2026.59
2024-04-08 08:00:00,0.299,25.7,5.45,39.0,460.2,36.1,25.76,0.0,RUN,4554.53
2024-04-08 09:00:00,0.4,27.5,5.44,35.0,709.6,39.58,27.78,0.0,run,6830.96
08-04-2024 10:00,0.583,29.2,5.88,32.0,851.4,43.25,29.14,0.0,RUN,8368.17
2024-04-08 11:00:00,0.696,30.4,5.45,31.0,907.3,45.12,30.88,0.0, RUN ,8971.91
2024-04-08 12:00:00,0.704,31.4,5.5,31.0,874.5,44.93,31.01,0.0,RUN,8856.03
08-04-2024 13:00,0.433,32.9,5.0,25.0,939.5,47.67,32.77,0.0,RUN,22496.67
2024-04-08 15:00:00,0.351,33.8,4.38,27.0,625.6,42.44,33.29,0.0,RUN,6289.38
2024-04-08 16:00:00,0.286,33.2,5.42,28.0,411.5,39.84,33.8,0.0,RUN,3981.72
2024-04-08 17:00:00,0.251,32.6,5.12,29.0,175.1,35.55,32.97,0.0,RUN,1442.74
2024-04-08 18:00:00,0.349,31.8,4.52,33.0,16.6,33.34,31.73,0.0,RUN,90.18
2024-04-08 19:00:00,0.358,30.6,3.98,35.0,0.0,30.55,30.23,0.0,STANDBY,-3.72
2024-04-08 20:00:00,0.292,29.7,3.38,33.0,0.0,28.09,28.22,0.0,STANDBY,0.0
2024-04-08 21:00:00,0.349,27.8,3.21,36.0,0.0,25.9,27.29,0.0,STANDBY,0.0
2024-04-08 22:00:00,0.357,26.0,3.69,43.0,0.0,26.38,25.77,0.0,STANDBY,0.0
2024-04-08 23:00:00,0.285,24.5,3.97,45.0,0.0,25.37,23.72,0.0,STANDBY,-8.7
2024-04-09 00:00:00,0.084,23.3,4.72,53.0,0.0,24.11,23.8,0.0,STANDBY,-2.29
2024-04-09 01:00:00,0.097,22.3,4.6,54.0,0.0,21.51,22.29,0.0,standby,0.0
2024-04-09 02:00:00,0.173,21.9,4.98,57.0,0.0,22.96,22.03,0.0,STANDBY,0.0
2024-04-09 03:00:00,0.136,21.0,4.78,59.0,0.0,22.47,21.04,0.0,STANDBY,-3.05
2024-04-09 04:00:00,0.107,21.1,5.43,59.0,0.0,20.95,21.75,0.0,STANDBY,0.0
2024-04-09 05:00:00,0.146,21.7,4.96,57.0,0.0,23.18,23.02,0.0, STANDBY ,-8.22
2024-04-09 06:00:00,0.194,22.7,4.78,59.0,33.8,25.16,23.94,0.0,RUN,133.67
2024-04-09 07:00:00,0.177,24.9,5.66,50.0,231.9,28.86,25.39,0.0,RUN,2126.63
2024-04-09 08:00:00,0.197,26.7,5.73,49.0,469.3,35.87,26.62,0.0,RUN,4647.32
2024-04-09 09:00:00,0.176,28.0,5.39,44.0,682.2,40.95,-999.0,0.0,RUN,6838.44
2024-04-09 10:00:00,0.202,29.7,5.27,40.0,839.2,44.89,30.68,0.0,run,8453.46
2024-04-09 11:00:00,0.129,31.5,6.03,38.0,943.0,49.61,31.86,0.0,RUN,9498.44
2024-04-09 12:00:00,0.126,32.6,6.35,37.0,1006.2,49.06,32.58,0.0,RUN,9752.75
2024-04-09 13:00:00,0.102,33.6,5.75,33.0,940.8,49.28,33.66,0.0,RUN,9355.01
2024-04-09 14:00:00,0.146,34.0,6.01,32.0,816.1,48.95,34.63,0.0,RUN,8043.31
2024-04-09 16:00:00,0.18,33.8,7.68,33.0,409.8,40.23,34.81,0.0,RUN,3861.01
2024-04-09 17:00:00,0.201,32.5,6.95,37.0,167.6,35.79,33.27,0.0,RUN,1409.33
2024-04-09 18:00:00,0.093,31.9,5.04,32.0,18.1,32.44,33.02,0.0,run,0.0
2024-04-09 19:00:00,0.047,31.3,5.1,37.0,0.0,30.75,31.81,0.0,STANDBY,-6.86
2024-04-09 20:00:00,0.103,29.5,5.27,42.0,0.0,30.19,29.93,0.0,STANDBY,-5.83
2024-04-09 21:00:00,0.106,27.6,5.32,44.0,0.0,29.7,28.49,0.0,STANDBY,-9.69
2024-04-09 22:00:00,0.103,26.5,5.28,42.0,0.0,25.24,26.58,0.0,STANDBY,0.0
2024-04-09 23:00:00,0.142,24.8,4.56,43.0,0.0,26.86,25.04,0.0,STANDBY,-2.56
2024-04-10 00:00:00,0.251,24.6,3.6,42.0,0.0,23.89,23.72,0.0,STANDBY,-10.56
2024-04-10 01:00:00,0.326,23.8,3.36,45.0,0.0,22.88,22.8,0.0,,-4.06
2024-04-10 02:00:00,0.451,22.9,3.29,47.0,0.0,22.81,21.84,0.0,STANDBY,0.0
2024-04-10 03:00:00,0.435,22.6,3.74,47.0,0.0,22.28,21.68,0.0,STANDBY,0.0
2024-04-10 04:00:00,0.42,22.5,3.98,50.0,0.0,23.46,22.99,0.0,STANDBY,0.0
2024-04-10 05:00:00,0.346,22.9,4.65,52.0,0.0,22.84,22.63,0.0,STANDBY,-4.85
2024-04-10 06:00:00,0.259,23.9,4.11,49.0,38.5,24.46,23.76,0.0,RUN,187.88
2024-04-10 07:00:00,0.159,25.6,5.39,44.0,226.3,30.06,25.47,0.0,RUN,2057.04
2024-04-10 08:00:00,0.119,26.8,4.19,41.0,467.4,36.29,27.47,0.0, RUN ,4612.51
2024-04-10 09:00:00,0.272,28.5,4.37,39.0,635.2,42.05,28.74,0.0,RUN,6488.63
2024-04-10 10:00:00,0.288,29.8,5.13,36.0,802.5,44.27,30.4,0.0,RUN,8095.64
2024-04-10 11:00:00,0.364,30.5,5.93,36.0,885.2,47.05,31.21,0.0,RUN,8568.99
2024-04-10 12:00:00,0.416,31.6,5.5,35.0,871.0,47.81,32.49,0.0,,8817.6
2024-04-10 13:00:00,0.249,33.0,4.8,31.0,908.0,50.58,33.64,0.0,RUN,8969.52
2024-04-10 14:00:00,0.185,34.6,5.57,27.0,826.2,47.23,35.13,0.0,RUN,7998.24
2024-04-10 15:00:00,0.221,34.6,5.7,26.0,627.4,45.73,34.86,0.0, RUN ,6104.26
2024-04-10 16:00:00,0.237,34.4,5.1,23.0,391.5,40.74,34.36,0.0,RUN,3809.64
2024-04-10 17:00:00,0.25,33.8,4.6,29.0,158.1,37.67,33.94,0.0,RUN,1366.23
2024-04-10 18:00:00,0.381,32.6,4.52,28.0,15.4,33.43,31.82,0.0,RUN,5.89
2024-04-10 19:00:00,0.318,30.9,3.63,32.0,0.0,31.17,31.48,0.0,STANDBY,0.0
2024-04-10 20:00:00,0.288,29.3,3.9,36.0,0.0,30.05,30.03,0.0,STANDBY,0.0
2024-04-10 21:00:00,0.214,27.4,4.21,37.0,0.0,27.39,28.55,0.0,STANDBY,-5.67
2024-04-10 22:00:00,0.287,25.5,3.19,42.0,0.0,26.95,26.73,0.0,STANDBY,0.0
2024-04-11 00:00:00,0.669,26.8,3.2,51.0,0.0,26.45,25.62,0.0,STANDBY,-1.82
2024-04-11 01:00:00,0.739,26.3,3.49,55.0,0.0,24.92,24.97,0.0,STANDBY,0.0
2024-04-11 02:00:00,0.739,25.5,3.94,57.0,0.0,25.2,25.01,0.0,STANDBY,0.0
11-04-2024 03:00,0.582,25.7,3.42,54.0,0.0,23.98,24.4,0.0,STANDBY,-3.09
2024-04-11 04:00:00,0.409,25.7,3.02,52.0,0.0,24.44,24.45,0.0,STANDBY,-5.09
2024-04-11 05:00:00,0.354,26.1,3.17,50.0,0.0,25.11,25.23,0.0,STANDBY,0.0
2024-04-11 06:00:00,0.471,27.6,3.36,50.0,41.2,27.82,25.91,0.0,RUN,151.35
2024-04-11 07:00:00,0.563,29.7,3.25,44.0,222.1,32.21,28.38,0.0,RUN,1968.36
2024-04-11 08:00:00,0.491,31.0,2.86,40.0,452.8,38.66,29.77,0.0,RUN,4558.65
2024-04-11 09:00:00,0.334,32.8,2.55,33.0,673.1,43.54,31.05,0.0,run,6817.89
2024-04-11 10:00:00,0.369,33.6,2.97,32.0,847.9,47.96,32.8,0.0,RUN,8326.53
2024-04-11 11:00:00,0.554,34.4,3.18,30.0,965.1,52.45,34.49,0.0,RUN,9202.52
2024-04-11 12:00:00,0.671,35.8,3.09,27.0,962.5,54.27,34.96,0.0,RUN,9114.93
2024-04-11 13:00:00,0.611,36.9,3.35,28.0,861.6,51.6,35.5,0.0,run,8671.78
2024-04-11 14:00:00,0.432,37.0,3.71,31.0,812.8,51.66,36.88,0.0,RUN,7798.58
2024-04-11 15:00:00,0.544,37.2,6.19,35.0,590.9,47.81,36.77,0.0,RUN,5635.8
2024-04-11 16:00:00,0.327,37.5,6.42,31.0,398.4,43.28,36.23,0.0,RUN,3739.51
2024-04-11 17:00:00,0.477,37.5,5.71,33.0,165.4,39.43,36.48,0.0,RUN,1388.83
2024-04-11 18:00:00,0.564,37.0,4.78,38.0,17.5,34.33,35.13,0.0,RUN,61.42
2024-04-11 19:00:00,0.511,35.4,3.73,39.0,0.0,33.7,33.88,0.0,STANDBY,0.0
2024-04-11 20:00:00,0.517,34.2,4.05,40.0,0.0,33.02,32.33,0.0,standby,0.0
2024-04-11 21:00:00,0.497,32.2,3.87,41.0,0.0,31.82,31.04,0.0,STANDBY,-5.82
2024-04-11 22:00:00,0.421,30.6,3.71,46.0,0.0,29.63,29.15,0.0,STANDBY,0.0
2024-04-11 23:00:00,0.248,28.9,3.85,43.0,0.0,27.1,27.27,0.0,STANDBY,0.0
2024-04-12 00:00:00,0.202,25.4,4.97,50.0,0.0,26.15,25.39,0.0,STANDBY,-2.85
2024-04-12 01:00:00,0.156,24.2,4.33,51.0,0.0,23.75,23.92,0.0,,-6.97
2024-04-12 02:00:00,0.102,23.8,4.41,53.0,0.0,22.46,22.83,0.0,STANDBY,0.0
12-04-2024 03:00,0.116,23.2,4.55,50.0,0.0,23.26,23.73,0.0,STANDBY,-7.88
2024-04-12 04:00:00,0.209,24.3,4.4,53.0,0.0,23.22,23.88,0.0,STANDBY,-10.0
2024-04-12 05:00:00,0.302,25.1,4.24,51.0,0.0,25.27,24.92,0.0,STANDBY,0.0
2024-04-12 06:00:00,0.305,25.5,3.49,50.0,40.9,27.03,25.61,0.0,RUN,126.3
2024-04-12 07:00:00,0.369,27.3,3.3,50.0,225.9,32.35,27.41,0.0,RUN,2053.14
2024-04-12 08:00:00,0.316,28.8,2.93,43.0,461.8,38.63,28.6,0.0,RUN,4584.84
2024-04-12 09:00:00,0.424,30.8,2.79,44.0,688.2,42.7,30.74,0.0,RUN,6677.25
2024-04-12 10:00:00,0.59,32.0,2.85,39.0,784.4,-999.0,32.64,0.0,RUN,7865.36
2024-04-12 11:00:00,0.54,33.0,3.26,39.0,922.5,50.28,33.39,0.0,RUN,9013.23
2024-04-12 12:00:00,0.28,34.6,2.92,36.0,1019.1,52.73,35.15,0.0,RUN,9577.81
2024-04-12 13:00:00,0.287,35.2,3.74,32.0,937.8,50.94,36.25,0.0,RUN,9040.24
2024-04-12 14:00:00,0.445,35.9,4.08,32.0,798.3,49.21,35.86,0.0,RUN,7600.92
2024-04-12 15:00:00,0.234,36.4,3.9,31.0,649.3,46.6,36.91,0.0,RUN,6142.44
2024-04-12 16:00:00,0.232,37.1,3.92,32.0,408.5,43.18,36.5,0.0,RUN,3764.52
2024-04-12 17:00:00,0.213,36.2,3.95,35.0,169.0,39.45,35.77,0.0,RUN,1350.38
2024-04-12 18:00:00,0.33,35.7,3.34,36.0,12.8,35.41,34.52,0.0,RUN,2.71
2024-04-12 19:00:00,0.306,34.3,2.68,37.0,0.0,32.2,33.61,0.0,STANDBY,0.0
2024-04-12 20:00:00,0.304,33.1,3.3,39.0,0.0,31.56,31.42,0.0,STANDBY,-2.2
2024-04-12 21:00:00,0.245,31.7,2.99,40.0,0.0,30.45,30.58,0.0,STANDBY,-7.95
2024-04-12 22:00:00,0.258,30.2,3.26,42.0,0.0,29.16,28.29,0.0,STANDBY,-2.02
2024-04-12 23:00:00,0.256,28.9,3.66,46.0,0.0,25.86,26.84,0.0,STANDBY,-6.17
2024-04-13 00:00:00,0.293,26.3,3.29,56.0,0.0,23.57,24.83,0.0,STANDBY,0.0
2024-04-13 01:00:00,0.197,25.4,3.38,58.0,0.0,24.82,23.14,0.0, STANDBY ,0.0
2024-04-13 03:00:00,0.162,23.9,3.6,59.0,0.0,22.87,22.98,0.0,STANDBY,0.0
2024-04-13 04:00:00,0.18,24.1,3.46,58.0,0.0,21.99,22.19,0.0,STANDBY,-1.5
2024-04-13 05:00:00,0.182,24.7,3.21,61.0,0.0,23.2,23.39,0.0,STANDBY,-8.15
2024-04-13 06:00:00,0.078,25.4,3.61,57.0,44.7,26.33,24.98,0.0,RUN,201.03
2024-04-13 07:00:00,0.149,26.7,3.84,54.0,229.3,31.34,25.84,0.0,RUN,2132.58
2024-04-13 08:00:00,0.297,28.4,3.34,53.0,463.9,37.23,28.26,0.0,RUN,4545.5
2024-04-13 09:00:00,0.221,29.7,4.15,48.0,698.3,42.65,28.97,0.0,RUN,6789.77
2024-04-13 10:00:00,0.291,31.8,4.84,43.0,865.2,46.88,30.7,0.0,RUN,8396.98
2024-04-13 11:00:00,0.232,32.6,4.91,36.0,938.8,51.0,33.04,0.0,RUN,9358.12
2024-04-13 12:00:00,0.132,34.0,4.22,32.0,1031.4,51.45,33.98,0.0,RUN,9645.59
2024-04-13 13:00:00,0.159,34.6,3.88,32.0,960.2,52.31,34.45,0.0,RUN,9161.66
2024-04-13 14:00:00,0.321,35.0,3.58,33.0,825.3,48.61,35.34,0.0,RUN,7717.47
2024-04-13 15:00:00,0.389,34.7,4.48,36.0,600.8,46.63,34.98,0.0,RUN,5876.74
2024-04-13 16:00:00,0.385,34.4,4.21,39.0,381.3,42.01,34.6,0.0,RUN,3690.86
2024-04-13 17:00:00,0.3,33.6,4.73,34.0,171.5,37.52,34.31,0.0,RUN,1374.34
2024-04-13 18:00:00,0.285,33.1,3.74,37.0,19.5,34.35,33.54,0.0,RUN,-3.77
2024-04-13 19:00:00,0.294,31.6,3.61,40.0,0.0,30.53,32.31,0.0,STANDBY,-1.79
2024-04-13 20:00:00,0.324,30.5,3.69,45.0,0.0,30.1,30.89,0.0,standby,-999.0
2024-04-13 21:00:00,0.284,29.3,3.37,46.0,0.0,29.69,28.63,0.0,STANDBY,0.0
2024-04-13 22:00:00,0.304,27.8,3.06,48.0,0.0,25.23,27.75,0.0,STANDBY,-9.47
2024-04-13 23:00:00,0.231,26.1,2.71,55.0,0.0,26.22,25.52,0.0,STANDBY,-8.39
2024-04-14 00:00:00,0.154,24.7,3.53,49.0,0.0,23.89,24.0,0.0,STANDBY,-3.32
2024-04-14 01:00:00,0.2,24.2,3.38,54.0,0.0,23.35,23.29,0.0,STANDBY,-5.79
2024-04-14 02:00:00,0.186,23.3,2.93,54.0,0.0,23.53,22.85,0.0,STANDBY,-4.25
2024-04-14 03:00:00,0.112,23.1,3.22,54.0,0.0,21.59,21.6,0.0,STANDBY,0.0
2024-04-14 04:00:00,0.095,24.0,3.11,52.0,0.0,22.45,22.55,0.0,STANDBY,0.0
2024-04-14 05:00:00,0.128,24.3,2.9,47.0,0.0,25.1,23.31,0.0,STANDBY,0.0
2024-04-14 06:00:00,0.136,25.2,3.0,48.0,45.6,25.57,24.14,0.0,RUN,210.03
2024-04-14 07:00:00,0.124,26.3,3.34,46.0,244.8,30.72,25.89,0.0,RUN,2147.83
2024-04-14 08:00:00,0.206,28.3,3.93,41.0,472.5,37.72,27.03,0.0,RUN,4642.38
2024-04-14 09:00:00,0.342,30.4,4.3,43.0,694.8,43.08,28.6,0.0,RUN,6840.95
2024-04-14 10:00:00,0.312,32.0,4.15,37.0,865.9,47.34,30.45,0.0,RUN,8400.6
2024-04-14 11:00:00,0.234,34.3,4.17,33.0,949.3,48.61,32.39,0.0, run ,9394.49
2024-04-14 12:00:00,0.304,35.8,5.18,33.0,994.5,51.85,32.81,0.0,RUN,9528.93
2024-04-14 13:00:00,0.279,36.7,5.22,28.0,926.2,50.35,34.25,0.0,RUN,9076.88
2024-04-14 14:00:00,0.271,37.3,5.32,29.0,802.0,49.06,34.63,0.0,RUN,7880.39
2024-04-14 15:00:00,0.311,37.4,5.68,29.0,624.5,46.23,35.58,0.0,RUN,6087.77
2024-04-14 16:00:00,0.319,36.8,6.27,27.0,405.5,42.79,35.44,0.0,RUN,3749.02
2024-04-14 17:00:00,0.267,36.5,5.98,28.0,176.0,36.94,34.74,0.0,RUN,1406.09
2024-04-14 18:00:00,0.235,34.9,5.59,31.0,18.8,33.86,33.92,0.0,RUN,24.04
2024-04-14 19:00:00,0.242,33.6,5.01,34.0,0.0,31.27,31.72,0.0,STANDBY,0.0
2024-04-14 20:00:00,0.178,32.2,4.85,36.0,0.0,29.89,29.96,0.0,STANDBY,-6.45
2024-04-14 21:00:00,0.117,30.3,4.24,36.0,0.0,29.63,28.31,0.0,STANDBY,0.0
2024-04-14 22:00:00,0.143,29.4,4.22,40.0,0.0,27.26,27.05,0.0,STANDBY,0.0
2024-04-14 23:00:00,0.316,26.9,3.79,45.0,0.0,25.79,26.15,0.0,STANDBY,-3.5
2024-04-15 00:00:00,0.518,23.9,2.76,57.0,0.0,25.45,24.31,0.0,STANDBY,-11.16
2024-04-15 01:00:00,0.429,22.5,3.02,57.0,0.0,23.44,23.54,0.0,STANDBY,0.0
2024-04-15 02:00:00,0.268,21.5,3.52,58.0,0.0,24.23,23.16,0.0,STANDBY,-3.44
2024-04-15 03:00:00,0.284,21.0,3.74,58.0,0.0,22.8,21.93,0.0,STANDBY,0.0
2024-04-15 04:00:00,0.334,21.3,4.23,52.0,0.0,24.1,23.02,0.0,STANDBY,0.0
2024-04-15 05:00:00,0.241,21.7,3.63,52.0,0.0,22.26,23.27,0.0,STANDBY,0.0
2024-04-15 06:00:00,0.245,23.4,3.64,51.0,44.5,26.09,25.0,0.0, RUN ,224.27
2024-04-15 07:00:00,0.25,24.8,3.03,47.0,222.4,31.82,27.07,0.0,RUN,2100.26
2024-04-15 08:00:00,0.247,26.2,3.65,46.0,448.8,38.0,27.68,0.0,RUN,4323.01
2024-04-15 09:00:00,0.232,27.9,3.81,44.0,642.6,43.74,29.31,0.0,RUN,6355.04
2024-04-15 10:00:00,0.42,29.1,3.5,44.0,686.3,46.19,30.72,0.0,RUN,6534.54
2024-04-15 11:00:00,0.425,30.0,3.81,42.0,781.4,50.12,31.81,0.0,RUN,7852.7
2024-04-15 12:00:00,0.463,30.8,3.99,41.0,795.1,51.12,33.72,0.0,RUN,8082.2
2024-04-15 13:00:00,0.473,32.2,5.1,37.0,875.7,51.07,34.13,0.0,RUN,8245.88
2024-04-15 14:00:00,0.383,33.5,5.71,31.0,802.1,49.3,34.86,0.0,RUN,7569.46
2024-04-15 15:00:00,0.31,33.7,5.76,34.0,616.4,47.55,35.2,0.0,RUN,5887.96
2024-04-15 16:00:00,0.338,33.9,6.13,38.0,368.0,42.92,35.45,0.0,RUN,3625.08
2024-04-15 17:00:00,0.42,32.7,4.84,39.0,151.1,37.7,34.36,0.0,RUN,1213.69
2024-04-15 18:00:00,0.394,32.2,4.58,41.0,15.7,33.93,34.21,0.0,RUN,19.36
2024-04-15 19:00:00,0.304,31.1,3.31,43.0,0.0,31.8,32.72,0.0,STANDBY,0.0
2024-04-15 20:00:00,0.18,29.3,2.46,41.0,0.0,30.0,31.23,0.0,STANDBY,-2.1
2024-04-15 21:00:00,0.132,28.2,2.4,41.0,0.0,27.31,29.38,0.0,STANDBY,0.0
2024-04-15 22:00:00,0.294,26.1,1.93,50.0,0.0,27.56,28.03,0.0,STANDBY,0.0
2024-04-15 23:00:00,0.432,24.6,2.04,57.0,0.0,24.69,25.53,0.0,STANDBY,0.0
2024-04-16 00:00:00,0.701,25.1,3.15,58.0,0.0,25.31,25.06,0.0,STANDBY,0.0
2024-04-16 01:00:00,0.704,23.6,3.12,59.0,0.0,23.08,24.14,0.0,STANDBY,-7.42
2024-04-16 02:00:00,0.672,22.7,3.53,62.0,0.0,24.46,23.24,0.0,standby,-9.36
2024-04-16 03:00:00,0.671,22.7,4.29,59.0,0.0,22.54,23.14,0.0,STANDBY,-6.43
2024-04-16 04:00:00,0.784,23.1,4.2,59.0,0.0,23.77,23.81,0.0,STANDBY,-9.75
2024-04-16 05:00:00,0.791,23.7,4.88,61.0,0.0,23.77,23.6,0.0,STANDBY,-9.97
2024-04-16 06:00:00,0.738,25.2,5.05,60.0,48.2,26.33,25.5,0.0,RUN,154.99
2024-04-16 07:00:00,0.742,26.6,4.67,54.0,236.2,32.96,26.26,0.0,RUN,2101.03
16-04-2024 08:00,0.712,28.1,4.92,49.0,454.0,36.96,28.78,0.0,RUN,4432.66
2024-04-16 09:00:00,0.597,30.6,5.18,46.0,664.7,44.38,29.66,0.0,RUN,6611.75
2024-04-16 10:00:00,0.721,32.1,5.51,46.0,814.8,47.03,32.21,0.0,RUN,7999.51
2024-04-16 11:00:00,0.544,33.7,5.4,41.0,919.4,51.79,33.33,0.0,RUN,9199.16
2024-04-16 12:00:00,0.527,34.4,6.98,40.0,973.5,53.62,34.21,0.0,RUN,9339.14
2024-04-16 13:00:00,0.624,34.9,7.2,39.0,889.6,51.43,35.28,0.0,run,8703.64
2024-04-16 14:00:00,0.576,35.4,7.51,37.0,792.1,50.83,35.83,0.0,RUN,7667.37
2024-04-16 15:00:00,0.4,35.7,7.12,33.0,626.3,47.14,36.28,0.0,RUN,5993.49
2024-04-16 16:00:00,0.408,35.4,5.6,30.0,406.6,43.7,35.96,0.0,RUN,3783.53
2024-04-16 17:00:00,0.466,34.8,6.07,31.0,169.1,38.31,34.95,0.0,RUN,1359.72
2024-04-16 18:00:00,0.488,33.4,5.33,34.0,15.5,34.7,33.64,0.0,RUN,35.49
2024-04-16 19:00:00,0.594,32.1,4.3,36.0,0.0,34.2,32.17,0.0,STANDBY,0.0
2024-04-16 20:00:00,0.725,30.9,4.66,44.0,0.0,31.23,31.69,0.0,STANDBY,-7.67
2024-04-16 21:00:00,0.491,29.9,4.23,46.0,0.0,28.84,30.32,0.0,STANDBY,-8.04
2024-04-16 22:00:00,0.625,28.3,4.41,50.0,0.0,28.47,28.46,0.0,STANDBY,0.0
2024-04-16 23:00:00,0.655,26.9,3.93,53.0,0.0,26.39,26.55,0.0,STANDBY,-10.3
2024-04-17 00:00:00,0.486,27.3,4.9,48.0,0.0,24.42,25.22,0.0,STANDBY,0.0
2024-04-17 01:00:00,0.34,26.3,4.82,53.0,0.0,24.34,24.15,0.0,STANDBY,-5.65
2024-04-17 02:00:00,0.315,24.9,4.95,56.0,0.0,22.24,23.21,0.0,STANDBY,-3.71
2024-04-17 03:00:00,0.393,24.8,4.8,54.0,0.0,23.07,23.52,0.0,STANDBY,0.0
2024-04-17 04:00:00,0.473,25.3,4.28,53.0,0.0,21.6,23.07,0.0,STANDBY,-8.72
2024-04-17 05:00:00,0.483,25.9,3.51,50.0,0.0,25.38,24.76,0.0,STANDBY,-9.14
2024-04-17 06:00:00,0.218,27.1,4.04,50.0,51.8,27.08,25.78,0.0,RUN,233.0
2024-04-17 07:00:00,0.277,28.2,4.37,49.0,228.4,30.31,25.91,0.0,RUN,2154.65
2024-04-17 09:00:00,0.5,31.3,4.04,45.0,678.9,42.01,30.09,0.0,RUN,6488.64
2024-04-17 10:00:00,0.45,32.4,4.07,40.0,841.7,44.91,31.42,0.0,RUN,8211.21
2024-04-17 11:00:00,0.489,34.3,4.41,36.0,915.2,48.45,33.93,0.0,run,8977.45
2024-04-17 12:00:00,0.569,34.9,4.24,36.0,918.8,49.26,34.09,0.0,RUN,8894.48
2024-04-17 13:00:00,0.378,36.5,3.77,29.0,933.7,49.83,34.86,0.0,RUN,8803.61
2024-04-17 14:00:00,0.287,37.2,3.58,28.0,804.4,48.42,36.2,0.0,RUN,7866.6
2024-04-17 15:00:00,0.516,37.3,3.87,29.0,621.0,47.14,36.03,0.0,RUN,5944.16
2024-04-17 16:00:00,0.578,36.9,4.3,32.0,393.6,42.02,36.29,0.0,run,3655.82
2024-04-17 17:00:00,0.59,36.0,4.38,32.0,165.0,36.76,34.79,0.0,,1280.5
2024-04-17 18:00:00,0.558,35.2,4.31,35.0,15.0,34.89,34.07,0.0,RUN,49.64
2024-04-17 19:00:00,0.537,34.2,4.91,39.0,0.0,32.18,33.11,0.0,standby,-5.68
17-04-2024 20:00,0.542,32.9,4.47,42.0,0.0,31.84,31.58,0.0,standby,0.0
2024-04-17 21:00:00,0.569,31.5,4.2,43.0,0.0,30.19,30.43,0.0,STANDBY,0.0
2024-04-17 22:00:00,0.452,29.5,4.43,45.0,0.0,28.29,28.2,0.0,STANDBY,-9.96
2024-04-17 23:00:00,0.291,27.7,4.31,49.0,0.0,26.64,26.51,0.0,STANDBY,0.0
2024-04-18 00:00:00,0.356,26.5,3.82,55.0,0.0,24.08,26.18,0.0,standby,-4.61
2024-04-18 01:00:00,0.348,25.5,3.84,56.0,0.0,24.14,24.22,0.0,,-10.16
2024-04-18 02:00:00,0.402,24.8,4.39,57.0,0.0,24.02,23.35,0.0,STANDBY,-5.36
2024-04-18 03:00:00,0.461,24.7,4.72,57.0,0.0,23.58,23.69,0.0,STANDBY,0.0
2024-04-18 04:00:00,0.258,25.0,4.47,57.0,0.0,23.62,24.62,0.0,STANDBY,-6.72
18-04-2024 06:00,0.397,26.7,4.54,61.0,51.5,26.62,25.85,0.0,RUN,188.8
2024-04-18 07:00:00,0.558,28.5,4.47,58.0,220.3,31.84,27.49,0.0,RUN,2104.17
2024-04-18 08:00:00,0.372,30.3,4.05,53.0,473.1,38.73,29.32,0.0,RUN,4570.91
2024-04-18 09:00:00,0.296,31.7,4.69,51.0,680.4,43.07,30.18,0.0,run,6737.12
2024-04-18 10:00:00,0.205,33.7,4.11,49.0,887.3,45.64,32.36,0.0,RUN,8326.46
2024-04-18 11:00:00,0.264,34.5,4.41,46.0,964.1,49.31,33.74,0.0,RUN,9221.19
2024-04-18 12:00:00,0.387,35.8,4.8,43.0,978.5,51.25,34.69,0.0,RUN,9243.39
2024-04-18 13:00:00,0.463,36.7,4.97,40.0,862.4,49.6,35.76,0.0,RUN,8530.2
2024-04-18 14:00:00,0.484,37.6,6.06,34.0,809.0,49.78,36.2,0.0,RUN,7600.3
2024-04-18 15:00:00,0.331,37.4,6.51,31.0,603.2,46.9,36.89,0.0,run,5949.67
2024-04-18 16:00:00,0.382,36.6,6.43,33.0,393.0,41.45,36.92,0.0,RUN,3663.14
2024-04-18 17:00:00,0.511,36.4,6.42,35.0,170.7,37.18,36.04,0.0,RUN,1267.06
2024-04-18 18:00:00,0.284,35.6,5.68,33.0,17.7,35.48,35.29,0.0,run,48.34
2024-04-18 19:00:00,0.332,34.1,4.93,38.0,0.0,33.84,33.56,0.0,STANDBY,0.0
2024-04-18 20:00:00,0.256,32.7,3.6,41.0,0.0,31.31,31.81,0.0,STANDBY,0.0
2024-04-18 21:00:00,0.304,31.3,3.5,40.0,0.0,29.85,30.19,0.0,STANDBY,-8.72
2024-04-18 22:00:00,0.334,29.2,3.83,42.0,0.0,28.22,27.98,0.0,STANDBY,0.0
2024-04-18 23:00:00,0.543,27.3,3.64,50.0,0.0,26.65,27.0,0.0,STANDBY,0.0
2024-04-19 00:00:00,0.255,24.9,3.6,48.0,0.0,25.92,25.05,0.0,standby,0.0
2024-04-19 01:00:00,0.216,23.5,3.94,48.0,0.0,23.11,24.53,0.0,standby,-4.17
2024-04-19 02:00:00,0.34,22.8,4.23,50.0,0.0,23.49,24.25,0.0,STANDBY,-8.48
2024-04-19 03:00:00,0.369,22.9,4.17,49.0,0.0,23.7,23.18,0.0,STANDBY,0.0
2024-04-19 04:00:00,0.443,23.6,3.9,53.0,0.0,23.27,24.19,0.0,STANDBY,-11.42
2024-04-19 05:00:00,0.431,25.0,4.92,56.0,0.0,25.77,23.97,0.0,STANDBY,-3.69
19-04-2024 06:00,0.236,25.2,4.49,49.0,47.2,25.44,25.09,0.0,RUN,222.97
2024-04-19 07:00:00,0.182,26.9,4.94,46.0,234.4,30.01,26.76,0.0,RUN,2214.55
2024-04-19 08:00:00,0.205,28.3,5.38,46.0,490.0,37.2,28.76,0.0,RUN,4645.18
2024-04-19 09:00:00,0.142,30.3,4.48,45.0,696.6,43.7,30.73,0.0,RUN,6815.63
2024-04-19 10:00:00,0.187,32.1,3.56,39.0,870.3,45.89,31.68,0.0,RUN,8411.94
2024-04-19 11:00:00,0.236,34.1,3.95,38.0,937.6,49.83,33.1,0.0,RUN,9269.02
2024-04-19 12:00:00,0.173,35.0,3.7,37.0,991.5,51.19,34.76,0.0,RUN,9523.16
2024-04-19 13:00:00,0.126,35.2,4.1,35.0,956.9,51.09,35.57,0.0,RUN,9037.13
2024-04-19 14:00:00,0.066,35.5,4.8,30.0,816.8,48.69,36.58,0.0,RUN,7767.41
2024-04-19 15:00:00,0.099,36.6,4.46,34.0,623.0,46.56,35.78,0.0,RUN,6099.59
2024-04-19 16:00:00,0.153,37.0,4.21,36.0,403.3,42.45,36.5,0.0,RUN,3707.05
2024-04-19 17:00:00,0.105,36.4,5.79,35.0,167.5,37.78,36.01,0.0, RUN ,1306.82
2024-04-19 18:00:00,0.2,34.6,5.47,36.0,16.8,34.04,33.81,0.0,RUN,-2.06
2024-04-19 19:00:00,0.198,33.2,4.92,37.0,0.0,32.91,33.25,0.0,STANDBY,-3.65
2024-04-19 20:00:00,0.207,31.2,5.01,40.0,0.0,33.19,30.97,0.0,STANDBY,-8.95
2024-04-19 21:00:00,0.243,30.0,5.39,41.0,0.0,30.08,29.51,0.0,STANDBY,0.0
2024-04-19 22:00:00,0.139,27.7,5.84,39.0,0.0,28.6,27.68,0.0,STANDBY,0.0
2024-04-19 23:00:00,0.155,26.7,5.18,46.0,0.0,26.63,26.28,0.0,STANDBY,0.0
20-04-2024 00:00,0.363,24.3,4.42,48.0,0.0,25.63,25.2,0.0,STANDBY,0.0
2024-04-20 02:00:00,0.229,22.7,4.35,48.0,0.0,22.39,23.41,0.0,STANDBY,0.0
2024-04-20 03:00:00,0.174,22.9,4.4,46.0,0.0,24.21,23.94,0.0,STANDBY,-3.9
2024-04-20 04:00:00,0.344,23.1,4.15,46.0,0.0,22.84,22.76,0.0,STANDBY,-5.85
2024-04-20 05:00:00,0.379,23.5,3.92,46.0,0.0,25.23,25.34,0.0,STANDBY,-9.5
2024-04-20 06:00:00,0.363,25.2,3.93,41.0,46.0,25.37,25.28,0.0,RUN,238.84
2024-04-20 07:00:00,0.534,26.6,3.79,40.0,234.0,31.62,26.89,0.0,RUN,2140.89
2024-04-20 08:00:00,0.44,28.3,3.99,33.0,476.6,38.05,28.73,0.0,RUN,4612.71
2024-04-20 09:00:00,0.425,30.1,3.66,29.0,691.7,42.78,29.79,0.0,run,6823.66
2024-04-20 10:00:00,0.385,31.6,3.78,25.0,841.6,45.09,31.93,0.0,RUN,8324.02
2024-04-20 11:00:00,0.477,32.6,3.92,25.0,969.2,49.47,32.71,0.0,RUN,9157.66
2024-04-20 12:00:00,0.458,33.5,4.03,27.0,969.9,49.74,34.05,0.0,RUN,9310.88
2024-04-20 13:00:00,0.247,34.7,4.23,23.0,952.1,50.43,35.7,0.0,RUN,9017.73
2024-04-20 14:00:00,0.296,35.0,4.87,25.0,809.5,49.21,35.77,0.0,RUN,7724.35
2024-04-20 15:00:00,0.44,34.8,5.43,27.0,606.2,46.5,36.09,0.0,RUN,5763.57
2024-04-20 16:00:00,0.41,34.6,5.25,29.0,375.3,40.83,34.88,0.0,RUN,3610.52
2024-04-20 17:00:00,0.413,33.8,5.15,34.0,170.1,37.06,34.58,0.0,RUN,1272.4
2024-04-20 19:00:00,0.215,31.6,4.54,36.0,0.0,32.86,32.45,0.0,standby,0.0
2024-04-20 20:00:00,0.223,30.2,4.0,36.0,0.0,31.1,31.37,0.0,STANDBY,0.0
2024-04-20 21:00:00,0.228,28.6,3.82,40.0,0.0,29.08,29.81,0.0,standby,0.0
2024-04-20 22:00:00,0.177,26.9,3.33,44.0,0.0,28.93,28.18,0.0,STANDBY,0.0
2024-04-20 23:00:00,0.156,26.1,3.08,47.0,0.0,26.39,26.07,0.0,STANDBY,0.0
2024-04-21 00:00:00,0.577,26.8,3.44,58.0,0.0,26.75,27.15,0.0,STANDBY,-5.22
2024-04-21 01:00:00,0.545,25.5,3.57,56.0,0.0,23.53,25.66,0.0,STANDBY,-7.21
2024-04-21 02:00:00,0.641,25.1,3.18,60.0,0.0,24.93,25.15,0.0,STANDBY,0.0
2024-04-21 03:00:00,0.57,24.5,3.21,64.0,0.0,24.77,25.41,0.0,standby,-9.58
2024-04-21 04:00:00,0.618,24.6,3.16,62.0,0.0,25.35,25.44,0.0, STANDBY ,0.0
2024-04-21 05:00:00,0.642,25.5,3.22,62.0,0.0,25.81,26.06,0.0,STANDBY,-2.56
2024-04-21 06:00:00,0.536,26.4,3.54,56.0,48.3,28.88,26.48,0.0,RUN,206.98
2024-04-21 07:00:00,0.546,27.7,3.15,53.0,228.1,33.07,28.41,0.0,RUN,2104.69
2024-04-21 08:00:00,0.526,29.8,3.17,52.0,470.5,39.24,30.25,0.0,RUN,4544.82
2024-04-21 09:00:00,0.61,31.6,3.64,48.0,666.9,43.48,31.45,0.0,RUN,6412.37
2024-04-21 10:00:00,0.732,33.3,4.05,49.0,777.3,48.23,33.01,0.0,RUN,7605.09
2024-04-21 11:00:00,0.671,34.7,3.91,41.0,923.6,51.66,34.31,0.0,RUN,8812.67
2024-04-21 12:00:00,0.653,35.5,4.06,37.0,949.4,52.98,36.16,0.0,RUN,9054.06
2024-04-21 13:00:00,0.548,36.8,4.6,33.0,933.5,52.6,37.21,0.0,,8775.84
2024-04-21 14:00:00,0.65,37.8,3.93,34.0,786.6,51.24,37.35,0.0,RUN,7522.32
2024-04-21 15:00:00,0.662,37.8,4.28,35.0,581.9,46.9,37.2,0.0,RUN,5604.42
2024-04-21 16:00:00,0.554,37.9,3.43,35.0,394.4,44.17,37.46,0.0,RUN,3514.73
2024-04-21 17:00:00,0.397,37.0,3.03,34.0,166.5,39.92,35.83,0.0,RUN,1304.89
2024-04-21 18:00:00,0.538,35.6,3.13,36.0,14.2,36.42,35.59,0.0,RUN,57.05
2024-04-21 19:00:00,0.751,34.2,3.4,39.0,0.0,34.01,34.31,0.0,STANDBY,0.0
2024-04-21 20:00:00,0.746,32.7,3.32,45.0,0.0,32.99,32.28,0.0,STANDBY,-10.67
2024-04-21 21:00:00,0.813,31.4,3.29,49.0,0.0,31.1,31.54,0.0,STANDBY,-8.26
2024-04-21 22:00:00,0.729,30.0,3.78,54.0,0.0,29.99,29.32,0.0,STANDBY,-10.63
2024-04-21 23:00:00,0.773,28.3,4.23,56.0,0.0,28.92,28.18,0.0,STANDBY,0.0
2024-04-22 00:00:00,0.747,26.7,4.13,66.0,0.0,26.84,26.91,0.0,STANDBY,-10.13
2024-04-22 01:00:00,0.665,26.0,4.42,66.0,0.0,24.24,25.38,0.0,STANDBY,0.0
2024-04-22 02:00:00,0.752,25.6,4.23,71.0,0.0,23.94,24.93,0.0, STANDBY ,-4.54
2024-04-22 03:00:00,0.626,25.2,4.12,69.0,0.0,23.56,24.13,0.0,STANDBY,0.0
2024-04-22 04:00:00,0.701,25.1,3.28,66.0,0.0,24.2,23.9,0.0,STANDBY,-1.66
2024-04-22 05:00:00,0.528,25.6,3.63,62.0,0.0,24.77,25.85,0.0,STANDBY,-5.41
2024-04-22 06:00:00,0.684,26.7,3.32,63.0,47.7,-999.0,26.29,0.0,RUN,202.53
2024-04-22 07:00:00,0.68,28.4,3.75,61.0,235.5,33.97,28.32,0.0,RUN,2170.46
2024-04-22 08:00:00,0.697,30.0,4.18,60.0,461.9,38.38,29.37,0.0,RUN,4518.04
2024-04-22 09:00:00,0.583,31.7,3.93,55.0,685.0,45.13,30.7,0.0,RUN,6615.81
2024-04-22 10:00:00,0.572,32.8,3.77,50.0,875.7,49.05,32.81,0.0,RUN,8133.72
2024-04-22 11:00:00,0.715,34.4,3.98,51.0,880.5,50.92,33.65,0.0,RUN,8519.11
2024-04-22 12:00:00,0.659,35.7,3.94,47.0,920.1,53.37,34.4,0.0,RUN,8934.9
2024-04-22 13:00:00,0.682,36.7,4.09,46.0,892.8,52.88,35.25,0.0,RUN,8476.18
2024-04-22 14:00:00,0.549,37.7,3.98,41.0,776.8,51.05,35.68,0.0,RUN,7364.88
2024-04-22 15:00:00,0.475,37.4,4.3,39.0,603.0,48.69,36.28,0.0,RUN,5792.14
2024-04-22 16:00:00,0.284,37.1,4.69,40.0,399.5,43.47,36.17,0.0, RUN ,3682.39
2024-04-22 17:00:00,0.255,36.3,4.31,41.0,171.1,38.35,36.63,0.0,RUN,1326.72
2024-04-22 18:00:00,0.371,35.3,4.02,43.0,14.8,34.98,35.04,0.0,RUN,0.0
2024-04-22 19:00:00,0.534,34.0,3.54,49.0,0.0,33.04,33.75,0.0,STANDBY,-4.15
2024-04-22 20:00:00,0.611,32.8,3.2,52.0,0.0,30.31,31.81,0.0,STANDBY,-9.81
2024-04-22 21:00:00,0.707,30.8,2.56,56.0,0.0,30.05,31.16,0.0,STANDBY,0.0
2024-04-22 22:00:00,0.598,28.9,2.59,54.0,0.0,29.94,28.71,0.0,STANDBY,0.0
2024-04-22 23:00:00,0.495,27.9,2.3,59.0,0.0,26.63,27.39,0.0, STANDBY ,0.0
2024-04-23 00:00:00,0.25,24.6,1.9,51.0,0.0,25.82,25.39,0.0,STANDBY,-3.9
2024-04-23 01:00:00,0.372,24.4,2.14,53.0,0.0,24.79,25.13,0.0,STANDBY,-8.43
2024-04-23 02:00:00,0.353,23.4,2.08,55.0,0.0,22.29,23.98,0.0,STANDBY,-11.09
2024-04-23 03:00:00,0.464,22.9,2.17,57.0,0.0,23.45,23.05,0.0,STANDBY,-8.31
2024-04-23 04:00:00,0.453,22.6,2.82,58.0,0.0,25.48,24.01,0.0,STANDBY,-2.95
2024-04-23 05:00:00,0.292,22.7,2.57,50.0,0.0,24.01,25.12,0.0,STANDBY,-3.22
2024-04-23 06:00:00,0.355,24.2,2.51,50.0,52.5,27.77,25.96,0.0,RUN,279.05
2024-04-23 07:00:00,0.381,26.1,2.3,50.0,247.1,32.37,27.2,0.0,RUN,2155.79
2024-04-23 08:00:00,0.45,27.1,2.12,47.0,493.6,40.29,28.89,0.0,RUN,4547.94
2024-04-23 09:00:00,0.522,29.1,2.41,48.0,663.9,44.41,30.24,0.0,RUN,6265.41
2024-04-23 10:00:00,0.394,30.4,2.6,45.0,809.1,49.14,32.12,0.0,RUN,7746.3
2024-04-23 11:00:00,0.357,32.2,2.89,38.0,939.2,53.29,33.69,0.0,RUN,8708.99
2024-04-23 12:00:00,0.399,33.3,3.27,33.0,901.7,52.52,34.73,0.0,RUN,8919.23
2024-04-23 13:00:00,0.167,34.2,3.37,29.0,927.8,55.45,35.48,0.0,RUN,8759.13
2024-04-23 14:00:00,0.187,34.9,3.62,29.0,826.4,51.34,36.59,0.0,RUN,7618.83
2024-04-23 15:00:00,0.14,34.9,3.95,30.0,619.0,48.09,36.01,0.0,RUN,5862.37
2024-04-23 16:00:00,0.192,34.7,3.55,28.0,395.9,43.29,35.81,0.0,RUN,3656.64
2024-04-23 17:00:00,0.203,33.3,2.99,28.0,167.9,38.4,35.03,0.0,RUN,1274.64
2024-04-23 18:00:00,0.207,32.1,3.56,33.0,19.0,34.8,34.88,0.0,RUN,1.75
2024-04-23 19:00:00,0.169,31.2,3.06,35.0,0.0,34.12,33.3,0.0,STANDBY,0.0
2024-04-23 20:00:00,0.144,30.3,2.8,40.0,0.0,31.48,31.83,0.0,STANDBY,0.0
2024-04-23 20:00:00,0.144,30.3,2.8,40.0,0.0,31.48,31.83,0.0,STANDBY,0.0
2024-04-23 21:00:00,0.198,28.8,3.11,43.0,0.0,30.96,30.33,0.0,STANDBY,-8.59
2024-04-23 22:00:00,0.225,26.8,2.95,50.0,0.0,28.28,28.48,0.0,STANDBY,0.0
23-04-2024 23:00,0.32,25.2,3.17,53.0,0.0,27.2,27.03,0.0,STANDBY,-3.98
2024-04-24 00:00:00,0.241,26.8,2.77,60.0,0.0,26.52,26.07,0.0,STANDBY,0.0
2024-04-24 01:00:00,0.238,25.8,2.95,60.0,0.0,25.14,25.24,0.0,STANDBY,0.0
2024-04-24 02:00:00,0.101,25.7,2.87,61.0,0.0,24.84,25.15,0.0,STANDBY,0.0
2024-04-24 03:00:00,0.121,24.9,2.97,60.0,0.0,25.23,24.21,0.0,STANDBY,0.0
2024-04-24 04:00:00,0.106,25.7,3.19,60.0,0.0,25.02,25.01,0.0,STANDBY,-7.87
2024-04-24 05:00:00,0.11,26.6,3.14,56.0,0.0,25.98,25.9,0.0,STANDBY,0.0
2024-04-24 06:00:00,0.109,27.8,2.85,51.0,47.3,27.81,26.76,0.0,RUN,291.45
2024-04-24 07:00:00,0.166,29.1,2.62,51.0,249.1,32.62,27.88,0.0,RUN,2194.06
2024-04-24 08:00:00,0.141,30.8,2.38,48.0,486.2,39.32,29.1,0.0,RUN,4659.58
2024-04-24 09:00:00,0.093,32.3,2.42,44.0,684.9,45.41,31.34,0.0,RUN,6698.47
2024-04-24 10:00:00,0.185,33.9,2.92,41.0,865.9,49.03,32.17,0.0,RUN,8160.71
2024-04-24 11:00:00,0.192,35.5,3.78,40.0,963.2,52.13,33.93,0.0,RUN,9171.85
2024-04-24 12:00:00,0.161,37.4,3.8,36.0,959.2,52.15,35.11,0.0,RUN,9257.85
2024-04-24 13:00:00,0.17,37.8,4.15,38.0,915.5,53.09,36.68,0.0,RUN,8764.06
2024-04-24 14:00:00,0.085,39.1,4.24,36.0,802.1,52.16,36.77,0.0,RUN,7664.74
2024-04-24 15:00:00,0.074,38.9,4.24,34.0,609.8,47.33,36.7,0.0,RUN,5890.62
2024-04-24 16:00:00,0.114,39.0,3.89,36.0,388.7,44.19,37.16,0.0,RUN,3629.16
2024-04-24 17:00:00,0.19,38.2,3.97,38.0,163.5,39.94,35.53,0.0,RUN,1310.02
2024-04-24 18:00:00,0.205,36.9,3.59,44.0,16.9,35.06,35.73,0.0,RUN,-10.79
2024-04-24 19:00:00,0.153,35.8,3.42,46.0,0.0,35.29,33.67,0.0,STANDBY,-1.59
2024-04-24 20:00:00,0.136,34.2,3.84,47.0,0.0,31.11,31.87,0.0,STANDBY,0.0
2024-04-24 21:00:00,0.147,33.1,3.08,53.0,0.0,31.22,30.7,0.0,STANDBY,0.0
2024-04-24 22:00:00,0.341,30.9,3.12,58.0,0.0,29.53,29.91,0.0,STANDBY,-2.33
2024-04-24 23:00:00,0.38,29.2,2.98,63.0,0.0,28.18,28.51,0.0,STANDBY,-5.55
2024-04-25 00:00:00,0.274,24.5,3.16,63.0,0.0,24.96,23.81,0.0,STANDBY,-1.75
2024-04-25 01:00:00,0.37,24.1,3.01,65.0,0.0,23.07,23.3,0.0,STANDBY,-2.0
2024-04-25 02:00:00,0.444,23.6,3.17,63.0,0.0,21.7,23.35,0.0,STANDBY,0.0
2024-04-25 03:00:00,0.416,24.2,2.62,64.0,0.0,21.42,22.86,0.0,STANDBY,0.0
2024-04-25 04:00:00,0.258,24.2,3.47,61.0,0.0,22.94,22.69,0.0,STANDBY,0.0
2024-04-25 05:00:00,0.216,24.5,3.1,58.0,0.0,23.42,23.27,0.0,STANDBY,-1.65
2024-04-25 06:00:00,0.394,25.7,2.98,56.0,57.5,25.72,24.52,0.0,RUN,236.13
2024-04-25 07:00:00,0.358,27.3,3.37,54.0,246.4,30.45,26.33,0.0, RUN ,2230.51
2024-04-25 08:00:00,0.276,28.5,2.81,50.0,472.9,37.83,28.21,0.0,RUN,4629.24
2024-04-25 09:00:00,0.238,30.1,2.96,47.0,671.6,43.98,28.56,0.0,RUN,6627.33
2024-04-25 10:00:00,0.366,31.7,3.37,46.0,826.6,47.56,31.13,0.0,RUN,7953.26
2024-04-25 11:00:00,0.414,33.2,3.87,42.0,889.6,46.79,31.51,0.0,RUN,8532.97
2024-04-25 12:00:00,0.328,34.5,3.44,38.0,925.6,50.89,33.42,0.0,RUN,9049.96
2024-04-25 13:00:00,0.461,34.9,3.97,37.0,851.2,48.02,34.25,0.0,RUN,8146.4
2024-04-25 14:00:00,0.266,36.0,3.7,33.0,763.8,49.0,34.12,0.0,RUN,7524.37
2024-04-25 15:00:00,0.18,36.3,3.86,34.0,616.2,46.44,35.14,0.0,RUN,5935.69
2024-04-25 16:00:00,0.29,35.7,3.65,40.0,387.2,40.07,34.42,0.0,RUN,3667.6
2024-04-25 17:00:00,0.396,35.0,3.86,41.0,165.6,37.11,33.57,0.0,RUN,1306.04
2024-04-25 18:00:00,0.397,33.7,4.1,45.0,18.8,34.4,33.12,0.0,RUN,-7.57
2024-04-25 19:00:00,0.325,32.3,4.06,46.0,0.0,30.83,30.94,0.0,STANDBY,0.0
2024-04-25 20:00:00,0.422,31.2,4.1,52.0,0.0,29.49,30.32,0.0,STANDBY,-8.57
2024-04-25 21:00:00,0.392,30.2,3.92,51.0,0.0,29.38,29.14,0.0,STANDBY,-2.38
2024-04-25 22:00:00,0.319,28.8,4.29,56.0,0.0,27.32,26.58,0.0,STANDBY,0.0
2024-04-25 23:00:00,0.442,27.4,3.78,59.0,0.0,26.38,26.23,0.0,STANDBY,0.0
2024-04-26 00:00:00,0.098,24.3,2.9,51.0,0.0,23.81,24.68,0.0,STANDBY,0.0
2024-04-26 01:00:00,0.11,23.3,2.75,51.0,0.0,23.8,23.4,0.0, STANDBY ,-6.27
2024-04-26 02:00:00,0.193,23.1,2.54,55.0,0.0,22.5,23.04,0.0,STANDBY,-7.73
2024-04-26 03:00:00,0.169,22.7,3.03,54.0,0.0,22.07,22.64,0.0,STANDBY,-1.83
2024-04-26 04:00:00,0.174,22.2,3.63,54.0,0.0,23.12,22.15,0.0,STANDBY,-5.53
2024-04-26 05:00:00,0.21,23.3,3.11,51.0,0.0,23.37,23.38,0.0,STANDBY,0.0
2024-04-26 06:00:00,0.181,24.5,2.86,46.0,57.8,26.81,24.68,0.0,run,192.82
2024-04-26 07:00:00,0.261,25.8,3.03,44.0,245.5,30.77,25.77,0.0,RUN,2204.52
2024-04-26 08:00:00,0.14,27.6,3.21,38.0,492.8,37.58,27.48,0.0,RUN,4632.59
2024-04-26 09:00:00,0.118,28.9,3.42,37.0,682.4,44.73,28.21,0.0,RUN,6690.79
2024-04-26 10:00:00,0.089,30.4,2.96,34.0,861.9,49.12,31.11,0.0,RUN,8175.64
2024-04-26 11:00:00,0.046,32.0,3.13,28.0,955.9,53.32,32.17,0.0,RUN,9149.46
2024-04-26 12:00:00,0.043,32.8,3.56,26.0,990.2,52.22,33.49,0.0,RUN,9345.98
2024-04-26 13:00:00,0.112,33.3,3.53,30.0,956.3,53.32,33.56,0.0,RUN,8788.37
2024-04-26 14:00:00,0.173,34.1,3.64,28.0,779.5,49.88,34.0,0.0,RUN,7599.83
2024-04-26 15:00:00,0.122,34.0,4.22,25.0,612.4,46.77,34.19,0.0,RUN,5877.12
2024-04-26 16:00:00,0.054,34.8,4.34,26.0,383.4,41.84,34.23,0.0,RUN,3718.03
26-04-2024 17:00,0.044,33.7,3.9,30.0,168.7,37.6,33.95,0.0,run,1293.13
2024-04-26 18:00:00,0.032,31.9,4.51,33.0,18.3,33.43,32.77,0.0,RUN,0.0
2024-04-26 19:00:00,0.026,31.2,4.26,35.0,0.0,32.78,31.08,0.0,STANDBY,0.0
2024-04-26 20:00:00,0.032,30.0,4.16,39.0,0.0,30.68,30.01,0.0,STANDBY,0.0
2024-04-26 21:00:00,0.099,29.1,3.14,42.0,0.0,30.25,28.83,0.0,STANDBY,-5.29
2024-04-26 22:00:00,0.112,27.6,2.54,43.0,0.0,26.21,27.04,0.0,STANDBY,-2.83
2024-04-26 23:00:00,0.087,25.9,2.82,48.0,0.0,25.32,25.49,0.0,STANDBY,0.0
2024-04-27 01:00:00,0.13,25.2,4.0,60.0,0.0,24.95,24.23,0.0,STANDBY,0.0
2024-04-27 02:00:00,0.141,23.9,3.49,65.0,0.0,23.31,23.47,0.0,STANDBY,0.0
2024-04-27 03:00:00,0.107,23.3,3.71,63.0,0.0,22.61,23.34,0.0,STANDBY,0.0
2024-04-27 04:00:00,0.202,23.8,2.84,63.0,0.0,22.84,22.88,0.0,STANDBY,-6.52
2024-04-27 05:00:00,0.267,23.8,2.4,59.0,0.0,24.22,23.93,0.0,STANDBY,-9.27
2024-04-27 06:00:00,0.294,25.1,2.09,57.0,61.4,24.98,25.88,0.0,RUN,238.89
2024-04-27 08:00:00,0.274,27.8,2.69,51.0,467.0,39.13,27.93,0.0,RUN,4634.66
2024-04-27 09:00:00,0.278,29.4,3.07,50.0,669.1,44.1,30.14,0.0,RUN,6653.64
2024-04-27 10:00:00,0.283,31.0,3.62,48.0,819.5,48.18,30.84,0.0,RUN,8014.24
2024-04-27 11:00:00,0.295,32.3,4.01,42.0,913.3,51.84,31.85,0.0,RUN,8820.6
27-04-2024 12:00,0.319,33.7,4.88,37.0,964.0,54.27,32.95,0.0,RUN,9170.84
2024-04-27 13:00:00,0.274,34.4,3.85,34.0,871.8,53.29,34.6,0.0,RUN,8732.36
2024-04-27 14:00:00,0.33,34.7,3.83,37.0,800.0,50.78,35.28,0.0,RUN,7536.33
2024-04-27 15:00:00,0.319,34.9,4.74,37.0,584.2,48.37,35.13,0.0,RUN,5872.93
2024-04-27 16:00:00,0.256,35.0,4.2,32.0,395.1,42.5,35.18,0.0,RUN,3620.39
2024-04-27 17:00:00,0.171,33.9,3.87,34.0,165.5,37.78,35.06,0.0,run,1307.9
27-04-2024 18:00,0.188,33.4,3.8,36.0,15.7,34.59,33.79,0.0,RUN,51.97
2024-04-27 19:00:00,0.151,31.9,4.03,42.0,0.0,31.91,32.68,0.0,standby,0.0
2024-04-27 20:00:00,0.204,30.3,3.28,45.0,0.0,30.63,30.75,0.0,STANDBY,-7.95
2024-04-27 21:00:00,0.249,28.4,2.95,52.0,0.0,28.16,29.91,0.0,STANDBY,-4.05
2024-04-27 22:00:00,0.378,26.9,2.41,53.0,0.0,28.88,28.5,0.0,STANDBY,0.0
2024-04-27 23:00:00,0.554,25.8,3.13,59.0,0.0,26.81,26.0,0.0,STANDBY,-8.8
2024-04-28 00:00:00,0.679,23.0,2.63,57.0,0.0,24.41,22.68,0.0,STANDBY,-2.87
2024-04-28 01:00:00,0.599,22.3,2.69,56.0,0.0,21.96,22.05,0.0,STANDBY,-1.98
2024-04-28 02:00:00,0.537,20.9,2.51,56.0,0.0,21.36,21.93,0.0,STANDBY,0.0
2024-04-28 03:00:00,0.633,21.6,2.27,59.0,0.0,22.42,20.43,0.0,STANDBY,0.0
2024-04-28 04:00:00,0.645,21.5,2.47,58.0,0.0,21.61,-999.0,0.0,STANDBY,-5.1
2024-04-28 05:00:00,0.547,22.0,2.68,59.0,0.0,22.32,22.48,0.0,STANDBY,-8.48
2024-04-28 06:00:00,0.673,23.0,2.14,59.0,49.1,23.86,23.77,0.0,run,233.48
2024-04-28 07:00:00,0.667,24.9,2.11,56.0,234.3,29.95,25.7,0.0,RUN,2110.58
2024-04-28 08:00:00,0.766,26.7,2.05,53.0,423.5,36.13,27.23,0.0,RUN,4114.08
2024-04-28 09:00:00,0.477,27.9,1.91,50.0,678.5,43.73,28.25,0.0,RUN,6481.86
2024-04-28 10:00:00,0.532,28.8,2.17,46.0,827.2,48.84,29.78,0.0,RUN,7929.17
2024-04-28 11:00:00,0.383,30.6,2.18,42.0,944.3,51.03,30.52,0.0,RUN,8949.07
2024-04-28 12:00:00,0.442,32.0,2.32,44.0,911.0,52.52,31.92,0.0,run,8820.83
2024-04-28 13:00:00,0.495,32.3,2.7,40.0,822.2,48.38,32.5,0.0,RUN,8145.6
2024-04-28 15:00:00,0.414,33.2,3.31,33.0,611.0,44.87,33.8,0.0,RUN,5742.38
2024-04-28 16:00:00,0.433,32.4,3.77,36.0,393.8,42.01,33.18,0.0,RUN,3637.76
2024-04-28 17:00:00,0.317,32.5,3.22,36.0,162.3,36.35,33.23,0.0,RUN,1288.86
2024-04-28 18:00:00,0.513,31.2,3.61,40.0,20.2,32.24,31.66,0.0,run,91.41
2024-04-28 19:00:00,0.495,30.7,2.99,38.0,0.0,30.78,31.62,0.0,STANDBY,-999.0
2024-04-28 20:00:00,0.507,28.8,3.48,40.0,0.0,29.44,28.68,0.0,STANDBY,-5.37
2024-04-28 21:00:00,0.776,27.6,3.32,49.0,0.0,28.41,26.91,0.0,STANDBY,0.0
2024-04-28 22:00:00,0.879,26.2,3.05,58.0,0.0,26.45,25.84,0.0,STANDBY,-6.3
2024-04-28 23:00:00,0.898,24.7,3.25,63.0,0.0,25.12,25.53,0.0,STANDBY,0.0
2024-04-29 00:00:00,0.699,22.4,2.54,60.0,0.0,23.16,23.89,0.0,STANDBY,0.0
2024-04-29 01:00:00,0.624,20.9,2.33,63.0,0.0,23.2,22.59,0.0,,-5.1
2024-04-29 02:00:00,0.609,20.5,2.69,60.0,0.0,21.71,22.15,0.0,STANDBY,0.0
29-04-2024 03:00,0.43,20.0,2.61,61.0,0.0,21.31,21.96,0.0,STANDBY,0.0
2024-04-29 04:00:00,0.478,20.7,2.59,58.0,0.0,22.36,22.53,0.0,STANDBY,-5.56
2024-04-29 05:00:00,0.401,21.4,2.22,58.0,0.0,23.3,22.49,0.0,STANDBY,-2.05
2024-04-29 06:00:00,0.331,22.6,2.27,48.0,57.1,26.07,24.06,0.0,RUN,271.78
2024-04-29 07:00:00,0.501,24.1,2.1,48.0,239.7,29.91,25.21,0.0,RUN,-999.0
2024-04-29 08:00:00,0.353,25.6,2.23,43.0,474.3,37.72,27.08,0.0,run,4569.36
2024-04-29 09:00:00,0.438,27.5,2.21,44.0,640.1,44.05,29.66,0.0,RUN,6494.73
2024-04-29 10:00:00,0.379,28.2,2.41,42.0,809.9,47.4,30.23,0.0,RUN,7991.37
2024-04-29 11:00:00,0.313,29.5,2.76,37.0,947.3,49.1,31.7,0.0,RUN,9021.51
2024-04-29 12:00:00,0.387,31.0,3.11,34.0,930.6,52.61,31.85,0.0,RUN,9103.9
2024-04-29 13:00:00,0.337,31.8,3.71,34.0,910.6,51.84,32.98,0.0,RUN,8694.33
2024-04-29 14:00:00,0.386,32.2,3.8,33.0,800.1,49.12,34.23,0.0,RUN,7511.46
2024-04-29 15:00:00,0.455,32.8,3.55,32.0,594.7,44.82,33.89,0.0,RUN,5700.16
2024-04-29 16:00:00,0.402,32.4,2.92,33.0,374.1,40.56,33.32,0.0,RUN,3478.69
2024-04-29 17:00:00,0.362,31.9,2.58,32.0,165.3,36.03,32.84,0.0,RUN,1284.24
2024-04-29 18:00:00,0.547,30.9,2.87,35.0,13.9,32.17,32.15,0.0,RUN,15.97
2024-04-29 19:00:00,0.521,29.7,2.39,41.0,0.0,31.87,30.32,0.0,STANDBY,-5.98
2024-04-29 20:00:00,0.368,28.5,2.02,42.0,0.0,29.52,29.01,0.0,STANDBY,0.0
2024-04-29 21:00:00,0.235,27.1,1.97,42.0,0.0,28.93,28.07,0.0,STANDBY,-10.97
2024-04-29 22:00:00,0.288,25.3,1.97,46.0,0.0,26.13,26.87,0.0,STANDBY,-4.78
2024-04-29 23:00:00,0.482,22.9,2.17,51.0,0.0,24.48,24.89,0.0,STANDBY,-11.43
2024-04-30 00:00:00,0.243,23.0,3.74,52.0,0.0,23.29,22.9,0.0,STANDBY,-9.61
2024-04-30 01:00:00,0.212,21.2,3.35,53.0,0.0,23.72,22.49,0.0,STANDBY,-4.37
2024-04-30 02:00:00,0.264,20.6,3.3,52.0,0.0,21.7,22.37,0.0,STANDBY,-999.0
2024-04-30 03:00:00,0.149,20.5,3.85,53.0,0.0,21.59,22.14,0.0,STANDBY,0.0
2024-04-30 04:00:00,0.155,20.9,3.61,52.0,0.0,23.17,22.09,0.0,STANDBY,0.0
2024-04-30 05:00:00,0.291,21.6,3.9,52.0,0.0,22.87,22.6,0.0,STANDBY,-3.06
2024-04-30 06:00:00,0.27,22.5,3.87,50.0,62.2,25.4,24.75,0.0,run,261.79
2024-04-30 07:00:00,0.304,24.4,4.08,50.0,241.8,30.22,25.02,0.0,RUN,2214.4
2024-04-30 08:00:00,0.247,25.7,4.06,46.0,470.2,36.94,26.14,0.0,RUN,4681.39
2024-04-30 09:00:00,0.237,27.4,4.75,42.0,701.4,41.42,28.23,0.0,RUN,6700.67
2024-04-30 10:00:00,0.273,28.1,4.16,39.0,797.3,45.08,29.1,0.0,RUN,8152.42
2024-04-30 11:00:00,0.229,29.5,4.52,37.0,893.3,49.36,32.16,0.0,RUN,9122.31
2024-04-30 12:00:00,0.148,31.0,4.69,33.0,971.3,50.42,31.69,0.0,RUN,9337.38
2024-04-30 13:00:00,0.056,32.1,5.54,31.0,941.0,49.06,33.38,0.0,RUN,8842.61
2024-04-30 14:00:00,0.116,32.8,6.41,29.0,792.8,46.21,34.21,0.0,run,7637.9
2024-04-30 15:00:00,0.095,33.2,6.74,29.0,618.6,44.61,33.95,0.0,RUN,5895.06
2024-04-30 16:00:00,0.128,33.1,5.79,31.0,391.5,40.81,33.77,0.0,RUN,3575.51
2024-04-30 17:00:00,0.156,32.9,4.4,33.0,161.5,35.9,33.52,0.0,RUN,1217.16
2024-04-30 18:00:00,0.12,31.8,4.03,36.0,14.0,32.83,32.37,0.0,RUN,-2.75
2024-04-30 19:00:00,0.25,30.4,4.07,38.0,0.0,30.81,30.47,0.0,STANDBY,0.0
2024-04-30 20:00:00,0.394,29.5,3.82,45.0,0.0,30.08,29.43,0.0,STANDBY,-2.8
2024-04-30 21:00:00,0.435,27.9,4.42,49.0,0.0,29.79,27.33,0.0,STANDBY,0.0
2024-04-30 22:00:00,0.485,26.2,3.75,54.0,0.0,25.84,26.4,0.0,STANDBY,0.0
2024-04-30 23:00:00,0.606,24.7,3.97,56.0,0.0,25.18,24.83,0.0,STANDBY,0.0
2024-05-01 00:00:00,0.378,21.2,4.24,57.0,0.0,22.41,22.12,0.0,STANDBY,-10.73
2024-05-01 01:00:00,0.286,20.6,3.92,60.0,0.0,22.12,21.66,0.0,STANDBY,0.0
2024-05-01 02:00:00,0.393,20.0,4.14,63.0,0.0,19.39,20.9,0.0,standby,0.0
2024-05-01 03:00:00,0.257,19.5,3.79,65.0,0.0,20.15,19.73,0.0,STANDBY,-7.27
2024-05-01 04:00:00,0.255,19.9,3.91,66.0,0.0,21.24,20.61,0.0,STANDBY,0.0
01-05-2024 05:00,0.182,20.9,4.02,60.0,0.0,21.28,21.78,0.0,STANDBY,0.0
01-05-2024 06:00,0.146,21.4,4.18,61.0,68.4,24.95,22.83,0.0,RUN,314.77
2024-05-01 07:00:00,0.15,23.3,3.55,57.0,253.5,29.05,23.32,0.0,RUN,2437.82
2024-05-01 08:00:00,0.071,24.9,4.26,50.0,474.7,35.8,25.74,0.0,RUN,5035.81
2024-05-01 09:00:00,0.154,26.3,4.35,43.0,676.6,41.67,27.71,0.0,RUN,7217.83
2024-05-01 10:00:00,0.103,27.7,5.71,39.0,834.5,45.89,28.17,0.0,RUN,8822.57
2024-05-01 11:00:00,0.072,29.1,5.1,35.0,979.0,48.31,30.37,0.0,RUN,9773.8
2024-05-01 12:00:00,0.09,30.2,7.65,32.0,1004.9,49.28,30.56,0.0,RUN,9951.4
2024-05-01 13:00:00,0.081,31.4,6.49,32.0,897.5,49.11,30.76,0.0,RUN,9399.6
2024-05-01 14:00:00,0.094,32.3,7.02,36.0,797.5,46.27,32.78,0.0,RUN,8107.37
2024-05-01 15:00:00,0.141,31.8,6.82,31.0,601.3,43.96,32.39,0.0,RUN,6278.05
2024-05-01 16:00:00,0.15,31.3,5.83,35.0,369.7,38.86,31.77,0.0,RUN,3848.88
2024-05-01 17:00:00,0.178,30.9,5.29,36.0,161.7,35.34,32.04,0.0,RUN,1369.6
2024-05-01 18:00:00,0.207,30.0,4.69,35.0,13.5,29.93,30.76,0.0,RUN,0.0
2024-05-01 19:00:00,0.318,28.5,4.6,36.0,0.0,30.06,28.87,0.0,,-7.57
2024-05-01 20:00:00,0.302,27.5,3.72,44.0,0.0,27.59,28.31,0.0,STANDBY,-11.05
2024-05-01 21:00:00,0.24,25.2,3.01,43.0,0.0,26.08,26.69,0.0,STANDBY,-11.37
2024-05-01 22:00:00,0.207,23.5,3.74,48.0,0.0,25.03,24.55,0.0,STANDBY,0.0
2024-05-01 23:00:00,0.235,22.5,3.14,52.0,0.0,22.94,23.38,0.0,STANDBY,-9.15
2024-05-02 00:00:00,0.275,21.3,3.88,59.0,0.0,22.4,22.07,0.0,STANDBY,-4.16
2024-05-02 01:00:00,0.32,20.5,3.74,62.0,0.0,20.95,21.29,0.0,STANDBY,-2.34
2024-05-02 02:00:00,0.364,20.2,4.54,68.0,0.0,20.27,20.4,0.0,STANDBY,-9.62
2024-05-02 03:00:00,0.283,19.9,5.66,67.0,0.0,21.33,20.78,0.0,STANDBY,0.0
2024-05-02 04:00:00,0.231,20.1,5.96,64.0,0.0,21.45,21.16,0.0,STANDBY,-7.54
2024-05-02 05:00:00,0.196,20.4,5.47,60.0,0.0,20.34,21.93,0.0,standby,0.0
2024-05-02 06:00:00,0.201,21.2,4.69,55.0,57.9,22.16,22.19,0.0,RUN,294.86
2024-05-02 07:00:00,0.308,22.7,4.09,54.0,242.7,27.27,23.71,0.0,RUN,2486.97
2024-05-02 08:00:00,0.307,24.5,4.01,49.0,465.8,34.35,25.85,0.0,RUN,4939.69
2024-05-02 09:00:00,0.239,25.9,4.0,45.0,654.8,40.02,27.14,0.0,RUN,7164.49
2024-05-02 10:00:00,0.276,27.9,4.48,39.0,816.9,43.09,28.7,0.0,RUN,8781.89
2024-05-02 11:00:00,0.26,29.2,4.33,37.0,940.3,46.03,30.14,0.0,RUN,9747.47
2024-05-02 12:00:00,0.459,29.9,4.35,36.0,903.2,46.9,30.64,0.0,RUN,9580.22
02-05-2024 13:00,0.472,30.9,4.7,38.0,868.7,45.42,30.74,0.0,run,8978.36
2024-05-02 14:00:00,0.559,31.2,4.62,39.0,708.8,42.92,32.12,0.0,RUN,7495.41
2024-05-02 15:00:00,0.354,31.3,4.07,35.0,586.8,40.94,32.64,0.0,RUN,5986.75
02-05-2024 16:00,0.358,30.6,4.25,35.0,365.7,38.43,32.75,0.0,RUN,3713.55
2024-05-02 17:00:00,0.338,30.0,4.49,39.0,157.5,34.18,31.31,0.0,RUN,1310.15
2024-05-02 18:00:00,0.294,29.8,4.84,37.0,20.3,30.96,30.7,0.0,RUN,21.11
2024-05-02 19:00:00,0.27,28.6,5.34,40.0,0.0,29.32,29.91,0.0,STANDBY,-2.71
2024-05-02 20:00:00,0.301,27.9,5.03,46.0,0.0,29.39,27.74,0.0,STANDBY,-7.73
2024-05-02 21:00:00,0.231,26.4,4.08,45.0,0.0,25.92,26.71,0.0,,-9.21
2024-05-02 22:00:00,0.215,24.7,4.0,49.0,0.0,25.4,24.8,0.0,STANDBY,0.0
2024-05-02 23:00:00,0.189,23.4,4.02,54.0,0.0,23.55,23.85,0.0,STANDBY,-9.01
2024-05-03 00:00:00,0.115,23.7,3.61,58.0,0.0,22.71,23.04,0.0,STANDBY,-10.35
2024-05-03 01:00:00,0.124,22.9,3.74,64.0,0.0,23.1,22.0,0.0,STANDBY,0.0
2024-05-03 02:00:00,0.246,22.6,3.45,65.0,0.0,20.49,21.65,0.0,STANDBY,-6.91
2024-05-03 03:00:00,0.266,22.0,3.76,67.0,0.0,20.53,20.83,0.0,STANDBY,0.0
2024-05-03 04:00:00,0.113,22.9,4.02,65.0,0.0,22.44,21.34,0.0,STANDBY,-7.92
2024-05-03 05:00:00,0.134,23.5,3.85,67.0,0.0,22.35,21.3,0.0,STANDBY,-9.09
2024-05-03 06:00:00,0.347,24.4,4.3,68.0,54.0,23.31,22.29,0.0,RUN,246.07
2024-05-03 07:00:00,0.295,25.7,3.75,62.0,242.2,29.08,23.85,0.0,RUN,2368.12
2024-05-03 08:00:00,0.275,26.7,3.65,54.0,466.1,35.87,25.27,0.0,RUN,4936.58
2024-05-03 09:00:00,0.263,28.4,3.91,53.0,699.0,38.78,27.03,0.0,RUN,7156.73
2024-05-03 10:00:00,0.155,30.1,3.83,49.0,827.3,43.12,28.56,0.0,RUN,8813.45
2024-05-03 11:00:00,0.225,31.7,3.83,46.0,973.2,46.36,30.57,0.0,RUN,9696.79
2024-05-03 12:00:00,0.377,32.0,3.64,45.0,975.6,46.33,31.64,0.0,RUN,9758.99
2024-05-03 13:00:00,0.311,33.1,4.74,46.0,914.6,47.09,32.17,0.0,RUN,9377.81
2024-05-03 14:00:00,0.21,33.7,5.98,44.0,781.6,45.99,32.02,0.0,RUN,8141.14
2024-05-03 16:00:00,0.321,32.9,4.85,40.0,399.9,38.57,33.02,0.0,RUN,3923.0
2024-05-03 17:00:00,0.25,32.6,5.29,39.0,170.7,34.35,32.98,0.0,RUN,1374.42
2024-05-03 18:00:00,0.261,31.9,5.12,44.0,16.5,32.94,30.66,0.0,run,-10.91
2024-05-03 19:00:00,0.458,30.1,4.9,46.0,0.0,28.85,30.26,0.0,STANDBY,0.0
2024-05-03 20:00:00,0.544,28.9,3.91,51.0,0.0,28.18,28.62,0.0,STANDBY,0.0
2024-05-03 21:00:00,0.589,27.1,3.27,54.0,0.0,26.94,27.49,0.0,STANDBY,-5.61
2024-05-03 22:00:00,0.509,25.7,3.84,55.0,0.0,24.77,24.74,0.0,STANDBY,-8.62
2024-05-03 23:00:00,0.534,24.8,4.85,56.0,0.0,24.99,23.34,0.0,STANDBY,-9.72
2024-05-04 00:00:00,0.31,24.2,4.34,56.0,0.0,23.85,24.05,0.0,STANDBY,-8.79
2024-05-04 01:00:00,0.283,23.7,5.01,59.0,0.0,24.7,23.09,0.0,STANDBY,-3.51
2024-05-04 02:00:00,0.244,23.4,5.63,58.0,0.0,22.57,22.52,0.0,STANDBY,-1.96
2024-05-04 03:00:00,0.36,23.3,4.86,57.0,0.0,21.35,22.89,0.0,standby,-6.62
2024-05-04 04:00:00,0.268,23.4,3.86,57.0,0.0,24.21,23.47,0.0,STANDBY,-9.94
2024-05-04 05:00:00,0.234,23.9,4.0,59.0,0.0,22.9,24.34,0.0,STANDBY,0.0
2024-05-04 06:00:00,0.299,24.2,3.88,55.0,58.0,26.13,24.53,0.0,RUN,289.63
2024-05-04 07:00:00,0.371,25.9,4.11,56.0,249.4,32.42,25.91,0.0,RUN,2379.41
2024-05-04 08:00:00,0.304,27.4,4.34,56.0,465.3,37.98,27.62,0.0,RUN,4854.58
04-05-2024 09:00,0.248,28.9,3.8,49.0,677.2,42.64,28.44,0.0,RUN,7022.59
2024-05-04 10:00:00,0.338,30.4,4.07,50.0,813.8,47.68,30.59,0.0,RUN,8600.17
2024-05-04 11:00:00,0.289,31.6,4.33,46.0,940.6,50.78,31.96,0.0,RUN,9421.98
2024-05-04 12:00:00,0.341,33.0,4.53,44.0,955.9,52.09,33.12,0.0,RUN,9633.23
2024-05-04 13:00:00,0.259,34.2,4.33,40.0,884.7,50.34,33.09,0.0,RUN,9203.93
2024-05-04 14:00:00,0.117,34.5,5.05,36.0,807.5,50.43,35.05,0.0,RUN,7977.17
2024-05-04 15:00:00,0.147,34.0,5.11,35.0,605.0,47.84,34.51,0.0,RUN,6162.5
2024-05-04 16:00:00,0.141,33.9,4.3,38.0,381.4,43.26,34.65,0.0,RUN,3866.82
2024-05-04 17:00:00,0.092,33.5,4.27,37.0,173.3,36.98,33.64,0.0,RUN,1364.56
2024-05-04 18:00:00,0.042,32.2,3.42,40.0,13.3,34.7,32.69,0.0,RUN,0.0
2024-05-04 19:00:00,0.067,31.5,2.96,42.0,0.0,31.39,31.39,0.0,STANDBY,-9.55
2024-05-04 20:00:00,0.068,30.3,2.42,46.0,0.0,31.01,29.88,0.0,STANDBY,-5.09
2024-05-04 21:00:00,0.106,29.0,2.52,51.0,0.0,29.27,28.96,0.0,STANDBY,0.0
2024-05-04 22:00:00,0.093,27.7,1.93,52.0,0.0,26.65,27.37,0.0,STANDBY,-8.66
2024-05-04 23:00:00,0.138,26.4,1.89,53.0,0.0,25.26,25.56,0.0,STANDBY,0.0
2024-05-05 00:00:00,0.234,25.2,1.75,55.0,0.0,25.15,24.62,0.0,STANDBY,-7.14
2024-05-05 01:00:00,0.402,23.8,1.99,61.0,0.0,23.35,23.39,0.0,STANDBY,0.0
2024-05-05 02:00:00,0.163,23.7,2.44,58.0,0.0,21.27,22.92,0.0,STANDBY,0.0
2024-05-05 03:00:00,0.169,23.9,3.0,54.0,0.0,23.83,23.08,0.0,STANDBY,-8.73
2024-05-05 04:00:00,0.178,24.1,4.69,53.0,0.0,23.83,22.6,0.0,STANDBY,0.0
2024-05-05 05:00:00,0.159,24.9,3.93,52.0,0.0,24.01,24.16,0.0,STANDBY,0.0
2024-05-05 06:00:00,0.105,25.5,3.69,52.0,61.5,25.62,23.74,0.0,RUN,281.59
2024-05-05 07:00:00,0.206,26.4,3.88,49.0,257.4,32.31,25.81,0.0,RUN,2442.31
2024-05-05 08:00:00,0.354,28.2,4.71,46.0,501.1,36.94,28.01,0.0,RUN,4905.38
2024-05-05 09:00:00,0.393,29.9,3.62,45.0,678.8,43.12,29.6,0.0,RUN,7047.43
2024-05-05 10:00:00,0.396,31.3,4.21,40.0,805.4,47.32,31.55,0.0,RUN,8679.13
2024-05-05 11:00:00,0.642,32.5,4.07,41.0,921.0,49.43,-999.0,0.0,run,9286.7
2024-05-05 12:00:00,0.735,33.7,4.76,41.0,909.4,50.69,33.47,0.0,RUN,9471.15
2024-05-05 13:00:00,0.4,34.4,5.07,36.0,899.2,52.4,33.93,0.0,RUN,9220.92
2024-05-05 14:00:00,0.47,34.9,5.79,40.0,783.3,48.93,34.49,0.0,RUN,7898.38
2024-05-05 15:00:00,0.405,35.3,5.95,39.0,625.8,44.95,35.19,0.0,RUN,6060.2
2024-05-05 16:00:00,0.428,35.2,5.22,37.0,365.8,39.81,33.89,0.0,,3752.2
2024-05-05 17:00:00,0.479,34.5,5.76,37.0,166.7,37.26,33.33,0.0,RUN,1331.99
2024-05-05 18:00:00,0.598,33.3,5.49,42.0,17.3,31.82,33.03,0.0,RUN,-8.1
2024-05-05 19:00:00,0.544,31.9,4.23,46.0,0.0,31.07,31.79,0.0,STANDBY,-10.96
2024-05-05 20:00:00,0.523,31.0,4.73,49.0,0.0,31.76,30.51,0.0,STANDBY,-6.7
2024-05-05 21:00:00,0.434,29.1,4.02,52.0,0.0,30.65,28.89,0.0,STANDBY,0.0
2024-05-05 22:00:00,0.469,27.2,4.54,53.0,0.0,27.81,27.26,0.0,STANDBY,0.0
2024-05-05 23:00:00,0.264,25.4,5.18,55.0,0.0,25.97,25.72,0.0,STANDBY,-6.91
2024-05-06 00:00:00,0.187,27.6,5.17,61.0,0.0,27.76,26.39,0.0,STANDBY,0.0
2024-05-06 01:00:00,0.241,26.4,3.98,67.0,0.0,26.59,25.41,0.0,STANDBY,0.0
2024-05-06 02:00:00,0.276,25.9,4.05,69.0,0.0,24.82,25.42,0.0,STANDBY,0.0
2024-05-06 03:00:00,0.358,25.7,3.21,70.0,0.0,25.26,25.84,0.0,STANDBY,-1.97
06-05-2024 04:00,0.202,25.9,3.48,67.0,0.0,23.84,26.1,0.0,STANDBY,-3.83
2024-05-06 05:00:00,0.365,26.2,3.4,63.0,0.0,27.06,26.11,0.0,STANDBY,-4.57
2024-05-06 06:00:00,0.286,27.3,3.05,55.0,60.2,27.89,27.08,0.0,RUN,294.59
2024-05-06 07:00:00,0.234,28.8,3.15,52.0,257.8,34.59,29.24,0.0,RUN,2432.72
2024-05-06 08:00:00,0.187,30.6,3.01,49.0,500.4,37.56,29.99,0.0,RUN,4922.79
2024-05-06 09:00:00,0.122,32.4,3.49,42.0,698.4,46.03,32.29,0.0,RUN,7026.96
2024-05-06 10:00:00,0.15,34.3,3.82,42.0,822.6,49.51,33.14,0.0,RUN,8572.92
2024-05-06 11:00:00,0.145,35.0,5.17,35.0,945.7,52.56,35.29,0.0,RUN,9444.0
2024-05-06 12:00:00,0.137,36.2,5.44,36.0,947.6,52.39,35.53,0.0,RUN,9678.52
2024-05-06 13:00:00,0.079,37.6,6.01,38.0,922.3,50.94,36.84,0.0,RUN,9155.9
2024-05-06 14:00:00,0.159,38.2,5.74,37.0,803.2,50.9,37.75,0.0,RUN,7872.46
2024-05-06 15:00:00,0.268,37.9,5.57,36.0,596.3,48.29,37.09,0.0,RUN,6015.73
2024-05-06 16:00:00,0.257,38.2,4.94,37.0,390.4,42.48,36.43,0.0,RUN,3738.85
06-05-2024 17:00,0.225,38.5,5.14,39.0,162.4,39.55,36.25,0.0,RUN,1327.14
2024-05-06 18:00:00,0.177,37.1,4.73,42.0,17.0,34.86,36.73,0.0,RUN,76.65
2024-05-06 19:00:00,0.213,35.7,4.53,45.0,0.0,33.72,34.13,0.0,STANDBY,-6.59
2024-05-06 20:00:00,0.221,34.4,3.63,53.0,0.0,31.52,32.45,0.0,STANDBY,-8.07
2024-05-06 21:00:00,0.244,32.7,3.23,56.0,0.0,30.66,31.18,0.0,STANDBY,-2.51
2024-05-06 22:00:00,0.187,31.5,3.46,58.0,0.0,29.63,29.94,0.0, STANDBY ,-2.64
2024-05-06 23:00:00,0.162,29.7,2.91,60.0,0.0,28.53,28.62,0.0,STANDBY,-3.52
2024-05-07 00:00:00,0.077,28.5,2.79,64.0,0.0,27.01,27.84,0.0,STANDBY,-6.52
2024-05-07 01:00:00,0.077,27.2,3.29,63.0,0.0,26.83,25.55,0.0,STANDBY,-4.87
2024-05-07 02:00:00,0.108,26.5,3.42,67.0,0.0,24.42,25.83,0.0,STANDBY,0.0
2024-05-07 03:00:00,0.135,26.2,3.3,68.0,0.0,25.38,24.96,0.0, STANDBY ,-6.35
2024-05-07 04:00:00,0.129,26.1,3.09,66.0,0.0,25.51,26.05,0.0,STANDBY,0.0
2024-05-07 05:00:00,0.12,27.1,3.9,67.0,0.0,26.75,27.04,0.0,STANDBY,-5.28
2024-05-07 06:00:00,0.075,28.9,3.83,64.0,71.0,28.67,27.06,0.0,RUN,322.15
2024-05-07 07:00:00,0.079,30.3,3.84,60.0,262.1,33.83,29.16,0.0, run ,2377.12
2024-05-07 08:00:00,0.077,31.5,3.39,54.0,475.6,39.68,29.79,0.0,RUN,4916.46
2024-05-07 09:00:00,0.117,33.2,3.31,54.0,672.8,45.48,31.87,0.0,RUN,6986.94
2024-05-07 10:00:00,0.117,34.7,3.56,47.0,865.4,50.92,33.12,0.0,RUN,8478.4
2024-05-07 11:00:00,0.101,36.4,3.76,43.0,915.6,50.22,35.65,0.0,RUN,9507.22
2024-05-07 12:00:00,0.187,36.7,3.79,43.0,984.6,54.15,35.74,0.0,RUN,9610.62
2024-05-07 13:00:00,0.204,37.7,4.04,38.0,893.0,53.66,37.11,0.0,RUN,9085.62
2024-05-07 14:00:00,0.091,38.8,3.55,35.0,784.7,50.72,37.75,0.0,RUN,7893.7
2024-05-07 15:00:00,0.049,38.2,3.37,40.0,615.6,49.46,37.62,0.0,RUN,6003.32
2024-05-07 16:00:00,0.054,38.2,3.9,41.0,370.7,44.19,37.11,0.0,RUN,8430.53
2024-05-07 17:00:00,0.047,36.9,4.27,45.0,167.0,39.34,36.81,0.0,RUN,1312.86
2024-05-07 18:00:00,0.069,36.0,3.53,44.0,17.0,35.48,36.23,0.0,RUN,-2.93
2024-05-07 19:00:00,0.101,34.8,3.49,44.0,0.0,34.79,34.83,0.0,STANDBY,-11.48
2024-05-07 20:00:00,0.094,33.4,3.36,51.0,0.0,31.86,33.01,0.0,STANDBY,-1.96
2024-05-07 21:00:00,0.05,31.8,3.41,54.0,0.0,31.45,31.48,0.0,STANDBY,0.0
07-05-2024 22:00,0.064,30.0,2.88,51.0,0.0,29.07,30.05,0.0,standby,0.0
2024-05-07 23:00:00,0.091,29.0,3.21,58.0,0.0,28.14,29.02,0.0,STANDBY,-3.27
2024-05-08 00:00:00,0.071,25.6,3.11,46.0,0.0,25.27,25.38,0.0,STANDBY,0.0
2024-05-08 01:00:00,0.104,24.5,3.44,48.0,0.0,23.8,24.31,0.0,STANDBY,0.0
2024-05-08 02:00:00,0.112,23.7,2.91,51.0,0.0,23.96,23.61,0.0,STANDBY,-5.56
2024-05-08 03:00:00,0.08,23.7,3.26,50.0,0.0,25.13,23.76,0.0,STANDBY,0.0
2024-05-08 04:00:00,0.097,23.8,3.45,52.0,0.0,23.87,24.23,0.0, STANDBY ,-8.17
2024-05-08 05:00:00,0.093,25.0,4.3,51.0,0.0,24.89,24.35,0.0,STANDBY,0.0
2024-05-08 06:00:00,0.125,26.1,3.99,44.0,71.7,26.71,26.32,0.0,RUN,289.66
2024-05-08 07:00:00,0.152,27.3,3.86,42.0,259.5,31.28,26.43,0.0,RUN,2449.29
2024-05-08 08:00:00,0.142,29.1,3.78,43.0,499.3,38.61,28.24,0.0,RUN,4886.29
2024-05-08 09:00:00,0.087,30.3,3.56,36.0,672.4,41.69,29.94,0.0,RUN,7033.23
2024-05-08 10:00:00,0.118,31.4,4.18,37.0,835.8,46.16,31.71,0.0,RUN,8653.42
2024-05-08 11:00:00,0.102,33.4,4.69,27.0,958.7,50.59,33.23,0.0,RUN,9548.91
2024-05-08 12:00:00,0.171,34.1,5.11,29.0,955.3,49.53,34.29,0.0,RUN,9679.88
2024-05-08 13:00:00,0.445,34.7,5.12,32.0,865.5,48.6,34.54,0.0,RUN,8815.3
2024-05-08 14:00:00,0.229,35.5,4.73,28.0,778.6,48.64,35.77,0.0,run,7903.19
2024-05-08 15:00:00,0.212,34.9,4.35,27.0,9999.0,44.34,34.61,0.0,RUN,6045.7
2024-05-08 16:00:00,0.234,34.7,3.89,29.0,387.5,41.63,35.15,0.0,RUN,3736.49
2024-05-08 17:00:00,0.149,33.9,4.35,29.0,156.4,37.88,34.56,0.0, RUN ,1363.1
2024-05-08 18:00:00,0.124,32.3,4.58,31.0,16.3,34.43,34.32,0.0,RUN,-4.32
08-05-2024 19:00,0.133,31.5,4.81,33.0,0.0,33.63,33.78,0.0,STANDBY,-10.34
2024-05-08 20:00:00,0.11,30.0,4.52,36.0,0.0,30.34,31.74,0.0, STANDBY ,0.0
2024-05-08 21:00:00,0.087,28.6,4.27,39.0,0.0,28.38,30.4,0.0,STANDBY,0.0
2024-05-08 22:00:00,0.058,27.0,4.92,42.0,0.0,26.79,28.13,0.0,STANDBY,-3.6
2024-05-08 23:00:00,0.084,25.8,4.2,49.0,0.0,26.99,26.48,0.0,STANDBY,0.0
2024-05-09 00:00:00,0.238,23.3,4.25,57.0,0.0,24.6,25.08,0.0,STANDBY,-9.57
2024-05-09 01:00:00,0.415,22.7,3.47,60.0,0.0,24.44,23.49,0.0,STANDBY,-6.88
2024-05-09 02:00:00,0.52,22.4,4.23,61.0,0.0,23.39,23.75,0.0,STANDBY,-9.43
2024-05-09 03:00:00,0.336,22.3,4.69,62.0,0.0,22.75,22.79,0.0,STANDBY,0.0
2024-05-09 04:00:00,0.413,22.5,5.4,62.0,0.0,21.96,22.89,0.0,STANDBY,0.0
2024-05-09 04:00:00,0.413,22.5,5.4,62.0,0.0,21.96,22.89,0.0,STANDBY,0.0
2024-05-09 05:00:00,0.476,23.0,6.59,55.0,0.0,23.44,23.5,0.0,STANDBY,-2.39
2024-05-09 06:00:00,0.569,24.1,5.32,54.0,63.9,25.67,24.84,0.0,RUN,305.9
2024-05-09 07:00:00,0.363,24.8,5.44,51.0,251.4,31.94,25.79,0.0,RUN,2475.28
2024-05-09 08:00:00,0.413,26.5,5.34,51.0,454.1,37.45,27.66,0.0,run,4743.78
2024-05-09 09:00:00,0.688,27.9,5.11,51.0,591.2,41.84,29.75,0.0,RUN,6160.9
2024-05-09 10:00:00,0.663,29.4,6.09,52.0,754.9,43.5,30.26,0.0,RUN,7681.06
2024-05-09 11:00:00,0.623,30.7,6.59,48.0,838.8,47.04,31.76,0.0,RUN,-999.0
2024-05-09 12:00:00,0.393,32.4,6.88,45.0,932.3,49.44,32.51,0.0,RUN,9456.84
2024-05-09 13:00:00,0.257,33.2,6.3,42.0,912.2,50.22,34.09,0.0,RUN,9043.59
2024-05-09 14:00:00,0.201,34.4,7.15,37.0,773.4,46.64,33.45,0.0,RUN,7901.31
2024-05-09 15:00:00,0.242,33.7,7.37,35.0,594.4,44.64,33.92,0.0,RUN,5993.88
2024-05-09 16:00:00,0.414,33.5,7.35,35.0,376.6,39.62,34.39,0.0,RUN,3603.93
2024-05-09 17:00:00,0.336,32.5,5.85,39.0,163.1,36.06,33.31,0.0,run,1374.35
2024-05-09 18:00:00,0.407,31.9,6.11,45.0,22.6,32.72,32.95,0.0,RUN,6.19
2024-05-09 19:00:00,0.512,30.2,7.1,49.0,0.0,30.86,32.03,0.0,STANDBY,-11.38
2024-05-09 20:00:00,0.466,28.8,6.22,51.0,0.0,30.07,30.28,0.0,STANDBY,0.0
2024-05-09 21:00:00,0.563,27.8,4.07,56.0,0.0,29.13,28.67,0.0,STANDBY,0.0
2024-05-09 22:00:00,0.695,26.7,4.25,60.0,0.0,26.25,26.96,0.0,standby,0.0
2024-05-09 23:00:00,0.708,25.2,4.21,60.0,0.0,25.03,26.01,0.0,STANDBY,-4.54
2024-05-10 00:00:00,0.696,24.9,3.02,77.0,0.0,24.42,25.13,0.0,STANDBY,-4.85
2024-05-10 01:00:00,0.664,23.6,2.72,77.0,0.0,23.81,24.5,0.0,STANDBY,0.0
2024-05-10 02:00:00,0.515,23.2,2.78,75.0,0.0,23.42,23.75,0.0,,-5.56
2024-05-10 03:00:00,0.448,22.6,2.41,73.0,0.0,23.48,23.56,0.0,STANDBY,0.0
2024-05-10 04:00:00,0.404,22.7,2.43,75.0,0.0,22.55,23.26,0.0,STANDBY,0.0
2024-05-10 05:00:00,0.42,23.0,2.5,75.0,0.0,25.36,23.48,0.0,STANDBY,0.0
2024-05-10 06:00:00,0.542,24.6,2.64,74.0,60.9,25.43,24.96,0.0,RUN,278.81
2024-05-10 07:00:00,0.615,26.7,2.26,69.0,225.3,31.61,26.43,0.0,RUN,2168.24
2024-05-10 08:00:00,0.593,27.7,1.92,65.0,458.7,36.05,29.02,0.0,RUN,4618.47
2024-05-10 09:00:00,0.535,29.2,1.73,62.0,630.3,42.66,29.68,0.0,RUN,6604.43
2024-05-10 10:00:00,0.496,30.6,1.9,57.0,802.2,47.0,30.85,0.0,RUN,8186.64
2024-05-10 11:00:00,0.412,31.9,2.1,53.0,898.2,49.46,32.44,0.0,RUN,9056.62
2024-05-10 12:00:00,0.605,32.8,2.39,55.0,871.1,48.92,32.68,0.0,RUN,8724.28
2024-05-10 13:00:00,0.54,34.0,3.07,52.0,842.0,48.34,33.85,0.0,RUN,8436.58
2024-05-10 14:00:00,0.333,34.9,3.3,45.0,744.6,47.66,35.0,0.0,RUN,7776.04
2024-05-10 15:00:00,0.485,35.2,3.02,47.0,583.7,44.95,35.06,0.0,RUN,5849.66
2024-05-10 16:00:00,0.584,35.3,3.46,52.0,345.4,41.4,35.21,0.0,RUN,3467.92
2024-05-10 18:00:00,0.489,33.9,2.42,54.0,18.7,32.79,33.04,0.0,RUN,37.71
2024-05-10 19:00:00,0.459,32.8,2.26,55.0,9999.0,32.16,31.97,0.0,STANDBY,0.0
2024-05-10 20:00:00,0.385,31.0,1.91,58.0,0.0,-999.0,31.28,0.0,STANDBY,0.0
2024-05-10 21:00:00,0.431,28.3,1.88,57.0,0.0,30.08,28.73,0.0,STANDBY,0.0
2024-05-10 22:00:00,0.3,27.4,2.31,59.0,0.0,27.79,28.03,0.0,STANDBY,0.0
2024-05-10 23:00:00,0.405,25.7,2.56,66.0,0.0,26.13,26.37,0.0,STANDBY,0.0
2024-05-11 00:00:00,0.288,24.4,3.74,59.0,0.0,24.76,25.12,0.0,STANDBY,-2.55
2024-05-11 01:00:00,0.343,23.5,3.59,63.0,0.0,23.83,23.66,0.0,STANDBY,0.0
2024-05-11 02:00:00,0.142,23.0,3.84,63.0,0.0,22.94,23.16,0.0,STANDBY,-5.39
2024-05-11 03:00:00,0.119,22.1,3.47,62.0,0.0,22.38,22.95,0.0,STANDBY,-2.47
2024-05-11 04:00:00,0.125,22.5,4.14,61.0,0.0,23.47,23.3,0.0,STANDBY,-4.43
2024-05-11 05:00:00,0.231,23.5,3.63,61.0,0.0,24.37,23.98,0.0,STANDBY,-1.98
2024-05-11 06:00:00,0.2,24.0,3.63,56.0,69.0,26.04,24.15,0.0,RUN,298.92
2024-05-11 07:00:00,0.306,25.8,3.7,55.0,245.2,31.51,26.2,0.0,RUN,2316.73
2024-05-11 08:00:00,0.371,27.8,3.3,54.0,420.4,37.07,28.45,0.0,RUN,4347.82
2024-05-11 09:00:00,0.363,29.3,2.87,51.0,659.1,42.3,29.56,0.0,RUN,6566.1
2024-05-11 10:00:00,0.313,30.2,3.57,47.0,799.4,45.09,31.14,0.0,RUN,8226.12
2024-05-11 11:00:00,0.365,31.2,3.59,44.0,914.2,49.79,32.06,0.0,RUN,9258.21
2024-05-11 12:00:00,0.417,31.8,4.47,41.0,873.5,48.04,32.65,0.0,RUN,8988.47
2024-05-11 13:00:00,0.482,32.1,4.6,43.0,808.4,48.49,33.88,0.0,RUN,8152.64
2024-05-11 14:00:00,0.475,32.5,4.06,39.0,731.5,45.75,34.47,0.0,RUN,7207.02
2024-05-11 15:00:00,0.4,33.1,3.81,39.0,583.0,44.16,33.92,0.0,RUN,5718.99
2024-05-11 16:00:00,0.343,33.3,3.59,41.0,367.6,40.19,34.2,0.0,RUN,3557.34
2024-05-11 17:00:00,0.406,32.7,3.64,40.0,164.1,35.98,33.27,0.0,RUN,1328.36
2024-05-11 18:00:00,0.458,32.5,3.14,43.0,21.0,33.32,33.04,0.0,RUN,-9.34
2024-05-11 19:00:00,0.365,31.1,3.13,47.0,0.0,31.87,31.88,0.0,STANDBY,-6.95
2024-05-11 20:00:00,0.253,30.2,3.04,49.0,0.0,30.62,29.78,0.0,STANDBY,-9.48
2024-05-11 21:00:00,0.235,29.3,2.93,56.0,0.0,28.0,29.11,0.0,STANDBY,-3.41
2024-05-11 22:00:00,0.205,27.1,3.18,59.0,0.0,28.1,27.75,0.0,standby,0.0
2024-05-11 23:00:00,0.315,25.5,3.13,61.0,0.0,27.0,25.84,0.0,standby,0.0
2024-05-12 00:00:00,0.342,25.0,2.62,69.0,0.0,25.93,25.54,0.0,STANDBY,0.0
2024-05-12 01:00:00,0.397,24.4,2.45,69.0,0.0,24.94,23.89,0.0,STANDBY,0.0
2024-05-12 02:00:00,0.462,23.3,2.5,71.0,9999.0,22.9,24.01,0.0,STANDBY,-9.97
2024-05-12 03:00:00,0.594,22.6,2.74,69.0,0.0,22.84,23.71,0.0,STANDBY,0.0
2024-05-12 04:00:00,0.755,23.8,2.29,72.0,0.0,24.41,23.76,0.0,STANDBY,0.0
2024-05-12 05:00:00,0.594,23.7,2.05,68.0,0.0,24.98,25.3,0.0,STANDBY,-9.45
2024-05-12 06:00:00,0.468,25.0,2.39,66.0,68.4,27.73,25.37,0.0,RUN,303.95
12-05-2024 07:00,0.502,26.7,2.58,62.0,237.9,31.46,26.86,0.0,RUN,2255.68
2024-05-12 08:00:00,0.497,27.7,2.38,63.0,479.1,38.7,28.68,0.0,RUN,4778.21
2024-05-12 09:00:00,0.464,29.6,2.15,58.0,639.4,42.34,30.35,0.0,RUN,6742.59
2024-05-12 10:00:00,0.482,31.1,3.04,60.0,806.3,46.68,30.98,0.0,RUN,8146.51
2024-05-12 11:00:00,0.363,32.4,3.17,53.0,884.7,50.06,32.57,0.0,RUN,9122.62
2024-05-12 12:00:00,0.363,33.9,3.51,52.0,914.8,49.85,34.02,0.0,RUN,9313.91
2024-05-12 13:00:00,0.265,34.3,3.48,51.0,878.4,49.84,33.67,0.0,RUN,8803.74
2024-05-12 14:00:00,0.306,35.6,3.46,48.0,751.2,48.57,34.6,0.0,RUN,7653.0
2024-05-12 15:00:00,0.352,35.6,2.41,47.0,595.9,47.0,34.92,0.0,RUN,5796.89
2024-05-12 16:00:00,0.541,35.4,2.71,49.0,363.1,40.45,34.52,0.0,RUN,3481.15
2024-05-12 17:00:00,0.539,35.4,3.08,50.0,156.3,36.89,34.45,0.0,RUN,1225.36
2024-05-12 18:00:00,0.438,34.9,3.46,51.0,18.8,34.96,33.21,0.0,RUN,36.59
2024-05-12 19:00:00,0.368,33.1,-999.0,53.0,0.0,32.51,31.8,0.0,STANDBY,-2.7
2024-05-12 22:00:00,0.424,28.9,2.89,61.0,0.0,28.8,27.9,0.0,STANDBY,0.0
2024-05-12 23:00:00,0.463,27.7,2.42,63.0,0.0,26.18,26.79,0.0,STANDBY,-8.75
2024-05-13 00:00:00,0.333,25.2,2.97,63.0,0.0,23.23,23.74,0.0,STANDBY,0.0
2024-05-13 01:00:00,0.382,24.2,2.66,67.0,0.0,21.6,23.6,0.0,STANDBY,-5.83
2024-05-13 02:00:00,0.324,23.8,3.08,67.0,0.0,21.96,22.65,0.0,STANDBY,0.0
2024-05-13 03:00:00,0.394,23.0,2.78,63.0,0.0,22.61,22.46,0.0,STANDBY,-5.18
2024-05-13 03:00:00,0.394,23.0,2.78,63.0,0.0,22.61,22.46,0.0,STANDBY,-5.62
2024-05-13 04:00:00,0.454,23.5,2.85,63.0,0.0,22.76,22.3,0.0,STANDBY,-4.1
2024-05-13 05:00:00,0.531,23.7,3.19,63.0,0.0,24.32,23.25,0.0,STANDBY,0.0
2024-05-13 06:00:00,0.465,25.2,2.01,58.0,68.4,27.67,25.35,0.0,RUN,314.83
2024-05-13 07:00:00,0.267,26.4,2.03,55.0,262.9,31.18,24.96,0.0,RUN,2372.93
2024-05-13 08:00:00,0.41,27.7,1.78,54.0,476.8,36.69,26.33,0.0,RUN,4777.36
2024-05-13 09:00:00,0.376,28.7,2.02,51.0,680.4,42.0,28.45,0.0, RUN ,6782.69
2024-05-13 10:00:00,0.371,30.0,2.89,50.0,808.9,47.9,29.58,0.0,RUN,8412.19
2024-05-13 11:00:00,0.252,32.0,2.79,42.0,898.7,48.54,31.3,0.0,RUN,9316.66
2024-05-13 12:00:00,0.458,33.3,3.23,42.0,927.9,50.52,32.11,0.0,RUN,9184.84
2024-05-13 13:00:00,0.495,34.8,3.49,39.0,865.7,49.07,33.01,0.0,RUN,8758.64
2024-05-13 14:00:00,0.414,35.8,3.66,38.0,765.7,47.3,33.56,0.0,RUN,7742.55
2024-05-13 15:00:00,0.546,35.6,3.09,42.0,599.3,44.83,33.5,0.0,RUN,5907.35
2024-05-13 16:00:00,0.604,34.9,3.04,41.0,382.4,40.71,33.35,0.0,RUN,3711.29
2024-05-13 17:00:00,0.299,34.2,3.32,39.0,172.8,36.05,33.25,0.0,run,1339.89
2024-05-13 18:00:00,0.275,33.2,3.39,41.0,14.9,34.15,32.35,0.0,RUN,0.0
2024-05-13 19:00:00,0.448,32.4,3.12,45.0,0.0,31.23,31.66,0.0,STANDBY,0.0
2024-05-13 20:00:00,0.405,30.5,3.25,47.0,0.0,29.98,29.41,0.0,STANDBY,-4.15
2024-05-13 21:00:00,0.429,29.3,3.61,51.0,0.0,28.47,28.64,0.0,STANDBY,0.0
2024-05-13 22:00:00,0.345,28.1,3.62,53.0,0.0,26.31,26.68,0.0,STANDBY,-3.39
2024-05-13 23:00:00,0.314,26.5,3.7,56.0,0.0,26.41,24.92,0.0,STANDBY,-3.73
2024-05-14 00:00:00,0.275,27.3,3.26,64.0,0.0,26.42,25.63,0.0,STANDBY,0.0
2024-05-14 01:00:00,0.251,26.4,3.68,67.0,0.0,25.94,25.67,0.0,STANDBY,0.0
2024-05-14 02:00:00,0.16,24.8,3.37,65.0,0.0,25.24,25.54,0.0,STANDBY,-9.31
2024-05-14 03:00:00,0.232,24.7,3.96,64.0,0.0,23.32,25.12,0.0,STANDBY,0.0
2024-05-14 04:00:00,0.253,25.0,3.7,68.0,0.0,26.07,25.1,0.0,standby,0.0
2024-05-14 05:00:00,0.174,25.7,3.65,69.0,0.0,25.09,25.21,0.0,STANDBY,-11.0
2024-05-14 06:00:00,0.237,26.5,3.17,67.0,71.4,28.38,25.82,0.0,run,337.54
2024-05-14 07:00:00,0.334,28.1,3.33,68.0,252.5,33.65,27.61,0.0,RUN,2357.12
2024-05-14 08:00:00,0.168,29.7,3.47,61.0,498.2,38.31,29.81,0.0,RUN,4797.31
2024-05-14 09:00:00,0.248,31.0,3.6,57.0,684.8,45.57,30.91,0.0,RUN,6845.2
2024-05-14 10:00:00,0.321,32.1,3.45,56.0,820.4,48.97,32.21,0.0,RUN,8272.7
2024-05-14 11:00:00,0.305,34.1,3.7,49.0,948.9,50.5,33.81,0.0,RUN,9237.93
2024-05-14 12:00:00,0.34,34.8,4.24,44.0,939.3,50.75,33.96,0.0,run,9311.55
2024-05-14 13:00:00,0.293,36.1,4.19,42.0,879.4,51.43,35.43,0.0,RUN,8811.63
2024-05-14 14:00:00,0.307,36.9,4.34,46.0,760.3,48.7,35.37,0.0,RUN,7560.53
2024-05-14 15:00:00,0.332,37.2,4.95,42.0,571.7,44.65,36.13,0.0,RUN,5831.81
2024-05-14 16:00:00,0.34,36.2,5.42,44.0,371.9,42.36,35.96,0.0,RUN,3700.01
2024-05-14 17:00:00,0.394,36.3,4.82,45.0,159.8,37.67,35.09,0.0,,1365.87
2024-05-14 18:00:00,0.406,35.7,5.13,51.0,13.9,36.77,34.52,0.0,RUN,15.97
2024-05-14 19:00:00,0.297,34.2,4.56,49.0,0.0,32.76,33.42,0.0,STANDBY,0.0
2024-05-14 20:00:00,0.308,32.9,4.32,51.0,0.0,34.15,31.68,0.0, STANDBY ,0.0
2024-05-14 21:00:00,0.332,31.3,3.79,57.0,0.0,29.06,30.43,0.0,STANDBY,-6.38
2024-05-14 23:00:00,0.348,28.1,3.0,61.0,0.0,28.76,27.32,0.0,STANDBY,-5.87
2024-05-15 00:00:00,0.249,27.4,4.2,60.0,0.0,25.74,26.34,0.0,STANDBY,0.0
2024-05-15 01:00:00,0.298,26.8,3.45,63.0,0.0,25.09,25.6,0.0,STANDBY,-7.68
15-05-2024 02:00,0.35,25.8,4.19,69.0,0.0,24.76,25.28,0.0,STANDBY,0.0
2024-05-15 03:00:00,0.263,25.2,3.96,70.0,0.0,25.6,25.23,0.0,STANDBY,0.0
2024-05-15 04:00:00,0.359,25.4,5.0,70.0,0.0,26.96,25.28,0.0,STANDBY,-8.67
15-05-2024 05:00,0.399,26.6,5.33,68.0,0.0,24.22,25.82,0.0,STANDBY,-3.9
2024-05-15 06:00:00,0.294,28.0,4.77,60.0,73.4,27.83,26.29,0.0,RUN,257.44
2024-05-15 07:00:00,0.297,29.2,4.25,60.0,262.4,32.82,27.7,0.0,RUN,2385.3
2024-05-15 08:00:00,0.295,30.1,4.19,56.0,472.1,39.21,29.66,0.0,RUN,4726.88
2024-05-15 09:00:00,0.296,32.0,4.57,55.0,653.0,43.76,30.94,0.0,RUN,6905.81
2024-05-15 10:00:00,0.306,33.1,4.68,48.0,810.7,47.57,32.2,0.0,RUN,8388.04
2024-05-15 11:00:00,0.289,34.9,5.44,45.0,936.5,50.28,34.0,0.0,RUN,9226.79
2024-05-15 12:00:00,0.431,36.1,6.35,43.0,956.2,51.85,34.35,0.0,RUN,9409.98
2024-05-15 13:00:00,0.33,37.0,5.55,41.0,863.7,51.04,35.82,0.0,RUN,8869.21
2024-05-15 14:00:00,0.482,37.0,5.49,45.0,701.0,47.07,35.67,0.0,RUN,7350.85
2024-05-15 15:00:00,0.422,36.6,6.74,42.0,560.7,46.79,35.62,0.0,RUN,5724.45
2024-05-15 16:00:00,0.254,36.8,7.51,44.0,376.4,41.98,35.43,0.0,RUN,3625.73
2024-05-15 17:00:00,0.227,36.2,8.02,49.0,164.5,38.2,35.28,0.0,RUN,1279.55
2024-05-15 18:00:00,0.307,34.8,6.43,51.0,21.6,35.56,34.04,0.0,RUN,76.85
2024-05-15 19:00:00,0.121,33.7,5.07,49.0,0.0,33.74,33.52,0.0,STANDBY,-4.78
2024-05-15 21:00:00,0.165,31.3,4.11,55.0,0.0,30.2,30.01,0.0,standby,0.0
2024-05-15 22:00:00,0.254,29.7,4.01,58.0,0.0,30.17,29.13,0.0,STANDBY,0.0
2024-05-15 23:00:00,0.251,28.5,3.81,60.0,0.0,25.98,27.22,0.0,STANDBY,-5.77
16-05-2024 00:00,0.457,25.3,3.21,69.0,0.0,27.14,25.76,0.0,STANDBY,0.0
2024-05-16 01:00:00,0.548,24.8,2.92,71.0,0.0,25.5,25.12,0.0,STANDBY,-10.12
2024-05-16 02:00:00,0.552,24.1,3.11,72.0,0.0,24.2,24.04,0.0,STANDBY,-5.35
2024-05-16 03:00:00,0.657,23.3,3.13,74.0,0.0,24.5,23.59,0.0,STANDBY,-999.0
2024-05-16 04:00:00,0.631,23.2,3.05,74.0,0.0,23.71,25.23,0.0,STANDBY,0.0
2024-05-16 05:00:00,0.569,23.6,2.32,69.0,0.0,24.77,25.02,0.0,STANDBY,-3.17
2024-05-16 06:00:00,0.645,24.6,2.23,69.0,60.4,26.93,26.0,0.0,RUN,249.47
2024-05-16 07:00:00,0.621,25.8,1.97,66.0,244.3,31.79,27.91,0.0,RUN,2341.71
2024-05-16 08:00:00,0.435,28.3,2.24,57.0,479.3,37.7,29.21,0.0,,4691.45
16-05-2024 09:00,0.438,29.9,2.48,50.0,627.5,43.49,30.13,0.0,run,6749.15
2024-05-16 10:00:00,0.653,30.9,2.74,52.0,785.6,47.82,31.81,0.0, RUN ,7925.77
2024-05-16 11:00:00,0.525,32.2,3.61,49.0,912.2,50.33,33.52,0.0,RUN,9053.34
2024-05-16 12:00:00,0.54,32.9,3.29,48.0,900.6,51.44,34.11,0.0,RUN,9125.06
2024-05-16 13:00:00,0.491,34.7,3.5,47.0,888.3,50.69,34.06,0.0,,8770.36
2024-05-16 14:00:00,0.516,35.3,4.13,48.0,745.7,49.32,34.73,0.0,RUN,7392.99
2024-05-16 15:00:00,0.44,35.5,4.04,49.0,561.3,45.89,34.84,0.0,RUN,5768.08
2024-05-16 16:00:00,0.499,35.6,3.94,51.0,351.7,40.33,34.86,0.0,RUN,3417.9
2024-05-16 17:00:00,0.365,35.4,4.1,50.0,160.9,39.22,34.77,0.0,RUN,1248.17
2024-05-16 18:00:00,0.242,34.5,4.32,49.0,25.5,32.98,33.86,0.0,RUN,0.0
2024-05-16 19:00:00,0.433,32.9,4.26,51.0,0.0,32.84,32.3,0.0,STANDBY,-8.39
2024-05-16 20:00:00,0.29,31.1,3.55,54.0,0.0,30.58,30.91,0.0,,0.0
16-05-2024 21:00,0.282,30.1,3.22,54.0,0.0,31.97,30.31,0.0,STANDBY,0.0
2024-05-16 22:00:00,0.285,28.3,3.35,60.0,0.0,27.73,29.03,0.0,STANDBY,-8.81
2024-05-16 23:00:00,0.462,26.7,3.07,69.0,0.0,26.22,26.99,0.0,STANDBY,0.0
2024-05-17 00:00:00,0.68,24.1,2.88,69.0,0.0,23.68,24.38,0.0,STANDBY,0.0
2024-05-17 01:00:00,0.779,23.2,2.51,70.0,0.0,23.85,23.55,0.0,standby,-4.48
2024-05-17 02:00:00,0.749,22.6,2.47,69.0,0.0,23.22,23.14,0.0,STANDBY,-7.75
2024-05-17 03:00:00,0.612,22.2,2.34,68.0,0.0,20.94,23.06,0.0,STANDBY,-8.37
2024-05-17 04:00:00,0.656,22.5,2.86,68.0,0.0,23.19,22.7,0.0,STANDBY,0.0
2024-05-17 05:00:00,0.662,22.7,2.53,67.0,0.0,21.86,23.74,0.0,STANDBY,0.0
2024-05-17 06:00:00,0.631,23.5,2.72,68.0,68.9,26.33,24.19,0.0,RUN,228.19
2024-05-17 07:00:00,0.631,24.8,2.2,66.0,235.0,29.6,26.05,0.0,RUN,2261.86
2024-05-17 08:00:00,0.453,26.1,2.57,59.0,454.0,35.9,27.18,0.0,RUN,4728.64
2024-05-17 09:00:00,0.512,27.8,2.87,58.0,654.0,41.76,28.47,0.0,RUN,6688.53
2024-05-17 10:00:00,0.645,29.2,3.73,54.0,758.4,45.39,29.81,0.0,RUN,7704.76
2024-05-17 11:00:00,0.596,30.2,3.9,49.0,886.0,47.22,31.01,0.0,RUN,8844.62
2024-05-17 12:00:00,0.537,31.4,4.09,47.0,873.2,46.34,31.93,0.0,RUN,9039.51
2024-05-17 13:00:00,0.407,32.5,4.18,43.0,861.6,48.11,33.59,0.0,run,8767.9
2024-05-17 14:00:00,0.309,32.5,3.56,39.0,768.9,48.77,33.69,0.0,RUN,7711.38
2024-05-17 15:00:00,0.473,33.1,3.92,38.0,598.7,43.4,33.43,0.0,RUN,5844.3
2024-05-17 16:00:00,0.504,32.2,4.8,40.0,363.0,40.82,33.06,0.0,RUN,3561.45
2024-05-17 17:00:00,0.475,31.3,5.59,42.0,164.4,35.56,32.67,0.0,RUN,1272.73
2024-05-17 18:00:00,0.472,30.1,5.66,44.0,16.8,31.98,31.85,0.0,RUN,12.1
2024-05-17 19:00:00,0.644,29.4,4.41,49.0,0.0,30.08,30.2,0.0,STANDBY,0.0
2024-05-17 20:00:00,0.584,28.2,4.11,53.0,0.0,30.74,29.46,0.0,STANDBY,0.0
2024-05-17 21:00:00,0.642,27.0,3.45,57.0,0.0,28.44,28.94,0.0,STANDBY,-7.3
2024-05-17 22:00:00,0.544,25.7,3.55,59.0,0.0,27.22,26.2,0.0,standby,-6.54
2024-05-17 23:00:00,0.336,24.0,4.15,60.0,0.0,27.17,24.83,0.0,standby,-4.5
2024-05-18 00:00:00,0.166,21.9,7.05,61.0,0.0,23.3,23.81,0.0,STANDBY,-9.31
2024-05-18 01:00:00,0.132,21.4,6.53,61.0,0.0,23.32,22.82,0.0,STANDBY,0.0
2024-05-18 02:00:00,0.127,20.8,7.63,62.0,0.0,22.1,22.3,0.0,STANDBY,-8.82
2024-05-18 03:00:00,0.122,20.7,6.61,65.0,0.0,22.87,22.13,0.0,STANDBY,-8.74
2024-05-18 04:00:00,0.148,20.7,6.42,64.0,0.0,22.36,23.15,0.0,STANDBY,-5.24
2024-05-18 05:00:00,0.068,21.2,6.65,62.0,0.0,23.48,23.4,0.0,STANDBY,-2.67
2024-05-18 06:00:00,0.049,22.4,6.27,58.0,74.0,26.06,24.25,0.0,RUN,309.09
2024-05-18 07:00:00,0.178,23.5,5.42,58.0,244.0,29.34,25.34,0.0,RUN,2367.62
2024-05-18 08:00:00,0.222,25.3,5.62,58.0,456.2,34.66,26.32,0.0,run,4501.56
2024-05-18 09:00:00,0.245,27.2,6.03,57.0,586.1,39.44,28.54,0.0,RUN,6237.24
2024-05-18 10:00:00,0.415,28.5,7.56,52.0,648.7,41.7,28.28,0.0,RUN,6784.95
2024-05-18 11:00:00,0.407,29.9,7.47,49.0,780.2,44.06,30.52,0.0,RUN,8152.42
2024-05-18 12:00:00,0.18,31.1,7.07,42.0,919.3,47.53,31.42,0.0,RUN,9217.35
2024-05-18 13:00:00,0.092,32.3,7.15,39.0,860.2,47.04,32.13,0.0,RUN,8995.19
2024-05-18 14:00:00,0.139,32.8,7.32,41.0,807.0,44.87,32.31,0.0,,7660.98
2024-05-18 15:00:00,0.173,33.1,7.61,40.0,597.9,41.54,33.53,0.0,RUN,5914.85
2024-05-18 16:00:00,0.106,32.5,8.14,40.0,371.0,39.65,33.04,0.0,RUN,3671.71
2024-05-18 17:00:00,0.055,31.8,8.03,35.0,173.5,33.86,32.4,0.0,RUN,1364.78
2024-05-18 18:00:00,0.162,30.7,6.24,44.0,29.3,32.09,30.8,0.0,RUN,-10.55
2024-05-18 19:00:00,0.203,30.1,6.51,48.0,0.0,31.19,30.75,0.0,STANDBY,-5.82
2024-05-18 20:00:00,0.086,28.8,6.88,49.0,0.0,29.15,29.4,0.0,standby,-5.41
2024-05-18 21:00:00,0.059,27.4,7.72,49.0,0.0,26.41,27.68,0.0,STANDBY,0.0
2024-05-18 22:00:00,0.116,26.5,7.62,54.0,0.0,26.0,26.04,0.0,STANDBY,0.0
2024-05-18 23:00:00,0.163,25.2,7.07,57.0,0.0,24.6,24.77,0.0,STANDBY,-5.58
2024-05-19 00:00:00,0.131,24.8,4.67,57.0,0.0,24.4,24.53,0.0,STANDBY,0.0
2024-05-19 01:00:00,0.114,23.7,4.09,63.0,0.0,24.43,24.34,0.0,STANDBY,0.0
2024-05-19 02:00:00,0.236,22.8,4.42,65.0,0.0,23.48,23.61,0.0,STANDBY,0.0
2024-05-19 03:00:00,0.144,22.8,4.53,64.0,0.0,22.73,22.89,0.0,STANDBY,0.0
2024-05-19 04:00:00,0.14,22.1,4.48,63.0,0.0,23.03,23.75,0.0,STANDBY,0.0
2024-05-19 05:00:00,0.118,23.5,4.13,58.0,0.0,22.47,24.64,0.0,STANDBY,0.0
2024-05-19 06:00:00,0.111,24.4,4.11,56.0,67.8,26.68,25.14,0.0,run,254.79
2024-05-19 07:00:00,0.125,26.0,3.32,53.0,258.7,30.72,26.96,0.0,RUN,2406.77
2024-05-19 08:00:00,0.052,27.4,3.38,51.0,488.6,36.61,27.67,0.0,RUN,4721.85
2024-05-19 09:00:00,0.073,28.9,3.63,51.0,694.1,40.56,29.54,0.0,RUN,6884.59
2024-05-19 10:00:00,0.138,30.8,4.4,50.0,841.6,44.74,30.54,0.0,run,8407.36
2024-05-19 11:00:00,0.127,32.1,4.63,48.0,907.5,46.71,32.01,0.0,RUN,9285.48
2024-05-19 12:00:00,0.111,33.0,4.38,47.0,919.5,48.05,33.48,0.0,RUN,9508.43
2024-05-19 13:00:00,0.129,34.3,4.46,45.0,875.1,49.26,34.06,0.0,RUN,8924.28
2024-05-19 14:00:00,0.138,35.7,5.63,42.0,770.3,47.84,34.01,0.0,RUN,7701.27
2024-05-19 15:00:00,0.159,35.8,5.85,42.0,572.1,43.93,34.88,0.0,RUN,5919.53
2024-05-19 16:00:00,0.224,34.9,6.07,42.0,373.4,39.62,34.21,0.0,RUN,3697.96
2024-05-19 17:00:00,0.198,34.9,5.14,40.0,167.1,36.2,34.21,0.0,RUN,1354.77
2024-05-19 18:00:00,0.271,33.4,4.27,47.0,24.8,33.35,32.19,0.0,RUN,0.0
2024-05-19 19:00:00,0.285,31.9,3.94,53.0,0.0,31.18,31.82,0.0,STANDBY,-8.68
2024-05-19 20:00:00,0.341,30.8,3.24,53.0,0.0,28.7,29.39,0.0,STANDBY,0.0
2024-05-19 21:00:00,0.273,29.8,3.25,54.0,0.0,28.61,29.23,0.0,STANDBY,0.0
2024-05-19 23:00:00,0.133,25.7,3.56,59.0,0.0,26.49,25.82,0.0,STANDBY,0.0
2024-05-20 00:00:00,0.235,27.4,3.65,65.0,0.0,26.76,27.57,0.0,STANDBY,-4.63
2024-05-20 01:00:00,0.222,26.0,3.55,68.0,0.0,25.95,26.56,0.0,STANDBY,0.0
2024-05-20 02:00:00,0.249,25.0,3.74,74.0,0.0,24.99,25.89,0.0,STANDBY,0.0
2024-05-20 03:00:00,0.25,24.6,4.12,75.0,0.0,25.09,25.0,0.0,STANDBY,0.0
20-05-2024 04:00,0.432,25.9,3.73,71.0,0.0,25.33,25.41,0.0,STANDBY,0.0
2024-05-20 05:00:00,0.463,26.0,4.15,69.0,0.0,25.93,26.35,0.0,STANDBY,0.0
2024-05-20 06:00:00,0.345,27.0,4.24,64.0,76.1,27.52,27.01,0.0,RUN,290.61
2024-05-20 07:00:00,0.238,28.6,4.12,64.0,263.6,32.7,27.57,0.0,RUN,2399.61
2024-05-20 08:00:00,0.262,29.4,3.91,58.0,467.2,37.91,29.37,0.0,RUN,4737.17
2024-05-20 09:00:00,0.172,30.8,5.28,54.0,675.9,43.32,30.32,0.0,RUN,6795.49
2024-05-20 10:00:00,0.177,32.5,6.42,54.0,827.8,46.64,31.7,0.0,RUN,8421.35
2024-05-20 11:00:00,0.235,34.4,6.6,53.0,875.2,47.66,33.91,0.0,RUN,9246.49
20-05-2024 12:00,0.319,35.3,6.73,53.0,946.5,48.88,35.21,0.0,RUN,9337.19
2024-05-20 13:00:00,0.187,35.9,6.05,48.0,885.4,47.37,35.26,0.0,RUN,8928.97
2024-05-20 14:00:00,0.253,36.3,7.39,47.0,775.3,47.02,35.46,0.0,RUN,7605.54
2024-05-20 15:00:00,0.236,36.9,7.78,45.0,597.4,43.63,35.22,0.0,RUN,5837.4
2024-05-20 16:00:00,0.227,36.4,7.58,43.0,373.2,42.35,36.0,0.0,,3675.31
2024-05-20 17:00:00,0.186,36.0,8.64,49.0,172.4,36.92,36.35,0.0,RUN,1332.18
2024-05-20 18:00:00,0.097,35.6,7.15,51.0,24.0,35.17,34.57,0.0,RUN,13.69
2024-05-20 19:00:00,0.132,34.4,5.97,55.0,0.0,35.14,33.45,0.0,STANDBY,-7.71
2024-05-20 20:00:00,0.203,33.2,4.83,54.0,0.0,32.72,31.82,0.0,STANDBY,0.0
2024-05-20 21:00:00,0.142,31.9,4.12,56.0,0.0,29.14,30.58,0.0,STANDBY,-2.2
2024-05-20 22:00:00,0.084,30.6,4.67,59.0,0.0,29.71,29.02,0.0,STANDBY,-7.57
2024-05-20 23:00:00,0.097,28.9,3.95,63.0,0.0,29.12,28.05,0.0,STANDBY,0.0
2024-05-21 00:00:00,0.173,26.8,3.48,66.0,0.0,25.48,25.02,0.0, STANDBY ,0.0
2024-05-21 01:00:00,0.189,26.1,3.61,70.0,0.0,25.57,24.5,0.0,STANDBY,0.0
2024-05-21 02:00:00,0.217,25.4,3.96,71.0,0.0,24.73,24.31,0.0,STANDBY,0.0
2024-05-21 03:00:00,0.399,25.5,3.51,71.0,0.0,22.72,23.48,0.0,STANDBY,0.0
2024-05-21 04:00:00,0.355,25.8,3.44,69.0,0.0,25.86,23.45,0.0,,0.0
2024-05-21 05:00:00,0.245,26.9,3.7,69.0,0.0,25.22,25.27,0.0,STANDBY,0.0
2024-05-21 06:00:00,0.23,27.9,4.1,67.0,74.0,26.86,25.66,0.0,RUN,282.69
2024-05-21 07:00:00,0.29,29.1,3.96,66.0,259.4,31.24,27.3,0.0,run,2392.88
2024-05-21 08:00:00,0.425,30.2,3.19,65.0,453.6,37.05,28.33,0.0,RUN,4558.68
2024-05-21 09:00:00,0.486,31.3,4.31,62.0,633.6,40.95,29.5,0.0,RUN,6505.23
2024-05-21 10:00:00,0.432,32.2,4.11,57.0,786.2,44.16,30.39,0.0,RUN,8123.45
2024-05-21 11:00:00,0.376,33.6,5.5,55.0,885.1,46.82,31.36,0.0,RUN,9017.92
2024-05-21 12:00:00,0.464,34.1,6.04,49.0,899.6,48.07,32.26,0.0,RUN,9134.07
2024-05-21 13:00:00,0.476,34.5,5.88,48.0,,,,0.0,,null
2024-05-21 14:00:00,0.514,34.7,6.77,47.0,,,NA,0.0,,
2024-05-21 15:00:00,0.314,35.7,6.38,43.0,null,NA,,0.0,,null
2024-05-21 16:00:00,0.299,35.6,6.9,48.0,,,,0.0,,NA
2024-05-21 17:00:00,0.521,35.0,6.32,50.0,,NA,null,0.0,,
2024-05-21 18:00:00,0.38,34.5,6.19,55.0,,,NA,0.0,,
2024-05-21 19:00:00,0.428,32.5,6.51,58.0,,,,0.0,,
2024-05-21 20:00:00,0.287,31.1,5.04,59.0,,,NA,0.0,,NA
2024-05-21 21:00:00,0.316,29.8,4.53,60.0,null,NA,NA,0.0,,NA
2024-05-21 22:00:00,0.156,28.6,5.17,60.0,,,,0.0,,
2024-05-21 23:00:00,0.18,27.2,4.16,64.0,,,,0.0,,
2024-05-22 00:00:00,0.22,26.0,4.23,70.0,,NA,,0.0,,
2024-05-22 01:00:00,0.449,25.1,4.57,72.0,0.0,25.93,25.81,0.0,STANDBY,0.0
2024-05-22 02:00:00,0.283,24.2,4.09,74.0,0.0,23.95,24.53,0.0,STANDBY,0.0
2024-05-22 03:00:00,0.254,24.6,4.53,69.0,0.0,24.38,24.66,0.0,STANDBY,-4.35
2024-05-22 04:00:00,0.16,24.7,4.44,69.0,0.0,24.22,25.25,0.0,STANDBY,0.0
2024-05-22 05:00:00,0.177,26.2,5.01,71.0,0.0,24.73,25.56,0.0,STANDBY,0.0
2024-05-22 06:00:00,0.179,27.4,4.54,65.0,71.3,27.77,26.77,0.0,RUN,193.77
2024-05-22 07:00:00,0.35,28.2,4.29,64.0,249.8,32.7,27.23,0.0,RUN,2367.41
2024-05-22 08:00:00,0.463,30.0,4.29,65.0,464.2,37.57,29.23,0.0,RUN,4603.84
2024-05-22 09:00:00,0.565,31.0,3.94,63.0,629.5,43.58,30.49,0.0,RUN,6303.29
2024-05-22 10:00:00,0.593,31.8,4.41,59.0,782.7,45.98,31.39,0.0,RUN,7740.05
2024-05-22 11:00:00,0.439,33.0,4.37,58.0,871.2,49.72,32.67,0.0,run,8755.4
2024-05-22 12:00:00,0.389,34.2,5.34,56.0,900.8,50.31,33.81,0.0,RUN,8966.45
2024-05-22 13:00:00,0.201,35.0,5.98,51.0,869.0,50.02,34.97,0.0,RUN,8759.44
2024-05-22 14:00:00,0.296,35.0,6.55,51.0,720.2,48.64,34.23,0.0,RUN,7455.68
2024-05-22 15:00:00,0.562,35.1,6.47,56.0,544.7,44.3,34.9,0.0,RUN,5391.28
2024-05-22 16:00:00,0.657,34.7,6.75,55.0,349.6,39.76,34.48,0.0,RUN,3413.15
2024-05-22 17:00:00,0.663,33.8,5.75,57.0,151.2,37.18,34.01,0.0, RUN ,1269.45
2024-05-22 18:00:00,0.529,33.1,5.31,60.0,19.3,33.88,33.11,0.0,RUN,7.42
2024-05-22 19:00:00,0.348,33.0,5.61,61.0,0.0,32.22,33.1,0.0,STANDBY,-6.24
2024-05-22 20:00:00,0.356,32.2,4.7,63.0,0.0,32.39,31.77,0.0,STANDBY,-10.57
2024-05-22 21:00:00,0.421,30.6,4.32,64.0,0.0,30.48,30.02,0.0,STANDBY,-7.54
2024-05-22 22:00:00,0.479,29.0,3.94,66.0,0.0,29.41,28.54,0.0,STANDBY,-2.4
2024-05-22 23:00:00,0.566,27.6,3.73,71.0,0.0,27.73,27.08,0.0,STANDBY,0.0
2024-05-23 00:00:00,0.661,23.4,4.27,66.0,0.0,23.46,23.81,0.0, standby ,0.0
2024-05-23 01:00:00,0.569,22.8,4.04,67.0,0.0,22.35,23.08,0.0,STANDBY,-2.78
2024-05-23 02:00:00,0.536,23.2,4.62,68.0,0.0,22.34,23.22,0.0,STANDBY,-5.61
2024-05-23 03:00:00,0.764,23.6,4.23,68.0,0.0,22.99,22.43,0.0,STANDBY,-8.44
2024-05-23 04:00:00,0.767,23.4,5.59,69.0,0.0,22.77,23.31,0.0,STANDBY,0.0
2024-05-23 05:00:00,0.684,24.3,5.27,68.0,0.0,24.27,22.91,0.0,STANDBY,-4.82
2024-05-23 06:00:00,0.729,24.8,4.47,66.0,63.6,25.52,24.36,0.0,RUN,230.73
2024-05-23 07:00:00,0.687,25.7,3.8,66.0,247.0,32.0,24.82,0.0,RUN,2246.4
23-05-2024 08:00,0.658,26.8,4.17,62.0,433.1,35.58,26.74,0.0,RUN,4488.26
2024-05-23 09:00:00,0.423,28.0,4.49,59.0,681.7,40.58,27.55,0.0,RUN,6763.02
2024-05-23 10:00:00,0.449,29.2,4.56,56.0,784.4,43.22,29.57,0.0,run,8165.99
2024-05-23 11:00:00,0.295,30.7,5.26,51.0,898.7,46.75,30.48,0.0,RUN,9120.33
2024-05-23 12:00:00,0.31,31.1,5.45,44.0,951.3,46.72,31.4,0.0,RUN,9326.09
2024-05-23 13:00:00,0.322,31.9,6.08,43.0,847.4,47.69,32.33,0.0,RUN,8831.56
2024-05-23 14:00:00,0.405,32.6,5.25,44.0,760.2,44.96,32.46,0.0,RUN,7632.79
2024-05-23 15:00:00,0.447,32.7,5.4,43.0,576.9,41.3,32.84,0.0,RUN,5822.07
2024-05-23 16:00:00,0.702,32.4,6.21,46.0,346.6,37.66,31.95,0.0,RUN,3408.25
2024-05-23 17:00:00,0.518,32.4,4.95,52.0,166.3,33.9,32.03,0.0,RUN,1294.57
2024-05-23 18:00:00,0.492,31.7,4.94,51.0,27.0,32.27,31.4,0.0,RUN,44.27
2024-05-23 19:00:00,0.439,30.9,4.18,57.0,0.0,29.62,30.22,0.0,STANDBY,-5.22
2024-05-23 20:00:00,0.504,29.5,3.2,58.0,0.0,29.54,29.76,0.0,STANDBY,-9.09
2024-05-23 21:00:00,0.471,28.6,3.49,61.0,0.0,27.34,27.99,0.0,STANDBY,0.0
2024-05-23 22:00:00,0.504,27.0,3.49,64.0,0.0,27.74,25.84,0.0,STANDBY,0.0
2024-05-23 23:00:00,0.532,26.5,2.86,65.0,0.0,25.57,26.01,0.0,STANDBY,0.0
2024-05-24 00:00:00,0.774,23.9,2.43,67.0,0.0,23.84,22.81,0.0,STANDBY,0.0
2024-05-24 01:00:00,0.704,23.1,2.57,68.0,0.0,21.06,21.33,0.0,STANDBY,-6.83
2024-05-24 02:00:00,0.612,22.4,2.55,67.0,0.0,20.64,21.54,0.0, STANDBY ,-9.05
2024-05-24 03:00:00,0.612,21.9,2.92,73.0,0.0,22.61,21.63,0.0,STANDBY,0.0
2024-05-24 04:00:00,0.499,22.2,3.19,68.0,0.0,20.1,21.03,0.0,STANDBY,-2.49
2024-05-24 05:00:00,0.612,22.9,4.47,71.0,0.0,20.7,22.6,0.0,STANDBY,0.0
2024-05-24 06:00:00,0.389,23.3,4.52,64.0,72.8,23.16,23.57,0.0,RUN,297.88
2024-05-24 07:00:00,0.401,24.9,4.74,61.0,223.4,28.51,24.24,0.0,run,2091.96
2024-05-24 08:00:00,0.542,26.1,4.76,58.0,373.2,32.73,24.82,0.0,RUN,3743.47
2024-05-24 09:00:00,0.521,26.7,4.84,59.0,550.3,36.31,-999.0,0.0,RUN,5551.75
2024-05-24 10:00:00,0.403,27.8,5.53,53.0,692.2,39.12,27.82,0.0,RUN,7083.22
2024-05-24 11:00:00,0.305,28.9,5.04,51.0,847.6,43.55,28.53,0.0,RUN,8645.3
2024-05-24 12:00:00,0.384,30.0,5.47,49.0,891.6,43.74,29.7,0.0,RUN,8955.51
2024-05-24 13:00:00,0.516,30.2,5.6,47.0,794.3,44.43,30.52,0.0,run,8233.96
2024-05-24 14:00:00,0.442,30.7,5.85,45.0,751.1,43.14,30.38,0.0,RUN,7389.61
2024-05-24 15:00:00,0.532,31.0,5.14,44.0,563.4,39.38,30.76,0.0,RUN,5588.04
2024-05-24 16:00:00,0.683,30.6,4.58,44.0,323.2,36.09,30.3,0.0,RUN,3303.74
2024-05-24 17:00:00,0.756,29.9,4.31,47.0,146.4,31.93,30.49,0.0,RUN,1139.16
2024-05-24 18:00:00,0.736,29.3,3.89,51.0,23.0,29.02,28.45,0.0,RUN,-6.37
2024-05-24 19:00:00,0.823,27.7,4.07,57.0,0.0,29.3,28.32,0.0,STANDBY,0.0
2024-05-24 20:00:00,0.684,27.0,4.13,56.0,0.0,28.51,26.92,0.0,STANDBY,-7.97
2024-05-24 21:00:00,0.757,26.0,3.48,61.0,0.0,26.49,26.03,0.0,STANDBY,0.0
2024-05-24 22:00:00,0.74,25.0,4.32,64.0,0.0,25.41,24.82,0.0,STANDBY,-5.07
2024-05-24 23:00:00,0.636,23.5,3.73,72.0,0.0,23.61,23.45,0.0,STANDBY,-6.7
2024-05-25 00:00:00,0.568,21.9,4.25,78.0,0.0,21.58,21.89,0.0,STANDBY,-3.01
2024-05-25 01:00:00,0.583,20.9,4.91,76.0,0.0,23.71,21.62,0.0,STANDBY,0.0
2024-05-25 02:00:00,0.566,20.8,4.71,79.0,0.0,22.01,21.02,0.0,standby,0.0
2024-05-25 03:00:00,0.448,20.3,4.75,80.0,0.0,19.8,20.63,0.0,STANDBY,0.0
2024-05-25 04:00:00,0.434,20.7,4.41,77.0,0.0,19.47,20.57,0.0,STANDBY,0.0
2024-05-25 05:00:00,0.349,21.4,3.79,74.0,0.0,22.14,21.33,0.0,STANDBY,0.0
2024-05-25 06:00:00,0.418,22.2,4.04,72.0,69.0,26.37,22.88,0.0, RUN ,281.73
25-05-2024 07:00,0.483,23.3,4.75,73.0,234.4,27.17,23.88,0.0,RUN,2316.6
2024-05-25 08:00:00,0.458,24.6,3.7,69.0,452.2,33.61,25.28,0.0,RUN,4558.82
2024-05-25 09:00:00,0.523,26.1,3.98,64.0,617.7,37.49,26.12,0.0,RUN,6447.25
2024-05-25 10:00:00,0.542,27.8,4.3,62.0,789.9,43.05,27.16,0.0,RUN,7893.3
2024-05-25 11:00:00,0.593,28.1,4.73,60.0,820.6,43.14,28.24,0.0,RUN,8287.73
2024-05-25 12:00:00,0.497,29.3,5.36,60.0,828.6,43.54,29.06,0.0,RUN,8666.69
2024-05-25 13:00:00,0.319,30.5,4.49,53.0,850.3,44.0,30.1,0.0,RUN,8725.0
2024-05-25 14:00:00,0.297,31.0,4.25,52.0,768.5,42.07,30.66,0.0,RUN,7605.76
2024-05-25 15:00:00,0.374,31.0,5.1,49.0,594.2,39.08,31.35,0.0,RUN,5861.81
2024-05-25 16:00:00,0.46,31.1,5.19,50.0,369.0,37.95,31.74,0.0,RUN,3688.33
2024-05-25 17:00:00,0.523,30.5,5.89,51.0,172.7,32.6,30.1,0.0,RUN,1346.42
2024-05-25 18:00:00,0.424,29.9,6.04,52.0,21.0,29.62,29.29,0.0,RUN,-8.23
2024-05-25 19:00:00,0.311,28.6,5.28,54.0,0.0,27.71,28.31,0.0,STANDBY,-5.47
2024-05-25 20:00:00,0.431,27.0,4.94,60.0,0.0,27.76,28.28,0.0,STANDBY,0.0
25-05-2024 21:00,0.403,26.1,4.56,60.0,0.0,24.7,26.85,0.0,STANDBY,-2.04
2024-05-25 22:00:00,0.42,25.2,4.38,61.0,0.0,24.99,24.7,0.0,STANDBY,0.0
2024-05-25 23:00:00,0.573,23.0,4.24,65.0,0.0,24.89,23.18,0.0,STANDBY,0.0
2024-05-26 00:00:00,0.671,23.0,3.78,65.0,0.0,22.22,21.49,0.0,STANDBY,-4.33
2024-05-26 01:00:00,0.703,22.8,4.36,70.0,0.0,20.17,20.65,0.0,STANDBY,-7.78
2024-05-26 02:00:00,0.745,21.9,3.98,72.0,0.0,19.0,21.0,0.0,STANDBY,-10.67
2024-05-26 03:00:00,0.838,21.7,4.97,74.0,0.0,19.58,19.91,0.0,STANDBY,-7.26
2024-05-26 04:00:00,0.883,22.1,4.52,73.0,0.0,19.53,20.09,0.0,STANDBY,0.0
2024-05-26 05:00:00,0.76,23.0,3.67,71.0,0.0,20.9,20.81,0.0,STANDBY,-9.32
2024-05-26 06:00:00,0.598,24.0,4.22,70.0,70.5,22.38,21.74,0.0,RUN,326.04
2024-05-26 07:00:00,0.68,24.4,3.87,68.0,233.4,25.81,23.15,0.0, RUN ,2161.96
2024-05-26 08:00:00,0.655,25.8,4.06,61.0,442.3,31.72,24.38,0.0,RUN,4534.54
2024-05-26 09:00:00,0.797,27.7,4.05,60.0,612.0,37.55,24.97,0.0,RUN,6295.93
2024-05-26 10:00:00,0.793,28.9,3.81,54.0,757.3,41.92,27.5,0.0,RUN,7786.12
2024-05-26 11:00:00,0.549,29.4,4.26,48.0,898.2,43.95,26.96,0.0,run,9012.92
2024-05-26 12:00:00,0.465,30.0,4.02,47.0,916.5,42.65,29.35,0.0,RUN,9255.27
2024-05-26 13:00:00,0.504,29.8,5.45,46.0,863.6,42.94,29.23,0.0,RUN,8609.05
2024-05-26 14:00:00,0.575,30.2,5.65,52.0,721.7,41.52,30.42,0.0,RUN,7374.96
2024-05-26 15:00:00,0.45,30.7,5.45,48.0,591.8,38.88,30.56,0.0,RUN,5811.66
2024-05-26 16:00:00,0.425,30.5,5.05,46.0,379.0,37.29,29.71,0.0,RUN,3741.37
2024-05-26 17:00:00,0.51,30.4,5.38,50.0,168.4,31.1,29.09,0.0,RUN,1324.96
2024-05-26 18:00:00,0.379,29.7,5.07,53.0,21.5,28.67,28.84,0.0,RUN,8.41
2024-05-26 19:00:00,0.529,28.9,4.31,55.0,0.0,28.1,27.57,0.0,STANDBY,-4.26
2024-05-26 19:00:00,0.529,28.9,4.31,55.0,0.0,28.1,27.57,0.0,STANDBY,-4.26
2024-05-26 20:00:00,0.475,27.5,4.56,60.0,0.0,27.42,26.7,0.0,STANDBY,-5.95
2024-05-26 21:00:00,0.513,26.3,3.92,66.0,0.0,25.42,25.07,0.0,standby,-3.78
2024-05-26 22:00:00,0.474,25.7,3.89,70.0,0.0,24.45,23.58,0.0,STANDBY,0.0
2024-05-26 23:00:00,0.233,24.7,2.65,69.0,0.0,24.21,22.37,0.0,STANDBY,-3.23
2024-05-27 00:00:00,0.177,24.6,4.0,72.0,0.0,22.95,23.5,0.0,STANDBY,-5.94
2024-05-27 01:00:00,0.288,23.5,4.29,73.0,0.0,22.19,22.51,0.0,STANDBY,-11.24
2024-05-27 02:00:00,0.463,23.2,4.5,73.0,0.0,22.35,22.42,0.0,STANDBY,-8.76
2024-05-27 03:00:00,0.404,23.4,5.0,72.0,0.0,21.54,21.26,0.0,STANDBY,-9.53
2024-05-27 04:00:00,0.542,23.2,4.73,76.0,0.0,22.47,22.25,0.0, STANDBY ,0.0
2024-05-27 05:00:00,0.609,23.3,4.82,72.0,0.0,23.5,22.2,0.0,STANDBY,0.0
2024-05-27 06:00:00,0.658,24.3,4.92,72.0,64.1,24.26,22.82,0.0,RUN,303.09
2024-05-27 07:00:00,0.671,25.9,4.78,70.0,217.4,28.75,24.4,0.0,run,2110.54
2024-05-27 08:00:00,0.822,27.1,5.27,70.0,321.5,31.58,25.4,0.0,RUN,3269.72
2024-05-27 09:00:00,0.809,28.1,5.35,66.0,477.0,35.43,27.19,0.0,RUN,4837.48
2024-05-27 10:00:00,0.598,29.1,5.75,64.0,704.0,40.03,27.87,0.0,RUN,7307.68
2024-05-27 11:00:00,0.573,29.9,6.12,61.0,777.6,43.05,29.19,0.0,RUN,8430.49
2024-05-27 12:00:00,0.662,30.2,7.09,57.0,796.7,42.1,30.09,0.0,RUN,8151.81
2024-05-27 13:00:00,0.819,30.8,5.98,59.0,633.8,39.48,30.12,0.0,RUN,6491.72
2024-05-27 14:00:00,0.786,31.9,5.29,57.0,593.2,39.46,30.73,0.0,RUN,6130.25
2024-05-27 15:00:00,0.599,32.2,6.06,54.0,528.8,39.65,30.35,0.0,RUN,5404.53
2024-05-27 16:00:00,0.679,31.5,6.7,57.0,319.4,34.25,31.18,0.0,RUN,3182.49
2024-05-27 18:00:00,0.579,29.7,5.47,56.0,26.1,30.19,30.38,0.0,RUN,0.0
2024-05-27 19:00:00,0.551,29.0,5.43,58.0,0.0,27.06,28.64,0.0,STANDBY,0.0
2024-05-27 20:00:00,0.625,28.1,4.81,62.0,0.0,28.15,27.96,0.0,STANDBY,-5.71
2024-05-27 21:00:00,0.637,27.4,3.59,71.0,0.0,27.73,27.17,0.0,STANDBY,0.0
2024-05-27 22:00:00,0.414,26.4,3.8,67.0,0.0,26.12,25.58,0.0,STANDBY,-6.0
2024-05-27 23:00:00,0.406,25.6,3.89,70.0,0.0,24.04,23.25,0.0,STANDBY,-3.14
2024-05-28 00:00:00,0.323,24.2,2.99,77.0,0.0,24.42,23.56,0.0,STANDBY,-5.15
2024-05-28 01:00:00,0.631,23.6,3.09,85.0,0.0,22.39,23.87,0.0,STANDBY,-3.88
2024-05-28 02:00:00,0.728,23.4,3.96,88.0,0.0,22.97,23.12,0.0,STANDBY,0.0
2024-05-28 03:00:00,0.66,23.6,4.18,86.0,0.0,22.33,22.69,0.0,STANDBY,-4.17
2024-05-28 04:00:00,0.555,24.2,4.04,86.0,0.0,23.32,23.19,0.0,STANDBY,0.0
2024-05-28 05:00:00,0.679,23.8,4.44,89.0,0.0,24.36,23.79,0.0,STANDBY,-3.75
2024-05-28 06:00:00,0.758,24.6,4.29,91.0,49.0,26.18,24.22,0.0,RUN,181.4
2024-05-28 07:00:00,0.543,25.0,3.76,84.0,218.5,28.79,25.75,0.0,RUN,1953.4
2024-05-28 08:00:00,0.488,26.0,3.78,80.0,396.0,35.95,25.98,0.0,RUN,4015.87
2024-05-28 09:00:00,0.505,27.9,3.89,77.0,598.2,37.72,27.51,0.0,RUN,5953.81
2024-05-28 10:00:00,0.475,29.2,4.87,72.0,717.3,41.91,29.0,0.0, RUN ,7381.56
2024-05-28 11:00:00,0.648,30.3,5.52,68.0,715.9,43.38,29.57,0.0,RUN,7587.41
2024-05-28 12:00:00,0.616,31.1,4.66,68.0,782.4,42.07,30.97,0.0,RUN,7965.77
2024-05-28 13:00:00,0.481,31.5,4.43,64.0,799.2,42.41,30.48,0.0,RUN,7893.34
2024-05-28 14:00:00,0.259,32.1,4.98,62.0,697.1,43.85,31.55,0.0,RUN,7097.81
2024-05-28 15:00:00,0.471,31.8,5.55,61.0,464.0,37.46,31.22,0.0,RUN,-999.0
2024-05-28 16:00:00,0.756,31.3,5.39,68.0,215.8,35.27,30.44,0.0, RUN ,2077.06
2024-05-28 17:00:00,0.689,31.2,4.76,66.0,129.8,31.24,30.61,0.0,RUN,996.22
2024-05-28 18:00:00,0.521,30.5,4.23,66.0,22.4,30.62,30.53,0.0,RUN,-5.24
2024-05-28 19:00:00,0.486,29.2,4.49,67.0,0.0,29.6,29.29,0.0,STANDBY,0.0
2024-05-28 20:00:00,0.385,27.7,4.47,67.0,0.0,28.64,28.55,0.0,STANDBY,0.0
2024-05-28 21:00:00,0.324,27.1,3.88,65.0,0.0,27.59,27.16,0.0,STANDBY,0.0
2024-05-28 22:00:00,0.363,25.4,3.08,69.0,0.0,28.22,26.65,0.0,standby,0.0
2024-05-28 23:00:00,0.556,24.7,3.59,74.0,0.0,25.82,25.83,0.0,STANDBY,-10.59
2024-05-29 00:00:00,0.809,19.8,4.13,72.0,0.0,21.54,20.82,0.0, STANDBY ,-10.24
2024-05-29 01:00:00,0.826,20.0,3.56,76.0,0.0,20.16,20.25,0.0,standby,0.0
2024-05-29 02:00:00,0.618,19.3,3.74,74.0,0.0,20.34,20.08,0.0,standby,0.0
2024-05-29 03:00:00,0.636,19.7,3.38,75.0,0.0,20.51,19.75,0.0,STANDBY,-5.19
2024-05-29 04:00:00,0.703,20.1,3.09,72.0,0.0,21.54,19.56,0.0,STANDBY,-1.55
2024-05-29 05:00:00,0.847,20.4,3.8,76.0,0.0,18.83,20.55,0.0,STANDBY,-6.85
2024-05-29 06:00:00,0.863,20.6,4.51,77.0,56.7,22.76,21.31,0.0,RUN,228.86
2024-05-29 07:00:00,0.866,22.3,4.83,76.0,186.9,26.37,22.92,0.0,RUN,1764.46
2024-05-29 08:00:00,0.895,23.6,3.91,72.0,313.0,27.99,23.79,0.0,RUN,3294.2
2024-05-29 09:00:00,0.862,24.7,3.62,65.0,521.7,34.17,24.64,0.0,RUN,5476.63
2024-05-29 10:00:00,0.806,26.1,4.13,61.0,648.4,37.85,25.24,0.0,RUN,6963.83
2024-05-29 11:00:00,0.82,26.6,3.99,56.0,680.1,38.29,26.43,0.0,RUN,7140.83
2024-05-29 12:00:00,0.876,27.4,4.33,56.0,556.7,34.75,27.49,0.0,run,5884.7
2024-05-29 13:00:00,0.784,28.3,4.83,52.0,705.6,39.74,27.78,0.0,RUN,7078.55
2024-05-29 14:00:00,0.754,28.1,5.72,56.0,579.7,36.23,28.53,0.0,run,6178.04
2024-05-29 15:00:00,0.843,27.8,5.7,57.0,438.9,34.29,28.29,0.0,RUN,4487.83
2024-05-29 16:00:00,0.806,28.0,6.25,52.0,319.1,33.74,28.0,0.0,RUN,3116.43
2024-05-29 17:00:00,0.82,27.6,5.47,51.0,145.5,30.95,27.69,0.0,RUN,1137.65
2024-05-29 18:00:00,0.885,26.5,4.27,56.0,19.3,27.92,26.69,0.0,RUN,18.62
2024-05-29 19:00:00,0.818,26.2,3.9,59.0,0.0,26.97,25.65,0.0,STANDBY,-2.39
2024-05-29 20:00:00,0.826,25.6,3.47,62.0,0.0,25.01,25.49,0.0,STANDBY,0.0
2024-05-29 21:00:00,0.918,24.7,3.3,66.0,0.0,24.17,24.85,0.0,STANDBY,-4.63
2024-05-29 22:00:00,0.806,22.9,4.12,71.0,0.0,23.53,22.57,0.0,STANDBY,-8.44
2024-05-29 23:00:00,0.758,22.0,3.62,72.0,0.0,22.62,21.95,0.0,STANDBY,-3.99
2024-05-30 00:00:00,0.699,20.1,3.55,71.0,0.0,22.09,22.22,0.0,STANDBY,-1.85
2024-05-30 01:00:00,0.642,19.6,3.84,75.0,0.0,20.87,21.06,0.0,STANDBY,-8.04
2024-05-30 02:00:00,0.689,19.7,3.47,76.0,0.0,18.16,19.9,0.0,STANDBY,0.0
2024-05-30 03:00:00,0.58,18.9,3.76,73.0,0.0,19.65,20.58,0.0,STANDBY,-3.75
2024-05-30 04:00:00,0.643,19.3,3.9,73.0,0.0,20.75,20.34,0.0,STANDBY,-8.48
2024-05-30 05:00:00,0.499,20.0,3.49,68.0,0.0,21.67,21.13,0.0, STANDBY ,-2.5
2024-05-30 06:00:00,0.656,19.8,3.87,70.0,57.4,22.34,21.98,0.0,RUN,237.05
2024-05-30 07:00:00,0.812,21.6,4.07,70.0,195.3,25.1,22.58,0.0,RUN,1916.82
2024-05-30 08:00:00,0.729,22.9,3.9,65.0,362.1,30.09,24.07,0.0,RUN,3785.64
2024-05-30 09:00:00,0.761,24.7,4.22,66.0,549.0,35.32,25.47,0.0,RUN,5561.38
2024-05-30 10:00:00,0.727,26.1,4.35,65.0,706.1,38.68,26.57,0.0,RUN,7318.28
2024-05-30 11:00:00,0.738,27.0,5.02,59.0,826.0,40.87,27.76,0.0,RUN,8316.23
2024-05-30 12:00:00,0.805,28.0,5.17,58.0,799.7,41.44,28.05,0.0,RUN,8070.66
2024-05-30 13:00:00,0.888,28.2,4.77,59.0,633.0,38.7,27.9,0.0,RUN,6457.73
2024-05-30 14:00:00,0.9,28.6,5.07,54.0,531.9,37.29,27.88,0.0,RUN,5584.97
2024-05-30 15:00:00,0.809,28.9,5.08,53.0,448.5,34.9,28.5,0.0,RUN,4545.55
2024-05-30 16:00:00,0.629,28.3,4.34,55.0,347.5,34.14,28.7,0.0,run,3310.13
2024-05-30 17:00:00,0.491,27.7,4.39,50.0,158.3,31.34,28.25,0.0,RUN,1304.11
2024-05-30 18:00:00,0.468,26.8,3.66,48.0,25.1,28.72,28.22,0.0,RUN,-5.66
2024-05-30 19:00:00,0.681,25.8,3.02,57.0,0.0,27.86,26.46,0.0,standby,-8.53
2024-05-30 20:00:00,0.734,25.2,3.1,56.0,0.0,26.28,26.43,0.0,STANDBY,-2.44
2024-05-30 21:00:00,0.699,24.5,3.1,62.0,0.0,25.64,25.35,0.0,STANDBY,0.0
2024-05-30 22:00:00,0.721,23.2,3.72,65.0,0.0,24.8,24.19,0.0,STANDBY,-3.52
2024-05-30 23:00:00,0.644,22.1,4.33,69.0,0.0,21.69,22.76,0.0,STANDBY,-9.27
2024-05-31 00:00:00,0.35,21.4,5.21,72.0,0.0,22.61,20.75,0.0,STANDBY,-2.75
2024-05-31 01:00:00,0.186,19.5,4.69,75.0,0.0,20.55,20.26,0.0,STANDBY,-9.39
2024-05-31 02:00:00,0.2,18.8,5.12,73.0,0.0,19.71,19.91,0.0,STANDBY,-10.02
2024-05-31 03:00:00,0.154,18.6,4.56,73.0,0.0,18.35,19.82,0.0,STANDBY,0.0
2024-05-31 04:00:00,0.344,19.1,4.13,72.0,0.0,19.49,20.59,0.0,STANDBY,-1.58
2024-05-31 05:00:00,0.352,19.4,4.03,73.0,0.0,22.32,20.85,0.0,STANDBY,0.0
2024-05-31 06:00:00,0.306,20.1,3.97,71.0,65.7,22.73,20.89,0.0,RUN,269.5
2024-05-31 07:00:00,0.244,21.6,4.15,68.0,243.2,26.95,21.92,0.0,RUN,2324.33
2024-05-31 08:00:00,0.288,23.6,3.93,67.0,435.4,32.26,24.24,0.0,RUN,4516.0
2024-05-31 09:00:00,0.459,25.2,3.97,68.0,556.0,34.41,24.83,0.0, RUN ,5966.71
2024-05-31 10:00:00,0.576,25.9,4.09,65.0,649.3,37.73,25.02,0.0,RUN,6717.7
2024-05-31 11:00:00,0.279,27.5,5.08,58.0,851.5,41.08,26.47,0.0,run,8903.55
2024-05-31 12:00:00,0.401,27.6,5.65,57.0,867.8,40.28,27.26,0.0,RUN,8565.89
2024-05-31 13:00:00,0.295,29.0,6.38,54.0,810.2,41.06,27.96,0.0,RUN,8294.25
2024-05-31 14:00:00,0.389,29.1,5.44,53.0,668.4,37.27,28.53,0.0,RUN,6814.24
2024-05-31 15:00:00,0.324,29.3,5.11,51.0,569.0,37.51,28.59,0.0,RUN,5636.91
2024-05-31 16:00:00,0.27,29.0,5.92,54.0,374.2,35.61,28.48,0.0, RUN ,3581.04
2024-05-31 17:00:00,0.184,28.6,5.63,55.0,170.3,31.46,28.88,0.0,RUN,1412.79
2024-05-31 18:00:00,0.39,27.0,5.92,60.0,27.9,28.42,27.05,0.0,RUN,6.04
2024-05-31 19:00:00,0.351,26.3,5.92,62.0,0.0,26.51,26.24,0.0,STANDBY,0.0
2024-05-31 20:00:00,0.208,25.5,5.02,64.0,0.0,23.86,25.9,0.0,STANDBY,0.0
2024-05-31 21:00:00,0.254,24.9,5.15,68.0,0.0,24.56,24.83,0.0,STANDBY,0.0
2024-05-31 22:00:00,0.444,23.1,5.97,74.0,0.0,22.87,23.0,0.0,STANDBY,0.0
2024-05-31 23:00:00,0.479,22.7,5.39,77.0,0.0,22.39,22.08,0.0,STANDBY,0.0
2024-06-01 00:00:00,0.297,23.3,4.67,75.0,0.0,23.08,22.19,0.0,STANDBY,-2.65
2024-06-01 01:00:00,0.258,22.8,4.65,75.0,0.0,21.28,21.18,0.0,standby,-8.88
2024-06-01 02:00:00,0.361,22.3,4.97,75.0,0.0,20.57,20.88,0.0,STANDBY,-1.88
2024-06-01 03:00:00,0.461,22.3,4.85,77.0,0.0,20.14,20.4,0.0,STANDBY,-9.79
01-06-2024 04:00,0.273,22.8,5.22,77.0,0.0,21.16,20.69,0.0,STANDBY,0.0
2024-06-01 05:00:00,0.414,23.9,4.49,79.0,0.0,20.39,21.7,0.0,STANDBY,-7.76
2024-06-01 06:00:00,0.493,24.3,4.33,76.0,72.6,24.08,22.13,0.0,RUN,303.42
2024-06-01 07:00:00,0.392,24.8,4.41,75.0,232.6,28.06,23.38,0.0,RUN,2248.45
2024-06-01 08:00:00,0.407,25.8,4.41,72.0,428.0,31.07,24.27,0.0,RUN,4323.42
2024-06-01 09:00:00,0.382,26.8,4.65,65.0,627.1,36.4,25.7,0.0,RUN,6318.28
2024-06-01 10:00:00,0.273,28.5,4.82,63.0,784.3,38.97,26.64,0.0,RUN,8102.61
2024-06-01 11:00:00,0.255,29.7,4.86,58.0,902.0,41.93,27.56,0.0,run,9044.69
2024-06-01 12:00:00,0.455,30.4,4.49,60.0,848.8,41.0,28.15,0.0,RUN,8645.22
2024-06-01 13:00:00,0.537,30.6,6.09,58.0,807.8,40.96,29.35,0.0, RUN ,8144.69
2024-06-01 14:00:00,0.364,30.5,6.46,58.0,719.3,39.67,29.3,0.0,RUN,7236.53
2024-06-01 15:00:00,0.406,30.5,7.4,52.0,540.3,37.68,29.32,0.0,RUN,5654.65
2024-06-01 16:00:00,0.376,30.4,6.57,51.0,375.9,34.63,30.28,0.0,RUN,3563.55
2024-06-01 17:00:00,0.365,30.1,6.5,55.0,169.0,32.04,29.15,0.0,run,1360.77
2024-06-01 18:00:00,0.362,29.2,5.41,55.0,23.7,27.4,28.17,0.0,RUN,-1.88
2024-06-01 19:00:00,0.295,28.8,5.68,59.0,0.0,27.28,27.62,0.0,STANDBY,0.0
2024-06-01 20:00:00,0.251,28.0,6.07,61.0,0.0,26.56,25.87,0.0,STANDBY,-3.29
2024-06-01 21:00:00,0.157,26.8,4.91,63.0,0.0,25.67,24.93,0.0,STANDBY,0.0
2024-06-01 22:00:00,0.239,25.3,5.04,65.0,0.0,23.15,24.2,0.0,STANDBY,0.0
2024-06-01 23:00:00,0.26,24.8,5.37,66.0,0.0,23.0,22.58,0.0,STANDBY,-10.03
2024-06-02 00:00:00,0.592,22.5,5.87,72.0,0.0,22.84,23.29,0.0,STANDBY,-3.34
2024-06-02 02:00:00,0.538,20.7,6.75,77.0,0.0,20.86,21.44,0.0,STANDBY,0.0
2024-06-02 03:00:00,0.701,20.5,6.3,81.0,0.0,21.37,21.47,0.0,STANDBY,0.0
2024-06-02 04:00:00,0.733,20.1,5.44,79.0,0.0,20.95,22.05,0.0,STANDBY,-2.92
2024-06-02 05:00:00,0.776,20.3,5.27,80.0,0.0,22.17,22.77,0.0,standby,-4.98
2024-06-02 06:00:00,0.832,20.9,4.77,77.0,53.1,24.53,23.01,0.0,RUN,216.61
2024-06-02 07:00:00,0.682,21.9,4.98,73.0,219.7,27.95,23.49,0.0,run,1959.61
2024-06-02 08:00:00,0.599,23.1,6.0,67.0,390.9,31.77,25.19,0.0,RUN,11462.57
2024-06-02 09:00:00,0.67,24.3,7.03,69.0,541.5,35.2,26.32,0.0,RUN,5514.36
2024-06-02 10:00:00,0.723,25.3,6.52,66.0,608.9,35.76,27.23,0.0,RUN,6311.55
2024-06-02 11:00:00,0.623,26.3,7.47,63.0,720.0,38.6,27.97,0.0,RUN,7540.04
2024-06-02 12:00:00,0.646,26.5,6.0,59.0,803.4,40.2,28.87,0.0,run,7978.63
02-06-2024 13:00,0.598,26.6,5.89,59.0,775.1,40.13,29.36,0.0,RUN,7803.37
2024-06-02 14:00:00,0.629,26.9,7.08,58.0,688.3,39.38,29.88,0.0,RUN,7090.89
2024-06-02 15:00:00,0.815,27.0,5.66,60.0,471.1,35.63,30.06,0.0,RUN,4705.22
2024-06-02 16:00:00,0.713,27.1,6.1,60.0,342.2,33.87,29.52,0.0,RUN,3270.75
02-06-2024 17:00,0.532,27.3,5.61,56.0,167.0,32.47,29.67,0.0,RUN,1389.58
2024-06-02 18:00:00,0.642,26.8,5.9,60.0,22.4,28.85,29.07,0.0,RUN,56.03
2024-06-02 19:00:00,0.631,26.7,5.27,63.0,0.0,28.33,28.69,0.0,STANDBY,0.0
2024-06-02 20:00:00,0.481,26.4,5.37,64.0,0.0,27.27,27.16,0.0,STANDBY,0.0
2024-06-02 21:00:00,0.719,25.4,4.55,68.0,0.0,25.94,25.37,0.0,STANDBY,0.0
2024-06-02 22:00:00,0.648,23.6,3.75,69.0,0.0,25.62,25.23,0.0,STANDBY,0.0
2024-06-02 23:00:00,0.39,22.9,4.08,71.0,0.0,24.18,23.25,0.0,STANDBY,-2.4
2024-06-03 00:00:00,0.112,23.2,3.12,70.0,0.0,22.86,22.74,0.0,STANDBY,0.0
2024-06-03 01:00:00,0.203,22.6,2.89,74.0,0.0,22.05,21.08,0.0,STANDBY,0.0
2024-06-03 02:00:00,0.369,21.5,2.81,75.0,0.0,20.98,21.77,0.0,STANDBY,-7.15
2024-06-03 03:00:00,0.355,21.1,2.61,76.0,0.0,22.47,21.3,0.0,STANDBY,0.0
2024-06-03 04:00:00,0.246,21.2,3.02,72.0,0.0,21.77,21.83,0.0,STANDBY,-9.7
2024-06-03 05:00:00,0.282,21.9,2.91,72.0,0.0,21.07,21.48,0.0,STANDBY,-5.82
2024-06-03 06:00:00,0.434,22.9,3.12,75.0,73.7,24.02,22.56,0.0,RUN,244.97
2024-06-03 07:00:00,0.353,24.8,3.18,66.0,255.9,27.53,24.11,0.0,RUN,2276.84
2024-06-03 08:00:00,0.23,25.5,3.38,62.0,456.9,32.0,24.95,0.0,RUN,4602.07
2024-06-03 09:00:00,0.096,26.8,3.4,59.0,648.7,37.12,26.2,0.0,RUN,6655.0
2024-06-03 10:00:00,0.133,27.5,4.54,58.0,805.4,40.79,26.98,0.0,run,8134.42
2024-06-03 11:00:00,0.134,28.7,4.64,58.0,892.6,43.98,28.23,0.0, RUN ,8967.1
2024-06-03 12:00:00,0.203,29.6,4.11,55.0,935.3,43.72,29.64,0.0,RUN,9191.56
2024-06-03 13:00:00,0.24,29.4,3.74,54.0,851.8,42.51,29.92,0.0,RUN,8672.42
2024-06-03 14:00:00,0.24,29.6,3.42,56.0,759.9,42.75,29.16,0.0,RUN,7472.44
2024-06-03 15:00:00,0.186,29.2,3.85,55.0,578.1,38.6,30.59,0.0,RUN,5807.66
2024-06-03 16:00:00,0.205,29.4,3.83,54.0,388.7,36.45,29.62,0.0,RUN,3710.96
2024-06-03 17:00:00,0.285,28.8,4.63,55.0,178.4,31.87,29.83,0.0,RUN,1382.67
2024-06-03 18:00:00,0.293,28.6,5.02,59.0,25.6,30.35,29.04,0.0,RUN,-1.82
2024-06-03 19:00:00,0.356,28.0,-999.0,60.0,0.0,27.22,28.31,0.0,STANDBY,-6.18
2024-06-03 20:00:00,0.384,27.0,3.92,65.0,0.0,26.73,26.8,0.0,STANDBY,0.0
2024-06-03 21:00:00,0.434,25.9,3.67,72.0,0.0,26.0,25.34,0.0,STANDBY,0.0
2024-06-03 22:00:00,0.33,24.3,3.8,73.0,0.0,25.01,25.12,0.0,STANDBY,0.0
2024-06-03 23:00:00,0.183,23.4,4.1,74.0,0.0,23.59,23.08,0.0,STANDBY,-4.33
2024-06-04 00:00:00,0.271,24.3,5.93,79.0,0.0,23.73,23.47,0.0,STANDBY,-2.64
2024-06-04 01:00:00,0.177,23.6,6.64,81.0,0.0,23.97,22.46,0.0,STANDBY,0.0
2024-06-04 02:00:00,0.116,22.9,6.34,82.0,0.0,22.61,22.35,0.0,STANDBY,-7.69
2024-06-04 03:00:00,0.153,22.2,5.76,81.0,0.0,22.22,22.04,0.0,STANDBY,0.0
2024-06-04 04:00:00,0.383,21.9,5.52,81.0,0.0,22.3,22.41,0.0,STANDBY,0.0
2024-06-04 05:00:00,0.474,22.5,6.0,81.0,0.0,23.37,22.11,0.0,STANDBY,0.0
2024-06-04 06:00:00,0.259,23.1,6.14,77.0,67.1,24.81,23.5,0.0,run,218.92
2024-06-04 07:00:00,0.214,24.8,5.8,75.0,250.5,27.88,24.65,0.0,RUN,2282.6
2024-06-04 07:00:00,0.214,24.8,5.8,75.0,250.5,27.88,24.65,0.0,RUN,2128.6
2024-06-04 08:00:00,0.477,25.7,4.77,72.0,424.1,33.59,25.58,0.0,RUN,4286.41
2024-06-04 09:00:00,0.332,27.4,5.17,69.0,642.6,38.55,26.45,0.0,RUN,6362.35
2024-06-04 10:00:00,0.314,28.0,6.0,66.0,730.0,41.13,27.64,0.0,run,7772.6
2024-06-04 11:00:00,0.21,29.0,6.38,59.0,876.5,42.57,29.75,0.0,RUN,8794.6
2024-06-04 12:00:00,0.187,29.7,6.63,56.0,902.4,43.33,29.35,0.0,RUN,9033.8
2024-06-04 13:00:00,0.362,30.1,6.26,58.0,816.2,42.33,31.35,0.0,RUN,8308.08
2024-06-04 14:00:00,0.425,29.9,7.26,58.0,702.4,41.05,30.38,0.0,RUN,7178.35
2024-06-04 15:00:00,0.373,30.2,7.21,58.0,581.2,38.17,31.17,0.0,RUN,5688.91
2024-06-04 16:00:00,0.448,30.2,5.35,55.0,370.5,37.12,30.33,0.0,RUN,3577.09
2024-06-04 17:00:00,0.439,30.4,5.63,55.0,176.6,33.26,29.76,0.0,RUN,1381.34
2024-06-04 18:00:00,0.368,30.0,5.03,59.0,24.8,30.35,29.65,0.0,RUN,20.31
2024-06-04 19:00:00,0.285,29.5,3.97,61.0,0.0,28.41,28.92,0.0,STANDBY,-10.93
2024-06-04 20:00:00,0.323,27.9,3.49,64.0,0.0,26.97,27.34,0.0,STANDBY,-2.55
2024-06-04 21:00:00,0.409,26.5,3.32,68.0,0.0,26.89,26.16,0.0,STANDBY,0.0
2024-06-04 22:00:00,0.39,25.7,3.76,72.0,0.0,25.53,25.64,0.0, STANDBY ,-9.79
2024-06-04 23:00:00,0.389,24.8,3.99,77.0,0.0,24.99,24.9,0.0,standby,-3.17
2024-06-05 01:00:00,0.229,23.2,4.09,85.0,0.0,25.59,24.9,0.0,STANDBY,0.0
2024-06-05 02:00:00,0.229,22.8,4.43,87.0,0.0,24.39,24.2,0.0,STANDBY,0.0
2024-06-05 03:00:00,0.386,22.8,4.49,89.0,0.0,25.07,24.44,0.0,STANDBY,0.0
2024-06-05 04:00:00,0.669,23.0,5.38,91.0,0.0,23.02,24.92,0.0,STANDBY,0.0
2024-06-05 05:00:00,0.387,23.8,5.41,89.0,0.0,25.07,24.96,0.0,STANDBY,-9.98
2024-06-05 06:00:00,0.234,24.2,5.25,83.0,73.3,27.17,25.55,0.0,RUN,262.27
2024-06-05 07:00:00,0.228,25.5,5.76,83.0,244.6,31.71,26.97,0.0,RUN,2269.25
2024-06-05 08:00:00,0.206,26.1,5.91,76.0,458.3,35.37,28.51,0.0,RUN,4486.07
2024-06-05 09:00:00,0.093,27.2,5.29,73.0,671.3,39.2,29.37,0.0,RUN,6561.66
2024-06-05 10:00:00,0.129,28.4,7.26,70.0,800.2,44.13,29.79,0.0,RUN,8050.1
2024-06-05 11:00:00,0.187,29.8,7.02,65.0,890.0,45.8,31.08,0.0,RUN,8878.71
2024-06-05 12:00:00,0.133,31.0,7.12,67.0,932.0,44.3,31.57,0.0,RUN,9126.38
2024-06-05 13:00:00,0.185,31.3,7.36,62.0,865.7,44.38,31.96,0.0,RUN,8576.52
2024-06-05 14:00:00,0.312,31.2,6.5,60.0,738.3,41.18,33.52,0.0,RUN,7271.84
2024-06-05 15:00:00,0.352,31.5,6.03,61.0,577.9,40.87,32.92,0.0,RUN,5601.88
2024-06-05 17:00:00,0.248,31.5,5.51,66.0,170.8,34.44,32.38,0.0,RUN,1360.91
2024-06-05 18:00:00,0.32,30.8,5.43,67.0,28.9,32.84,31.95,0.0,RUN,0.0
2024-06-05 19:00:00,0.389,30.1,5.65,71.0,0.0,31.37,31.4,0.0,STANDBY,-7.88
2024-06-05 20:00:00,0.309,29.2,5.15,73.0,0.0,29.52,30.47,0.0,STANDBY,-2.42
2024-06-05 21:00:00,0.254,28.2,5.38,76.0,0.0,29.16,29.25,0.0,STANDBY,-3.87
05-06-2024 22:00,0.365,26.7,5.33,84.0,0.0,28.4,27.69,0.0,STANDBY,0.0
2024-06-05 23:00:00,0.4,25.6,5.16,84.0,0.0,26.82,25.73,0.0,STANDBY,0.0
2024-06-06 00:00:00,0.665,24.7,4.46,86.0,0.0,22.34,22.65,0.0,STANDBY,-9.35
2024-06-06 01:00:00,0.793,23.2,5.7,87.0,0.0,21.31,21.91,0.0,STANDBY,0.0
2024-06-06 02:00:00,0.829,22.2,4.91,92.0,0.0,21.25,21.6,0.0,STANDBY,-1.72
2024-06-06 03:00:00,0.804,22.4,4.46,94.0,0.0,19.03,21.4,0.0,STANDBY,-9.58
2024-06-06 04:00:00,0.687,22.7,4.44,89.0,0.0,20.72,21.39,0.0, STANDBY ,-10.06
2024-06-06 05:00:00,0.825,23.2,3.98,90.0,0.0,22.08,21.57,0.0,STANDBY,-1.64
2024-06-06 06:00:00,0.797,23.8,3.9,90.0,66.2,22.92,22.5,0.0,RUN,256.54
2024-06-06 07:00:00,0.823,24.4,4.29,84.0,232.5,27.96,23.34,0.0,RUN,2088.39
06-06-2024 08:00,0.799,26.0,4.16,84.0,375.4,30.49,24.64,0.0,RUN,3853.21
2024-06-06 09:00:00,0.687,27.3,3.83,80.0,594.1,34.88,25.7,0.0,RUN,5980.88
2024-06-06 10:00:00,0.664,28.1,4.11,74.0,753.3,38.59,26.96,0.0,RUN,7445.99
2024-06-06 11:00:00,0.768,29.0,4.18,73.0,764.5,38.78,27.78,0.0,RUN,7959.54
2024-06-06 12:00:00,0.832,29.7,4.68,71.0,749.2,39.1,27.48,0.0,RUN,7646.01
2024-06-06 13:00:00,0.681,30.2,3.99,67.0,791.9,40.58,29.23,0.0,run,7969.24
2024-06-06 13:00:00,0.681,30.2,3.99,67.0,791.9,40.58,29.23,0.0,run,8466.3
2024-06-06 14:00:00,0.842,30.2,5.54,70.0,594.3,36.38,28.66,0.0,RUN,6029.63
2024-06-06 15:00:00,0.742,29.7,5.64,68.0,478.8,36.95,29.16,0.0, RUN ,4908.25
2024-06-06 16:00:00,0.709,29.7,5.45,67.0,332.8,34.19,29.08,0.0,RUN,3274.68
06-06-2024 17:00,0.767,28.7,5.42,72.0,163.6,30.58,28.65,0.0,RUN,1255.3
2024-06-06 18:00:00,0.813,28.7,5.26,74.0,24.7,29.42,27.66,0.0,RUN,80.54
2024-06-06 19:00:00,0.783,28.0,6.56,75.0,0.0,28.12,27.44,0.0,STANDBY,0.0
2024-06-06 20:00:00,0.671,27.7,6.73,79.0,0.0,26.64,27.16,0.0,STANDBY,0.0
2024-06-06 21:00:00,0.549,26.7,7.08,79.0,0.0,24.62,25.62,0.0,STANDBY,-7.88
2024-06-06 22:00:00,0.491,25.3,7.58,83.0,0.0,24.87,24.48,0.0,STANDBY,-2.79
06-06-2024 23:00,0.612,23.7,8.07,85.0,0.0,21.38,22.98,0.0,STANDBY,-8.25
2024-06-07 00:00:00,0.634,22.7,8.13,82.0,0.0,23.0,22.81,0.0,STANDBY,-5.28
2024-06-07 01:00:00,0.805,21.9,7.11,86.0,0.0,21.98,22.17,0.0,standby,-4.36
2024-06-07 02:00:00,0.814,21.3,7.25,85.0,0.0,22.34,21.7,0.0,STANDBY,0.0
2024-06-07 03:00:00,0.825,21.0,6.07,86.0,0.0,22.07,20.69,0.0,STANDBY,0.0
2024-06-07 04:00:00,0.806,21.9,5.41,87.0,0.0,21.59,21.7,0.0,STANDBY,-9.73
2024-06-07 05:00:00,0.818,22.3,5.57,83.0,0.0,21.09,22.18,0.0,STANDBY,-8.38
2024-06-07 06:00:00,0.863,23.0,4.98,79.0,37.6,23.2,23.15,0.0,RUN,170.46
2024-06-07 07:00:00,0.867,23.7,4.61,76.0,135.4,27.22,24.14,0.0,RUN,1215.72
2024-06-07 08:00:00,0.759,24.6,4.75,77.0,285.1,28.57,24.99,0.0,RUN,2922.2
2024-06-07 09:00:00,0.594,26.1,4.85,73.0,459.5,32.96,25.12,0.0,RUN,5100.13
2024-06-07 10:00:00,0.682,27.2,4.72,71.0,585.1,36.18,26.24,0.0,RUN,6025.86
2024-06-07 11:00:00,0.641,27.7,5.5,66.0,650.5,37.18,27.59,0.0,RUN,6880.73
2024-06-07 12:00:00,0.72,28.5,6.43,67.0,532.7,35.13,28.15,0.0,RUN,5719.21
2024-06-07 13:00:00,0.774,28.8,5.73,66.0,482.2,34.77,28.73,0.0,RUN,5201.56
2024-06-07 14:00:00,0.835,28.6,4.13,64.0,426.7,32.95,29.01,0.0,RUN,4525.1
2024-06-07 15:00:00,0.839,27.7,4.5,64.0,328.4,32.76,28.27,0.0,RUN,3550.01
2024-06-07 16:00:00,0.871,27.9,4.77,64.0,206.4,31.37,28.3,0.0,RUN,2140.96
2024-06-07 17:00:00,0.787,28.1,4.62,64.0,125.8,30.85,28.15,0.0,RUN,992.14
2024-06-07 18:00:00,0.79,27.1,4.27,64.0,25.6,28.6,27.8,2.4,RUN,8.68
2024-06-07 19:00:00,0.708,26.5,4.26,70.0,0.0,26.7,27.24,2.4,STANDBY,0.0
2024-06-07 20:00:00,0.527,25.6,4.79,68.0,0.0,26.23,26.41,3.0,STANDBY,-5.12
2024-06-07 21:00:00,0.462,25.0,5.41,68.0,0.0,25.14,25.64,5.0,STANDBY,-5.45
2024-06-07 22:00:00,0.718,24.1,4.74,70.0,0.0,23.83,24.14,2.1,STANDBY,-10.45
2024-06-07 23:00:00,0.651,23.3,4.3,72.0,0.0,23.55,23.43,0.0,STANDBY,-4.9
2024-06-08 00:00:00,0.77,22.9,4.36,76.0,0.0,24.01,24.17,0.0,STANDBY,0.0
2024-06-08 01:00:00,0.853,22.3,4.44,83.0,0.0,23.81,23.39,0.0,STANDBY,0.0
2024-06-08 02:00:00,0.82,21.6,5.31,83.0,0.0,23.42,23.62,0.0,STANDBY,0.0
2024-06-08 03:00:00,0.797,21.5,5.7,84.0,0.0,22.68,22.97,0.0,STANDBY,0.0
2024-06-08 04:00:00,0.735,21.7,5.23,84.0,0.0,23.57,23.68,0.0,STANDBY,0.0
2024-06-08 05:00:00,0.778,22.4,6.06,81.0,0.0,24.34,24.3,0.0,STANDBY,0.0
2024-06-08 06:00:00,0.798,23.2,5.33,76.0,45.5,22.93,24.67,0.0,RUN,220.78
2024-06-08 07:00:00,0.781,24.5,6.01,72.0,158.8,28.41,25.15,0.0,RUN,1369.46
2024-06-08 08:00:00,0.566,25.2,6.14,67.0,372.2,31.89,26.71,0.0,RUN,3715.98
2024-06-08 09:00:00,0.636,26.9,5.31,67.0,503.7,35.58,27.68,0.0,RUN,15833.2
2024-06-08 10:00:00,0.718,27.8,5.88,71.0,535.1,36.74,28.75,0.0,RUN,5658.91
2024-06-08 11:00:00,0.836,28.4,5.29,69.0,470.3,35.39,28.7,0.0,RUN,5176.41
2024-06-08 12:00:00,0.829,28.1,5.15,70.0,559.9,36.33,29.56,0.0,RUN,6042.96
2024-06-08 13:00:00,0.853,28.6,5.68,68.0,505.7,36.21,29.61,0.0,RUN,5494.69
2024-06-08 14:00:00,0.848,29.6,5.87,69.0,463.2,35.94,29.92,0.0,run,4882.33
2024-06-08 15:00:00,0.87,29.8,6.36,72.0,358.6,34.62,29.5,0.0,RUN,3608.19
2024-06-08 16:00:00,0.795,30.3,5.79,67.0,282.3,34.49,30.57,0.0,RUN,2991.69
2024-06-08 17:00:00,0.775,29.9,5.56,67.0,152.2,31.4,29.77,0.0,RUN,1128.26
2024-06-08 18:00:00,0.751,29.3,4.83,67.0,25.9,29.47,29.27,0.0,RUN,42.59
2024-06-08 19:00:00,0.88,28.1,5.06,71.0,0.0,28.48,28.42,0.0,STANDBY,-5.12
2024-06-08 20:00:00,0.782,26.7,4.36,71.0,0.0,29.11,28.37,0.0,STANDBY,-10.72
2024-06-08 21:00:00,0.648,25.6,4.03,73.0,0.0,26.47,27.12,0.0,STANDBY,0.0
2024-06-08 22:00:00,0.692,24.5,3.63,75.0,0.0,25.65,25.33,0.0,STANDBY,-10.49
2024-06-08 23:00:00,0.787,23.1,3.45,78.0,0.0,25.63,25.25,0.0,STANDBY,0.0
2024-06-09 00:00:00,0.87,22.3,4.82,81.0,0.0,22.56,23.95,0.0,STANDBY,0.0
2024-06-09 01:00:00,0.876,22.1,4.49,83.0,0.0,22.53,23.32,0.0,STANDBY,-2.35
2024-06-09 02:00:00,0.809,21.6,4.76,85.0,0.0,21.89,22.31,0.0,STANDBY,-11.3
2024-06-09 03:00:00,0.904,21.5,4.49,89.0,0.0,22.94,22.94,0.0,STANDBY,0.0
2024-06-09 04:00:00,0.906,22.2,4.57,88.0,0.0,22.66,22.3,0.0,STANDBY,0.0
2024-06-09 05:00:00,0.902,22.7,4.58,93.0,0.0,23.67,22.46,0.0,STANDBY,-2.01
2024-06-09 06:00:00,0.939,23.2,4.81,87.0,39.0,25.26,23.76,0.0,RUN,90.88
2024-06-09 07:00:00,0.879,24.4,5.45,85.0,170.2,27.62,24.83,0.0,RUN,1533.42
2024-06-09 08:00:00,0.815,26.3,6.22,80.0,331.5,30.7,25.42,0.0,run,3404.81
2024-06-09 09:00:00,0.799,27.6,5.73,77.0,496.0,34.94,26.71,0.0,RUN,5211.42
2024-06-09 10:00:00,0.739,28.1,6.48,73.0,580.4,37.48,27.34,0.0,RUN,6286.74
09-06-2024 11:00,0.833,28.5,9.24,66.0,567.9,36.52,27.85,0.0,RUN,5920.67
2024-06-09 12:00:00,0.829,28.7,9.63,66.0,615.5,37.43,28.14,0.0,RUN,6437.47
2024-06-09 13:00:00,0.78,29.1,12.29,61.0,647.4,37.89,29.34,0.0,run,6888.7
2024-06-09 14:00:00,0.694,29.2,11.92,61.0,570.4,37.04,29.65,0.0,RUN,5986.91
2024-06-09 15:00:00,0.845,29.3,12.25,63.0,378.1,35.73,29.15,0.0,RUN,4090.36
2024-06-09 16:00:00,0.815,28.7,9.94,66.0,275.8,33.0,28.9,0.0,RUN,2755.32
2024-06-09 17:00:00,0.889,28.9,9.61,66.0,103.5,29.15,27.86,0.0,RUN,849.2
2024-06-09 18:00:00,0.923,28.6,8.67,72.0,12.8,27.92,27.92,0.0,RUN,49.67
2024-06-09 19:00:00,0.949,27.9,7.65,72.0,0.0,28.58,28.41,0.0,STANDBY,0.0
2024-06-09 20:00:00,0.936,27.6,6.35,73.0,0.0,27.13,27.03,0.0,STANDBY,0.0
2024-06-09 20:00:00,0.936,27.6,6.35,73.0,0.0,27.13,27.03,0.0,STANDBY,0.0
2024-06-09 21:00:00,0.92,27.2,4.72,76.0,0.0,27.13,26.02,0.0,STANDBY,0.0
2024-06-09 22:00:00,0.888,26.0,4.89,82.0,0.0,24.41,25.0,0.0,STANDBY,-1.86
2024-06-09 23:00:00,0.851,26.2,5.1,83.0,0.0,23.89,24.48,0.0,STANDBY,0.0
2024-06-17 00:00:00,0.918,24.6,8.48,92.0,0.0,24.15,23.45,0.0,STANDBY,0.0
2024-06-17 01:00:00,0.872,24.2,8.84,92.0,0.0,23.52,23.7,0.0,STANDBY,0.0
2024-06-17 02:00:00,0.815,23.6,9.45,94.0,0.0,22.93,22.54,0.0,STANDBY,-5.2
2024-06-17 03:00:00,0.779,23.2,8.61,96.0,0.0,23.47,23.02,0.0,STANDBY,-5.63
2024-06-17 04:00:00,0.795,23.2,8.31,97.0,0.0,24.04,23.37,0.0,STANDBY,-999.0
2024-06-17 05:00:00,0.833,23.6,7.5,98.0,0.0,26.06,22.86,0.0,STANDBY,-8.43
2024-06-17 06:00:00,0.827,23.4,7.58,95.0,49.7,25.94,24.07,0.0,RUN,175.47
2024-06-17 07:00:00,0.866,24.1,7.31,94.0,177.6,27.48,24.37,0.0,RUN,1574.2
2024-06-17 08:00:00,0.737,24.8,7.38,91.0,357.2,31.34,25.4,0.0,RUN,3840.24
2024-06-17 10:00:00,0.776,26.3,7.85,80.0,537.4,36.05,27.38,0.0,RUN,5957.65
2024-06-17 11:00:00,0.894,27.4,7.86,75.0,486.3,35.9,28.32,0.0,RUN,5325.53
2024-06-17 12:00:00,0.873,28.2,7.74,71.0,582.0,36.67,28.09,0.0,RUN,6280.23
2024-06-17 13:00:00,0.848,29.0,8.63,69.0,553.9,36.64,29.06,0.0,RUN,5964.13
2024-06-17 14:00:00,0.858,29.3,8.73,71.0,470.4,36.96,29.14,0.0,run,5225.44
2024-06-17 15:00:00,0.874,29.2,9.38,72.0,384.1,34.56,29.42,0.0,RUN,4008.11
2024-06-17 16:00:00,0.908,28.8,8.41,71.0,234.1,32.16,28.79,0.0,RUN,2416.78
2024-06-17 17:00:00,0.904,29.0,7.71,73.0,9999.0,29.7,29.06,0.0,RUN,1048.58
2024-06-17 18:00:00,0.916,28.9,7.98,76.0,17.2,28.38,27.74,0.0,RUN,36.65
2024-06-17 19:00:00,0.893,28.6,8.72,78.0,0.0,27.78,27.91,0.0,STANDBY,0.0
2024-06-17 20:00:00,0.889,27.9,8.68,86.0,0.0,28.35,26.94,0.0,STANDBY,-7.19
2024-06-17 21:00:00,0.891,27.2,10.13,88.0,0.0,27.66,26.8,0.0,standby,0.0
2024-06-17 22:00:00,0.853,26.4,9.22,89.0,0.0,25.9,26.64,0.0,STANDBY,-7.54
2024-06-17 23:00:00,0.896,25.7,10.25,92.0,0.0,23.82,24.89,0.0,STANDBY,0.0
2024-06-18 00:00:00,0.93,24.0,5.86,91.0,0.0,22.81,23.17,0.0,STANDBY,-5.53
2024-06-18 01:00:00,0.934,22.9,6.33,91.0,0.0,23.29,22.28,0.0,STANDBY,0.0
2024-06-18 02:00:00,0.929,22.8,6.92,93.0,0.0,20.88,21.41,0.0,STANDBY,0.0
2024-06-18 03:00:00,0.953,23.0,6.11,96.0,0.0,22.2,21.22,0.0,STANDBY,-5.18
2024-06-18 04:00:00,0.962,23.5,5.91,97.0,0.0,22.03,22.17,0.0, STANDBY ,0.0
2024-06-18 05:00:00,0.983,23.3,6.12,94.0,0.0,21.84,21.84,0.0,STANDBY,-8.94
2024-06-18 06:00:00,0.981,24.0,6.04,93.0,27.6,23.01,22.54,0.0,RUN,116.07
2024-06-18 07:00:00,0.981,24.6,4.98,93.0,86.6,25.7,23.96,0.0,RUN,2402.66
2024-06-18 08:00:00,0.96,25.0,4.59,91.0,195.6,27.49,25.15,0.0,RUN,1997.98
2024-06-18 09:00:00,0.976,26.2,4.41,87.0,242.1,30.31,25.11,0.0,RUN,2517.38
2024-06-18 10:00:00,0.98,27.0,4.74,91.0,284.3,30.69,25.55,0.0,RUN,3063.66
2024-06-18 11:00:00,0.968,27.1,5.22,81.0,337.3,31.17,26.7,0.0,RUN,3855.0
2024-06-18 12:00:00,0.967,27.8,5.32,77.0,372.1,32.06,26.54,0.0,RUN,3959.67
2024-06-18 13:00:00,0.971,28.7,5.93,76.0,329.8,31.65,27.29,0.0,RUN,3541.31
2024-06-18 14:00:00,0.961,29.1,7.24,74.0,300.2,31.84,28.1,4.6,RUN,3183.33
2024-06-18 15:00:00,0.944,28.6,6.51,73.0,272.0,32.41,26.96,6.9,RUN,2992.89
2024-06-18 16:00:00,0.922,28.5,5.41,72.0,218.1,30.6,27.34,0.1,RUN,2086.31
2024-06-18 17:00:00,0.955,28.7,4.41,73.0,88.3,28.23,27.24,2.9,RUN,842.8
2024-06-18 18:00:00,0.961,27.8,3.97,75.0,17.3,27.37,26.9,0.9,RUN,16.78
2024-06-18 19:00:00,0.94,27.2,4.22,76.0,0.0,26.68,26.38,3.4,STANDBY,0.0
2024-06-18 20:00:00,0.968,26.6,3.58,77.0,0.0,26.08,26.22,0.0,STANDBY,-6.27
2024-06-18 21:00:00,0.98,25.7,4.1,81.0,0.0,26.83,25.86,0.0,STANDBY,-9.28
2024-06-18 22:00:00,0.965,24.6,4.87,82.0,0.0,24.65,25.22,0.0,STANDBY,0.0
2024-06-18 23:00:00,0.965,23.4,4.91,84.0,0.0,22.19,23.57,0.0,STANDBY,-8.96
2024-06-19 00:00:00,0.985,21.6,5.17,84.0,0.0,20.23,22.05,0.0,STANDBY,0.0
2024-06-19 01:00:00,0.985,20.8,3.76,87.0,0.0,21.92,22.19,0.0,STANDBY,-5.35
2024-06-19 02:00:00,0.966,19.7,3.72,86.0,0.0,21.51,21.48,0.0,STANDBY,-11.04
2024-06-19 03:00:00,0.974,19.9,4.11,90.0,0.0,20.4,20.5,0.0,STANDBY,-6.04
2024-06-19 04:00:00,0.979,20.2,4.97,89.0,0.0,20.64,21.84,0.0,STANDBY,-10.88
2024-06-19 05:00:00,0.976,21.6,4.22,88.0,0.0,21.77,21.26,0.0,standby,-2.45
2024-06-19 06:00:00,0.976,22.6,4.27,85.0,23.0,22.86,22.91,0.0,RUN,83.26
2024-06-19 07:00:00,0.977,23.1,3.97,82.0,85.8,24.97,23.44,0.0,RUN,852.86
2024-06-19 08:00:00,0.979,24.3,3.86,81.0,160.7,26.62,24.07,0.0,RUN,1644.52
2024-06-19 09:00:00,0.976,24.9,4.05,81.0,231.4,30.21,25.61,0.0,RUN,2542.51
2024-06-19 10:00:00,0.97,25.2,5.47,77.0,311.2,31.28,25.96,0.0,RUN,3370.21
2024-06-19 11:00:00,0.977,25.5,5.83,73.0,333.3,31.81,25.91,0.0,run,3632.02
2024-06-19 12:00:00,0.988,26.0,6.34,70.0,312.3,31.24,26.83,0.0,run,3284.93
2024-06-19 13:00:00,0.974,26.6,6.22,69.0,356.0,31.39,27.28,0.0,RUN,3756.82
2024-06-19 14:00:00,0.952,27.0,7.56,70.0,318.5,31.31,26.6,0.0,RUN,3373.56
2024-06-19 15:00:00,0.937,27.1,7.92,69.0,257.6,28.12,26.56,5.2,RUN,2810.96
2024-06-19 16:00:00,0.958,26.7,7.85,66.0,158.7,27.97,27.12,2.7,RUN,1466.26
2024-06-19 17:00:00,0.961,26.1,6.12,70.0,72.0,27.65,26.79,8.0,RUN,556.78
2024-06-19 18:00:00,0.948,26.3,5.06,70.0,11.7,26.39,26.57,8.0,RUN,8.4
2024-06-19 19:00:00,0.975,25.6,4.57,71.0,0.0,26.13,25.62,3.3,STANDBY,-4.66
2024-06-19 20:00:00,0.962,25.4,4.19,76.0,0.0,25.19,25.79,6.8,STANDBY,-10.89
2024-06-19 21:00:00,0.92,24.5,4.92,80.0,0.0,25.02,25.06,0.0,STANDBY,0.0
2024-06-19 22:00:00,0.818,23.5,5.18,85.0,0.0,23.86,24.63,0.0,STANDBY,-8.61
2024-06-20 00:00:00,0.968,22.4,4.23,99.0,0.0,21.58,21.91,0.0,STANDBY,-10.27
2024-06-20 01:00:00,0.962,21.6,4.63,98.0,0.0,20.23,21.34,0.0,STANDBY,0.0
2024-06-20 02:00:00,0.979,21.2,4.91,100.0,0.0,22.58,20.23,0.0,STANDBY,0.0
2024-06-20 03:00:00,0.976,21.8,5.5,100.0,0.0,22.63,20.63,0.0,STANDBY,-8.24
2024-06-20 04:00:00,0.98,21.4,6.03,97.0,0.0,21.33,21.12,0.0,STANDBY,-7.46
2024-06-20 05:00:00,0.975,22.4,6.5,95.0,0.0,20.79,21.15,0.0,STANDBY,-4.83
2024-06-20 06:00:00,0.977,23.3,6.33,95.0,33.5,22.92,21.9,0.0,RUN,82.38
2024-06-20 07:00:00,0.975,23.7,7.12,92.0,102.7,25.04,22.46,0.0,RUN,855.56
2024-06-20 08:00:00,0.972,25.0,7.06,89.0,174.4,26.72,24.03,0.0,RUN,1821.79
2024-06-20 09:00:00,0.983,25.6,5.93,85.0,226.5,27.53,24.66,0.0,RUN,2445.35
2024-06-20 10:00:00,0.987,26.3,6.2,82.0,271.8,29.75,24.93,0.0,RUN,8653.95
2024-06-20 11:00:00,0.986,26.5,6.88,78.0,283.5,28.77,25.13,0.0,RUN,3117.95
2024-06-20 12:00:00,0.965,26.6,8.73,75.0,359.6,31.77,26.61,0.6,RUN,3776.41
2024-06-20 13:00:00,0.966,26.5,7.36,76.0,340.4,31.71,26.66,1.0,RUN,3709.77
2024-06-20 14:00:00,0.987,27.2,7.29,81.0,236.2,32.07,26.49,0.8,RUN,2625.53
2024-06-20 15:00:00,0.975,26.3,6.01,78.0,200.1,29.09,26.65,0.5,RUN,2150.34
2024-06-20 16:00:00,0.936,26.2,6.71,81.0,159.8,29.42,26.18,0.0,RUN,1578.06
2024-06-20 17:00:00,0.942,25.7,6.82,85.0,85.3,26.87,26.71,0.3,RUN,693.71
2024-06-20 18:00:00,0.955,25.9,6.25,85.0,19.5,25.74,26.32,0.0,,17.59
2024-06-20 19:00:00,0.955,25.3,5.37,88.0,0.0,25.1,25.22,0.0,STANDBY,-1.58
2024-06-20 20:00:00,0.955,25.3,4.83,91.0,0.0,24.63,25.36,0.0,STANDBY,-7.48
2024-06-20 21:00:00,0.978,24.8,5.05,93.0,0.0,24.68,24.47,0.0,STANDBY,-7.4
2024-06-20 22:00:00,0.988,24.1,4.46,96.0,0.0,24.72,24.39,0.0,STANDBY,-2.34
2024-06-20 23:00:00,0.992,23.2,4.43,100.0,0.0,23.04,23.06,0.0,standby,-6.97
2024-06-21 00:00:00,0.976,18.6,4.46,91.0,0.0,20.7,20.57,0.0,STANDBY,0.0
2024-06-21 01:00:00,0.975,18.7,5.84,88.0,0.0,20.51,19.7,0.0,STANDBY,-7.1
2024-06-21 02:00:00,0.979,18.8,5.44,91.0,0.0,19.63,19.85,0.0, STANDBY ,-8.5
2024-06-21 03:00:00,0.964,18.6,6.14,90.0,0.0,20.93,19.6,0.0,STANDBY,0.0
21-06-2024 04:00,0.97,19.2,5.65,87.0,0.0,19.69,20.29,0.0, standby ,0.0
2024-06-21 05:00:00,0.976,19.7,4.86,85.0,0.0,22.48,20.22,0.0,STANDBY,0.0
2024-06-21 06:00:00,0.957,20.2,4.98,83.0,22.1,22.18,20.57,0.0,run,2.56
2024-06-21 07:00:00,0.975,20.4,4.66,81.0,85.2,22.14,22.14,0.0,RUN,727.25
2024-06-21 08:00:00,0.972,21.7,3.88,77.0,161.6,25.12,22.69,0.0,RUN,1759.75
2024-06-21 09:00:00,0.972,22.8,4.3,74.0,206.6,26.64,23.65,1.6,RUN,2281.69
2024-06-21 10:00:00,0.945,22.8,5.87,71.0,9999.0,NA,,1.0,,
2024-06-21 11:00:00,0.957,23.3,6.6,72.0,NA,,NA,0.2,,
2024-06-21 12:00:00,0.979,23.3,7.25,73.0,,,NA,0.7,,
2024-06-21 13:00:00,0.965,23.4,7.34,71.0,,,,1.4,,NA
2024-06-21 14:00:00,0.961,24.6,7.47,70.0,,,,1.7,,
2024-06-21 15:00:00,0.965,24.9,7.45,70.0,,null,,0.0,,
2024-06-21 16:00:00,0.972,24.1,6.72,69.0,,NA,NA,0.0,,
2024-06-21 17:00:00,0.983,24.2,5.56,72.0,,,,0.0,,
2024-06-21 18:00:00,0.979,23.6,5.29,71.0,,,,0.0,,NA
2024-06-21 19:00:00,0.973,23.8,4.68,73.0,null,NA,,0.0,,
2024-06-21 20:00:00,0.985,23.5,4.95,78.0,NA,NA,,0.0,,NA
21-06-2024 21:00,0.949,22.9,4.16,80.0,,NA,NA,0.0,,
2024-06-21 22:00:00,0.953,21.6,3.69,81.0,0.0,21.56,22.85,0.0,STANDBY,0.0
2024-06-21 23:00:00,0.95,21.3,3.26,89.0,0.0,23.08,21.64,0.0,STANDBY,0.0
2024-06-22 00:00:00,0.91,22.5,4.29,89.0,0.0,19.78,20.98,0.0,STANDBY,0.0
2024-06-22 01:00:00,0.906,21.5,3.98,91.0,0.0,19.28,20.44,0.0,STANDBY,0.0
2024-06-22 02:00:00,0.877,20.3,4.49,94.0,0.0,21.03,18.43,0.0,STANDBY,-9.02
2024-06-22 03:00:00,0.893,19.7,5.55,97.0,0.0,19.63,18.97,0.0,STANDBY,-4.6
2024-06-22 04:00:00,0.946,19.7,5.18,96.0,0.0,19.79,19.15,0.0,STANDBY,-4.72
2024-06-22 05:00:00,0.912,20.6,5.01,94.0,0.0,18.96,19.74,0.0,STANDBY,0.0
2024-06-22 06:00:00,0.884,21.3,5.08,90.0,54.1,19.97,20.27,0.0,RUN,134.62
2024-06-22 07:00:00,0.859,22.3,4.67,85.0,189.5,24.66,21.38,0.0,RUN,1715.59
2024-06-22 08:00:00,0.932,23.6,5.18,87.0,295.4,27.84,22.62,0.0,RUN,3095.78
2024-06-22 09:00:00,0.92,24.3,3.78,84.0,413.1,30.49,22.4,0.0,RUN,4621.47
2024-06-22 10:00:00,0.892,25.0,4.62,78.0,499.6,31.43,23.81,0.0,RUN,5505.35
2024-06-22 11:00:00,0.828,26.2,5.91,71.0,699.5,36.9,24.07,0.0,RUN,7681.04
2024-06-22 12:00:00,0.912,26.7,6.2,72.0,577.6,33.53,24.84,0.0,RUN,6433.91
2024-06-22 13:00:00,0.947,26.8,7.54,73.0,463.7,32.83,25.0,0.0,RUN,5220.09
2024-06-22 14:00:00,0.963,27.1,7.5,73.0,354.6,29.96,24.85,1.5,RUN,3823.9
2024-06-22 15:00:00,0.911,26.5,6.79,71.0,346.3,30.33,25.35,0.6,RUN,3520.92
2024-06-22 16:00:00,0.901,26.2,6.15,67.0,211.8,28.74,25.18,2.1,RUN,2226.53
2024-06-22 17:00:00,0.886,25.7,7.04,74.0,107.1,26.19,24.93,0.6,run,855.76
2024-06-22 18:00:00,0.879,26.1,6.21,76.0,19.9,25.54,24.57,0.0,run,-8.2
2024-06-22 19:00:00,0.837,25.4,5.27,79.0,0.0,23.79,23.56,0.0,STANDBY,-7.84
2024-06-22 20:00:00,0.88,24.5,4.72,80.0,0.0,23.68,24.15,0.0,STANDBY,0.0
2024-06-22 21:00:00,0.894,24.0,4.63,87.0,0.0,24.53,22.83,0.0,STANDBY,0.0
2024-06-22 22:00:00,0.874,23.4,5.94,86.0,0.0,22.17,22.82,0.0,STANDBY,0.0
2024-06-22 23:00:00,0.876,22.1,6.11,91.0,0.0,21.07,21.08,0.0,STANDBY,0.0
2024-06-23 00:00:00,0.76,21.1,5.09,100.0,0.0,20.52,20.94,0.0,,-3.02
2024-06-23 01:00:00,0.762,20.4,5.36,100.0,0.0,20.15,20.6,0.0,STANDBY,0.0
2024-06-23 02:00:00,0.778,20.1,5.4,100.0,0.0,19.84,20.49,0.0,STANDBY,0.0
2024-06-23 03:00:00,0.787,20.0,4.86,100.0,0.0,19.85,19.93,0.0,STANDBY,0.0
2024-06-23 04:00:00,0.789,20.0,5.52,100.0,0.0,19.22,20.53,0.0,STANDBY,-2.03
2024-06-23 05:00:00,0.713,20.5,5.02,100.0,0.0,19.49,21.13,0.0,,0.0
2024-06-23 06:00:00,0.671,21.0,4.44,98.0,59.1,22.22,21.25,0.0,RUN,207.2
2024-06-23 07:00:00,0.769,22.1,4.95,100.0,199.5,24.73,21.72,0.0,RUN,1921.82
2024-06-23 08:00:00,0.814,23.1,4.25,97.0,360.9,29.15,23.24,0.0,RUN,3761.37
2024-06-23 09:00:00,0.718,23.7,5.12,94.0,559.3,33.33,24.03,0.0,run,5928.45
2024-06-23 10:00:00,0.771,24.0,4.29,92.0,625.1,33.76,24.89,0.0,RUN,6812.6
2024-06-23 12:00:00,0.713,24.9,4.34,83.0,806.1,36.76,25.48,0.0,RUN,8742.9
2024-06-23 13:00:00,0.699,25.1,4.64,78.0,787.8,36.35,25.76,0.0,RUN,8294.25
2024-06-23 14:00:00,0.819,25.8,5.09,81.0,619.0,34.67,26.09,0.0,RUN,6827.56
2024-06-23 15:00:00,0.786,25.9,4.94,80.0,513.4,34.13,26.26,0.0,RUN,16746.03
2024-06-23 16:00:00,0.692,26.3,4.84,78.0,375.9,30.03,26.31,0.0,RUN,3845.0
2024-06-23 17:00:00,0.84,25.3,5.47,80.0,165.8,26.8,25.84,0.0,RUN,1425.84
2024-06-23 18:00:00,0.89,25.7,5.37,81.0,29.4,25.42,25.4,0.0,RUN,-4.33
2024-06-23 19:00:00,0.926,25.1,5.42,88.0,0.0,25.48,25.52,0.0,STANDBY,-7.44
2024-06-23 20:00:00,0.779,24.9,4.77,87.0,0.0,25.17,23.89,0.0,STANDBY,-8.14
2024-06-23 21:00:00,0.761,24.3,4.05,90.0,0.0,23.17,23.25,0.0,STANDBY,0.0
2024-06-23 22:00:00,0.808,23.5,4.02,94.0,0.0,21.37,22.61,0.0,STANDBY,0.0
2024-06-23 23:00:00,0.752,22.8,4.65,98.0,0.0,22.18,22.09,0.0,STANDBY,-9.32
2024-06-24 00:00:00,0.404,22.8,4.06,87.0,0.0,20.99,20.88,0.0,standby,0.0
2024-06-24 01:00:00,0.479,22.1,5.11,90.0,0.0,19.66,19.93,0.0,STANDBY,-5.67
2024-06-24 02:00:00,0.419,21.0,5.4,91.0,0.0,19.58,20.21,0.0,STANDBY,0.0
2024-06-24 03:00:00,0.515,20.4,5.13,88.0,0.0,20.64,19.68,0.0,STANDBY,0.0
2024-06-24 04:00:00,0.706,20.8,4.89,89.0,0.0,20.65,20.38,0.0,STANDBY,-8.81
2024-06-24 05:00:00,0.629,21.7,5.21,88.0,0.0,20.28,20.24,0.0,STANDBY,0.0
2024-06-24 06:00:00,0.674,22.5,5.53,87.0,43.2,23.29,21.22,0.0,run,185.43
2024-06-24 07:00:00,0.635,23.9,5.58,89.0,194.2,25.31,20.95,0.0,RUN,1812.66
24-06-2024 08:00,0.795,24.6,6.09,87.0,281.6,27.76,22.7,0.0,RUN,2983.71
2024-06-24 09:00:00,0.838,24.8,5.6,81.0,416.7,28.89,23.99,0.0,RUN,4585.26
2024-06-24 10:00:00,0.732,24.9,5.04,76.0,599.5,33.93,24.06,0.0,run,6567.62
2024-06-24 11:00:00,0.69,25.1,6.05,72.0,746.8,35.81,25.26,0.0,RUN,8036.1
2024-06-24 12:00:00,0.696,25.6,6.24,73.0,745.3,37.04,25.38,0.0,RUN,8218.27
2024-06-24 13:00:00,0.698,26.6,7.7,71.0,708.2,36.4,25.9,0.0,RUN,7673.49
2024-06-24 14:00:00,0.674,27.1,7.71,69.0,634.7,35.15,26.41,0.0,run,6770.62
24-06-2024 15:00,0.768,26.5,8.08,68.0,470.5,33.04,26.15,0.0,run,4857.84
2024-06-24 16:00:00,0.88,26.1,9.26,70.0,241.7,28.39,25.36,0.0,RUN,2493.73
2024-06-24 17:00:00,0.891,26.0,7.55,68.0,112.7,26.65,25.29,0.0,RUN,995.93
2024-06-24 18:00:00,0.809,26.7,8.42,68.0,28.4,25.58,25.02,0.0,RUN,35.4
2024-06-24 19:00:00,0.928,25.9,7.66,73.0,0.0,24.62,24.06,0.0,STANDBY,-4.05
2024-06-24 20:00:00,0.887,25.4,6.63,78.0,0.0,24.26,23.91,0.0,standby,-7.93
2024-06-24 21:00:00,0.81,24.1,5.73,81.0,0.0,22.3,23.53,0.0,STANDBY,0.0
2024-06-24 22:00:00,0.635,22.8,6.0,80.0,0.0,23.37,22.32,0.0,STANDBY,0.0
2024-06-24 23:00:00,0.711,21.8,6.42,83.0,0.0,21.39,22.29,0.0,,0.0
2024-06-25 00:00:00,0.699,22.1,6.81,86.0,0.0,20.47,21.4,0.0,STANDBY,-4.54
2024-06-25 01:00:00,0.763,21.3,7.37,87.0,0.0,19.67,20.14,0.0,STANDBY,-3.78
2024-06-25 02:00:00,0.622,21.4,6.72,89.0,0.0,20.19,20.61,0.0,STANDBY,-2.92
25-06-2024 03:00,0.726,21.3,6.5,90.0,0.0,20.91,20.59,0.0,STANDBY,-4.14
2024-06-25 04:00:00,0.741,21.6,5.71,92.0,0.0,21.19,20.23,0.0,STANDBY,-7.62
2024-06-25 05:00:00,0.835,21.7,5.24,92.0,0.0,20.75,20.74,0.0,STANDBY,0.0
2024-06-25 06:00:00,0.674,22.7,5.43,91.0,61.7,22.8,21.46,0.0,RUN,179.71
2024-06-25 07:00:00,0.635,23.1,5.04,85.0,221.3,24.96,22.83,0.0,RUN,2086.94
2024-06-25 08:00:00,0.615,23.8,5.2,83.0,397.3,28.87,23.13,0.0,RUN,4238.2
2024-06-25 09:00:00,0.688,24.8,4.88,78.0,545.0,33.26,23.78,0.0,RUN,6116.8
2024-06-25 10:00:00,0.786,25.6,5.37,78.0,617.7,-999.0,24.7,0.0,RUN,6787.81
2024-06-25 11:00:00,0.837,26.0,5.62,71.0,637.7,34.83,25.5,0.0,RUN,6899.18
2024-06-25 12:00:00,0.871,26.3,5.41,69.0,577.2,33.4,26.04,0.0,RUN,6316.17
2024-06-25 13:00:00,0.845,26.9,5.51,67.0,638.9,34.0,25.32,0.0,RUN,6647.43
2024-06-25 14:00:00,0.755,27.4,5.58,64.0,577.2,34.28,26.23,0.0,RUN,6378.33
25-06-2024 15:00,0.713,27.9,5.74,65.0,504.8,32.56,26.14,0.0,,5302.88
2024-06-25 16:00:00,0.662,28.2,6.18,67.0,345.4,30.71,26.04,0.0,RUN,3601.8
2024-06-25 17:00:00,0.689,28.2,7.07,69.0,167.8,29.93,25.84,0.0,RUN,1467.51
2024-06-25 18:00:00,0.78,27.3,6.73,72.0,28.5,26.6,25.96,0.0,RUN,15.62
2024-06-25 19:00:00,0.743,26.6,7.67,76.0,0.0,23.9,25.7,0.0,STANDBY,-7.27
2024-06-25 20:00:00,0.668,26.4,7.7,75.0,0.0,24.15,24.64,0.0,STANDBY,-2.58
2024-06-25 21:00:00,0.705,25.4,7.33,83.0,0.0,22.75,23.08,0.0,STANDBY,-6.86
2024-06-25 22:00:00,0.634,24.1,6.76,86.0,0.0,21.74,23.32,0.0,STANDBY,0.0
2024-06-25 23:00:00,0.752,22.9,6.0,87.0,0.0,20.64,21.98,0.0,STANDBY,-9.52
2024-06-26 00:00:00,0.306,22.2,5.38,83.0,0.0,21.25,22.27,0.0,STANDBY,-5.07
2024-06-26 01:00:00,0.251,21.6,5.63,85.0,0.0,22.37,21.36,0.0,STANDBY,-5.66
2024-06-26 02:00:00,0.215,21.0,5.09,88.0,0.0,21.33,21.15,0.0,STANDBY,-3.09
2024-06-26 03:00:00,0.179,20.9,4.4,88.0,0.0,20.4,21.3,0.0,STANDBY,-2.23
2024-06-26 04:00:00,0.215,21.4,5.45,87.0,0.0,21.65,21.27,0.0,STANDBY,-6.96
2024-06-26 05:00:00,0.265,21.9,5.59,90.0,0.0,22.65,21.73,0.0,STANDBY,-6.95
2024-06-26 06:00:00,0.227,22.0,5.04,86.0,61.4,22.67,22.03,0.0,RUN,163.9
2024-06-26 07:00:00,0.261,22.9,5.33,83.0,227.5,26.61,23.03,0.0,RUN,2183.34
2024-06-26 08:00:00,0.27,24.2,5.08,79.0,430.2,32.41,23.83,0.0,RUN,4505.87
2024-06-26 09:00:00,0.411,24.9,4.68,76.0,613.3,33.35,25.41,0.0,RUN,6482.69
2024-06-26 10:00:00,0.484,26.3,4.56,71.0,756.9,35.64,25.39,0.0,RUN,8171.65
2024-06-26 11:00:00,0.354,27.2,4.71,65.0,857.9,37.92,25.86,0.0,RUN,9284.06
2024-06-26 12:00:00,0.363,27.0,5.46,64.0,906.3,37.09,26.69,0.0,RUN,9570.14
2024-06-26 13:00:00,0.287,27.9,5.23,61.0,848.2,38.21,26.6,0.0,RUN,9074.8
2024-06-26 14:00:00,0.2,28.2,6.55,60.0,742.8,37.8,28.3,0.0,run,8006.69
2024-06-26 15:00:00,0.135,28.3,6.83,59.0,577.1,34.79,27.58,0.0,RUN,6257.36
2024-06-26 16:00:00,0.345,28.0,7.01,62.0,385.9,33.04,27.82,0.0,RUN,4009.79
26-06-2024 17:00,0.243,27.8,6.21,61.0,194.1,29.7,26.99,0.0,RUN,1656.73
2024-06-26 18:00:00,0.25,27.6,5.46,62.0,33.9,28.3,26.68,0.0,RUN,28.35
2024-06-26 19:00:00,0.397,26.5,5.02,70.0,0.0,25.9,27.11,0.0,STANDBY,-2.13
2024-06-26 20:00:00,0.3,26.1,5.7,73.0,0.0,26.11,25.55,0.0,STANDBY,-5.43
2024-06-26 21:00:00,0.181,25.0,4.96,72.0,0.0,24.24,23.99,0.0,STANDBY,-3.71
2024-06-26 22:00:00,0.292,24.3,5.41,77.0,0.0,23.6,23.07,0.0,STANDBY,-7.72
2024-06-26 23:00:00,0.306,23.3,5.62,80.0,0.0,22.93,22.4,0.0,standby,0.0
2024-06-27 00:00:00,0.381,19.4,8.31,85.0,0.0,20.24,20.55,0.0,STANDBY,-7.33
2024-06-27 01:00:00,0.44,18.9,8.29,84.0,0.0,19.26,19.75,0.0,standby,0.0
2024-06-27 02:00:00,0.409,19.0,7.58,88.0,0.0,19.17,19.18,0.0,STANDBY,0.0
2024-06-27 03:00:00,0.26,18.6,8.86,90.0,0.0,19.86,19.59,0.0,standby,-8.35
2024-06-27 04:00:00,0.213,18.7,7.22,85.0,0.0,18.96,19.43,0.0,STANDBY,0.0
2024-06-27 05:00:00,0.207,19.2,8.65,85.0,0.0,18.56,19.52,0.0,STANDBY,-2.98
2024-06-27 06:00:00,0.309,19.5,7.42,83.0,64.1,20.9,20.51,0.0,RUN,214.76
27-06-2024 07:00,0.299,20.0,6.98,73.0,227.5,25.64,21.51,0.0,RUN,2128.41
2024-06-27 08:00:00,0.293,20.6,8.67,72.0,415.0,27.78,21.62,0.0,RUN,4456.84
2024-06-27 09:00:00,0.36,22.3,8.47,70.0,596.3,32.19,23.19,0.0,RUN,6169.98
2024-06-27 10:00:00,0.509,22.8,8.88,71.0,651.3,34.51,23.27,0.0,RUN,7301.45
2024-06-27 11:00:00,0.503,22.7,7.98,69.0,735.9,34.87,24.5,0.0,RUN,8016.73
2024-06-27 12:00:00,0.59,22.9,7.95,67.0,689.7,33.28,24.19,0.0,RUN,7468.31
2024-06-27 13:00:00,0.526,23.0,9.16,64.0,704.8,33.37,25.87,0.0,RUN,7598.73
2024-06-27 14:00:00,0.447,23.2,11.32,61.0,606.5,33.04,25.47,0.0,run,6805.46
2024-06-27 15:00:00,0.595,23.3,11.25,65.0,455.6,31.16,24.86,0.0,RUN,4778.46
2024-06-27 16:00:00,0.431,24.0,11.44,59.0,344.7,30.27,25.22,0.0,RUN,3650.19
2024-06-27 17:00:00,0.294,23.7,10.7,61.0,176.8,29.18,24.94,0.0, RUN ,1579.86
2024-06-27 18:00:00,0.34,23.2,8.65,64.0,28.7,26.07,24.48,0.0,RUN,0.0
2024-06-27 19:00:00,0.373,23.0,8.09,67.0,0.0,23.61,23.73,0.0,STANDBY,-2.89
2024-06-27 20:00:00,0.445,22.9,8.4,72.0,0.0,25.16,24.06,0.0,STANDBY,-5.63
2024-06-27 21:00:00,0.436,21.8,7.73,71.0,0.0,22.68,23.1,0.0,STANDBY,0.0
2024-06-27 22:00:00,0.33,20.7,7.89,72.0,0.0,23.3,22.34,0.0,standby,-6.52
2024-06-27 23:00:00,0.39,20.0,8.36,74.0,0.0,19.69,20.98,0.0,standby,-3.45
2024-06-28 00:00:00,0.869,21.3,4.84,83.0,0.0,17.98,20.63,0.0,STANDBY,0.0
2024-06-28 01:00:00,0.837,20.5,4.8,85.0,0.0,19.32,20.51,0.0,STANDBY,-8.19
2024-06-28 02:00:00,0.866,20.5,5.03,82.0,0.0,19.4,19.63,0.0,STANDBY,0.0
2024-06-28 03:00:00,0.808,20.4,4.26,87.0,0.0,19.16,19.87,0.0,STANDBY,0.0
2024-06-28 04:00:00,0.827,20.2,4.36,87.0,0.0,18.03,19.71,0.0,STANDBY,-10.35
2024-06-28 05:00:00,0.728,20.9,4.07,86.0,0.0,19.82,19.63,0.0,STANDBY,-11.29
2024-06-28 06:00:00,0.806,21.7,4.54,89.0,56.6,22.17,20.05,0.0,RUN,140.12
2024-06-28 07:00:00,0.571,22.9,4.16,89.0,203.5,25.87,21.15,0.0,RUN,1925.8
2024-06-28 08:00:00,0.638,23.7,4.2,82.0,380.3,29.48,22.35,0.0,run,4049.99
2024-06-28 09:00:00,0.752,24.4,4.16,82.0,496.6,30.22,22.64,0.0,run,14034.0
2024-06-28 10:00:00,0.809,25.1,4.2,80.0,578.9,32.15,23.63,0.0,RUN,6304.17
2024-06-28 11:00:00,0.78,25.7,4.49,75.0,669.2,33.93,24.16,0.0,RUN,7308.34
2024-06-28 12:00:00,0.898,25.7,4.97,69.0,558.9,33.37,24.19,0.0,RUN,6096.86
2024-06-28 13:00:00,0.913,26.5,5.27,68.0,557.2,33.59,24.45,0.0,RUN,5908.9
2024-06-28 14:00:00,0.901,27.0,5.11,65.0,483.0,32.24,24.84,0.0,RUN,5263.68
2024-06-28 15:00:00,0.892,27.0,5.68,64.0,428.1,31.77,25.15,0.0,RUN,4624.9
2024-06-28 16:00:00,0.75,27.8,5.26,63.0,369.0,30.02,26.08,0.0,RUN,3598.76
2024-06-28 17:00:00,0.824,27.0,5.19,64.0,170.8,26.43,25.23,0.0,RUN,1415.78
2024-06-28 18:00:00,0.855,26.1,4.51,66.0,29.3,24.28,25.05,0.0,RUN,34.06
2024-06-28 19:00:00,0.888,25.5,4.74,70.0,0.0,23.74,24.4,0.0,STANDBY,0.0
2024-06-28 20:00:00,0.897,24.3,4.87,75.0,0.0,24.62,23.57,0.0,STANDBY,-8.99
2024-06-28 21:00:00,0.876,23.2,4.02,74.0,0.0,23.69,22.16,0.0,STANDBY,0.0
2024-06-28 22:00:00,0.85,22.8,4.26,79.0,0.0,22.23,21.99,0.0,standby,-10.66
2024-06-28 23:00:00,0.915,23.0,5.15,86.0,0.0,21.87,21.38,0.0,STANDBY,-8.88
2024-06-29 00:00:00,0.907,21.8,6.36,94.0,0.0,22.54,22.09,0.0,STANDBY,-8.03
2024-06-29 01:00:00,0.841,20.6,5.73,93.0,0.0,21.73,20.88,0.0,standby,-5.33
2024-06-29 02:00:00,0.84,19.5,4.85,92.0,0.0,20.94,20.99,0.0, STANDBY ,-2.25
2024-06-29 03:00:00,0.777,19.1,5.54,93.0,0.0,20.65,21.11,0.0,STANDBY,0.0
2024-06-29 04:00:00,0.735,19.3,5.08,91.0,0.0,21.83,21.07,0.0,STANDBY,-10.79
2024-06-29 05:00:00,0.636,20.1,4.92,93.0,0.0,21.0,21.07,0.0,STANDBY,-6.23
2024-06-29 06:00:00,0.517,21.0,5.6,88.0,54.8,23.69,22.37,0.0,RUN,248.12
2024-06-29 07:00:00,0.576,21.6,5.72,87.0,201.8,24.79,22.41,0.0,RUN,1843.05
2024-06-29 08:00:00,0.805,21.9,5.29,86.0,309.1,28.6,23.76,0.0,RUN,3317.04
2024-06-29 09:00:00,0.783,23.0,5.92,84.0,443.3,31.19,24.52,0.0,RUN,4754.06
2024-06-29 10:00:00,0.788,23.7,7.17,81.0,505.8,32.1,25.14,0.0,RUN,5588.71
2024-06-29 11:00:00,0.773,23.9,6.42,73.0,647.5,35.24,26.33,0.0,RUN,6907.32
29-06-2024 12:00,0.794,23.6,7.38,68.0,673.3,36.24,25.95,0.0,RUN,7388.83
2024-06-29 13:00:00,0.69,24.3,7.46,66.0,650.2,35.8,26.13,0.8,RUN,7175.05
2024-06-29 14:00:00,0.584,25.0,7.11,64.0,662.1,34.5,26.89,0.3,RUN,7026.1
2024-06-29 15:00:00,0.641,24.8,6.88,62.0,501.3,34.06,26.88,0.2,RUN,5519.25
2024-06-29 16:00:00,0.646,25.3,6.54,65.0,358.0,30.26,26.58,1.4,RUN,3523.64
2024-06-29 17:00:00,0.823,25.0,7.9,75.0,159.6,28.16,27.24,0.4,RUN,1390.62
2024-06-29 18:00:00,0.891,25.1,6.46,79.0,23.3,26.81,26.0,0.1,RUN,58.22
2024-06-29 19:00:00,0.915,23.9,5.56,82.0,0.0,23.92,25.16,0.0,STANDBY,0.0
2024-06-29 20:00:00,0.938,23.8,5.92,84.0,0.0,24.96,25.31,0.0,STANDBY,0.0
2024-06-29 21:00:00,0.841,23.5,5.49,89.0,0.0,25.1,24.62,0.0,STANDBY,0.0
2024-06-29 22:00:00,0.753,22.1,4.99,91.0,0.0,23.62,23.56,0.0,standby,-3.69
2024-06-29 23:00:00,0.569,21.2,5.61,89.0,0.0,22.9,22.99,0.0,STANDBY,0.0
2024-06-30 00:00:00,0.54,22.3,6.21,84.0,0.0,22.2,21.86,0.0,STANDBY,0.0
2024-06-30 01:00:00,0.553,22.2,6.34,85.0,0.0,21.02,21.57,0.0, STANDBY ,0.0
2024-06-30 02:00:00,0.696,21.8,6.25,86.0,0.0,20.55,21.15,0.0,STANDBY,-8.93
2024-06-30 03:00:00,0.521,21.9,4.3,82.0,0.0,20.62,20.9,0.0,STANDBY,-5.87
2024-06-30 04:00:00,0.613,21.7,4.56,85.0,0.0,20.99,20.89,0.0,STANDBY,0.0
2024-06-30 05:00:00,0.667,22.4,4.69,82.0,0.0,22.87,21.28,0.0,STANDBY,0.0
2024-06-30 06:00:00,0.687,22.8,4.64,83.0,47.2,21.7,21.81,0.0,RUN,171.19
2024-06-30 07:00:00,0.596,23.6,5.13,79.0,196.8,26.71,22.6,0.0,RUN,1807.98
2024-06-30 08:00:00,0.703,24.2,4.96,74.0,344.7,29.78,22.69,0.0,RUN,3586.54
2024-06-30 09:00:00,0.73,25.1,5.03,72.0,477.2,31.44,24.47,0.0,RUN,5242.26
2024-06-30 10:00:00,0.737,25.1,6.29,70.0,585.6,34.0,25.28,0.0,RUN,6354.39
2024-06-30 11:00:00,0.838,25.2,6.34,68.0,551.2,31.69,25.29,0.0,RUN,5936.74
2024-06-30 12:00:00,0.811,25.8,5.87,67.0,631.7,33.48,25.9,0.0,RUN,6495.63
2024-06-30 13:00:00,0.779,25.9,6.41,64.0,671.6,34.57,25.69,0.0,RUN,7110.37
2024-06-30 14:00:00,0.764,25.9,5.48,65.0,548.2,33.74,26.57,0.0,RUN,6095.17
2024-06-30 15:00:00,0.79,26.0,5.17,69.0,414.2,30.19,26.27,0.0,RUN,4377.93
2024-06-30 16:00:00,0.685,26.3,5.08,64.0,359.0,33.0,26.41,0.0,RUN,3688.46
2024-06-30 17:00:00,0.502,26.1,5.12,63.0,171.2,27.94,26.33,0.0,RUN,1545.48
2024-06-30 18:00:00,0.616,25.8,4.76,64.0,36.4,25.67,25.1,0.0,RUN,3.21
2024-06-30 19:00:00,0.678,25.4,4.64,69.0,0.0,25.36,24.8,0.0,STANDBY,-6.3
2024-06-30 20:00:00,0.591,25.6,4.23,67.0,0.0,25.73,24.61,0.0,STANDBY,0.0
2024-06-30 21:00:00,0.584,24.7,3.73,73.0,0.0,23.48,23.57,0.0,STANDBY,-8.08
2024-06-30 22:00:00,0.389,23.8,4.07,75.0,0.0,23.44,23.11,0.0,STANDBY,-9.07
2024-06-30 23:00:00,0.39,22.9,3.73,77.0,0.0,23.19,22.51,0.0,STANDBY,-5.95
2024-07-01 00:00:00,0.327,21.6,5.14,87.0,0.0,22.26,21.83,0.0,STANDBY,-999.0
2024-07-01 01:00:00,0.41,21.2,5.46,91.0,0.0,20.26,21.12,0.0,STANDBY,-6.34
2024-07-01 02:00:00,0.42,20.7,5.93,93.0,0.0,20.79,20.57,0.0,,0.0
2024-07-01 03:00:00,0.56,21.0,6.38,93.0,0.0,20.95,21.31,0.0,STANDBY,-3.48
2024-07-01 04:00:00,0.402,21.4,6.13,88.0,0.0,21.18,21.38,0.0,STANDBY,-6.25
2024-07-01 05:00:00,0.333,21.8,7.04,89.0,0.0,21.06,21.61,0.0,STANDBY,-11.18
01-07-2024 06:00,0.493,22.6,8.27,92.0,47.3,22.95,21.86,0.0,RUN,166.07
2024-07-01 07:00:00,0.49,23.3,6.56,88.0,208.9,25.4,23.11,0.0,RUN,1970.54
2024-07-01 08:00:00,0.548,24.2,7.45,81.0,403.7,30.05,24.49,0.0,RUN,4053.07
2024-07-01 09:00:00,0.459,24.8,7.38,78.0,562.5,33.52,24.64,0.0,RUN,6010.95
2024-07-01 10:00:00,0.308,25.1,6.31,74.0,723.1,36.04,25.16,0.0,RUN,7948.35
2024-07-01 11:00:00,0.365,25.2,7.12,76.0,797.9,35.96,25.59,0.0,RUN,8606.77
2024-07-01 12:00:00,0.532,26.4,7.28,73.0,681.3,37.29,26.11,0.0,RUN,7741.78
2024-07-01 13:00:00,0.754,26.5,8.61,71.0,613.2,35.06,26.13,0.0,RUN,6653.35
2024-07-01 14:00:00,0.805,26.8,8.77,64.0,517.5,32.36,26.05,0.0,RUN,5711.23
2024-07-01 15:00:00,0.74,27.2,8.07,58.0,471.0,33.39,26.44,0.0,RUN,4881.79
2024-07-01 16:00:00,0.689,27.4,-999.0,65.0,332.6,31.15,26.44,4.2,RUN,3481.62
2024-07-01 18:00:00,0.712,26.6,6.69,63.0,26.6,26.3,25.89,2.1,RUN,32.58
2024-07-01 19:00:00,0.675,26.8,5.65,70.0,0.0,23.95,24.8,0.0,STANDBY,0.0
2024-07-01 20:00:00,0.502,26.5,6.09,72.0,0.0,24.95,25.01,0.0,STANDBY,-6.54
2024-07-01 21:00:00,0.43,25.6,5.01,70.0,0.0,23.93,24.41,0.0,STANDBY,0.0
2024-07-01 22:00:00,0.409,24.8,5.23,79.0,0.0,24.22,23.01,0.0,STANDBY,-6.17
2024-07-01 23:00:00,0.597,23.4,5.53,83.0,0.0,21.77,22.22,0.0,STANDBY,0.0
2024-07-02 00:00:00,0.837,23.3,4.58,91.0,0.0,22.7,23.24,0.0,STANDBY,-10.93
2024-07-02 01:00:00,0.807,23.1,4.45,94.0,0.0,22.96,22.73,0.0,STANDBY,-10.77
2024-07-02 02:00:00,0.696,22.9,4.31,93.0,0.0,-999.0,21.79,0.0,STANDBY,0.0
2024-07-02 04:00:00,0.628,22.1,4.93,96.0,0.0,21.68,22.49,0.0,STANDBY,0.0
2024-07-02 05:00:00,0.766,22.5,5.9,97.0,0.0,21.38,22.63,0.0,STANDBY,-2.16
2024-07-02 06:00:00,0.826,23.9,5.5,95.0,51.3,24.1,23.38,0.0,RUN,200.74
2024-07-02 07:00:00,0.732,24.5,5.05,91.0,204.7,27.25,24.31,0.0,RUN,2040.13
2024-07-02 08:00:00,0.7,24.8,5.42,89.0,410.6,31.7,25.01,1.9,RUN,4217.39
2024-07-02 09:00:00,0.707,25.5,5.2,83.0,593.3,34.76,25.1,0.6, RUN ,6263.38
2024-07-02 10:00:00,0.782,26.2,4.28,78.0,625.5,36.06,25.73,1.5,run,6809.45
2024-07-02 11:00:00,0.703,27.1,4.56,75.0,810.4,37.12,26.42,1.5,RUN,8479.83
2024-07-02 12:00:00,0.85,27.3,5.45,74.0,741.1,38.0,27.85,1.9,RUN,7997.2
2024-07-02 13:00:00,0.73,27.7,5.55,71.0,780.6,37.77,27.81,0.0,RUN,8362.94
02-07-2024 14:00,0.691,28.4,6.28,68.0,712.9,37.28,27.88,0.0, RUN ,7697.03
2024-07-02 15:00:00,0.79,27.8,6.66,72.0,535.1,35.55,27.67,0.0,RUN,5602.16
2024-07-02 16:00:00,0.666,27.4,6.47,66.0,373.4,33.7,28.36,0.0,RUN,3806.95
02-07-2024 17:00,0.679,27.1,6.34,70.0,182.4,30.44,27.9,0.0,RUN,1557.92
2024-07-02 18:00:00,0.741,27.3,6.17,70.0,35.2,27.5,26.63,0.0,RUN,-999.0
2024-07-02 19:00:00,0.764,26.6,6.55,75.0,0.0,26.36,26.31,0.0,STANDBY,0.0
2024-07-02 21:00:00,0.867,25.8,5.46,86.0,0.0,24.8,25.33,0.0,STANDBY,-8.25
2024-07-02 22:00:00,0.865,25.0,5.6,86.0,0.0,25.96,24.23,0.0,standby,-9.52
2024-07-02 23:00:00,0.746,24.9,5.64,89.0,0.0,24.14,23.98,0.0,STANDBY,0.0
2024-07-03 00:00:00,0.357,21.7,4.72,90.0,0.0,22.14,21.02,0.0,STANDBY,-1.77
2024-07-03 01:00:00,0.261,20.9,5.39,89.0,0.0,21.24,20.77,0.0,STANDBY,-9.61
2024-07-03 02:00:00,0.448,20.4,5.42,91.0,0.0,20.69,21.07,0.0,STANDBY,0.0
2024-07-03 03:00:00,0.532,20.3,5.32,94.0,0.0,20.81,20.52,0.0,STANDBY,0.0
2024-07-03 04:00:00,0.533,20.6,5.4,90.0,0.0,20.83,20.65,0.0,STANDBY,0.0
2024-07-03 05:00:00,0.392,21.5,5.85,87.0,0.0,22.24,21.47,0.0,STANDBY,0.0
2024-07-03 06:00:00,0.392,21.8,5.16,88.0,57.6,22.74,22.49,0.0,RUN,127.41
2024-07-03 07:00:00,0.456,22.5,4.02,86.0,213.6,26.91,21.91,0.0,RUN,2020.25
2024-07-03 08:00:00,0.57,23.2,4.15,86.0,366.6,29.8,23.11,0.0,RUN,3964.21
2024-07-03 09:00:00,0.596,24.3,4.21,83.0,505.9,33.38,24.67,0.0,RUN,5427.53
2024-07-03 10:00:00,0.692,24.6,5.43,81.0,622.6,35.02,24.93,0.0,RUN,6671.85
2024-07-03 11:00:00,0.711,25.5,5.43,78.0,642.3,34.27,24.77,0.0,RUN,7106.86
2024-07-03 12:00:00,0.715,25.6,5.72,77.0,691.3,36.57,26.21,0.0,RUN,7241.2
2024-07-03 13:00:00,0.584,26.9,5.53,74.0,683.4,37.4,26.55,0.0,run,7701.44
2024-07-03 14:00:00,0.64,26.6,6.4,74.0,581.2,35.88,26.42,0.0,RUN,6133.93
2024-07-03 15:00:00,0.541,26.9,5.09,71.0,498.1,34.67,26.69,0.0,RUN,5494.48
2024-07-03 16:00:00,0.634,27.3,5.35,72.0,335.6,32.36,26.17,0.0,RUN,3370.23
2024-07-03 17:00:00,0.568,26.6,5.84,72.0,164.3,28.94,26.54,0.0,RUN,1498.16
2024-07-03 18:00:00,0.604,26.4,5.25,76.0,35.1,26.27,25.28,0.0,RUN,44.1
2024-07-03 19:00:00,0.536,25.6,4.51,77.0,0.0,25.36,24.59,0.0,STANDBY,-5.06
2024-07-03 20:00:00,0.396,24.9,4.03,79.0,0.0,25.4,25.14,0.0,STANDBY,-5.36
2024-07-03 21:00:00,0.487,23.8,3.49,82.0,0.0,22.75,24.0,0.0, STANDBY ,0.0
2024-07-03 22:00:00,0.659,23.6,3.43,88.0,0.0,22.81,23.34,0.0,STANDBY,0.0
2024-07-03 23:00:00,0.611,22.8,3.3,93.0,0.0,22.27,22.89,0.0,STANDBY,0.0
2024-07-04 00:00:00,0.861,21.1,4.03,93.0,0.0,22.28,22.23,0.0,STANDBY,-8.01
2024-07-04 01:00:00,0.78,20.7,4.04,90.0,0.0,20.56,20.84,0.0,STANDBY,0.0
2024-07-04 02:00:00,0.697,20.6,4.28,90.0,0.0,20.47,20.68,0.0,STANDBY,-8.4
2024-07-04 03:00:00,0.839,20.5,4.69,96.0,0.0,19.93,19.84,0.0, STANDBY ,-2.07
2024-07-04 04:00:00,0.862,20.5,5.9,93.0,0.0,19.1,20.91,0.0,STANDBY,-10.78
2024-07-04 05:00:00,0.895,20.5,5.74,92.0,0.0,21.56,20.98,0.0,STANDBY,-11.24
2024-07-04 06:00:00,0.836,21.4,5.45,87.0,49.9,20.79,21.4,0.0,RUN,186.38
2024-07-04 07:00:00,0.877,21.5,5.62,92.0,164.3,26.23,22.66,0.0,RUN,1537.34
2024-07-04 08:00:00,0.874,22.5,5.6,90.0,322.2,28.94,22.92,0.0,RUN,3367.87
2024-07-04 09:00:00,0.872,22.7,5.37,85.0,503.9,32.78,24.24,0.0,run,5231.02
2024-07-04 10:00:00,0.86,23.2,5.99,79.0,643.5,35.7,24.58,0.0,RUN,6965.72
2024-07-04 11:00:00,0.806,23.9,6.62,76.0,753.7,36.97,25.11,0.0,run,21531.92
2024-07-04 12:00:00,0.777,25.5,8.14,71.0,802.0,36.69,25.84,0.0,RUN,8509.19
2024-07-04 13:00:00,0.857,25.8,9.06,71.0,687.4,33.24,25.4,0.0,RUN,6951.83
2024-07-04 14:00:00,0.843,25.8,8.01,70.0,604.0,34.2,26.0,0.0,RUN,6318.48
2024-07-04 15:00:00,0.858,25.9,8.55,71.0,446.0,-999.0,25.76,0.0,RUN,4593.69
2024-07-04 16:00:00,0.848,26.2,8.11,69.0,316.7,31.22,26.16,0.0,RUN,3227.65
2024-07-04 17:00:00,0.75,25.7,8.63,70.0,180.3,28.89,25.62,0.0,RUN,1507.36
2024-07-04 18:00:00,0.783,25.2,6.88,76.0,34.2,25.29,25.83,0.0,RUN,62.7
2024-07-04 19:00:00,0.91,24.6,6.47,81.0,0.0,23.01,24.67,0.0,STANDBY,-8.71
2024-07-04 20:00:00,0.874,24.1,5.69,81.0,0.0,24.99,24.35,0.0,STANDBY,-7.64
2024-07-04 21:00:00,0.885,24.3,5.07,83.0,0.0,25.2,23.8,0.0,STANDBY,0.0
2024-07-04 22:00:00,0.9,23.9,5.37,86.0,0.0,21.61,22.79,0.0,STANDBY,0.0
2024-07-04 23:00:00,0.831,22.8,5.8,88.0,0.0,21.62,22.33,0.0,STANDBY,0.0
2024-07-05 00:00:00,0.8,21.6,4.7,94.0,0.0,20.23,21.2,0.0,STANDBY,-10.15
05-07-2024 01:00,0.755,20.3,4.48,94.0,0.0,19.03,20.74,0.0,STANDBY,0.0
2024-07-05 02:00:00,0.605,20.2,4.6,94.0,0.0,19.21,19.84,0.0,standby,-11.1
2024-07-05 03:00:00,0.477,19.7,5.02,94.0,0.0,19.77,20.04,0.0,STANDBY,0.0
05-07-2024 04:00,0.527,20.3,4.87,94.0,0.0,19.79,19.62,0.0,STANDBY,0.0
2024-07-05 05:00:00,0.608,20.0,4.63,95.0,0.0,21.24,20.26,0.0,STANDBY,0.0
2024-07-05 06:00:00,0.657,20.7,6.12,93.0,53.9,20.47,21.11,0.0,RUN,114.21
2024-07-05 07:00:00,0.706,21.9,5.54,89.0,196.7,24.22,21.47,0.0,RUN,1798.13
2024-07-05 08:00:00,0.764,22.7,4.96,88.0,358.2,28.33,22.39,0.0,RUN,3666.42
2024-07-05 09:00:00,0.701,23.7,4.81,80.0,529.7,32.38,23.28,0.0,RUN,5826.11
2024-07-05 10:00:00,0.687,24.0,4.97,79.0,634.3,34.96,24.1,0.0,RUN,6869.23
2024-07-05 11:00:00,0.771,24.7,5.58,75.0,688.2,33.95,24.34,0.0,RUN,7302.87
2024-07-05 12:00:00,0.775,25.1,4.88,72.0,702.4,34.56,24.6,0.0,run,7819.94
2024-07-05 13:00:00,0.699,25.7,4.91,70.0,675.0,33.31,24.6,0.0,RUN,7275.02
2024-07-05 14:00:00,0.679,25.7,4.47,71.0,626.8,32.2,25.27,0.0,RUN,6668.2
2024-07-05 15:00:00,0.701,26.0,5.03,70.0,501.2,-999.0,25.89,0.0,run,5288.45
2024-07-05 16:00:00,0.522,26.7,4.25,71.0,391.1,30.75,25.95,0.0, RUN ,3996.93
2024-07-05 17:00:00,0.572,26.5,4.08,75.0,183.3,27.04,25.6,0.0,RUN,1625.0
2024-07-05 18:00:00,0.493,25.9,3.6,73.0,39.4,24.62,24.87,0.0,RUN,49.71
2024-07-05 19:00:00,0.488,24.3,3.7,76.0,0.0,23.86,24.98,0.0,STANDBY,-3.44
2024-07-05 20:00:00,0.542,23.1,3.84,81.0,0.0,23.42,24.33,0.0,STANDBY,0.0
2024-07-05 21:00:00,0.713,22.5,4.35,85.0,0.0,24.44,22.92,0.0,STANDBY,-5.32
2024-07-05 22:00:00,0.557,21.5,4.51,86.0,0.0,23.04,23.03,0.0,STANDBY,0.0
2024-07-05 23:00:00,0.653,20.8,5.02,85.0,0.0,22.03,21.13,0.0,STANDBY,-6.02
2024-07-06 00:00:00,0.434,18.6,4.78,91.0,0.0,18.53,19.95,0.0,STANDBY,0.0
2024-07-06 01:00:00,0.422,18.5,4.78,93.0,0.0,17.65,18.95,0.0,STANDBY,0.0
2024-07-06 02:00:00,0.273,18.3,5.58,92.0,0.0,18.55,18.58,0.0, STANDBY ,-4.93
2024-07-06 03:00:00,0.264,18.0,5.07,96.0,0.0,18.49,18.44,0.0,STANDBY,0.0
2024-07-06 04:00:00,0.209,18.8,4.62,96.0,0.0,19.97,18.88,0.0,STANDBY,-7.3
2024-07-06 05:00:00,0.224,19.4,4.98,96.0,0.0,17.53,19.33,0.0,STANDBY,0.0
2024-07-06 06:00:00,0.159,20.2,3.88,92.0,51.4,20.7,19.55,0.0,RUN,140.07
2024-07-06 07:00:00,0.146,20.7,4.22,90.0,211.9,23.54,19.97,0.0,RUN,2053.67
2024-07-06 08:00:00,0.277,21.3,3.99,87.0,390.0,28.57,21.37,0.0,RUN,4038.56
2024-07-06 09:00:00,0.318,21.8,3.67,83.0,565.9,31.53,22.47,0.0,run,5939.36
2024-07-06 10:00:00,0.257,22.5,5.03,81.0,708.7,34.68,23.68,0.0,RUN,7750.67
2024-07-06 11:00:00,0.32,23.0,5.12,78.0,756.8,34.25,22.55,0.0,RUN,7938.22
2024-07-06 12:00:00,0.371,24.1,4.38,74.0,767.8,35.74,23.73,0.0,RUN,8558.0
2024-07-06 13:00:00,0.433,23.7,4.68,72.0,798.3,34.63,23.24,0.0,RUN,8396.3
06-07-2024 14:00,0.448,24.1,4.49,71.0,650.8,33.41,24.1,0.0,RUN,6967.49
2024-07-06 15:00:00,0.481,24.0,4.19,71.0,502.3,32.64,24.29,0.0,RUN,5434.25
2024-07-06 16:00:00,0.38,24.0,5.15,73.0,334.0,29.19,24.53,0.0,run,3618.52
2024-07-06 17:00:00,0.233,23.8,5.1,72.0,178.0,25.13,24.39,0.0,RUN,1678.06
2024-07-06 18:00:00,0.179,24.2,4.88,74.0,43.8,24.44,24.22,0.0,RUN,64.68
2024-07-06 19:00:00,0.282,23.3,5.26,79.0,0.0,23.46,23.29,0.0,STANDBY,0.0
2024-07-06 20:00:00,0.269,22.6,4.96,78.0,0.0,20.64,23.28,0.0,STANDBY,0.0
2024-07-06 21:00:00,0.394,22.2,4.45,82.0,0.0,22.7,21.56,0.0,STANDBY,-9.37
2024-07-06 22:00:00,0.389,20.7,4.44,87.0,0.0,21.67,21.53,0.0,STANDBY,-5.08
2024-07-06 23:00:00,0.338,20.0,5.19,88.0,0.0,20.47,20.57,0.0,STANDBY,0.0
2024-07-07 00:00:00,0.239,22.2,9.31,85.0,0.0,22.0,20.87,0.0,STANDBY,0.0
2024-07-07 01:00:00,0.143,21.1,10.35,88.0,0.0,19.56,20.92,0.0,STANDBY,-5.31
2024-07-07 02:00:00,0.127,20.9,7.72,88.0,0.0,19.42,20.35,0.0,STANDBY,0.0
2024-07-07 03:00:00,0.128,20.5,8.71,87.0,0.0,19.18,20.87,0.0,STANDBY,0.0
2024-07-07 04:00:00,0.167,20.6,8.93,93.0,0.0,21.05,21.23,0.0, STANDBY ,0.0
2024-07-07 05:00:00,0.276,21.7,7.76,90.0,0.0,20.33,20.18,0.0,STANDBY,-10.53
2024-07-07 06:00:00,0.303,22.2,8.29,89.0,53.5,22.1,21.64,0.0,RUN,172.28
2024-07-07 07:00:00,0.547,22.9,7.28,87.0,206.1,25.51,22.18,0.0,RUN,2022.48
2024-07-07 08:00:00,0.527,23.1,5.96,82.0,402.6,30.16,22.81,0.0,RUN,4157.38
2024-07-07 09:00:00,0.388,24.2,6.64,78.0,601.4,34.97,23.69,0.0,RUN,6472.43
2024-07-07 10:00:00,0.319,25.3,6.34,72.0,762.5,36.12,23.93,0.0,RUN,8162.61
2024-07-07 11:00:00,0.464,25.9,7.63,74.0,813.2,36.16,24.92,0.0,run,8861.46
2024-07-07 12:00:00,0.434,25.9,9.76,72.0,854.7,37.65,25.98,0.0,RUN,9364.49
2024-07-07 13:00:00,0.539,25.8,8.7,76.0,771.2,38.84,25.63,0.0,RUN,8708.26
2024-07-07 14:00:00,0.478,25.9,9.24,78.0,706.3,34.83,25.65,0.0,RUN,7464.34
2024-07-07 15:00:00,0.574,25.9,9.3,76.0,541.1,32.28,26.55,0.0,RUN,5796.29
2024-07-07 16:00:00,0.524,25.8,9.28,73.0,367.0,31.57,25.79,0.0,RUN,3587.89
2024-07-07 17:00:00,0.473,26.0,10.68,76.0,187.7,28.27,25.67,0.0,run,1529.59
07-07-2024 19:00,0.471,25.3,8.11,80.0,0.0,25.38,25.16,0.0,standby,0.0
2024-07-07 20:00:00,0.466,24.6,8.61,78.0,0.0,24.85,24.49,0.0,STANDBY,-1.83
2024-07-07 21:00:00,0.571,23.5,8.25,80.0,0.0,23.09,23.05,0.0,STANDBY,0.0
2024-07-07 22:00:00,0.597,23.7,7.73,87.0,0.0,21.11,23.24,0.0,STANDBY,-9.45
2024-07-07 23:00:00,0.608,23.2,8.89,89.0,0.0,20.32,21.71,0.0,STANDBY,-7.88
2024-07-08 00:00:00,0.87,23.3,8.75,89.0,0.0,22.83,22.74,0.0,STANDBY,-999.0
2024-07-08 01:00:00,0.836,23.2,9.04,89.0,0.0,21.12,21.38,0.0,STANDBY,-1.87
08-07-2024 02:00,0.844,22.9,8.5,89.0,0.0,20.02,21.49,0.0,STANDBY,-11.12
2024-07-08 03:00:00,0.791,22.7,7.64,91.0,0.0,20.78,21.69,0.0,standby,0.0
2024-07-08 04:00:00,0.767,22.9,8.0,90.0,0.0,19.85,21.2,0.0,STANDBY,0.0
08-07-2024 05:00,0.673,23.0,8.15,87.0,0.0,21.59,22.26,0.0,STANDBY,-10.59
2024-07-08 06:00:00,0.54,24.0,7.71,83.0,50.8,24.11,22.72,0.0,RUN,133.59
2024-07-08 07:00:00,0.596,24.9,6.87,81.0,184.8,25.65,23.33,0.0,RUN,1752.82
2024-07-08 08:00:00,0.734,25.8,5.86,77.0,320.7,28.46,24.13,0.0,RUN,3417.07
2024-07-08 09:00:00,0.813,26.5,6.55,76.0,431.4,31.32,24.75,0.0, run ,4490.21
2024-07-08 10:00:00,0.842,28.1,8.74,75.0,529.6,31.31,25.47,0.0,RUN,5467.75
2024-07-08 11:00:00,0.771,27.8,8.54,75.0,620.1,35.06,25.78,0.0,RUN,6823.3
2024-07-08 12:00:00,0.667,27.8,8.79,72.0,712.7,36.04,26.83,0.0,RUN,7870.31
2024-07-08 13:00:00,0.567,27.9,9.02,70.0,724.3,36.13,27.2,0.0,run,7918.59
2024-07-08 14:00:00,0.613,27.9,9.53,66.0,616.3,35.17,27.13,0.0,RUN,6698.02
2024-07-08 15:00:00,0.658,28.2,10.85,63.0,515.3,33.53,26.52,0.0,RUN,5318.33
2024-07-08 16:00:00,0.44,27.8,9.14,58.0,399.5,33.21,26.59,0.0,RUN,4058.64
2024-07-08 17:00:00,0.547,27.2,7.65,60.0,188.0,29.31,27.2,0.0,RUN,1640.17
2024-07-08 18:00:00,0.602,26.5,8.62,62.0,36.8,27.38,26.8,0.0,RUN,40.15
2024-07-08 19:00:00,0.643,26.4,8.07,67.0,0.0,25.57,25.76,0.0,STANDBY,-8.7
2024-07-08 20:00:00,0.78,26.8,7.66,72.0,0.0,25.26,24.77,0.0,STANDBY,-11.27
2024-07-08 21:00:00,0.811,25.5,6.6,73.0,0.0,24.49,24.17,0.0,STANDBY,0.0
2024-07-08 22:00:00,0.847,25.2,7.44,76.0,0.0,23.57,24.06,0.0,STANDBY,-2.55
2024-07-08 23:00:00,0.853,24.5,8.2,83.0,0.0,23.14,23.18,0.0,standby,-1.85
2024-07-09 00:00:00,0.764,21.6,7.76,97.0,0.0,20.14,21.86,0.0,STANDBY,-10.73
2024-07-09 01:00:00,0.736,21.1,8.15,98.0,0.0,19.67,20.26,0.0,STANDBY,0.0
2024-07-09 02:00:00,0.657,20.6,7.34,92.0,0.0,20.51,19.56,0.0,,0.0
2024-07-09 03:00:00,0.637,20.2,7.49,98.0,0.0,20.71,21.1,0.0,STANDBY,0.0
2024-07-09 04:00:00,0.662,20.2,7.13,99.0,0.0,19.49,20.55,0.0,STANDBY,-6.47
2024-07-09 05:00:00,0.575,20.7,7.53,97.0,0.0,19.63,20.82,0.0,STANDBY,0.0
2024-07-09 06:00:00,0.546,21.4,6.48,96.0,44.9,23.29,21.98,0.0,RUN,186.6
2024-07-09 07:00:00,0.598,22.2,6.73,92.0,202.7,25.65,22.21,0.0,RUN,1837.71
2024-07-09 08:00:00,0.574,22.8,6.08,88.0,386.4,27.85,23.06,0.0,RUN,3992.91
2024-07-09 09:00:00,0.361,22.8,6.04,80.0,603.6,32.68,23.75,0.0, RUN ,6478.63
2024-07-09 10:00:00,0.531,23.7,6.56,76.0,779.7,35.13,24.86,0.0,RUN,8026.01
2024-07-09 11:00:00,0.467,25.2,5.72,74.0,883.5,38.02,25.7,0.0,RUN,9149.75
2024-07-09 12:00:00,0.351,25.9,7.33,70.0,884.7,38.24,26.26,0.0,RUN,9657.67
2024-07-09 13:00:00,0.43,26.3,9.34,69.0,841.4,37.58,26.52,0.0,RUN,9011.95
2024-07-09 14:00:00,0.473,26.3,9.68,69.0,743.6,35.97,26.18,0.0,RUN,7873.94
2024-07-09 15:00:00,0.589,26.5,9.11,65.0,581.7,33.41,25.46,0.0,RUN,6098.92
2024-07-09 16:00:00,0.662,25.8,9.08,67.0,391.2,31.92,26.68,0.0,RUN,3996.52
2024-07-09 17:00:00,0.514,25.0,9.27,67.0,191.2,28.81,25.48,0.0,RUN,1697.31
2024-07-09 18:00:00,0.499,24.8,8.57,70.0,38.7,25.79,26.01,0.0,RUN,77.46
2024-07-09 19:00:00,0.456,24.6,8.25,77.0,0.0,24.63,24.98,0.0,STANDBY,-6.23
2024-07-09 20:00:00,0.381,24.6,8.13,81.0,0.0,25.97,24.97,0.0,STANDBY,0.0
2024-07-09 21:00:00,0.465,23.6,8.18,84.0,0.0,24.28,23.25,0.0,standby,0.0
2024-07-09 22:00:00,0.446,22.3,6.39,86.0,0.0,22.94,22.44,0.0,STANDBY,0.0
2024-07-09 23:00:00,0.569,21.2,6.81,89.0,0.0,22.54,21.77,0.0,STANDBY,0.0
2024-07-10 00:00:00,0.815,21.3,5.74,95.0,0.0,21.96,21.71,0.0,STANDBY,0.0
2024-07-10 01:00:00,0.635,20.9,5.41,93.0,-999.0,22.0,21.36,0.0,STANDBY,0.0
2024-07-10 02:00:00,0.683,20.8,4.3,90.0,0.0,22.11,20.49,0.0,standby,-1.51
2024-07-10 03:00:00,0.655,20.7,4.43,93.0,0.0,21.34,20.48,0.0,STANDBY,0.0
2024-07-10 04:00:00,0.541,20.5,4.56,91.0,0.0,20.89,20.52,0.0,STANDBY,-1.68
2024-07-10 05:00:00,0.426,21.0,4.92,89.0,0.0,-999.0,20.38,0.0, STANDBY ,0.0
2024-07-10 06:00:00,0.605,21.3,4.43,88.0,44.0,22.3,21.93,0.0,run,118.24
2024-07-10 07:00:00,0.58,22.2,5.4,85.0,170.6,24.69,23.21,0.0,RUN,1508.23
2024-07-10 08:00:00,0.85,23.1,5.43,85.0,246.8,25.83,23.25,0.0, RUN ,2604.3
2024-07-10 09:00:00,0.86,23.5,5.11,81.0,392.5,28.99,23.73,0.0,RUN,4257.08
2024-07-10 10:00:00,0.834,23.2,5.46,81.0,472.0,31.4,24.36,0.0,RUN,5258.31
2024-07-10 11:00:00,0.798,24.2,4.65,77.0,590.7,31.77,24.48,0.0,RUN,6231.49
2024-07-10 12:00:00,0.754,25.0,5.37,75.0,698.0,33.69,25.95,0.0,run,7344.83
2024-07-10 13:00:00,0.768,25.1,5.3,74.0,609.1,34.77,25.79,0.0,RUN,6894.76
2024-07-10 14:00:00,0.706,25.4,5.76,69.0,566.8,32.63,25.53,0.0,RUN,6036.24
2024-07-10 15:00:00,0.637,26.0,5.29,70.0,506.9,33.61,26.61,0.0,RUN,5251.97
2024-07-10 16:00:00,0.777,26.1,4.68,73.0,263.1,27.92,25.66,0.0,RUN,2624.66
2024-07-10 17:00:00,0.808,25.5,5.48,75.0,123.9,27.31,25.14,0.0,RUN,1157.65
2024-07-10 18:00:00,0.912,25.3,5.59,80.0,22.2,24.44,25.21,0.0, RUN ,32.6
2024-07-10 19:00:00,0.805,25.0,6.22,83.0,0.0,24.27,25.13,0.0,STANDBY,0.0
2024-07-10 20:00:00,0.691,24.4,6.52,85.0,0.0,25.03,25.06,0.0,STANDBY,-3.09
2024-07-10 21:00:00,0.651,23.2,6.08,87.0,0.0,24.59,23.52,0.0,STANDBY,0.0
2024-07-10 22:00:00,0.698,22.4,5.62,90.0,0.0,22.99,23.15,0.0,STANDBY,0.0
2024-07-10 23:00:00,0.591,21.9,5.11,91.0,0.0,22.47,22.72,0.0,STANDBY,-10.07
2024-07-11 00:00:00,0.298,19.7,5.23,86.0,0.0,20.82,21.75,0.0,STANDBY,-5.29
2024-07-11 01:00:00,0.351,18.9,4.26,88.0,0.0,20.83,20.25,0.0,STANDBY,0.0
2024-07-11 02:00:00,0.474,18.9,4.42,90.0,0.0,20.8,20.1,0.0,STANDBY,0.0
11-07-2024 03:00,0.361,18.7,5.13,86.0,0.0,19.1,20.91,0.0,STANDBY,-11.05
2024-07-11 04:00:00,0.391,19.3,5.12,88.0,0.0,21.98,20.54,0.0,STANDBY,0.0
2024-07-11 05:00:00,0.457,19.8,5.62,89.0,0.0,19.84,21.53,0.0,STANDBY,-6.83
2024-07-11 06:00:00,0.415,20.2,4.95,84.0,50.2,22.38,21.66,0.0,RUN,158.43
2024-07-11 07:00:00,0.45,21.1,4.86,83.0,202.8,25.1,22.21,0.0,RUN,1857.81
2024-07-11 08:00:00,0.399,22.8,4.3,75.0,427.8,30.46,22.93,0.0,RUN,4281.66
2024-07-11 09:00:00,0.642,22.5,4.43,77.0,527.9,30.6,23.44,0.0,RUN,5591.57
2024-07-11 10:00:00,0.523,22.7,5.83,71.0,715.6,33.28,24.0,0.0,RUN,7759.49
2024-07-11 11:00:00,0.601,24.0,5.75,68.0,781.2,36.49,24.46,0.0,RUN,8326.36
2024-07-11 12:00:00,0.62,24.8,6.09,67.0,858.0,36.78,24.81,0.0,RUN,8940.93
2024-07-11 13:00:00,0.631,25.1,7.09,65.0,840.1,37.04,25.45,0.0,RUN,8713.96
2024-07-11 14:00:00,0.634,25.4,7.67,67.0,715.3,33.14,25.64,0.0,RUN,7395.83
2024-07-11 15:00:00,0.79,25.0,7.84,67.0,495.8,31.39,25.78,0.0,RUN,5299.51
2024-07-11 16:00:00,0.812,24.8,7.41,70.0,341.7,31.72,25.92,0.0,RUN,3507.84
2024-07-11 17:00:00,0.781,24.9,8.76,70.0,185.2,27.12,24.67,0.0,RUN,1581.68
2024-07-11 18:00:00,0.653,24.6,8.64,72.0,41.1,24.2,24.84,0.0,RUN,43.09
2024-07-11 19:00:00,0.558,24.1,8.05,76.0,0.0,25.67,25.02,0.0,standby,-8.87
2024-07-11 20:00:00,0.523,23.7,9.19,75.0,0.0,23.98,23.88,0.0,STANDBY,-3.96
11-07-2024 21:00,0.643,22.5,7.32,77.0,0.0,23.49,23.84,0.0,STANDBY,0.0
2024-07-11 22:00:00,0.781,21.5,6.66,83.0,0.0,21.23,22.08,0.0,STANDBY,0.0
2024-07-11 23:00:00,0.65,19.9,6.96,87.0,0.0,22.35,21.75,0.0,STANDBY,0.0
2024-07-12 00:00:00,0.399,22.1,7.55,95.0,0.0,22.07,22.13,0.0,STANDBY,-1.59
2024-07-12 01:00:00,0.246,21.7,7.83,95.0,0.0,23.21,22.65,0.0,STANDBY,0.0
2024-07-12 02:00:00,0.386,20.9,7.3,97.0,0.0,21.37,21.98,0.0,STANDBY,-4.58
2024-07-12 03:00:00,0.503,21.0,6.46,95.0,0.0,21.35,21.99,0.0,STANDBY,-2.78
2024-07-12 04:00:00,0.513,21.5,6.87,95.0,0.0,21.65,21.52,0.0,STANDBY,-4.76
2024-07-12 06:00:00,0.397,23.1,6.8,85.0,46.9,23.81,22.86,0.0,RUN,114.09
2024-07-12 07:00:00,0.273,23.3,7.47,85.0,225.4,27.61,24.11,0.0,RUN,2020.39
2024-07-12 08:00:00,0.312,24.3,5.79,86.0,410.0,31.64,24.49,0.0,RUN,4285.79
2024-07-12 09:00:00,0.238,25.2,4.69,83.0,615.1,33.84,24.76,0.0,RUN,6375.93
2024-07-12 10:00:00,0.374,26.3,5.57,82.0,746.9,36.01,26.15,0.0,RUN,7797.39
2024-07-12 11:00:00,0.315,26.4,5.72,78.0,825.7,38.55,26.32,0.0,RUN,8879.37
2024-07-12 12:00:00,0.445,27.2,5.77,80.0,873.8,38.91,27.17,0.0,RUN,9125.18
2024-07-12 13:00:00,0.56,27.5,5.57,78.0,801.9,38.35,26.42,0.0,RUN,8342.93
2024-07-12 14:00:00,0.525,27.9,5.29,80.0,718.7,36.91,27.73,0.0,RUN,7458.73
2024-07-12 15:00:00,0.452,28.1,5.59,77.0,575.1,34.93,27.42,0.0,RUN,6032.77
2024-07-12 16:00:00,0.513,28.3,5.97,76.0,376.4,30.8,27.42,0.0,RUN,3785.11
2024-07-12 17:00:00,0.354,27.8,5.97,77.0,176.8,31.62,27.62,0.0,RUN,1665.98
2024-07-12 18:00:00,0.329,26.8,7.02,78.0,39.5,27.03,26.59,0.0,RUN,45.16
2024-07-12 19:00:00,0.343,25.8,6.58,80.0,0.0,27.88,26.71,0.0,STANDBY,0.0
2024-07-12 20:00:00,0.414,25.2,5.21,86.0,0.0,24.9,25.55,0.0,STANDBY,-2.47
2024-07-12 21:00:00,0.633,24.1,4.37,92.0,0.0,24.98,25.02,0.0,STANDBY,-4.13
2024-07-12 22:00:00,0.619,23.9,4.64,94.0,0.0,24.99,24.23,0.0,STANDBY,-9.07
2024-07-12 23:00:00,0.683,23.6,4.92,100.0,0.0,24.26,23.42,0.0,STANDBY,0.0
2024-07-13 00:00:00,0.37,20.7,5.51,84.0,0.0,21.32,21.3,0.0,STANDBY,0.0
2024-07-13 01:00:00,0.367,20.4,5.39,86.0,0.0,20.36,20.78,0.0,STANDBY,0.0
2024-07-13 02:00:00,0.237,20.1,4.76,89.0,0.0,20.96,20.33,0.0,,0.0
2024-07-13 03:00:00,0.256,19.7,5.41,88.0,0.0,20.99,20.47,0.0,standby,0.0
2024-07-13 04:00:00,0.266,19.7,6.05,91.0,0.0,20.01,20.63,0.0,STANDBY,0.0
2024-07-13 05:00:00,0.228,20.2,5.74,87.0,0.0,20.86,20.28,0.0,STANDBY,0.0
2024-07-13 06:00:00,0.28,20.3,5.0,85.0,51.2,22.12,21.12,0.0,RUN,146.74
2024-07-13 07:00:00,0.276,20.5,5.5,83.0,209.7,26.3,22.36,0.0,RUN,1971.94
2024-07-13 08:00:00,0.154,21.2,6.33,76.0,419.8,30.28,22.99,0.0,RUN,4415.85
2024-07-13 09:00:00,0.232,22.7,6.44,75.0,621.4,34.82,23.6,0.0,RUN,6483.7
2024-07-13 10:00:00,0.229,23.2,6.69,70.0,756.9,35.99,23.74,0.0,RUN,8220.37
2024-07-13 11:00:00,0.182,24.1,6.38,67.0,850.2,37.57,25.05,0.0,run,9324.76
2024-07-13 12:00:00,0.336,24.5,6.33,67.0,892.4,38.45,24.9,0.0,RUN,9304.5
2024-07-13 13:00:00,0.316,25.0,7.95,66.0,840.7,37.56,25.62,0.0,RUN,8981.34
2024-07-13 14:00:00,0.204,25.3,8.93,65.0,773.7,36.28,26.06,0.0,run,8106.72
2024-07-13 15:00:00,0.262,25.0,8.45,65.0,614.3,34.19,26.57,0.0,RUN,6334.41
2024-07-13 16:00:00,0.172,25.8,7.38,61.0,402.3,31.23,25.91,0.0,RUN,4135.49
2024-07-13 17:00:00,0.182,24.8,7.17,63.0,207.0,29.64,26.05,0.0,RUN,1734.25
2024-07-13 18:00:00,0.157,23.7,5.87,63.0,35.0,26.42,25.58,0.0,RUN,38.28
2024-07-13 19:00:00,0.348,22.7,6.91,70.0,0.0,23.76,24.7,0.0,STANDBY,0.0
2024-07-13 20:00:00,0.179,22.6,7.07,74.0,0.0,24.52,24.41,0.0,STANDBY,0.0
13-07-2024 21:00,0.147,21.7,7.04,73.0,0.0,22.62,23.09,0.0,STANDBY,-1.91
2024-07-13 22:00:00,0.147,20.2,6.01,79.0,0.0,22.78,22.83,0.0,STANDBY,-3.59
2024-07-13 23:00:00,0.171,19.4,5.94,79.0,0.0,21.72,21.84,0.0,STANDBY,0.0
2024-07-14 00:00:00,0.384,19.4,5.27,90.0,0.0,21.71,20.02,0.0,STANDBY,0.0
2024-07-14 01:00:00,0.459,19.3,5.18,91.0,0.0,19.1,19.48,0.0,STANDBY,-9.21
2024-07-14 02:00:00,0.329,19.1,4.71,90.0,0.0,18.21,18.82,0.0,STANDBY,-6.89
2024-07-14 03:00:00,0.198,18.8,4.42,90.0,0.0,19.85,19.01,0.0,STANDBY,-8.62
2024-07-14 04:00:00,0.226,19.1,4.26,90.0,0.0,18.16,19.45,0.0,STANDBY,-2.62
2024-07-14 05:00:00,0.251,19.0,4.53,87.0,0.0,20.12,20.1,0.0,STANDBY,0.0
2024-07-14 06:00:00,0.23,19.2,4.57,84.0,51.1,21.41,20.15,0.0,RUN,0.0975
2024-07-14 07:00:00,0.38,20.4,4.42,82.0,220.2,22.53,20.67,0.0,RUN,1.956
2024-07-14 08:00:00,0.606,22.1,4.14,82.0,352.2,27.97,22.3,0.0,RUN,3.8447
2024-07-14 09:00:00,0.67,23.0,4.08,82.0,554.7,31.63,22.82,0.0,RUN,5.7164
2024-07-14 10:00:00,0.435,23.4,4.19,77.0,695.4,32.63,23.43,0.0,RUN,7.6392
2024-07-14 11:00:00,0.538,23.6,4.53,73.0,767.2,34.96,23.66,0.0,RUN,8.0832
2024-07-14 12:00:00,0.528,23.7,5.07,70.0,756.6,34.78,23.83,0.0,RUN,8.4568
2024-07-14 13:00:00,0.492,24.4,6.19,71.0,763.9,35.64,23.97,0.0,RUN,8.2137
2024-07-14 14:00:00,0.378,24.6,6.47,70.0,683.6,34.05,24.49,0.0,RUN,7.3471
2024-07-14 15:00:00,0.245,24.9,5.86,68.0,585.2,33.79,24.97,0.0,RUN,6.2554
2024-07-14 16:00:00,0.383,24.7,6.64,68.0,383.6,29.14,24.61,0.0,RUN,4.0678
2024-07-14 17:00:00,0.493,23.8,6.33,69.0,184.4,27.2,24.68,0.0,RUN,1.6363
2024-07-14 18:00:00,0.68,23.0,7.06,74.0,28.6,24.9,23.98,0.0,RUN,0.0582
2024-07-14 19:00:00,0.458,23.3,7.64,75.0,0.0,24.06,23.15,0.0,STANDBY,0.0
2024-07-14 20:00:00,0.4,23.2,5.88,81.0,0.0,22.8,23.0,0.0,STANDBY,-11.25
2024-07-14 21:00:00,0.505,23.3,5.15,85.0,0.0,22.42,22.74,0.0,STANDBY,0.0
2024-07-14 22:00:00,0.418,22.1,6.5,86.0,0.0,22.13,21.92,0.0,STANDBY,-3.23
14-07-2024 23:00,0.379,20.9,7.11,93.0,0.0,21.16,19.9,0.0,STANDBY,0.0
2024-07-15 00:00:00,0.787,21.0,6.05,93.0,0.0,21.67,21.72,0.0,STANDBY,0.0
2024-07-15 01:00:00,0.767,20.1,6.35,93.0,0.0,20.51,21.38,0.0,STANDBY,-10.95
2024-07-15 02:00:00,0.81,20.2,7.06,95.0,0.0,20.25,20.83,0.0,STANDBY,-9.14
2024-07-15 03:00:00,0.86,19.5,6.16,98.0,0.0,20.52,20.3,0.0,STANDBY,0.0
2024-07-15 04:00:00,0.903,20.2,5.9,96.0,0.0,21.14,20.17,0.0,STANDBY,0.0
2024-07-15 05:00:00,0.897,20.5,6.34,93.0,0.0,20.86,21.1,0.0,standby,-2.67
2024-07-15 06:00:00,0.942,21.5,5.99,89.0,25.6,20.43,21.66,0.0,RUN,0.0876
2024-07-15 07:00:00,0.905,22.6,5.32,87.0,173.1,24.01,21.79,0.0, RUN ,1.6784
2024-07-15 08:00:00,0.904,23.6,5.03,83.0,321.4,28.93,23.3,0.0,RUN,3.3167
2024-07-15 09:00:00,0.933,24.5,5.13,84.0,398.1,29.18,23.81,0.0,RUN,4.3154
2024-07-15 10:00:00,0.905,24.7,5.17,80.0,522.6,32.08,24.63,0.0,RUN,5.629
2024-07-15 11:00:00,0.903,24.8,5.84,78.0,601.8,32.73,24.91,0.0,run,6.5188
2024-07-15 12:00:00,0.892,26.0,4.9,78.0,656.5,33.19,24.75,0.0,run,7.0658
15-07-2024 13:00,0.891,25.5,6.33,74.0,602.1,33.71,25.75,0.0,RUN,6.5388
2024-07-15 14:00:00,0.73,26.1,6.14,72.0,656.5,34.69,25.29,0.0,RUN,7.1556
2024-07-15 15:00:00,0.806,24.9,7.02,75.0,487.0,31.91,25.55,0.0,RUN,5.1916
2024-07-15 16:00:00,0.844,24.5,6.29,74.0,304.7,29.99,25.63,0.2,RUN,3.1224
2024-07-15 17:00:00,0.824,23.8,5.85,75.0,144.4,28.2,25.2,0.6,RUN,1.2606
2024-07-15 18:00:00,0.865,23.0,5.7,78.0,30.3,24.29,25.49,0.3,RUN,0.0228
2024-07-15 19:00:00,0.885,22.5,6.39,81.0,0.0,25.8,24.71,0.7,STANDBY,-4.26
2024-07-15 20:00:00,0.864,22.9,5.91,81.0,0.0,24.64,24.34,0.3,STANDBY,-3.44
2024-07-15 21:00:00,0.87,22.6,5.0,84.0,0.0,24.12,23.08,0.3,STANDBY,-11.01
2024-07-15 22:00:00,0.759,21.4,4.91,86.0,0.0,23.05,23.49,0.0,STANDBY,-4.81
2024-07-15 23:00:00,0.63,20.6,4.48,86.0,0.0,23.32,21.66,0.0,STANDBY,-8.83
2024-07-16 00:00:00,0.65,20.1,3.92,93.0,0.0,21.15,21.36,0.0, STANDBY ,0.0
2024-07-16 01:00:00,0.77,20.2,4.08,95.0,0.0,20.25,20.6,0.0,STANDBY,0.0
2024-07-16 02:00:00,0.795,20.2,4.26,98.0,0.0,18.73,20.24,0.0,STANDBY,-7.43
2024-07-16 03:00:00,0.831,19.6,4.7,99.0,0.0,21.55,20.57,0.0,STANDBY,-5.43
2024-07-16 04:00:00,0.905,19.4,4.83,99.0,0.0,21.75,20.37,0.0,STANDBY,-7.59
16-07-2024 05:00,0.892,20.0,4.85,100.0,0.0,21.09,21.21,0.0,STANDBY,0.0
2024-07-16 06:00:00,0.842,20.8,4.49,100.0,44.9,21.5,20.75,0.0,RUN,0.11
2024-07-16 07:00:00,0.849,22.0,4.75,99.0,183.3,24.69,21.71,0.0,RUN,1.6889
2024-07-16 08:00:00,0.889,22.8,4.87,96.0,274.2,26.97,22.66,0.0,RUN,2.7986
2024-07-16 09:00:00,0.864,23.4,4.59,93.0,422.5,30.29,24.07,0.0,,4.5626
2024-07-16 10:00:00,0.78,23.7,5.22,91.0,623.6,33.51,23.68,0.0,run,6.8391
2024-07-16 11:00:00,0.799,23.9,4.41,85.0,703.6,34.42,25.07,0.0,RUN,7.6359
2024-07-16 12:00:00,0.778,23.9,3.83,81.0,778.6,34.8,24.49,0.0,,8.2656
2024-07-16 13:00:00,0.854,24.6,4.42,81.0,717.8,35.74,25.02,0.0,RUN,7.7533
2024-07-16 14:00:00,0.886,24.6,4.61,80.0,622.4,33.46,25.61,0.0,RUN,6.6176
2024-07-16 15:00:00,0.885,24.8,4.96,79.0,469.7,31.19,25.34,0.0,RUN,5.1063
2024-07-16 16:00:00,0.817,25.6,4.51,79.0,333.7,30.96,25.4,0.0,RUN,3.5735
2024-07-16 17:00:00,0.772,25.6,4.06,79.0,177.8,25.77,24.79,0.0,RUN,1.6045
2024-07-16 18:00:00,0.825,25.2,4.36,79.0,35.0,24.1,25.07,1.4,RUN,0.0683
2024-07-16 19:00:00,0.9,24.9,3.77,82.0,0.0,24.33,24.92,6.0,STANDBY,0.0
2024-07-16 20:00:00,0.812,24.2,3.27,80.0,0.0,24.74,23.97,4.2,STANDBY,0.0
2024-07-16 21:00:00,0.844,23.9,3.33,84.0,0.0,23.08,23.41,1.0,STANDBY,-6.66
2024-07-16 22:00:00,0.844,22.7,3.57,88.0,0.0,21.75,22.98,4.7,STANDBY,0.0
2024-07-16 23:00:00,0.856,21.6,4.09,92.0,0.0,20.11,22.01,0.0,STANDBY,0.0
2024-07-17 00:00:00,0.556,20.1,5.27,100.0,0.0,21.9,20.55,0.0,STANDBY,-5.54
2024-07-17 01:00:00,0.327,19.2,6.47,100.0,0.0,20.07,21.13,0.0,STANDBY,0.0
2024-07-17 02:00:00,0.402,18.7,7.08,99.0,0.0,20.68,20.17,0.0,STANDBY,0.0
2024-07-17 03:00:00,0.357,17.8,6.24,100.0,0.0,20.43,20.36,0.0,STANDBY,-2.43
2024-07-17 04:00:00,0.239,18.3,5.76,100.0,0.0,18.44,20.44,0.0,STANDBY,-6.72
2024-07-17 05:00:00,0.376,19.1,6.33,100.0,0.0,19.95,20.65,0.0,STANDBY,0.0
2024-07-17 06:00:00,0.347,19.5,4.97,100.0,47.2,21.11,21.03,0.0,RUN,0.133
2024-07-17 07:00:00,0.619,21.0,4.97,100.0,201.6,24.53,22.0,0.0,RUN,1.9486
2024-07-17 08:00:00,0.464,21.6,5.39,96.0,399.3,30.41,22.68,0.0,RUN,4.2053
2024-07-17 09:00:00,0.349,21.8,6.39,94.0,605.1,32.35,23.6,0.0,RUN,6.359
2024-07-17 10:00:00,0.211,23.0,5.83,88.0,780.2,36.23,24.3,0.0, RUN ,8.2597
2024-07-17 11:00:00,0.28,23.6,5.07,88.0,792.2,36.42,24.74,0.0,RUN,8.5232
2024-07-17 12:00:00,0.366,24.4,5.56,85.0,760.9,34.49,25.27,0.0,RUN,8.2011
2024-07-17 13:00:00,0.442,24.9,6.13,82.0,703.5,33.43,25.02,0.0,RUN,7.748
2024-07-17 14:00:00,0.534,24.3,7.94,85.0,572.4,32.81,25.31,0.0,RUN,6.3331
2024-07-17 15:00:00,0.479,24.0,8.11,80.0,537.2,33.15,25.31,0.0,RUN,5.7283
2024-07-17 16:00:00,0.387,24.3,8.09,80.0,384.6,29.57,25.76,0.0,RUN,3.915
2024-07-17 17:00:00,0.325,24.3,6.81,77.0,190.0,28.51,25.54,0.3,RUN,1.6664
2024-07-17 18:00:00,0.482,23.8,7.47,79.0,36.9,25.81,25.04,1.1,run,0.0478
2024-07-17 19:00:00,0.514,23.8,6.52,83.0,0.0,23.91,24.4,1.2,standby,0.0
2024-07-17 20:00:00,0.571,22.9,6.25,90.0,0.0,25.77,24.2,2.6,standby,0.0
2024-07-17 21:00:00,0.517,22.3,5.71,88.0,0.0,23.06,23.66,0.2,STANDBY,0.0
2024-07-17 22:00:00,0.389,21.4,5.79,85.0,0.0,22.32,22.83,2.9,STANDBY,-9.61
2024-07-17 23:00:00,0.441,21.1,5.77,88.0,0.0,20.5,22.04,0.0,standby,-10.36
2024-07-18 00:00:00,0.699,20.8,7.4,95.0,0.0,21.1,20.09,0.0,STANDBY,-4.76
2024-07-18 01:00:00,0.592,20.4,8.41,96.0,0.0,20.57,18.82,0.0,STANDBY,0.0
2024-07-18 02:00:00,0.732,20.2,9.4,100.0,0.0,20.47,19.89,0.0,STANDBY,-6.82
2024-07-18 03:00:00,0.803,20.0,8.88,100.0,0.0,17.88,19.08,0.0,STANDBY,0.0
2024-07-18 04:00:00,0.836,19.9,8.69,100.0,0.0,18.26,20.0,0.0,STANDBY,-3.65
2024-07-18 05:00:00,0.824,20.6,8.29,100.0,0.0,19.8,19.13,0.0,STANDBY,0.0
2024-07-18 06:00:00,0.89,21.4,7.67,98.0,31.0,21.64,20.64,0.0,,0.1184
2024-07-18 07:00:00,0.892,22.4,8.29,95.0,137.5,23.73,21.22,0.0,RUN,1.3405
2024-07-18 08:00:00,0.883,22.3,8.05,95.0,291.4,27.09,21.94,0.0,RUN,3.1334
18-07-2024 09:00,0.796,23.6,6.7,93.0,444.4,28.14,22.32,0.0,RUN,5.026
2024-07-18 10:00:00,0.859,23.9,6.88,89.0,574.1,32.14,22.81,0.0,run,6.4741
2024-07-18 11:00:00,0.845,24.1,6.57,85.0,649.5,32.21,23.55,0.0,RUN,6.8742
2024-07-18 12:00:00,0.75,24.0,8.1,80.0,754.3,33.69,24.6,0.0,RUN,8.0582
2024-07-18 13:00:00,0.813,24.0,6.98,82.0,647.2,32.71,24.34,0.0,RUN,7.0791
2024-07-18 14:00:00,0.825,23.7,6.47,82.0,543.9,29.21,23.53,4.8,RUN,5.8525
2024-07-18 15:00:00,0.622,23.5,8.44,83.0,530.0,30.35,24.72,3.1,RUN,5.7705
2024-07-18 16:00:00,0.597,24.1,8.45,84.0,368.1,28.66,23.74,3.4,run,3.8615
2024-07-18 17:00:00,0.706,23.9,6.72,84.0,168.2,27.51,23.79,4.8,run,1.4724
2024-07-18 18:00:00,0.766,23.7,6.81,87.0,32.4,25.44,24.78,3.8,RUN,0.047
2024-07-18 19:00:00,0.798,23.1,7.17,88.0,0.0,23.5,23.64,4.4,STANDBY,0.0
2024-07-18 20:00:00,0.832,22.6,6.85,91.0,0.0,22.42,23.51,0.0,STANDBY,-5.09
18-07-2024 21:00,0.781,22.6,7.85,93.0,0.0,22.41,22.64,0.0,STANDBY,0.0
2024-07-18 22:00:00,0.764,22.1,8.7,96.0,0.0,22.25,22.15,0.0,STANDBY,-6.98
2024-07-18 23:00:00,0.601,21.3,9.73,96.0,0.0,22.23,20.63,0.0,STANDBY,-9.35
2024-07-19 00:00:00,0.54,21.2,7.09,92.0,0.0,21.03,21.03,0.0,STANDBY,0.0
2024-07-19 01:00:00,0.741,21.3,6.65,94.0,0.0,18.51,20.94,0.0,STANDBY,0.0
2024-07-19 02:00:00,0.675,21.1,6.41,95.0,0.0,19.44,19.9,0.0,STANDBY,0.0
2024-07-19 03:00:00,0.643,21.2,5.42,95.0,0.0,19.77,20.25,0.0,STANDBY,-9.72
2024-07-19 04:00:00,0.705,21.2,6.06,94.0,0.0,19.72,20.34,0.0,STANDBY,-10.42
2024-07-19 05:00:00,0.746,21.6,5.96,91.0,0.0,22.15,20.79,0.0,STANDBY,-4.05
2024-07-19 06:00:00,0.669,21.5,5.4,89.0,43.2,22.32,21.71,0.0,RUN,0.0956
2024-07-19 07:00:00,0.594,22.5,5.43,84.0,194.5,25.6,21.15,0.0,run,1.7906
2024-07-19 08:00:00,0.701,23.6,5.22,84.0,339.0,27.73,23.34,0.0,RUN,3.6292
2024-07-19 09:00:00,0.669,24.0,6.48,85.0,508.0,32.53,23.85,0.0,RUN,5.4223
2024-07-19 10:00:00,0.706,24.9,6.62,81.0,652.3,34.91,24.45,0.0,RUN,7.1496
2024-07-19 11:00:00,0.737,25.1,8.43,79.0,663.9,34.38,24.74,0.0,RUN,7.2673
2024-07-19 12:00:00,0.746,25.6,8.35,76.0,699.7,34.66,24.55,0.0,run,7.8089
2024-07-19 13:00:00,0.738,24.8,8.34,79.0,735.1,35.84,24.69,0.0,RUN,7.8151
2024-07-19 14:00:00,0.665,25.6,6.37,74.0,669.2,34.26,25.32,0.0,RUN,7.2516
2024-07-19 15:00:00,0.632,25.2,6.7,75.0,536.3,33.05,24.93,0.0,RUN,5.9351
2024-07-19 16:00:00,0.678,25.6,6.94,78.0,372.2,30.51,25.2,0.0,RUN,3.8906
2024-07-19 17:00:00,0.801,25.4,7.47,80.0,146.1,26.36,25.13,0.0,RUN,1.296
2024-07-19 18:00:00,0.786,24.8,6.08,84.0,25.9,25.17,25.18,0.0,RUN,0.0593
2024-07-19 19:00:00,0.705,24.7,5.94,80.0,0.0,23.78,23.86,0.0,standby,-4.06
2024-07-19 20:00:00,0.501,24.3,5.37,83.0,0.0,26.02,24.38,0.0,STANDBY,-7.43
2024-07-19 21:00:00,0.509,24.3,4.64,82.0,0.0,23.17,22.92,0.0,STANDBY,0.0
2024-07-19 22:00:00,0.614,23.5,4.83,87.0,0.0,21.62,22.91,0.0,STANDBY,-2.03
2024-07-19 23:00:00,0.596,22.8,5.69,91.0,0.0,21.5,21.72,0.0,STANDBY,-7.06
2024-07-20 00:00:00,0.614,22.3,4.46,92.0,0.0,21.92,21.34,0.0,standby,0.0
2024-07-20 01:00:00,0.615,22.2,4.63,94.0,0.0,20.97,20.6,0.0,STANDBY,0.0
2024-07-20 02:00:00,0.517,21.8,4.16,94.0,0.0,21.18,20.72,0.0,STANDBY,0.0
2024-07-20 03:00:00,0.586,22.0,4.2,93.0,0.0,21.46,21.1,0.0,standby,0.0
2024-07-20 04:00:00,0.672,22.2,4.08,92.0,0.0,20.28,21.33,0.0,STANDBY,-3.61
2024-07-20 05:00:00,0.777,22.5,3.86,90.0,0.0,20.04,20.6,0.0,STANDBY,0.0
2024-07-20 06:00:00,0.719,23.3,4.43,90.0,34.4,22.63,21.49,0.0,RUN,0.15
2024-07-20 07:00:00,0.714,23.4,4.72,85.0,182.6,25.47,22.99,0.0, RUN ,1.6015
2024-07-20 08:00:00,0.652,23.8,5.2,83.0,321.9,27.94,23.2,0.0,RUN,3.3013
2024-07-20 09:00:00,0.735,24.7,5.18,80.0,419.8,32.29,23.3,0.0,RUN,4.7112
2024-07-20 10:00:00,0.678,25.8,5.3,78.0,606.2,33.77,-999.0,12.1, RUN ,6.4953
2024-07-20 11:00:00,0.625,26.5,6.27,74.0,670.9,34.67,24.6,10.9,RUN,7.3508
2024-07-20 12:00:00,0.752,27.0,6.4,73.0,569.2,33.82,25.16,4.4,RUN,6.1438
2024-07-20 13:00:00,0.854,26.8,6.44,70.0,480.7,32.65,24.62,23.3,RUN,5.261
2024-07-20 14:00:00,0.773,27.3,7.96,71.0,493.5,32.32,25.61,15.5,RUN,5.269
2024-07-20 15:00:00,0.634,27.7,7.91,69.0,466.1,31.27,26.26,0.0,RUN,4.9951
2024-07-20 16:00:00,0.628,27.1,9.62,66.0,313.1,30.21,24.95,0.0,RUN,3.3728
2024-07-20 17:00:00,0.739,26.4,8.18,66.0,148.4,28.4,25.88,0.0, RUN ,1.308
2024-07-20 18:00:00,0.788,26.0,7.68,70.0,24.9,25.99,24.68,0.0,RUN,0.0759
2024-07-20 19:00:00,0.816,25.7,6.23,74.0,0.0,25.15,23.63,0.0,STANDBY,-8.51
2024-07-20 20:00:00,0.919,24.9,6.25,80.0,0.0,26.06,23.89,0.0,STANDBY,-5.97
2024-07-20 21:00:00,0.921,24.3,5.51,85.0,0.0,24.37,23.51,0.0,STANDBY,-7.4
2024-07-20 22:00:00,0.821,23.1,5.44,86.0,0.0,22.99,22.43,0.0,standby,0.0
2024-07-20 23:00:00,0.88,22.3,5.77,90.0,0.0,22.28,21.9,0.0,STANDBY,0.0
2024-07-21 00:00:00,0.842,20.9,6.38,95.0,0.0,20.61,21.04,0.0,STANDBY,-9.08
2024-07-21 01:00:00,0.798,21.0,5.65,94.0,0.0,19.93,20.6,0.0,STANDBY,0.0
2024-07-21 02:00:00,0.859,20.9,5.64,95.0,0.0,20.29,19.83,0.0,STANDBY,0.0
2024-07-21 03:00:00,0.861,21.1,5.91,95.0,0.0,19.57,20.14,0.0,STANDBY,-3.16
2024-07-21 04:00:00,0.797,21.9,6.26,95.0,0.0,20.72,21.18,0.0,standby,0.0
2024-07-21 05:00:00,0.686,22.1,6.01,96.0,0.0,19.69,20.74,0.0,STANDBY,-9.15
2024-07-21 06:00:00,0.618,23.4,6.19,91.0,31.6,22.49,20.97,0.0,RUN,0.0981
2024-07-21 07:00:00,0.67,23.5,6.78,91.0,176.7,26.64,22.63,0.0,RUN,1.6114
2024-07-21 08:00:00,0.547,24.5,6.28,84.0,357.8,28.41,22.48,0.0,RUN,3.7643
2024-07-21 09:00:00,0.761,24.2,6.27,84.0,425.2,29.91,23.4,0.0,RUN,4.6354
2024-07-21 10:00:00,0.832,24.4,5.72,82.0,447.6,30.22,24.18,0.0,RUN,4.7409
2024-07-21 11:00:00,0.867,24.7,5.85,76.0,486.4,31.59,24.83,0.0,RUN,5.3688
2024-07-21 12:00:00,0.926,24.7,6.21,75.0,428.0,29.92,24.54,0.0,RUN,4.5896
2024-07-21 13:00:00,0.801,25.0,6.55,74.0,541.1,32.39,25.34,0.0,RUN,5.9681
2024-07-21 14:00:00,0.828,25.2,5.47,73.0,469.8,31.42,24.48,0.0,RUN,5.1217
2024-07-21 15:00:00,0.872,24.8,5.24,73.0,300.3,28.94,25.48,0.6,RUN,3.24
2024-07-21 16:00:00,0.836,25.4,5.21,74.0,217.0,26.63,25.09,0.2,RUN,2.3008
2024-07-21 17:00:00,0.671,25.8,5.21,76.0,146.0,26.6,24.88,0.6,RUN,1.2874
2024-07-21 18:00:00,0.525,26.1,5.3,78.0,29.5,25.87,25.06,0.6,RUN,0.0266
2024-07-21 19:00:00,0.447,25.4,5.21,78.0,0.0,24.69,24.2,0.3,standby,-7.84
2024-07-21 20:00:00,0.494,24.8,5.61,81.0,0.0,23.94,24.19,0.0,STANDBY,0.0
2024-07-21 21:00:00,0.635,24.5,6.59,81.0,0.0,23.06,22.88,0.0,STANDBY,0.0
2024-07-21 22:00:00,0.767,23.5,6.37,87.0,0.0,23.16,23.19,0.0,STANDBY,-6.33
2024-07-21 23:00:00,0.819,23.1,6.86,92.0,0.0,21.14,22.4,0.0,STANDBY,-2.83
2024-07-22 00:00:00,0.837,19.6,7.21,94.0,0.0,19.29,19.49,0.0,STANDBY,0.0
2024-07-22 01:00:00,0.779,19.1,7.1,96.0,0.0,19.06,19.13,0.0,STANDBY,0.0
2024-07-22 02:00:00,0.698,19.0,6.37,100.0,0.0,17.96,18.29,0.0,STANDBY,0.0
2024-07-22 03:00:00,0.636,18.8,5.22,100.0,0.0,17.6,18.63,0.0,STANDBY,-8.78
2024-07-22 04:00:00,0.51,19.3,5.66,96.0,0.0,18.0,18.47,0.0, STANDBY ,-7.88
2024-07-22 05:00:00,0.704,19.5,4.4,98.0,0.0,16.91,18.77,0.0,STANDBY,0.0
2024-07-22 06:00:00,0.818,20.2,5.01,100.0,32.6,19.85,18.54,0.0,RUN,0.1099
2024-07-22 07:00:00,0.832,21.2,5.83,100.0,154.1,22.67,19.46,0.0,RUN,1.4093
2024-07-22 08:00:00,0.834,21.9,6.13,97.0,275.1,24.79,21.01,0.0,RUN,2.8691
2024-07-22 09:00:00,0.866,22.8,7.04,92.0,343.0,26.31,22.17,0.0,RUN,3.7592
2024-07-22 10:00:00,0.841,22.6,6.49,86.0,468.9,29.34,21.64,0.0,RUN,5.0185
2024-07-22 11:00:00,0.861,23.5,7.18,79.0,467.1,27.9,21.79,6.1,run,5.1166
2024-07-22 12:00:00,0.75,24.2,8.4,78.0,707.4,32.52,22.82,1.2,RUN,7.7424
2024-07-22 13:00:00,0.832,25.1,7.75,74.0,532.2,29.7,23.64,6.0,RUN,6.1185
2024-07-22 14:00:00,0.785,24.9,7.73,69.0,572.2,28.71,22.38,5.4,RUN,5.9445
2024-07-22 15:00:00,0.727,25.5,8.42,71.0,467.0,30.95,23.05,5.6,run,5.2424
2024-07-22 16:00:00,0.707,25.1,8.08,63.0,394.0,28.39,24.05,4.0,RUN,3.9472
2024-07-22 17:00:00,0.719,24.5,7.72,68.0,176.0,25.84,23.15,0.0,RUN,1.6334
2024-07-22 18:00:00,0.707,24.4,6.23,71.0,38.9,24.1,21.8,0.0,RUN,0.0259
2024-07-22 19:00:00,0.611,24.1,5.54,75.0,0.0,23.06,22.24,0.0,STANDBY,-3.68
2024-07-22 20:00:00,0.722,23.2,5.94,83.0,0.0,21.71,21.79,0.0,STANDBY,0.0
2024-07-22 21:00:00,0.796,21.9,5.12,89.0,0.0,20.7,22.01,0.0,STANDBY,-10.45
2024-07-22 22:00:00,0.68,21.2,5.71,90.0,0.0,-999.0,21.25,0.0,STANDBY,-2.87
2024-07-22 23:00:00,0.685,20.6,5.27,96.0,0.0,20.5,19.53,0.0,STANDBY,-3.29
2024-07-23 00:00:00,0.729,16.7,5.42,100.0,0.0,-999.0,19.15,0.0,STANDBY,0.0
2024-07-23 01:00:00,0.696,16.2,6.21,100.0,0.0,17.05,17.83,0.0,STANDBY,0.0
2024-07-23 02:00:00,0.842,15.9,5.09,100.0,0.0,18.26,17.93,0.0,STANDBY,0.0
2024-07-23 03:00:00,0.691,16.2,5.51,100.0,0.0,18.44,17.35,0.0,STANDBY,0.0
2024-07-23 04:00:00,0.802,16.5,5.41,100.0,0.0,17.04,17.67,0.0,STANDBY,0.0
2024-07-23 05:00:00,0.729,16.6,6.81,100.0,0.0,18.9,18.02,0.0,STANDBY,-9.12
2024-07-23 06:00:00,0.76,17.0,7.21,100.0,45.7,19.9,18.47,0.0,RUN,0.1546
2024-07-23 07:00:00,0.74,16.7,6.44,96.0,190.0,22.22,19.11,0.0,RUN,1.7342
2024-07-23 08:00:00,0.816,17.9,5.94,94.0,356.6,25.72,19.94,0.0,RUN,3.697
2024-07-23 09:00:00,0.759,18.7,7.0,89.0,536.1,28.29,20.54,0.0,RUN,5.826
2024-07-23 10:00:00,0.758,19.1,6.45,86.0,597.3,31.02,20.53,0.0,RUN,6.5516
2024-07-23 11:00:00,0.815,19.8,5.43,82.0,669.1,30.17,21.89,0.0,RUN,7.2999
2024-07-23 12:00:00,0.564,20.4,5.67,77.0,854.5,34.84,23.13,0.0,RUN,9.5131
2024-07-23 13:00:00,0.476,21.0,6.54,73.0,838.1,34.42,23.18,0.0,RUN,9.3896
2024-07-23 14:00:00,0.565,20.8,5.82,74.0,741.6,32.86,22.5,0.0,RUN,7.9321
2024-07-23 15:00:00,0.497,21.1,6.43,69.0,590.4,30.45,23.32,1.7, RUN ,6.4866
2024-07-23 16:00:00,0.593,20.7,6.28,74.0,369.2,28.64,22.66,0.8,RUN,4.0392
2024-07-23 17:00:00,0.588,20.5,5.66,76.0,190.0,24.48,22.16,1.7,RUN,1.6335
2024-07-23 18:00:00,0.639,19.8,5.98,79.0,37.2,23.75,22.62,2.1,RUN,0.0671
2024-07-23 19:00:00,0.839,19.0,5.66,83.0,0.0,22.06,21.72,0.0,STANDBY,0.0
2024-07-23 20:00:00,0.746,18.5,6.38,86.0,0.0,21.59,21.13,0.0,STANDBY,-9.11
2024-07-23 21:00:00,0.812,18.4,6.83,90.0,0.0,21.26,21.06,0.0,STANDBY,0.0
2024-07-23 22:00:00,0.669,18.1,6.91,90.0,0.0,18.32,19.65,0.0,STANDBY,0.0
2024-07-23 23:00:00,0.637,17.5,7.73,90.0,0.0,18.11,20.03,0.0,STANDBY,-11.18
2024-07-24 00:00:00,0.877,18.3,8.76,100.0,0.0,19.07,18.53,0.0,STANDBY,0.0
2024-07-24 01:00:00,0.836,18.2,7.89,100.0,0.0,17.44,18.32,0.0,STANDBY,0.0
2024-07-24 02:00:00,0.861,18.2,7.39,100.0,0.0,17.48,18.6,0.0,STANDBY,-9.46
2024-07-24 03:00:00,0.888,18.1,6.17,100.0,0.0,17.94,18.03,0.0,STANDBY,-8.36
2024-07-24 05:00:00,0.933,18.4,6.74,100.0,0.0,18.44,18.5,0.0,STANDBY,0.0
2024-07-24 06:00:00,0.921,19.1,5.7,100.0,28.5,20.08,19.22,0.0,RUN,0.0566
2024-07-24 07:00:00,0.909,19.2,5.49,100.0,131.5,23.09,20.05,0.0,RUN,1.1908
2024-07-24 08:00:00,0.922,20.2,5.52,97.0,254.6,25.02,20.52,0.0,RUN,2.798
2024-07-24 09:00:00,0.947,21.0,6.04,90.0,301.7,26.86,21.11,0.0,RUN,3.318
2024-07-24 10:00:00,0.877,21.1,6.14,87.0,434.1,29.26,21.93,0.0,RUN,4.7142
2024-07-24 11:00:00,0.755,21.6,5.17,82.0,634.4,31.49,22.07,0.0,RUN,6.9517
2024-07-24 12:00:00,0.843,22.3,5.61,81.0,553.3,30.3,21.75,0.0,run,6.2116
2024-07-24 13:00:00,0.876,22.4,5.58,79.0,448.1,29.8,22.5,0.0,RUN,4.9263
2024-07-24 14:00:00,0.883,22.6,7.87,78.0,348.7,27.06,21.89,0.0,RUN,3.828
2024-07-24 15:00:00,0.882,22.9,6.86,75.0,328.2,26.42,22.72,5.3,RUN,3.4961
2024-07-24 16:00:00,0.883,22.0,6.36,72.0,224.7,25.63,23.04,2.1, RUN ,2.2655
2024-07-24 17:00:00,0.92,21.7,7.6,75.0,90.2,23.42,22.76,6.6,run,0.833
2024-07-24 18:00:00,0.929,21.6,7.08,75.0,19.1,21.76,21.62,2.5,RUN,0.0491
2024-07-24 19:00:00,0.849,22.0,8.15,77.0,0.0,22.4,21.84,0.5,STANDBY,0.0
2024-07-24 20:00:00,0.948,21.4,9.13,85.0,0.0,21.52,21.81,0.0,STANDBY,0.0
2024-07-24 21:00:00,0.965,20.8,9.45,89.0,0.0,21.21,20.24,0.0,STANDBY,-8.67
2024-07-24 22:00:00,0.954,20.4,8.67,90.0,0.0,21.6,20.47,0.0,,-4.16
2024-07-24 23:00:00,0.861,19.8,7.2,90.0,0.0,19.53,18.81,0.0,STANDBY,0.0
2024-07-25 00:00:00,0.768,21.2,8.29,85.0,0.0,18.96,19.44,0.0,STANDBY,0.0
2024-07-25 01:00:00,0.928,20.5,8.95,91.0,0.0,19.43,19.23,0.0,STANDBY,-2.01
25-07-2024 02:00,0.924,20.7,8.99,99.0,0.0,18.59,19.55,0.0, STANDBY ,0.0
2024-07-25 03:00:00,0.917,21.1,8.63,100.0,0.0,18.53,18.6,0.0,STANDBY,-6.55
2024-07-25 04:00:00,0.801,20.6,8.07,97.0,0.0,18.97,19.13,0.0,STANDBY,-9.44
2024-07-25 05:00:00,0.801,20.5,7.59,98.0,0.0,20.3,19.13,0.0, STANDBY ,-3.25
2024-07-25 06:00:00,0.84,21.1,7.4,92.0,28.9,20.17,19.6,0.0,RUN,0.0661
2024-07-25 07:00:00,0.782,22.0,6.13,93.0,148.4,22.41,20.21,0.0,RUN,1.4426
2024-07-25 08:00:00,0.895,23.2,6.0,91.0,267.8,25.57,21.72,0.0,RUN,2.804
2024-07-25 09:00:00,0.906,23.6,6.24,89.0,428.5,28.09,22.59,0.0, RUN ,4.5544
25-07-2024 10:00,0.873,23.5,6.91,87.0,567.7,29.43,22.05,0.0,RUN,6.035
2024-07-25 11:00:00,0.794,24.7,6.94,81.0,766.7,32.83,23.36,0.0,,8.3161
2024-07-25 12:00:00,0.792,24.6,8.45,78.0,789.9,35.57,23.54,0.0,RUN,8.6057
25-07-2024 13:00,0.848,25.0,8.96,77.0,720.1,33.3,23.32,0.0,RUN,7.9654
2024-07-25 14:00:00,0.838,25.3,8.33,77.0,595.5,30.66,24.39,0.0, RUN ,6.6246
2024-07-25 15:00:00,0.847,24.8,8.83,72.0,454.3,28.75,24.04,0.0,RUN,4.9826
2024-07-25 16:00:00,0.903,25.0,8.7,77.0,270.9,27.21,23.27,0.0,RUN,2.9176
2024-07-25 17:00:00,0.916,24.4,8.61,80.0,126.2,25.32,23.08,8.2,RUN,1.1155
2024-07-25 18:00:00,0.933,23.8,8.11,80.0,18.9,22.5,23.66,5.0,RUN,0.0111
2024-07-25 19:00:00,0.952,23.5,10.11,81.0,0.0,23.33,22.27,29.1,STANDBY,-4.53
2024-07-25 20:00:00,0.927,22.9,7.41,83.0,0.0,22.49,22.58,0.0,STANDBY,-6.67
2024-07-25 21:00:00,0.967,23.3,7.0,87.0,0.0,23.27,21.68,0.0,STANDBY,-3.18
2024-07-25 22:00:00,0.909,22.5,6.24,91.0,0.0,19.96,21.03,0.0,STANDBY,0.0
2024-07-25 23:00:00,0.91,21.5,5.91,94.0,0.0,21.62,20.15,0.0,STANDBY,-10.42
2024-07-26 00:00:00,0.791,20.0,5.27,91.0,0.0,20.52,19.17,0.0,STANDBY,-6.98
2024-07-26 01:00:00,0.875,19.0,5.72,95.0,0.0,19.13,19.01,0.0,standby,0.0
2024-07-26 02:00:00,0.823,18.4,5.28,95.0,0.0,19.44,18.68,0.0,STANDBY,0.0
2024-07-26 03:00:00,0.805,18.6,4.54,98.0,0.0,19.78,18.47,0.0,STANDBY,-6.32
2024-07-26 04:00:00,0.811,18.9,5.44,98.0,0.0,19.74,18.99,0.0,STANDBY,-11.08
2024-07-26 05:00:00,0.84,19.5,6.78,94.0,0.0,19.1,18.71,0.0,standby,0.0
2024-07-26 06:00:00,0.871,20.3,6.33,90.0,38.2,19.89,19.96,0.0,RUN,0.1023
2024-07-26 07:00:00,0.759,20.8,7.42,80.0,188.2,22.73,19.91,0.0,RUN,1.7977
2024-07-26 08:00:00,0.718,21.2,6.93,77.0,366.9,26.64,21.34,0.0,RUN,4.024
2024-07-26 09:00:00,0.838,22.1,5.75,75.0,503.6,28.7,21.53,0.0,RUN,5.2906
2024-07-26 10:00:00,0.829,22.6,7.08,71.0,583.3,31.3,22.42,0.0,RUN,6.5328
2024-07-26 11:00:00,0.872,23.1,7.84,69.0,649.8,30.64,22.81,0.0,RUN,6.8634
2024-07-26 12:00:00,0.882,23.2,7.61,68.0,617.6,31.59,23.45,0.0,RUN,6.91
2024-07-26 13:00:00,0.859,23.5,8.0,69.0,622.7,32.22,23.58,0.0,RUN,7.0294
2024-07-26 14:00:00,0.831,24.3,7.82,68.0,619.9,30.8,24.04,0.0,run,6.6847
2024-07-26 15:00:00,0.834,24.6,6.7,67.0,471.7,28.99,24.02,0.0,RUN,4.8614
2024-07-26 16:00:00,0.863,23.1,6.28,70.0,292.5,25.76,23.38,0.0,RUN,3.0792
2024-07-26 17:00:00,0.769,23.7,6.03,72.0,173.4,26.09,23.83,0.0,RUN,1.5186
2024-07-26 18:00:00,0.719,23.7,6.05,75.0,34.8,24.65,22.86,0.0,RUN,0.0105
2024-07-26 19:00:00,0.703,23.1,6.55,80.0,0.0,23.15,22.84,0.0,,-9.18
2024-07-26 20:00:00,0.668,22.4,6.7,83.0,0.0,22.03,22.1,0.0,STANDBY,-8.18
2024-07-26 21:00:00,0.762,22.1,7.01,84.0,0.0,22.33,21.67,0.0,STANDBY,-5.99
2024-07-26 22:00:00,0.668,21.3,6.17,82.0,0.0,20.94,21.11,0.0,STANDBY,-6.16
2024-07-26 23:00:00,0.685,20.5,6.47,84.0,0.0,20.48,20.29,0.0,standby,-3.47
2024-07-27 00:00:00,0.468,19.7,5.73,88.0,0.0,21.38,20.23,0.0,STANDBY,0.0
2024-07-27 01:00:00,0.363,18.7,5.08,88.0,0.0,18.9,19.69,0.0, standby ,0.0
2024-07-27 02:00:00,0.439,18.4,6.18,90.0,0.0,19.1,19.51,0.0,STANDBY,0.0
2024-07-27 03:00:00,0.512,17.6,5.54,93.0,0.0,18.39,19.25,0.0,standby,-10.89
27-07-2024 04:00,0.545,17.9,5.51,90.0,0.0,19.8,18.72,0.0,STANDBY,-8.18
2024-07-27 05:00:00,0.554,18.1,5.45,96.0,0.0,20.55,19.03,0.0,STANDBY,0.0
2024-07-27 06:00:00,0.742,19.2,5.26,97.0,30.5,21.53,20.39,0.0, RUN ,0.0382
2024-07-27 07:00:00,0.579,20.1,5.14,94.0,164.1,24.61,19.73,0.0, RUN ,1.4688
2024-07-27 08:00:00,0.416,20.9,4.41,84.0,356.8,26.35,21.26,0.0,,3.8308
2024-07-27 09:00:00,0.443,21.5,5.13,79.0,517.6,30.14,22.11,0.0,RUN,5.4793
2024-07-27 10:00:00,0.537,22.6,5.59,82.0,602.0,31.98,22.26,0.0,RUN,6.3849
2024-07-27 11:00:00,0.55,22.9,5.62,79.0,691.5,33.16,22.96,0.0,RUN,7.6714
2024-07-27 12:00:00,0.489,23.2,6.17,72.0,813.2,36.02,23.94,0.0,RUN,8.8028
2024-07-27 13:00:00,0.48,23.5,7.62,72.0,786.7,34.52,23.26,1.5,RUN,8.4134
2024-07-27 14:00:00,0.533,23.2,8.69,74.0,662.5,33.95,24.59,3.4, RUN ,7.2478
2024-07-27 15:00:00,0.643,22.8,8.48,75.0,451.8,30.79,23.98,3.4,RUN,4.7793
2024-07-27 16:00:00,0.507,23.0,8.5,73.0,352.2,30.01,24.48,4.2,RUN,3.6144
2024-07-27 17:00:00,0.437,22.7,8.05,74.0,172.2,26.44,24.27,5.1,RUN,1.6641
2024-07-27 18:00:00,0.393,21.7,6.54,75.0,36.6,24.08,23.8,4.0,RUN,0.0795
2024-07-27 19:00:00,0.513,21.4,6.33,76.0,0.0,24.26,23.11,0.0,STANDBY,-4.37
2024-07-27 20:00:00,0.372,21.5,5.64,75.0,0.0,23.66,22.67,0.0,standby,0.0
2024-07-27 21:00:00,0.28,21.2,6.07,74.0,0.0,22.91,22.33,0.0,STANDBY,-10.23
2024-07-27 22:00:00,0.432,20.2,5.72,81.0,0.0,21.12,21.14,0.0,STANDBY,0.0
2024-07-27 23:00:00,0.531,19.3,5.66,87.0,0.0,22.09,21.02,0.0,standby,-5.89
2024-07-28 00:00:00,0.356,20.6,5.82,92.0,0.0,20.64,20.43,0.0,STANDBY,-5.56
2024-07-28 01:00:00,0.373,20.0,6.21,94.0,0.0,20.19,19.8,0.0,STANDBY,-11.47
2024-07-28 02:00:00,0.28,19.3,6.49,96.0,0.0,21.51,19.93,0.0,STANDBY,-1.83
2024-07-28 03:00:00,0.391,19.2,6.81,96.0,0.0,19.59,19.93,0.0,STANDBY,0.0
2024-07-28 04:00:00,0.33,20.1,5.85,96.0,0.0,20.4,19.8,0.0,STANDBY,-8.52
2024-07-28 05:00:00,0.56,20.9,6.13,98.0,0.0,20.89,20.14,0.0,STANDBY,-8.06
2024-07-28 06:00:00,0.56,21.6,6.24,95.0,43.0,22.18,20.63,0.0,RUN,0.1426
2024-07-28 07:00:00,0.681,22.2,6.23,92.0,185.3,24.86,21.26,0.0,RUN,1.7855
2024-07-28 08:00:00,0.617,23.1,6.34,86.0,379.1,28.9,22.54,0.0,RUN,4.0748
2024-07-28 09:00:00,0.74,23.8,7.17,88.0,486.8,31.0,23.49,0.0,RUN,5.0397
2024-07-28 10:00:00,0.639,24.6,7.42,83.0,647.4,33.64,22.58,0.0,RUN,-999.0
2024-07-28 11:00:00,0.706,25.9,8.55,81.0,686.9,35.61,23.98,0.0,RUN,7.3266
2024-07-28 12:00:00,0.488,26.0,8.83,72.0,852.7,35.87,24.66,0.0,RUN,9.1752
2024-07-28 13:00:00,0.646,26.4,8.93,74.0,738.0,34.29,25.14,0.0,RUN,8.1023
2024-07-28 14:00:00,0.492,26.4,8.52,74.0,727.5,34.31,24.73,0.0,run,7.7082
2024-07-28 15:00:00,0.613,26.2,8.46,75.0,549.0,32.9,25.29,0.0,RUN,5.783
2024-07-28 16:00:00,0.642,26.1,8.15,76.0,318.8,27.87,24.64,0.0,RUN,3.4441
2024-07-28 17:00:00,0.719,25.4,7.72,73.0,144.8,25.2,24.45,0.0, RUN ,1.2658
2024-07-28 18:00:00,0.646,24.7,7.64,74.0,24.0,25.11,24.18,0.0,RUN,0.0684
2024-07-28 19:00:00,0.423,24.4,8.41,79.0,0.0,23.7,24.0,0.0,STANDBY,0.0
2024-07-28 20:00:00,0.389,24.6,6.41,85.0,0.0,23.87,23.89,0.0,STANDBY,0.0
2024-07-28 21:00:00,0.228,24.3,5.94,88.0,0.0,22.77,22.24,0.0,STANDBY,-10.62
2024-07-28 22:00:00,0.261,23.2,4.85,90.0,0.0,20.42,22.2,0.0,STANDBY,0.0
2024-07-28 23:00:00,0.434,22.2,4.88,93.0,0.0,20.69,20.92,0.0,STANDBY,0.0
2024-07-29 00:00:00,0.787,20.8,3.85,100.0,0.0,20.69,19.7,0.0,STANDBY,0.0
2024-07-29 01:00:00,0.773,20.4,3.46,100.0,0.0,18.84,19.58,0.0,STANDBY,0.0
2024-07-29 02:00:00,0.797,19.4,3.15,100.0,0.0,19.18,19.38,0.0,STANDBY,-2.28
2024-07-29 03:00:00,0.82,20.0,4.77,100.0,0.0,19.12,19.49,0.0,STANDBY,0.0
2024-07-29 04:00:00,0.877,20.8,4.8,100.0,0.0,19.91,19.54,0.0,STANDBY,-6.27
2024-07-29 05:00:00,0.886,20.9,5.48,100.0,0.0,19.57,19.52,0.0,STANDBY,-10.72
2024-07-29 06:00:00,0.765,21.6,6.39,100.0,35.9,22.1,21.04,0.0,RUN,0.0945
2024-07-29 07:00:00,0.827,22.1,8.0,100.0,157.3,22.36,21.3,0.0,RUN,1.5424
2024-07-29 08:00:00,0.841,22.8,5.84,95.0,309.0,25.83,21.57,0.0,RUN,3.3141
2024-07-29 09:00:00,0.898,23.0,5.17,97.0,358.5,28.74,22.61,0.0,RUN,3.8926
2024-07-29 10:00:00,0.874,23.5,5.89,93.0,463.3,28.16,23.33,0.0,RUN,4.9958
2024-07-29 11:00:00,0.873,24.1,6.48,92.0,584.0,31.22,23.47,0.0,RUN,6.4291
2024-07-29 12:00:00,0.846,24.1,5.5,91.0,717.1,32.84,23.61,0.0,RUN,7.728
2024-07-29 13:00:00,0.819,24.6,5.66,84.0,735.9,32.88,24.38,0.0,run,7.9322
2024-07-29 14:00:00,0.695,24.5,5.49,81.0,657.5,32.34,24.75,0.0,RUN,7.0893
2024-07-29 15:00:00,0.665,24.1,5.94,81.0,548.8,32.34,24.75,0.0,RUN,5.9836
2024-07-29 17:00:00,0.873,23.8,6.54,87.0,138.6,25.3,23.84,0.0,RUN,1.2207
2024-07-29 18:00:00,0.902,23.3,6.79,86.0,23.8,24.15,23.53,0.0,RUN,0.0441
2024-07-29 19:00:00,0.857,23.3,7.46,89.0,0.0,23.16,23.62,0.0,STANDBY,-9.22
2024-07-29 20:00:00,0.639,22.7,5.07,91.0,0.0,22.66,23.39,1.2,STANDBY,0.0
2024-07-29 21:00:00,0.783,22.9,5.53,94.0,0.0,21.76,22.65,0.3,standby,0.0
2024-07-29 22:00:00,0.863,21.7,4.33,99.0,0.0,20.86,21.95,0.3,STANDBY,0.0
2024-07-29 23:00:00,0.9,21.0,4.5,98.0,0.0,21.52,21.06,0.0,STANDBY,-10.53
2024-07-30 00:00:00,0.759,22.7,5.64,94.0,0.0,21.68,22.57,0.0,STANDBY,0.0
2024-07-30 01:00:00,0.871,22.8,5.76,95.0,0.0,21.23,22.31,0.0,STANDBY,-3.47
2024-07-30 02:00:00,0.882,23.1,5.6,98.0,0.0,22.49,22.01,0.0,STANDBY,-7.31
2024-07-30 03:00:00,0.863,22.9,5.69,99.0,0.0,22.25,22.41,0.0,,-6.87
2024-07-30 04:00:00,0.817,22.9,5.76,100.0,0.0,23.22,21.58,0.0,STANDBY,-5.67
2024-07-30 05:00:00,0.83,23.2,5.72,98.0,0.0,22.49,23.3,0.0,STANDBY,-9.46
2024-07-30 06:00:00,0.838,23.2,5.49,95.0,38.9,23.94,22.95,0.0,RUN,0.0816
2024-07-30 07:00:00,0.85,23.9,5.68,93.0,177.0,26.7,23.48,0.0,RUN,1.6561
2024-07-30 08:00:00,0.782,24.4,5.43,86.0,386.6,28.59,24.7,0.0,RUN,4.0387
2024-07-30 09:00:00,0.835,24.9,6.91,81.0,525.8,33.37,25.89,0.0,RUN,5.6925
2024-07-30 10:00:00,0.792,25.7,8.9,80.0,634.2,35.64,25.09,0.0,RUN,6.9986
2024-07-30 11:00:00,0.81,26.0,8.75,76.0,715.8,34.7,25.86,0.0,RUN,7.8063
2024-07-30 12:00:00,0.747,26.4,9.49,68.0,757.8,37.38,26.38,0.0,RUN,8.3962
2024-07-30 13:00:00,0.732,26.4,9.36,67.0,734.3,36.76,27.41,0.0,RUN,8.1009
2024-07-30 14:00:00,0.767,26.9,8.89,69.0,639.1,33.99,26.51,0.0,RUN,6.7404
2024-07-30 15:00:00,0.84,27.0,7.83,68.0,431.4,31.53,26.91,0.0,run,4.5461
2024-07-30 16:00:00,0.798,26.8,6.69,69.0,322.5,30.45,27.06,0.0,run,3.4519
2024-07-30 17:00:00,0.709,26.9,6.83,69.0,173.3,28.68,26.73,0.0,RUN,1.5187
2024-07-30 18:00:00,0.757,26.3,7.16,75.0,34.9,25.67,27.04,0.0,RUN,0.0936
2024-07-30 19:00:00,0.777,25.5,7.61,79.0,0.0,26.21,26.65,0.0,STANDBY,0.0
2024-07-30 20:00:00,0.685,25.4,7.66,80.0,0.0,26.07,26.31,0.0,,0.0
2024-07-30 21:00:00,0.766,24.7,7.58,84.0,0.0,23.39,24.65,0.0,STANDBY,-2.6
2024-07-30 22:00:00,0.809,23.8,7.34,85.0,0.0,24.41,24.86,0.0,STANDBY,-10.53
2024-07-30 23:00:00,0.767,23.3,7.61,86.0,0.0,23.69,23.42,0.0,standby,-6.91
2024-07-31 00:00:00,0.805,24.3,8.32,97.0,0.0,22.33,23.75,0.0,STANDBY,0.0
2024-07-31 01:00:00,0.824,24.1,8.12,97.0,0.0,24.23,22.99,0.0,STANDBY,0.0
2024-07-31 02:00:00,0.81,23.8,8.4,99.0,0.0,23.31,23.25,0.0,standby,0.0
2024-07-31 03:00:00,0.839,23.6,6.55,100.0,0.0,21.81,22.83,0.0,STANDBY,-4.27
2024-07-31 04:00:00,0.692,23.3,6.39,98.0,0.0,23.47,22.32,0.0,STANDBY,0.0
2024-07-31 05:00:00,0.711,23.4,6.81,97.0,0.0,22.0,23.65,0.0,STANDBY,-4.39
2024-07-31 06:00:00,0.608,24.3,7.1,93.0,38.5,23.31,23.65,0.0,RUN,0.1197
2024-07-31 07:00:00,0.797,24.7,6.12,91.0,189.3,26.38,23.96,0.0,RUN,1.7891
2024-07-31 08:00:00,0.801,26.4,6.32,89.0,394.1,31.03,25.18,0.0,RUN,4.128
2024-07-31 09:00:00,0.657,26.9,5.13,86.0,593.3,34.34,25.73,0.0,RUN,6.4076
2024-07-31 10:00:00,0.742,27.1,6.46,83.0,737.5,35.91,26.62,0.0,RUN,7.8254
2024-07-31 11:00:00,0.665,27.8,7.23,78.0,856.0,36.84,26.23,0.0,RUN,9.0033
2024-07-31 12:00:00,0.515,28.4,6.96,75.0,896.3,40.12,27.08,0.0,RUN,9.7615
2024-07-31 13:00:00,0.401,28.7,7.34,71.0,885.7,39.53,28.4,0.0,RUN,9.4856
2024-07-31 14:00:00,0.503,28.7,8.12,79.0,766.7,36.79,27.15,0.0,RUN,8.0673
2024-07-31 15:00:00,0.48,29.4,8.63,75.0,596.7,36.47,27.84,0.0,RUN,6.2732
2024-07-31 16:00:00,0.436,30.1,9.53,71.0,416.4,32.68,28.06,0.0,RUN,4.2483
2024-07-31 17:00:00,0.303,29.8,7.93,71.0,204.2,31.06,28.97,0.0,RUN,1.7199
2024-07-31 18:00:00,0.497,29.3,8.21,77.0,35.0,27.36,27.69,0.0,RUN,0.0545
2024-07-31 19:00:00,0.682,27.7,6.95,81.0,0.0,26.42,27.41,0.0,STANDBY,-9.95
2024-07-31 20:00:00,0.634,26.6,6.66,89.0,0.0,27.11,25.92,0.0,STANDBY,0.0
2024-07-31 21:00:00,0.617,25.9,6.52,92.0,0.0,25.54,25.23,0.0,STANDBY,-8.69
2024-07-31 22:00:00,0.644,25.1,6.45,97.0,0.0,25.35,25.15,0.0,STANDBY,-1.57
2024-07-31 23:00:00,0.56,23.9,5.27,96.0,0.0,24.42,25.06,0.0,standby,-8.79
2024-08-01 01:00:00,0.868,21.8,5.36,92.0,0.0,20.69,22.13,0.0,STANDBY,0.0
2024-08-01 02:00:00,0.812,21.5,5.49,97.0,0.0,22.22,22.12,0.0,STANDBY,-11.47
2024-08-01 03:00:00,0.83,21.6,5.25,94.0,0.0,20.74,21.91,0.0,STANDBY,0.0
2024-08-01 04:00:00,0.68,21.9,4.73,96.0,0.0,22.58,21.69,0.0,STANDBY,0.0
2024-08-01 05:00:00,0.675,22.3,5.01,97.0,0.0,23.6,21.49,0.0,STANDBY,0.0
2024-08-01 06:00:00,0.795,22.8,5.16,93.0,37.8,24.45,22.54,0.0,RUN,0.1173
2024-08-01 07:00:00,0.712,23.8,5.94,86.0,180.0,26.31,23.67,0.0,RUN,1.705
2024-08-01 08:00:00,0.616,24.9,5.38,86.0,366.9,29.36,24.23,0.0,RUN,3.8022
2024-08-01 09:00:00,0.699,25.2,5.85,86.0,501.8,32.44,25.32,0.0,RUN,5.3698
2024-08-01 10:00:00,0.743,26.0,6.51,82.0,593.5,35.04,25.1,0.0,RUN,6.4834
2024-08-01 11:00:00,0.735,26.1,6.83,79.0,646.5,36.49,25.56,0.0,RUN,7.0876
2024-08-01 12:00:00,0.605,28.0,7.22,75.0,744.5,36.52,26.67,0.0,RUN,8.2073
2024-08-01 13:00:00,0.624,28.3,9.65,71.0,721.6,37.8,27.11,0.0,RUN,7.7728
2024-08-01 14:00:00,0.641,27.7,9.69,68.0,618.9,35.23,26.47,0.0,RUN,6.6875
2024-08-01 15:00:00,0.724,27.4,8.34,72.0,452.7,34.44,27.38,0.0,RUN,5.0226
2024-08-01 16:00:00,0.844,26.9,7.6,73.0,291.6,29.6,26.32,0.0,RUN,2.9863
2024-08-01 17:00:00,0.836,26.3,6.31,75.0,157.3,28.09,25.73,0.0,RUN,1.3142
2024-08-01 18:00:00,0.904,25.9,6.67,79.0,24.5,27.58,26.09,0.0,RUN,0.0058
2024-08-01 19:00:00,0.695,26.4,6.15,79.0,0.0,24.92,26.02,0.0,STANDBY,-10.83
2024-08-01 20:00:00,0.712,25.4,5.2,80.0,0.0,25.69,25.55,0.0,STANDBY,0.0
2024-08-01 21:00:00,0.782,24.9,4.67,84.0,0.0,24.7,25.25,0.0,STANDBY,0.0
2024-08-01 22:00:00,0.817,23.9,4.3,83.0,0.0,25.09,23.56,0.0,STANDBY,0.0
2024-08-01 23:00:00,0.711,23.1,4.65,88.0,0.0,23.97,22.63,0.0,STANDBY,-5.58
2024-08-02 00:00:00,0.656,22.9,4.5,90.0,0.0,22.06,22.72,0.0,STANDBY,-6.16
2024-08-02 01:00:00,0.662,22.6,4.75,92.0,0.0,21.33,21.94,0.0,STANDBY,0.0
2024-08-02 02:00:00,0.623,22.2,5.21,96.0,0.0,21.55,21.48,0.0,STANDBY,-7.76
2024-08-02 03:00:00,0.831,21.8,5.24,96.0,0.0,22.41,22.35,0.0, STANDBY ,-7.76
2024-08-02 04:00:00,0.764,21.7,5.32,96.0,0.0,22.29,22.38,0.0,STANDBY,-2.81
2024-08-02 05:00:00,0.827,21.5,4.95,96.0,0.0,22.66,22.9,0.0,STANDBY,-2.48
2024-08-02 06:00:00,0.809,22.1,4.69,92.0,36.2,24.38,22.72,0.0,,0.093
2024-08-02 07:00:00,0.823,22.9,4.13,85.0,161.6,26.69,23.45,0.0,run,1.4969
2024-08-02 08:00:00,0.862,23.8,3.73,81.0,313.9,29.54,24.94,0.5,RUN,3.1823
2024-08-02 09:00:00,0.759,24.7,4.96,78.0,514.9,33.9,26.04,0.5,run,5.3745
2024-08-02 10:00:00,0.608,25.6,5.86,75.0,679.3,36.69,26.97,0.6,RUN,7.235
2024-08-02 11:00:00,0.433,25.7,6.32,73.0,856.3,40.04,26.17,0.0,RUN,9.0701
2024-08-02 12:00:00,0.739,26.5,7.84,74.0,704.3,36.25,26.55,0.8,RUN,7.5639
2024-08-02 13:00:00,0.73,26.6,6.37,72.0,698.4,36.97,26.71,0.0,RUN,7.7096
02-08-2024 14:00,0.774,26.7,6.16,71.0,621.7,36.59,26.64,0.0,RUN,6.6988
2024-08-02 15:00:00,0.75,27.1,6.16,70.0,503.8,33.93,27.15,0.0,RUN,5.4449
2024-08-02 16:00:00,0.719,26.7,5.69,71.0,371.8,32.09,27.14,0.0,run,3.7658
2024-08-02 17:00:00,0.861,25.1,5.52,72.0,128.6,28.95,26.58,0.0,RUN,1.2156
2024-08-02 18:00:00,0.843,24.9,5.14,76.0,24.6,26.54,26.28,0.0,RUN,0.0338
2024-08-02 19:00:00,0.782,24.7,5.77,78.0,0.0,26.82,26.61,0.0,STANDBY,-1.61
2024-08-02 20:00:00,0.787,24.0,5.41,84.0,0.0,24.27,25.98,0.0,STANDBY,-10.7
2024-08-02 21:00:00,0.806,22.8,5.14,83.0,0.0,25.4,25.47,0.0,STANDBY,-6.38
2024-08-02 22:00:00,0.737,22.3,5.6,85.0,0.0,25.53,24.4,0.0,STANDBY,-6.0
2024-08-02 23:00:00,0.606,21.6,5.88,91.0,0.0,22.92,23.51,0.0,STANDBY,-11.33
2024-08-03 00:00:00,0.798,20.6,7.1,85.0,0.0,21.93,21.08,0.0,STANDBY,-7.78
2024-08-03 01:00:00,0.841,20.6,7.1,88.0,0.0,21.25,21.26,0.0,STANDBY,0.0
2024-08-03 02:00:00,0.814,20.4,6.99,88.0,0.0,21.39,19.96,0.0,STANDBY,0.0
2024-08-03 03:00:00,0.828,20.6,9.42,87.0,0.0,19.69,20.01,0.0,STANDBY,0.0
2024-08-03 04:00:00,0.754,21.1,8.51,88.0,0.0,20.53,20.35,0.0,STANDBY,-8.93
2024-08-03 05:00:00,0.781,21.8,8.78,91.0,0.0,19.71,20.38,0.0,STANDBY,-4.66
2024-08-03 06:00:00,0.678,22.6,7.7,89.0,34.8,22.49,22.05,0.0,RUN,0.1092
2024-08-03 07:00:00,0.654,23.4,8.74,88.0,162.8,24.14,21.64,0.0,RUN,1.586
2024-08-03 08:00:00,0.809,24.5,9.17,83.0,278.2,28.52,22.81,0.0,RUN,2.9818
2024-08-03 09:00:00,0.756,26.1,10.09,79.0,448.3,29.27,23.13,0.0,RUN,4.8635
2024-08-03 10:00:00,0.668,26.8,9.28,77.0,614.3,33.14,24.92,0.0,RUN,6.5735
2024-08-03 11:00:00,0.437,27.1,10.12,72.0,809.4,35.67,24.74,0.0,run,8.9464
2024-08-03 12:00:00,0.509,27.5,8.66,71.0,800.9,36.51,25.49,0.0,RUN,8.4527
2024-08-03 13:00:00,0.728,27.2,8.78,71.0,574.2,33.34,25.86,0.0,RUN,6.3503
03-08-2024 14:00,0.745,27.8,9.51,68.0,482.6,30.5,25.32,0.0,RUN,5.0641
2024-08-03 15:00:00,0.757,27.1,9.01,69.0,399.2,31.84,24.37,0.0,RUN,4.2484
2024-08-03 16:00:00,0.797,26.8,9.29,71.0,259.9,28.17,25.08,0.0,RUN,2.7736
2024-08-03 17:00:00,0.825,26.6,9.65,77.0,136.8,27.38,24.84,0.0,RUN,1.1447
2024-08-03 18:00:00,0.864,26.1,11.17,76.0,19.0,24.48,25.06,0.1,RUN,0.0126
2024-08-03 19:00:00,0.802,26.0,10.94,83.0,0.0,22.99,24.26,0.1,STANDBY,-5.19
2024-08-03 20:00:00,0.864,25.9,10.93,82.0,0.0,24.39,24.5,0.1,STANDBY,0.0
2024-08-03 21:00:00,0.77,25.2,11.02,87.0,0.0,24.04,23.31,0.0,STANDBY,-10.93
2024-08-03 22:00:00,0.733,24.0,10.68,90.0,0.0,22.13,22.68,0.1,STANDBY,-5.29
2024-08-03 23:00:00,0.599,22.7,9.81,85.0,0.0,22.88,22.37,0.0,STANDBY,0.0
2024-08-04 00:00:00,0.429,20.8,6.51,94.0,0.0,21.01,22.0,0.0,STANDBY,0.0
2024-08-04 01:00:00,0.409,19.9,7.05,95.0,0.0,21.17,20.9,0.0,STANDBY,-10.1
2024-08-04 02:00:00,0.591,20.4,7.36,96.0,0.0,19.74,20.97,0.0,STANDBY,-8.11
2024-08-04 03:00:00,0.439,19.9,6.52,97.0,0.0,21.2,20.49,0.0,STANDBY,-1.52
2024-08-04 04:00:00,0.515,20.4,6.12,96.0,0.0,20.27,19.93,0.0,STANDBY,0.0
2024-08-04 05:00:00,0.473,20.5,6.0,100.0,0.0,21.23,20.99,0.0,STANDBY,-4.88
2024-08-04 06:00:00,0.465,20.5,5.04,97.0,37.2,22.7,22.12,0.0,RUN,0.1386
2024-08-04 07:00:00,0.613,22.5,5.49,94.0,175.4,23.28,22.41,0.0,RUN,1.6273
2024-08-04 08:00:00,0.629,23.7,5.54,91.0,331.0,28.16,23.42,0.0,RUN,3.4387
2024-08-04 09:00:00,0.701,24.3,5.8,89.0,449.8,29.99,23.87,0.0,RUN,4.9434
2024-08-04 10:00:00,0.595,24.8,6.13,84.0,633.8,33.1,25.0,0.0,RUN,6.8706
2024-08-04 11:00:00,0.515,25.3,5.17,79.0,760.3,34.71,25.06,0.0,RUN,8.0947
2024-08-04 12:00:00,0.807,25.6,6.1,77.0,580.9,33.46,24.33,0.0,,6.294
2024-08-04 13:00:00,0.861,25.6,5.22,74.0,537.2,32.53,24.91,0.0,RUN,5.6469
2024-08-04 14:00:00,0.659,26.3,5.22,74.0,578.5,33.63,26.0,0.0,RUN,6.4373
2024-08-04 15:00:00,0.706,26.0,5.1,71.0,453.0,31.18,25.53,0.0,RUN,4.9871
2024-08-04 16:00:00,0.705,26.2,5.28,71.0,320.3,29.87,26.32,0.0,RUN,3.3515
2024-08-04 18:00:00,0.711,25.8,6.28,76.0,23.4,27.43,25.81,0.0,RUN,0.1477
2024-08-04 19:00:00,0.661,25.6,5.51,79.0,0.0,24.25,24.27,0.0,STANDBY,0.0
2024-08-04 20:00:00,0.711,25.9,5.71,86.0,0.0,23.46,24.75,0.0,STANDBY,0.0
2024-08-04 21:00:00,0.801,24.7,6.69,89.0,0.0,24.32,23.63,0.0,STANDBY,0.0
2024-08-04 22:00:00,0.757,23.6,6.24,90.0,0.0,22.49,22.84,0.0,STANDBY,-2.36
2024-08-04 23:00:00,0.528,22.3,5.45,91.0,0.0,22.17,22.57,0.0,STANDBY,-5.52
2024-08-05 00:00:00,0.34,19.8,7.48,97.0,0.0,19.49,19.54,0.0,STANDBY,0.0
2024-08-05 01:00:00,0.437,19.6,7.24,96.0,0.0,18.96,19.8,0.0,STANDBY,0.0
2024-08-05 02:00:00,0.478,19.5,8.44,98.0,0.0,19.07,19.81,0.0,STANDBY,0.0
2024-08-05 03:00:00,0.519,19.3,9.65,99.0,0.0,18.32,19.01,0.0,STANDBY,0.0
2024-08-05 04:00:00,0.423,18.9,8.35,100.0,0.0,18.33,18.7,0.0,STANDBY,0.0
2024-08-05 05:00:00,0.372,19.6,10.04,98.0,0.0,19.76,19.58,0.0, STANDBY ,-10.73
2024-08-05 07:00:00,0.501,19.8,7.82,90.0,208.2,24.71,21.21,0.0,RUN,1.8835
2024-08-05 09:00:00,0.583,20.7,8.16,87.0,581.3,30.33,22.44,0.0,RUN,6.2344
2024-08-05 10:00:00,0.609,21.1,9.78,85.0,694.3,33.17,23.19,0.0,RUN,7.4624
2024-08-05 11:00:00,0.616,22.1,9.43,82.0,811.2,35.96,23.79,0.0,RUN,8.7594
2024-08-05 12:00:00,0.61,23.2,9.86,79.0,873.0,36.27,24.33,0.0,RUN,9.2576
2024-08-05 13:00:00,0.719,23.5,9.03,79.0,786.1,34.08,24.09,0.0,RUN,8.2695
2024-08-05 14:00:00,0.818,24.2,10.0,75.0,549.0,31.36,23.78,0.0,RUN,5.9001
2024-08-05 15:00:00,0.697,23.6,8.34,74.0,487.7,29.8,24.09,0.0,RUN,5.2212
2024-08-05 16:00:00,0.66,23.6,8.75,78.0,310.0,30.76,23.99,0.0,RUN,3.3236
2024-08-05 17:00:00,0.57,23.5,9.2,79.0,167.0,25.07,24.19,0.0,RUN,1.4872
2024-08-05 18:00:00,0.37,23.5,8.52,77.0,37.1,23.39,23.6,0.0,RUN,0.1115
2024-08-05 19:00:00,0.294,23.7,9.97,76.0,0.0,23.07,23.76,0.0,STANDBY,0.0
2024-08-05 20:00:00,0.396,23.4,10.19,79.0,0.0,21.84,22.85,0.0,STANDBY,-5.36
2024-08-05 21:00:00,0.298,22.2,10.2,85.0,0.0,22.53,22.42,0.0,STANDBY,-7.53
2024-08-05 22:00:00,0.273,21.8,10.85,89.0,0.0,22.71,20.84,0.0,,0.0
2024-08-05 23:00:00,0.329,20.5,9.52,96.0,0.0,20.78,20.58,0.0,STANDBY,0.0
2024-08-06 00:00:00,0.824,20.6,6.23,93.0,0.0,20.76,20.26,0.0,STANDBY,-6.87
2024-08-06 02:00:00,0.7,19.9,5.56,96.0,0.0,19.51,19.68,0.0,STANDBY,-2.95
2024-08-06 03:00:00,0.735,19.7,5.07,95.0,0.0,21.02,19.18,0.0,standby,-10.43
2024-08-06 04:00:00,0.724,20.4,5.67,94.0,0.0,20.39,19.95,0.0,STANDBY,-8.98
2024-08-06 05:00:00,0.76,20.9,5.14,88.0,0.0,19.56,19.67,0.0,STANDBY,0.0
2024-08-06 06:00:00,0.872,22.0,4.22,87.0,20.1,21.11,19.65,0.0,RUN,0.0767
2024-08-06 07:00:00,0.701,22.7,3.99,81.0,177.6,25.47,20.83,0.0,RUN,1.7309
2024-08-06 08:00:00,0.596,23.0,4.98,77.0,388.7,27.85,22.28,0.0,RUN,4.136
2024-08-06 09:00:00,0.717,24.0,5.15,77.0,506.9,29.44,22.9,0.0,RUN,5.5304
2024-08-06 10:00:00,0.827,24.3,5.24,78.0,578.9,32.39,23.0,0.0,RUN,6.301
2024-08-06 11:00:00,0.764,25.2,5.17,76.0,729.6,32.47,23.71,0.0,run,7.9763
2024-08-06 12:00:00,0.716,25.9,6.04,71.0,816.1,36.02,24.49,0.0,RUN,8.8606
2024-08-06 13:00:00,0.736,26.5,6.53,68.0,734.0,35.81,24.41,0.0,RUN,8.2014
2024-08-06 14:00:00,0.799,26.7,6.73,74.0,577.1,31.39,24.03,0.0,RUN,6.3888
06-08-2024 15:00,0.774,27.1,7.62,73.0,460.3,32.42,24.7,0.0,RUN,4.9902
06-08-2024 16:00,0.713,27.3,7.38,73.0,298.3,28.57,23.87,0.0,RUN,3.122
2024-08-06 17:00:00,0.684,27.0,8.02,71.0,154.9,25.05,24.06,0.0,RUN,1.5042
2024-08-06 18:00:00,0.653,26.0,6.27,72.0,23.6,24.56,23.23,0.0,RUN,0.0038
06-08-2024 19:00,0.647,25.9,6.43,77.0,0.0,24.5,24.35,0.0,STANDBY,-2.9
2024-08-06 20:00:00,0.732,25.2,6.21,77.0,0.0,23.29,24.03,0.0,STANDBY,-5.21
2024-08-06 22:00:00,0.844,23.3,4.32,85.0,0.0,23.15,21.66,0.0,STANDBY,-5.05
2024-08-06 23:00:00,0.879,22.2,4.07,89.0,0.0,22.25,21.3,0.0,STANDBY,-3.18
2024-08-07 00:00:00,0.855,21.6,4.28,92.0,-999.0,22.95,22.1,0.0,STANDBY,-2.41
2024-08-07 01:00:00,0.812,21.2,4.72,91.0,0.0,20.48,21.55,0.0,STANDBY,-5.88
2024-08-07 02:00:00,0.856,20.8,4.89,92.0,0.0,21.32,20.97,0.0,STANDBY,-5.83
2024-08-07 03:00:00,0.748,21.3,5.08,93.0,0.0,20.21,20.73,0.0,STANDBY,-8.36
2024-08-07 04:00:00,0.813,21.8,4.81,89.0,0.0,20.61,20.98,0.0,STANDBY,-9.76
2024-08-07 05:00:00,0.812,21.7,5.48,91.0,0.0,21.75,21.4,0.0,STANDBY,-8.68
2024-08-07 06:00:00,0.785,22.2,5.06,90.0,33.4,22.01,21.47,0.0,RUN,0.1135
2024-08-07 07:00:00,0.774,22.8,4.96,89.0,183.9,25.22,22.51,0.0,RUN,1.6999
2024-08-07 08:00:00,0.815,23.6,5.03,87.0,340.3,27.85,23.24,0.0,run,3.6378
2024-08-07 09:00:00,0.769,24.7,5.09,86.0,491.7,32.37,24.39,0.0,run,5.2446
2024-08-07 10:00:00,0.787,24.7,5.21,84.0,636.2,32.48,24.82,0.0,run,6.9332
2024-08-07 11:00:00,0.801,25.2,4.97,78.0,724.6,32.94,24.91,0.0,RUN,7.4708
2024-08-07 12:00:00,0.693,25.9,4.53,73.0,803.7,34.99,25.34,0.0,RUN,8.6486
2024-08-07 13:00:00,0.737,26.1,5.59,76.0,748.8,36.49,25.24,0.0, RUN ,8.1236
2024-08-07 14:00:00,0.691,26.2,5.97,70.0,684.3,34.82,25.6,0.0,RUN,7.324
2024-08-07 15:00:00,0.548,26.6,6.29,71.0,570.2,33.9,25.96,0.0,RUN,6.3716
2024-08-07 16:00:00,0.531,27.0,6.37,68.0,403.0,32.69,25.89,0.0,RUN,4.1696
2024-08-07 17:00:00,0.7,26.3,6.3,71.0,173.0,27.85,25.4,0.0,RUN,1.5795
2024-08-07 18:00:00,0.72,25.6,6.02,74.0,23.4,25.54,25.04,0.0,RUN,0.0446
2024-08-07 19:00:00,0.764,25.0,6.11,73.0,0.0,24.64,25.19,0.0,STANDBY,-2.92
2024-08-07 20:00:00,0.833,24.8,7.0,78.0,0.0,24.67,24.85,0.0,STANDBY,-3.21
2024-08-07 21:00:00,0.725,24.3,6.54,84.0,0.0,23.89,23.9,0.0,STANDBY,-10.96
2024-08-07 22:00:00,0.753,22.7,6.49,85.0,0.0,23.95,22.68,0.0,STANDBY,-9.66
2024-08-07 23:00:00,0.683,22.2,5.64,87.0,0.0,20.91,21.83,0.0,STANDBY,-6.76
2024-08-08 00:00:00,0.887,21.8,5.24,92.0,0.0,21.6,22.07,0.0,STANDBY,0.0
2024-08-08 01:00:00,0.905,21.5,5.82,93.0,0.0,20.73,21.89,0.0,STANDBY,0.0
08-08-2024 02:00,0.913,21.2,5.46,97.0,0.0,21.83,21.08,0.0,STANDBY,0.0
2024-08-08 03:00:00,0.97,20.9,5.64,99.0,0.0,22.38,20.67,0.0,STANDBY,-5.74
2024-08-08 04:00:00,0.97,21.1,5.35,98.0,0.0,20.97,21.04,0.0,STANDBY,0.0
2024-08-08 05:00:00,0.91,21.9,6.33,92.0,0.0,21.1,22.77,0.0,STANDBY,-8.14
2024-08-08 06:00:00,0.917,22.8,6.32,94.0,28.9,21.87,22.45,0.0,RUN,0.0948
2024-08-08 07:00:00,0.914,23.5,5.89,90.0,153.3,25.67,23.15,0.0,RUN,1.3899
2024-08-08 08:00:00,0.849,24.0,5.18,86.0,358.0,27.77,23.63,0.0,RUN,3.8635
2024-08-08 09:00:00,0.784,25.2,4.67,84.0,558.3,33.19,25.06,0.0,RUN,5.9287
2024-08-08 10:00:00,0.84,25.3,4.33,79.0,656.7,36.79,24.73,10.4,RUN,7.0425
08-08-2024 11:00,0.891,25.6,5.31,79.0,624.4,33.88,24.95,5.7,RUN,6.6767
2024-08-08 12:00:00,0.919,25.8,6.11,80.0,565.1,34.36,25.94,12.4,RUN,6.3354
2024-08-08 13:00:00,0.889,25.8,7.72,77.0,597.0,33.98,26.11,10.5,RUN,6.4722
2024-08-08 14:00:00,0.893,26.0,7.54,80.0,531.8,32.44,25.96,0.0,RUN,5.6143
2024-08-08 15:00:00,0.905,26.6,9.29,80.0,369.0,32.28,26.14,0.0,RUN,3.9502
2024-08-08 16:00:00,0.85,26.9,8.82,75.0,327.7,30.06,26.51,0.0,RUN,3.2798
2024-08-08 17:00:00,0.829,27.4,9.49,77.0,151.2,27.79,25.6,0.0,RUN,1.381
2024-08-08 18:00:00,0.876,25.9,9.61,78.0,26.9,26.91,25.54,0.0,RUN,0.0586
2024-08-08 19:00:00,0.922,25.7,7.2,80.0,0.0,24.38,25.96,0.0,STANDBY,-5.67
2024-08-08 20:00:00,0.913,25.6,6.9,82.0,0.0,24.47,24.24,0.0,STANDBY,-1.63
2024-08-08 21:00:00,0.831,25.6,5.13,82.0,0.0,24.73,24.33,0.0,STANDBY,0.0
2024-08-08 22:00:00,0.909,25.5,4.77,87.0,0.0,24.5,23.25,0.0,STANDBY,0.0
2024-08-08 23:00:00,0.918,24.0,4.29,88.0,0.0,22.65,22.6,0.0,STANDBY,-10.73
2024-08-09 00:00:00,0.821,24.0,4.7,99.0,0.0,20.31,21.24,0.0,STANDBY,0.0
2024-08-09 01:00:00,0.867,23.0,4.24,99.0,0.0,19.9,21.18,0.0,STANDBY,0.0
09-08-2024 02:00,0.925,23.4,4.97,100.0,0.0,20.3,20.62,0.0,STANDBY,-10.52
2024-08-09 03:00:00,0.886,22.7,4.69,100.0,0.0,20.98,21.09,0.0,STANDBY,0.0
09-08-2024 04:00,0.792,22.6,4.23,100.0,0.0,19.57,20.66,0.0,STANDBY,-8.25
2024-08-09 05:00:00,0.921,23.1,3.92,100.0,0.0,21.56,21.19,0.0,STANDBY,-8.16
2024-08-09 06:00:00,0.959,22.6,4.72,100.0,21.6,20.56,21.73,0.0,RUN,0.0
2024-08-09 07:00:00,0.898,23.4,3.85,98.0,115.5,24.69,22.42,0.0,RUN,1024.58
2024-08-09 08:00:00,0.896,23.6,4.03,92.0,210.0,26.57,23.74,0.0,run,2221.74
2024-08-09 09:00:00,0.875,24.2,4.47,93.0,324.2,29.09,22.98,0.0,RUN,3527.1
2024-08-09 10:00:00,0.755,25.4,5.26,86.0,463.2,31.31,24.68,0.0,RUN,5039.98
2024-08-09 11:00:00,0.828,25.4,5.56,80.0,447.1,30.48,24.55,0.0,RUN,5064.49
2024-08-09 12:00:00,0.848,26.2,5.57,80.0,472.6,31.38,25.59,0.0,RUN,5106.57
2024-08-09 13:00:00,0.861,26.3,5.34,79.0,413.2,31.37,25.38,2.0,RUN,4664.75
2024-08-09 14:00:00,0.784,26.5,6.06,73.0,495.8,31.83,25.99,0.5,RUN,5405.14
2024-08-09 15:00:00,0.837,26.1,6.71,73.0,303.5,30.36,25.67,1.9,RUN,3349.63
2024-08-09 16:00:00,0.721,25.7,6.61,76.0,266.6,29.02,25.04,1.6,RUN,2784.52
2024-08-09 17:00:00,0.726,25.5,6.77,75.0,126.8,25.38,24.93,0.0,RUN,1143.47
2024-08-09 18:00:00,0.771,25.6,7.23,75.0,13.5,26.22,24.51,0.0,RUN,-3.61
2024-08-09 19:00:00,0.802,25.4,6.51,79.0,9999.0,22.54,24.83,0.0,STANDBY,0.0
2024-08-09 20:00:00,0.836,25.2,6.82,84.0,0.0,25.6,24.76,0.0,standby,0.0
2024-08-09 21:00:00,0.748,25.5,5.12,87.0,0.0,22.47,24.49,0.0,STANDBY,-11.0
2024-08-09 22:00:00,0.753,24.6,5.74,88.0,0.0,21.94,23.26,0.0,STANDBY,0.0
2024-08-09 23:00:00,0.883,24.4,6.09,89.0,0.0,23.52,22.0,0.0,STANDBY,0.0
2024-08-10 00:00:00,0.926,24.1,6.64,90.0,0.0,21.38,22.1,0.0,STANDBY,0.0
2024-08-10 01:00:00,0.95,23.3,6.15,88.0,0.0,20.05,21.73,0.0,STANDBY,-5.89
2024-08-10 02:00:00,0.973,22.1,5.75,90.0,0.0,20.74,21.78,0.0,STANDBY,0.0
2024-08-10 03:00:00,0.953,21.9,6.27,92.0,0.0,21.95,21.0,0.0,STANDBY,-9.35
10-08-2024 04:00,0.966,21.9,5.75,90.0,0.0,21.86,21.19,0.0,STANDBY,0.0
2024-08-10 05:00:00,0.974,22.0,5.68,89.0,0.0,20.94,22.48,0.0,STANDBY,0.0
2024-08-10 06:00:00,0.93,21.8,6.55,85.0,22.3,22.02,22.61,0.0,RUN,49.32
2024-08-10 07:00:00,0.891,22.2,5.91,88.0,128.4,24.6,22.45,0.0,RUN,1290.51
2024-08-10 08:00:00,0.728,23.7,4.96,83.0,328.9,30.18,23.67,0.0,RUN,3485.55
2024-08-10 09:00:00,0.876,24.7,4.79,82.0,336.4,29.34,24.67,0.0,RUN,3567.47
2024-08-10 10:00:00,0.944,24.3,4.49,82.0,328.1,29.08,25.22,0.0,run,3625.11
2024-08-10 11:00:00,0.959,24.2,5.54,78.0,393.2,30.25,25.75,0.1,RUN,4163.2
2024-08-10 12:00:00,0.956,24.9,5.25,81.0,379.1,31.42,25.37,0.2,RUN,4315.24
2024-08-10 13:00:00,0.963,25.3,5.34,77.0,344.6,30.55,25.83,0.2,RUN,3844.75
2024-08-10 14:00:00,0.911,25.3,5.56,75.0,384.5,32.31,25.53,0.2,RUN,4300.91
2024-08-10 15:00:00,0.801,25.9,5.72,73.0,479.1,32.12,26.4,0.2,RUN,5279.68
2024-08-10 16:00:00,0.894,25.4,5.21,74.0,224.8,30.2,25.71,0.0,RUN,2471.89
2024-08-10 17:00:00,0.863,25.0,5.92,75.0,112.7,26.76,26.18,0.0,RUN,934.31
2024-08-10 18:00:00,0.902,24.6,6.16,79.0,14.5,24.29,25.44,0.0,RUN,60.52
10-08-2024 19:00,0.922,24.9,5.4,84.0,0.0,25.7,24.76,0.0,STANDBY,0.0
2024-08-10 20:00:00,0.854,24.9,5.02,84.0,0.0,25.07,25.03,0.0,STANDBY,-11.03
2024-08-10 21:00:00,0.7,24.4,4.73,88.0,0.0,23.92,24.65,0.0,standby,-3.79
2024-08-10 22:00:00,0.787,23.0,4.15,91.0,0.0,21.93,23.74,0.0,STANDBY,0.0
2024-08-10 23:00:00,0.774,21.9,4.17,90.0,0.0,21.6,21.83,0.0,STANDBY,0.0
2024-08-11 00:00:00,0.817,23.1,6.85,97.0,0.0,22.61,23.8,0.0,STANDBY,0.0
2024-08-11 01:00:00,0.799,22.6,7.61,98.0,0.0,22.83,22.88,0.0,STANDBY,0.0
2024-08-11 02:00:00,0.768,22.2,6.99,94.0,0.0,22.41,22.75,0.0,STANDBY,-11.28
2024-08-11 03:00:00,0.818,21.6,7.7,95.0,0.0,22.13,22.56,0.0,STANDBY,0.0
2024-08-11 04:00:00,0.699,22.1,6.46,90.0,0.0,22.08,22.58,0.0,STANDBY,-3.58
2024-08-11 05:00:00,0.796,23.0,6.43,90.0,0.0,23.31,22.75,0.0,STANDBY,-9.55
2024-08-11 06:00:00,0.918,23.9,6.2,92.0,32.0,24.14,24.14,0.0,RUN,94.84
2024-08-11 07:00:00,0.914,24.9,5.8,92.0,149.7,26.88,24.3,0.0,RUN,1488.9
2024-08-11 08:00:00,0.92,25.9,5.03,87.0,321.9,29.3,25.59,0.0,RUN,3369.83
2024-08-11 09:00:00,0.824,25.8,5.56,86.0,568.2,34.09,25.93,0.0,RUN,17018.28
2024-08-11 10:00:00,0.929,26.9,5.99,86.0,539.1,33.94,26.02,0.0,RUN,6070.48
2024-08-11 11:00:00,0.939,27.7,5.84,80.0,688.6,36.78,26.62,0.0,RUN,7291.12
2024-08-11 12:00:00,0.902,28.3,6.06,79.0,698.6,36.28,27.33,0.0,RUN,7616.09
2024-08-11 13:00:00,0.894,28.5,6.45,79.0,681.2,35.55,27.54,0.0,RUN,7276.11
2024-08-11 14:00:00,0.884,28.1,5.95,78.0,593.4,34.54,27.67,0.0, RUN ,6292.57
2024-08-11 15:00:00,0.85,27.7,6.3,81.0,496.6,34.81,28.05,0.0,RUN,5281.01
2024-08-11 16:00:00,0.889,27.7,5.95,81.0,307.7,32.38,27.87,0.0,RUN,3293.13
2024-08-11 17:00:00,0.945,27.9,5.49,81.0,124.1,29.16,27.23,0.0,RUN,1070.71
2024-08-11 18:00:00,0.957,27.3,4.98,87.0,17.0,27.1,27.58,0.0,run,33.01
11-08-2024 19:00,0.969,26.3,5.69,90.0,0.0,27.1,27.03,0.0,STANDBY,-5.41
2024-08-11 20:00:00,0.94,26.0,5.27,89.0,0.0,26.64,26.36,0.0,STANDBY,0.0
2024-08-11 21:00:00,0.916,25.5,4.89,91.0,0.0,26.8,26.21,0.0,STANDBY,-9.9
2024-08-11 22:00:00,0.93,24.8,5.38,93.0,0.0,26.74,25.38,0.0,standby,-5.85
2024-08-11 23:00:00,0.897,24.0,5.24,95.0,0.0,23.85,24.52,0.0,STANDBY,-4.85
2024-08-12 00:00:00,0.75,21.9,5.38,92.0,0.0,22.18,21.97,0.0,STOP,0.0
2024-08-12 01:00:00,0.645,21.4,5.83,89.0,0.0,20.96,22.07,0.0,STOP,0.0
2024-08-12 02:00:00,0.851,21.5,6.67,95.0,0.0,20.06,21.26,0.0,STOP,0.0
2024-08-12 03:00:00,0.764,22.8,6.79,92.0,0.0,21.7,20.93,0.0,STOP,0.0
2024-08-12 04:00:00,0.753,22.5,6.72,92.0,0.0,20.84,20.93,0.0,stop,-1.58
2024-08-12 05:00:00,0.697,22.2,5.73,89.0,0.0,21.91,21.51,0.0,STOP,-3.46
2024-08-12 06:00:00,0.664,22.5,5.16,88.0,30.8,22.7,21.97,0.0,STOP,-6.4
2024-08-12 07:00:00,0.828,23.4,6.02,87.0,137.6,25.14,22.89,0.0,STOP,-4.29
2024-08-12 08:00:00,0.786,24.2,5.06,84.0,304.3,28.65,23.7,0.0,STOP,0.0
2024-08-12 09:00:00,0.782,25.2,5.27,80.0,425.4,29.42,24.32,0.0,STOP,0.0
2024-08-12 10:00:00,0.727,25.3,5.23,78.0,555.1,30.83,25.37,0.0,STOP,0.0
2024-08-12 11:00:00,0.664,26.0,5.75,74.0,639.7,33.21,25.05,0.0,STOP,-7.95
2024-08-12 12:00:00,0.79,26.3,5.5,70.0,621.3,34.09,26.83,0.2,STOP,-6.97
2024-08-12 13:00:00,0.77,25.8,7.92,70.0,553.1,31.78,25.26,0.5,STOP,0.0
2024-08-12 14:00:00,0.73,26.7,7.12,69.0,491.1,32.65,26.1,0.6,STOP,0.0
2024-08-12 15:00:00,0.677,26.3,7.03,71.0,389.9,32.14,26.16,0.1,STOP,-6.15
12-08-2024 16:00,0.609,27.3,6.71,72.0,275.1,30.34,26.78,0.0,STOP,0.0
2024-08-12 17:00:00,0.55,27.1,7.33,70.0,156.8,28.06,26.26,0.0,stop,-5.49
2024-08-12 18:00:00,0.545,27.3,7.78,73.0,21.2,26.6,26.59,0.0,STOP,-4.17
2024-08-12 19:00:00,0.729,26.4,7.95,74.0,0.0,24.5,25.75,0.0,STOP,0.0
2024-08-12 20:00:00,0.729,26.4,8.97,75.0,0.0,23.8,24.46,0.0,STOP,-3.39
2024-08-12 21:00:00,0.801,25.4,8.42,84.0,0.0,24.64,24.15,0.0,STOP,0.0
2024-08-12 22:00:00,0.868,24.3,8.48,85.0,0.0,24.6,23.13,0.0,STOP,-6.22
2024-08-12 23:00:00,0.781,23.4,9.56,87.0,0.0,23.58,22.87,0.0,STOP,-9.83
2024-08-13 00:00:00,0.666,21.5,11.52,96.0,0.0,19.84,22.57,0.0,STOP,-3.32
2024-08-13 01:00:00,0.85,20.9,9.44,100.0,0.0,21.5,20.88,0.0,STOP,0.0
2024-08-13 02:00:00,0.744,20.4,9.31,100.0,0.0,21.2,20.97,0.0,STOP,-11.21
2024-08-13 03:00:00,0.835,20.0,8.96,100.0,0.0,20.93,20.79,0.0,STOP,0.0
2024-08-13 04:00:00,0.86,20.1,8.22,100.0,0.0,20.91,20.59,0.0,STOP,-999.0
2024-08-13 05:00:00,0.752,19.9,7.98,97.0,0.0,22.69,21.07,0.0,STOP,-8.99
2024-08-13 06:00:00,0.736,20.3,8.78,91.0,37.3,22.76,21.54,0.0,STOP,-4.63
2024-08-13 07:00:00,0.679,21.2,7.78,89.0,180.5,24.68,22.39,0.0,STOP,0.0
2024-08-13 08:00:00,0.845,22.2,7.16,87.0,236.3,25.87,23.62,0.0,STOP,0.0
2024-08-13 09:00:00,0.925,22.8,6.92,88.0,242.9,27.26,24.19,0.0,stop,-2.3
2024-08-13 10:00:00,0.888,23.5,8.33,84.0,371.2,30.3,24.18,0.0,STOP,-10.83
2024-08-13 11:00:00,0.828,24.2,7.63,82.0,472.3,29.79,25.08,0.0, STOP ,-11.22
2024-08-13 12:00:00,0.696,24.6,8.31,81.0,607.8,32.23,25.6,0.0,STOP,-7.44
2024-08-13 13:00:00,0.775,25.1,9.06,80.0,544.8,31.34,25.64,0.0,STOP,0.0
2024-08-13 14:00:00,0.725,24.7,8.9,79.0,561.3,33.42,25.62,0.0,STOP,0.0
2024-08-13 15:00:00,0.73,24.9,9.72,78.0,421.6,29.51,25.53,0.0,STOP,-5.49
2024-08-13 16:00:00,0.632,24.8,10.03,79.0,319.1,29.05,26.56,2.1,STOP,-9.54
2024-08-13 17:00:00,0.598,24.6,9.61,78.0,154.2,29.28,25.88,1.1,STOP,-3.44
2024-08-13 18:00:00,0.72,24.3,8.91,79.0,22.4,25.3,25.61,2.0,STOP,0.0
2024-08-13 19:00:00,0.684,24.2,8.59,79.0,0.0,24.03,25.3,0.5,STOP,-4.52
2024-08-13 20:00:00,0.838,24.3,8.73,84.0,0.0,24.19,25.0,1.1,STOP,-1.76
2024-08-13 21:00:00,0.77,24.3,8.73,89.0,0.0,23.44,23.64,1.6,STOP,-10.47
2024-08-13 22:00:00,0.651,22.8,9.98,91.0,0.0,24.45,22.25,0.0,STOP,0.0
2024-08-13 23:00:00,0.679,22.0,8.92,95.0,0.0,21.82,21.89,0.0,STOP,-7.61
2024-08-14 00:00:00,0.611,19.7,7.12,92.0,0.0,21.66,21.14,0.0,STOP,-4.54
2024-08-14 01:00:00,0.731,19.5,6.96,93.0,0.0,21.04,20.24,0.0,,0.0
2024-08-14 02:00:00,0.792,18.7,7.02,99.0,0.0,19.71,19.98,0.0,STOP,0.0
2024-08-14 03:00:00,0.826,18.7,5.59,98.0,0.0,20.76,20.64,0.0,STOP,-7.06
2024-08-14 04:00:00,0.83,18.6,5.05,100.0,0.0,20.46,19.62,0.0,STOP,0.0
2024-08-14 05:00:00,0.801,19.4,6.23,94.0,0.0,20.6,20.91,0.0,STOP,-8.81
2024-08-14 06:00:00,0.808,19.5,7.33,94.0,30.1,22.68,21.2,0.0,STOP,0.0
2024-08-14 07:00:00,0.753,20.7,7.32,91.0,144.8,24.32,21.67,0.0,STOP,-8.9
2024-08-14 08:00:00,0.788,21.6,7.12,86.0,275.7,27.08,22.53,0.0,STOP,-3.96
2024-08-14 09:00:00,0.83,22.5,6.38,81.0,351.0,28.53,23.69,0.0,STOP,0.0
2024-08-14 10:00:00,0.873,23.2,7.24,80.0,377.1,29.34,23.56,0.0,STOP,-9.64
2024-08-14 11:00:00,0.868,23.3,7.9,77.0,404.9,30.03,24.34,0.0,STOP,0.0
2024-08-14 12:00:00,0.836,23.3,7.01,76.0,492.6,31.91,24.27,0.0,STOP,-10.86
2024-08-14 13:00:00,0.8,24.0,6.95,76.0,569.9,31.92,24.77,0.0,STOP,-8.16
2024-08-14 14:00:00,0.846,24.4,7.62,70.0,451.4,31.82,25.57,0.0,STOP,0.0
2024-08-14 15:00:00,0.861,24.1,7.73,71.0,362.2,28.64,25.41,0.0,stop,-5.57
2024-08-14 16:00:00,0.827,23.7,9.94,71.0,246.7,28.62,24.75,0.0,STOP,-9.04
2024-08-14 17:00:00,0.843,24.0,9.06,72.0,113.9,26.61,24.35,0.0,stop,0.0
2024-08-14 18:00:00,0.624,23.5,8.42,73.0,28.9,26.61,25.4,0.0,STOP,-7.63
2024-08-14 19:00:00,0.523,22.7,8.82,76.0,0.0,25.17,24.48,0.0,STOP,-9.47
2024-08-14 20:00:00,0.783,21.8,7.72,81.0,0.0,25.25,23.78,0.0,stop,-10.63
2024-08-14 21:00:00,0.799,21.7,8.69,91.0,0.0,23.43,23.6,0.0,STOP,-7.59
2024-08-14 22:00:00,0.824,21.7,8.88,90.0,0.0,22.54,22.5,0.0,STOP,0.0
2024-08-14 23:00:00,0.855,20.3,7.36,93.0,0.0,22.92,21.97,0.0,STOP,0.0
2024-08-15 00:00:00,0.778,21.8,5.76,91.0,0.0,22.24,22.22,0.0,STOP,0.0
2024-08-15 01:00:00,0.925,21.7,5.0,97.0,0.0,21.45,22.04,0.0,STOP,0.0
2024-08-15 02:00:00,0.934,20.9,4.95,95.0,0.0,20.5,21.43,0.0,STOP,0.0
2024-08-15 03:00:00,0.838,21.1,6.31,94.0,0.0,20.65,21.56,0.0,STOP,0.0
2024-08-15 04:00:00,0.858,21.4,5.54,97.0,0.0,22.35,21.19,0.0,STOP,-8.11
2024-08-15 05:00:00,0.889,21.3,4.91,95.0,0.0,19.86,21.03,0.0,STOP,-5.32
2024-08-15 06:00:00,0.8,22.3,4.56,90.0,21.1,21.89,22.29,0.0,STOP,-11.12
2024-08-15 07:00:00,0.85,22.3,5.33,89.0,118.2,25.35,22.44,0.0,STOP,0.0
2024-08-15 08:00:00,0.65,22.8,4.96,80.0,296.7,29.0,23.48,0.0,STOP,-3.17
2024-08-15 08:00:00,0.65,22.8,4.96,80.0,296.7,29.0,23.48,0.0,STOP,-3.17
2024-08-15 09:00:00,0.688,23.5,4.75,75.0,422.4,31.55,24.55,0.0,STOP,-2.24
2024-08-15 10:00:00,0.766,23.9,4.4,79.0,452.7,31.9,24.97,0.0,STOP,-10.81
2024-08-15 11:00:00,0.749,23.9,3.81,77.0,521.3,31.14,25.31,0.0,STOP,0.0
2024-08-15 12:00:00,0.572,24.9,3.75,72.0,677.8,34.91,25.45,0.0,STOP,0.0
2024-08-15 13:00:00,0.548,25.0,4.45,66.0,664.5,34.65,25.57,0.0,STOP,-2.18
15-08-2024 14:00,0.621,25.5,4.36,66.0,513.1,33.17,25.71,0.0,STOP,-9.58
2024-08-15 15:00:00,0.65,25.1,6.44,66.0,413.9,32.99,25.42,0.0,STOP,0.0
2024-08-15 16:00:00,0.352,26.3,6.7,65.0,342.4,30.95,26.37,0.0,STOP,0.0
2024-08-15 17:00:00,0.424,26.4,6.93,65.0,151.6,29.4,26.02,0.2,STOP,-3.53
15-08-2024 18:00,0.665,25.9,5.55,70.0,27.6,26.22,25.22,0.1,STOP,0.0
2024-08-15 19:00:00,0.864,25.3,5.67,75.0,0.0,25.67,24.58,0.3,STOP,0.0
2024-08-15 20:00:00,0.846,25.2,5.86,80.0,0.0,25.73,24.7,0.2,STOP,-4.34
2024-08-15 21:00:00,0.896,24.6,5.89,81.0,0.0,24.55,24.5,0.4,STOP,-5.91
2024-08-15 22:00:00,0.885,24.5,6.01,87.0,0.0,24.13,22.86,0.0,STOP,0.0
2024-08-15 23:00:00,0.918,23.3,5.94,87.0,0.0,23.21,23.31,0.0,STOP,-6.05
2024-08-16 00:00:00,0.889,23.0,4.2,96.0,0.0,21.95,22.43,0.0,STOP,0.0
2024-08-16 01:00:00,0.874,21.7,4.85,95.0,0.0,21.82,21.08,0.0,STOP,0.0
2024-08-16 02:00:00,0.893,21.1,5.07,97.0,0.0,21.77,21.81,0.0,,0.0
2024-08-16 03:00:00,0.777,20.5,4.13,100.0,0.0,23.56,20.82,0.0,STOP,-3.23
2024-08-16 04:00:00,0.825,20.2,4.25,100.0,0.0,20.97,21.42,0.0,STOP,0.0
2024-08-16 05:00:00,0.743,21.0,4.07,97.0,0.0,20.97,21.66,0.0,STOP,0.0
2024-08-16 06:00:00,0.693,21.8,4.54,93.0,25.1,21.95,21.73,0.0,STOP,-4.02
2024-08-16 07:00:00,0.764,22.3,4.96,90.0,138.5,24.74,22.29,0.0,STOP,-2.34
2024-08-16 08:00:00,0.911,22.7,5.67,89.0,214.2,25.74,23.31,0.0,STOP,-3.03
2024-08-16 09:00:00,0.921,24.2,5.91,87.0,304.7,30.2,24.35,0.0,STOP,0.0
2024-08-16 10:00:00,0.901,24.5,6.77,84.0,396.0,30.79,25.19,0.0,STOP,-9.61
2024-08-16 11:00:00,0.916,24.5,6.18,80.0,395.0,30.56,24.52,0.0,,-10.09
2024-08-16 12:00:00,0.919,25.1,6.83,80.0,370.5,31.1,25.36,0.0,STOP,0.0
2024-08-16 13:00:00,0.946,25.1,6.32,78.0,344.4,29.52,26.36,0.0,STOP,0.0
2024-08-16 14:00:00,0.925,25.2,6.46,77.0,355.9,30.15,25.05,0.0,STOP,0.0
2024-08-16 15:00:00,0.912,25.5,7.48,75.0,276.1,28.9,25.88,0.0,STOP,-2.31
2024-08-16 16:00:00,0.827,25.4,7.06,74.0,258.1,29.08,25.85,0.0,STOP,-5.29
2024-08-16 17:00:00,0.823,25.7,6.68,75.0,112.9,28.83,25.6,0.0,STOP,0.0
2024-08-16 18:00:00,0.758,25.4,5.57,76.0,15.5,24.63,25.87,0.0, STOP ,0.0
2024-08-16 20:00:00,0.806,24.3,5.0,79.0,0.0,25.0,25.12,0.0,STOP,-2.61
2024-08-16 21:00:00,0.883,23.5,3.9,88.0,0.0,23.31,24.1,0.0,STOP,0.0
2024-08-16 22:00:00,0.886,22.8,3.69,89.0,0.0,22.66,23.43,0.0,STOP,-2.13
2024-08-16 23:00:00,0.831,22.4,3.91,93.0,0.0,22.84,22.4,0.0, STOP ,0.0
2024-08-17 00:00:00,0.866,20.7,3.28,89.0,0.0,21.7,20.63,0.0,STANDBY,-4.16
2024-08-17 01:00:00,0.773,20.9,3.56,88.0,0.0,22.05,20.36,0.0,STANDBY,-4.07
2024-08-17 02:00:00,0.724,20.3,4.51,92.0,0.0,19.22,21.11,0.0,STANDBY,0.0
2024-08-17 03:00:00,0.731,20.3,5.38,92.0,0.0,19.84,20.43,0.0,STANDBY,-6.71
2024-08-17 04:00:00,0.812,20.2,5.02,91.0,0.0,20.16,20.09,0.0,STANDBY,-9.45
2024-08-17 05:00:00,0.859,20.4,4.88,91.0,0.0,20.23,20.6,0.0, STANDBY ,-5.51
2024-08-17 06:00:00,0.862,21.2,5.16,91.0,37.3,21.49,21.1,0.0,run,119.52
2024-08-17 07:00:00,0.86,21.9,5.64,89.0,154.5,25.45,22.03,0.0,RUN,3581.34
2024-08-17 08:00:00,0.794,22.5,5.29,83.0,342.1,27.41,22.57,0.0,RUN,-999.0
2024-08-17 09:00:00,0.757,23.5,6.01,81.0,517.0,33.44,24.02,0.0,run,5564.8
2024-08-17 10:00:00,0.843,24.1,6.59,74.0,641.4,34.55,24.1,0.0,RUN,6822.87
2024-08-17 11:00:00,0.93,24.3,6.94,72.0,511.0,32.39,23.89,0.0,RUN,5637.12
2024-08-17 12:00:00,0.817,24.8,6.82,66.0,663.9,35.27,24.62,0.0,RUN,7306.7
2024-08-17 13:00:00,0.678,25.8,6.95,63.0,732.5,35.8,25.32,0.0,RUN,7683.59
2024-08-17 14:00:00,0.626,25.8,7.01,63.0,630.6,34.59,25.52,0.0,RUN,6711.99
2024-08-17 15:00:00,0.572,25.1,7.34,66.0,472.5,32.79,25.5,0.0,RUN,4947.73
2024-08-17 16:00:00,0.523,25.0,7.07,64.0,370.3,31.02,24.96,0.0,RUN,3671.98
2024-08-17 17:00:00,0.599,24.5,6.23,68.0,154.2,27.5,24.84,0.0,RUN,1353.16
2024-08-17 18:00:00,0.59,24.5,5.26,67.0,16.7,25.68,24.66,0.0,RUN,25.65
2024-08-17 19:00:00,0.566,23.9,5.65,72.0,0.0,24.21,24.86,0.0,STANDBY,-4.64
2024-08-17 20:00:00,0.653,23.9,6.15,72.0,0.0,24.8,24.07,0.0,STANDBY,-9.67
2024-08-17 21:00:00,0.679,22.3,5.3,77.0,0.0,22.62,23.33,0.0,STANDBY,-6.48
17-08-2024 22:00,0.666,21.5,4.79,83.0,0.0,22.17,22.7,0.0,STANDBY,0.0
2024-08-17 23:00:00,0.557,20.7,4.56,84.0,0.0,22.04,21.63,0.0,STANDBY,0.0
2024-08-18 00:00:00,0.406,22.4,4.69,96.0,0.0,21.39,20.35,0.0,STANDBY,-3.96
2024-08-18 01:00:00,0.618,21.8,4.73,100.0,0.0,20.32,21.26,0.0,STANDBY,-1.7
2024-08-18 02:00:00,0.428,21.8,4.87,98.0,0.0,19.64,20.25,0.0,STANDBY,-5.01
2024-08-18 03:00:00,0.431,21.6,4.45,100.0,0.0,20.12,19.7,0.0,STANDBY,-5.85
2024-08-18 04:00:00,0.523,21.6,4.02,99.0,0.0,20.35,20.57,0.0,STANDBY,-6.8
2024-08-18 05:00:00,0.438,22.2,4.48,99.0,0.0,19.84,20.41,0.0,STANDBY,0.0
2024-08-18 06:00:00,0.454,23.6,3.94,98.0,46.1,22.33,21.22,0.0,RUN,184.23
2024-08-18 07:00:00,0.389,24.6,4.51,95.0,217.1,24.91,21.79,0.0,RUN,2051.12
2024-08-18 08:00:00,0.302,25.4,4.23,90.0,439.6,31.75,22.67,0.0,RUN,4751.58
2024-08-18 09:00:00,0.525,26.2,4.01,91.0,604.6,34.54,23.89,0.0,RUN,6479.45
2024-08-18 10:00:00,0.549,27.4,4.3,89.0,780.3,38.13,24.14,0.0,RUN,8069.54
2024-08-18 11:00:00,0.701,27.5,4.19,85.0,853.7,38.34,24.87,0.0,RUN,8789.88
2024-08-18 12:00:00,0.748,27.1,3.97,82.0,757.2,38.33,24.91,0.0,RUN,8436.67
2024-08-18 13:00:00,0.83,26.5,4.58,81.0,694.7,37.2,25.45,0.0,RUN,7630.05
2024-08-18 14:00:00,0.846,26.9,4.51,82.0,593.7,33.68,25.08,0.0,run,6386.44
2024-08-18 15:00:00,0.774,27.5,5.17,80.0,534.5,34.5,25.06,0.0,RUN,12863.53
2024-08-18 16:00:00,0.442,27.8,4.33,77.0,398.4,32.57,25.84,0.0,RUN,4128.76
2024-08-18 17:00:00,0.579,26.9,3.97,81.0,168.2,28.6,25.68,0.0,RUN,1555.44
2024-08-18 18:00:00,0.63,26.4,4.12,85.0,26.1,25.99,25.03,0.0,RUN,0.54
2024-08-18 19:00:00,0.521,25.9,3.84,85.0,0.0,24.1,24.34,0.0,STANDBY,0.0
2024-08-18 20:00:00,0.355,25.1,3.43,85.0,0.0,24.3,25.06,0.0,STANDBY,0.0
2024-08-18 21:00:00,0.49,24.6,3.13,90.0,0.0,21.94,23.18,0.0,STANDBY,-4.19
2024-08-18 22:00:00,0.414,23.9,3.0,91.0,0.0,23.33,22.71,0.0,STANDBY,-6.56
2024-08-18 23:00:00,0.633,22.6,3.01,96.0,0.0,21.93,21.81,0.0,STANDBY,-2.58
2024-08-19 00:00:00,0.624,21.2,2.78,93.0,0.0,22.44,21.37,0.0,STANDBY,0.0
2024-08-19 01:00:00,0.639,21.0,2.81,92.0,0.0,19.68,21.21,0.0,STANDBY,-8.52
2024-08-19 02:00:00,0.698,19.8,3.26,94.0,0.0,21.42,20.51,0.0,STANDBY,0.0
2024-08-19 03:00:00,0.586,19.6,3.21,91.0,0.0,20.3,20.88,0.0,STANDBY,-8.73
2024-08-19 04:00:00,0.659,20.1,3.49,92.0,0.0,21.31,20.28,0.0,STANDBY,-10.6
2024-08-19 05:00:00,0.644,20.8,3.07,92.0,0.0,21.17,20.65,0.0,STANDBY,-10.08
2024-08-19 06:00:00,0.608,21.7,3.38,89.0,32.8,22.26,21.78,0.0,RUN,229.24
2024-08-19 08:00:00,0.746,22.9,3.74,88.0,322.7,27.0,23.5,0.0,run,3370.46
2024-08-19 09:00:00,0.534,23.3,3.99,82.0,558.3,33.79,23.49,0.0,RUN,6090.72
2024-08-19 10:00:00,0.728,24.5,4.04,78.0,588.3,33.5,25.06,0.0,RUN,6373.86
2024-08-19 11:00:00,0.693,24.3,3.69,75.0,662.7,34.8,25.1,0.0,run,7404.23
2024-08-19 12:00:00,0.603,25.1,4.21,73.0,773.5,37.69,25.27,0.0,RUN,8564.15
2024-08-19 13:00:00,0.637,25.9,4.65,71.0,813.3,36.85,25.27,2.9,RUN,8729.86
2024-08-19 14:00:00,0.644,26.7,4.72,72.0,673.5,37.02,26.41,2.9,RUN,7550.64
2024-08-19 15:00:00,0.63,26.8,4.61,74.0,505.9,33.66,26.49,2.5,RUN,5462.53
2024-08-19 16:00:00,0.528,26.6,3.94,72.0,371.6,31.25,25.94,2.8,RUN,3821.78
2024-08-19 17:00:00,0.467,26.5,4.07,72.0,169.9,27.68,25.47,3.4,RUN,1539.55
2024-08-19 18:00:00,0.649,26.2,3.57,74.0,22.8,26.36,25.49,0.0,RUN,57.94
2024-08-19 19:00:00,0.676,25.4,4.38,75.0,0.0,25.86,24.93,0.0,STANDBY,-8.5
2024-08-19 20:00:00,0.532,24.7,4.02,76.0,0.0,25.4,24.85,0.0,STANDBY,-7.31
2024-08-19 21:00:00,0.687,24.0,3.84,78.0,0.0,23.12,24.27,0.0,STANDBY,-10.5
2024-08-19 22:00:00,0.611,24.0,4.0,82.0,0.0,22.29,23.77,0.0,STANDBY,0.0
2024-08-19 23:00:00,0.617,22.5,4.06,88.0,0.0,23.37,21.79,0.0,STANDBY,-9.75
2024-08-20 00:00:00,0.724,20.9,5.5,92.0,0.0,21.59,20.86,0.0,STANDBY,-5.4
2024-08-20 01:00:00,0.821,20.4,6.19,95.0,0.0,19.76,21.43,0.0,STANDBY,0.0
2024-08-20 02:00:00,0.825,20.0,7.87,99.0,0.0,19.57,20.29,0.0,STANDBY,-6.79
2024-08-20 03:00:00,0.692,19.9,6.72,100.0,0.0,20.12,21.66,0.0,STANDBY,-7.22
2024-08-20 04:00:00,0.428,19.4,7.99,96.0,0.0,20.67,21.32,0.0,STANDBY,0.0
2024-08-20 05:00:00,0.524,20.3,6.96,96.0,0.0,21.0,21.07,0.0,STANDBY,-6.44
2024-08-20 06:00:00,0.639,20.9,7.49,94.0,24.5,21.76,22.17,0.0,RUN,43.92
2024-08-20 07:00:00,0.645,21.2,7.18,92.0,155.0,24.18,22.02,0.0,RUN,1416.9
2024-08-20 08:00:00,0.733,22.7,6.87,87.0,251.9,27.38,23.27,0.0,RUN,2676.18
2024-08-20 09:00:00,0.672,23.5,6.15,88.0,364.3,30.76,24.02,0.0,RUN,4003.22
2024-08-20 10:00:00,0.843,23.5,6.25,86.0,379.4,30.28,23.83,0.0,RUN,4338.1
2024-08-20 11:00:00,0.847,24.1,6.79,82.0,415.1,31.78,24.86,0.0,RUN,4519.22
2024-08-20 12:00:00,0.708,24.9,7.34,78.0,-999.0,33.17,25.7,0.0, RUN ,6101.47
2024-08-20 13:00:00,0.632,24.9,7.41,75.0,655.2,34.74,25.89,0.0,RUN,6951.86
2024-08-20 14:00:00,0.754,25.0,8.18,74.0,448.3,33.77,25.77,0.0,RUN,4923.44
2024-08-20 15:00:00,0.723,25.7,8.04,73.0,408.6,32.45,24.62,4.7,RUN,4331.68
2024-08-20 16:00:00,0.569,26.0,8.65,72.0,323.8,31.62,26.06,5.7,RUN,3500.43
2024-08-20 17:00:00,0.458,26.5,8.69,74.0,166.9,28.21,25.38,1.1,RUN,1567.98
2024-08-20 18:00:00,0.485,25.9,6.71,77.0,24.4,27.45,25.48,3.9,run,16.24
2024-08-20 19:00:00,0.7,24.1,6.76,86.0,0.0,24.69,24.49,4.0,STANDBY,-11.38
2024-08-20 20:00:00,0.83,23.5,6.45,85.0,0.0,25.13,25.03,0.0,STANDBY,-6.51
2024-08-20 21:00:00,0.897,23.4,7.01,90.0,0.0,22.49,23.98,0.0,STANDBY,-10.96
2024-08-20 22:00:00,0.835,22.4,6.03,91.0,0.0,22.85,23.06,0.0,STANDBY,0.0
2024-08-20 23:00:00,0.888,21.7,6.35,88.0,0.0,21.87,21.87,0.0,STANDBY,0.0
2024-08-21 00:00:00,0.945,19.3,5.03,96.0,0.0,22.95,21.55,0.0,standby,-4.14
2024-08-21 01:00:00,0.938,19.1,4.42,99.0,0.0,18.98,19.94,0.0,STANDBY,0.0
2024-08-21 02:00:00,0.889,19.0,3.79,99.0,0.0,20.93,19.47,0.0,STANDBY,-7.29
2024-08-21 03:00:00,0.898,18.4,3.68,100.0,0.0,19.48,19.15,0.0,STANDBY,0.0
2024-08-21 04:00:00,0.79,18.5,4.34,100.0,0.0,19.1,19.82,0.0,STANDBY,-7.15
2024-08-21 05:00:00,0.805,18.6,4.37,99.0,0.0,20.0,20.4,0.0,STANDBY,0.0
2024-08-21 06:00:00,0.867,19.6,4.67,98.0,17.7,20.36,20.21,0.0,RUN,76.17
2024-08-21 07:00:00,0.933,20.6,4.61,94.0,114.6,22.75,21.49,0.0,RUN,1022.69
2024-08-21 08:00:00,0.919,20.9,4.97,91.0,254.9,27.48,22.62,3.3,RUN,2593.31
2024-08-21 09:00:00,0.914,21.5,4.4,90.0,342.8,29.15,22.88,1.9,RUN,3669.49
2024-08-21 10:00:00,0.917,21.6,4.18,87.0,370.2,28.82,24.1,2.8,RUN,4047.56
2024-08-21 11:00:00,0.837,22.5,4.51,80.0,528.7,31.89,24.13,2.0,RUN,5651.92
2024-08-21 12:00:00,0.908,22.4,4.35,82.0,457.1,32.36,23.8,1.9,RUN,4973.22
2024-08-21 13:00:00,0.935,22.9,4.78,83.0,371.4,30.35,24.22,2.5,RUN,4122.77
2024-08-21 14:00:00,0.894,22.9,4.72,79.0,405.3,30.32,24.79,0.0,RUN,4375.26
2024-08-21 15:00:00,0.91,23.1,4.48,77.0,313.1,28.55,24.25,0.0,RUN,3514.81
2024-08-21 16:00:00,0.853,22.9,4.3,76.0,236.0,27.88,24.49,0.0,run,2411.99
2024-08-21 17:00:00,0.837,22.4,4.69,79.0,106.1,25.78,24.44,0.0,RUN,1004.35
2024-08-21 18:00:00,0.942,22.2,6.34,79.0,9.0,24.93,24.51,0.0,RUN,30.36
2024-08-21 19:00:00,0.893,22.2,6.21,79.0,0.0,23.65,23.53,0.0,STANDBY,-3.68
2024-08-21 20:00:00,0.747,22.1,4.59,79.0,0.0,22.58,23.5,0.0,STANDBY,-5.25
2024-08-21 21:00:00,0.707,21.4,4.78,85.0,0.0,23.2,23.03,0.0, STANDBY ,0.0
2024-08-21 22:00:00,0.734,21.2,5.02,92.0,0.0,21.11,21.71,0.0,STANDBY,0.0
2024-08-21 23:00:00,0.752,21.2,4.78,91.0,0.0,21.02,21.39,0.0,STANDBY,-1.79
2024-08-22 00:00:00,0.47,23.5,5.75,89.0,0.0,23.75,22.17,0.0,STANDBY,0.0
2024-08-22 01:00:00,0.529,22.6,6.22,95.0,0.0,20.69,21.66,0.0,STANDBY,-10.74
2024-08-22 02:00:00,0.564,23.4,5.38,98.0,0.0,21.36,21.31,0.0,STANDBY,-7.57
2024-08-22 03:00:00,0.574,23.4,4.62,96.0,0.0,20.54,20.47,0.0,STANDBY,-11.24
2024-08-22 04:00:00,0.647,23.1,4.32,98.0,0.0,21.93,21.72,0.0,STANDBY,0.0
2024-08-22 05:00:00,0.431,23.3,4.03,96.0,0.0,21.55,21.36,0.0,STANDBY,0.0
2024-08-22 07:00:00,0.499,24.2,3.72,90.0,170.9,26.73,23.13,0.0,RUN,1751.53
2024-08-22 08:00:00,0.564,24.1,4.4,88.0,316.5,28.5,24.19,0.0,RUN,3442.72
2024-08-22 09:00:00,0.644,25.0,4.39,86.0,437.6,33.43,24.75,0.0,RUN,4706.74
2024-08-22 10:00:00,0.649,26.6,4.89,85.0,606.4,35.37,24.76,0.0,RUN,6459.39
2024-08-22 11:00:00,0.348,27.2,5.42,81.0,883.4,37.87,26.57,0.0,RUN,9235.41
2024-08-22 12:00:00,0.49,27.3,5.5,75.0,823.8,39.0,25.84,0.0,RUN,8713.93
2024-08-22 13:00:00,0.562,27.3,6.07,75.0,737.2,37.37,26.3,0.2,run,7815.0
2024-08-22 14:00:00,0.46,27.3,6.72,76.0,637.1,37.34,27.09,0.9,RUN,7441.84
2024-08-22 15:00:00,0.564,27.7,6.33,76.0,483.3,34.12,26.55,0.3,RUN,5102.42
2024-08-22 16:00:00,0.689,27.2,7.32,77.0,287.4,29.07,26.6,1.1,RUN,2980.55
2024-08-22 17:00:00,0.702,27.2,6.44,75.0,123.4,27.59,26.74,0.0,RUN,1118.85
2024-08-22 18:00:00,0.763,26.3,5.51,77.0,12.7,27.12,25.7,0.0,RUN,84.17
2024-08-22 19:00:00,0.637,26.6,5.91,80.0,0.0,25.23,26.75,0.0,STANDBY,-1.62
2024-08-22 20:00:00,0.686,25.6,5.12,83.0,0.0,24.69,25.36,0.0,STANDBY,-11.49
2024-08-22 21:00:00,0.441,25.6,4.83,84.0,0.0,23.59,23.96,0.0,STANDBY,-2.96
2024-08-22 22:00:00,0.339,24.6,5.08,83.0,0.0,22.92,24.28,0.0, STANDBY ,0.0
2024-08-22 23:00:00,0.41,23.9,4.74,88.0,0.0,20.49,22.69,0.0,STANDBY,0.0
2024-08-23 00:00:00,0.798,23.9,6.5,90.0,0.0,21.11,21.84,0.0,STANDBY,0.0
2024-08-23 01:00:00,0.828,23.0,6.23,94.0,0.0,20.56,21.02,0.0,STANDBY,-2.55
2024-08-23 02:00:00,0.843,22.9,6.77,95.0,0.0,20.84,20.41,0.0,STANDBY,-7.74
2024-08-23 03:00:00,0.949,22.0,7.63,94.0,0.0,21.03,19.65,0.0,STANDBY,0.0
23-08-2024 04:00,0.88,22.2,9.72,93.0,0.0,20.23,20.91,0.0,STANDBY,-1.63
2024-08-23 05:00:00,0.838,22.5,10.32,90.0,0.0,20.15,21.06,0.0,STANDBY,-8.83
2024-08-23 06:00:00,0.82,23.7,10.22,89.0,25.8,21.95,22.24,0.0,run,84.14
2024-08-23 07:00:00,0.913,24.2,8.92,89.0,98.6,23.91,21.6,0.0,RUN,898.91
2024-08-23 08:00:00,0.923,25.1,7.84,86.0,216.7,26.35,23.09,0.0,run,2233.4
2024-08-23 09:00:00,0.752,25.4,9.19,82.0,445.5,31.73,24.77,0.0,RUN,5020.33
2024-08-23 10:00:00,0.861,26.4,9.26,80.0,481.6,33.06,24.12,0.0,RUN,5310.62
2024-08-23 11:00:00,0.853,26.7,11.18,77.0,542.7,33.86,25.19,0.0,RUN,5871.38
2024-08-23 12:00:00,0.782,26.8,9.36,72.0,606.7,35.52,25.67,0.5,RUN,6746.72
2024-08-23 13:00:00,0.849,27.0,11.97,72.0,543.0,32.54,25.41,1.3,RUN,5655.28
2024-08-23 14:00:00,0.896,26.9,12.76,71.0,408.3,32.37,25.73,0.9,run,4395.14
2024-08-23 15:00:00,0.917,26.7,13.77,68.0,314.9,30.94,25.77,1.3,RUN,3269.09
2024-08-23 16:00:00,0.941,26.8,10.01,71.0,178.2,28.03,25.21,0.0,RUN,1839.62
2024-08-23 17:00:00,0.943,26.4,8.48,72.0,79.3,26.18,24.91,0.0,RUN,668.42
2024-08-23 18:00:00,0.904,25.8,9.73,71.0,8.0,25.78,25.38,0.0,RUN,0.0
2024-08-23 20:00:00,0.832,24.8,8.42,80.0,0.0,24.86,24.71,0.0,STANDBY,-999.0
2024-08-23 21:00:00,0.891,23.8,7.13,87.0,0.0,23.3,23.14,0.0,STANDBY,0.0
2024-08-23 22:00:00,0.829,23.4,6.29,89.0,0.0,22.53,22.99,0.0,STANDBY,-3.88
2024-08-23 23:00:00,0.816,22.7,6.51,93.0,0.0,21.95,22.24,0.0,STANDBY,0.0
2024-08-24 00:00:00,0.878,19.7,3.12,92.0,0.0,20.46,21.36,0.0,STANDBY,-10.77
2024-08-24 01:00:00,0.961,19.5,2.97,93.0,0.0,20.55,19.72,0.0,STANDBY,-5.12
2024-08-24 02:00:00,0.942,19.7,3.54,94.0,0.0,20.32,20.35,0.0,STANDBY,-7.85
2024-08-24 03:00:00,0.934,19.5,3.74,92.0,0.0,20.05,19.78,0.0,STANDBY,0.0
2024-08-24 04:00:00,0.909,19.4,3.84,92.0,0.0,18.42,20.36,0.0,STANDBY,-10.95
2024-08-24 05:00:00,0.891,20.1,3.43,92.0,0.0,20.16,20.72,0.0,STANDBY,-7.84
2024-08-24 06:00:00,0.893,20.9,3.6,88.0,35.3,21.67,20.97,0.0,RUN,109.0
2024-08-24 07:00:00,0.886,22.1,4.64,87.0,171.2,23.62,21.74,0.0,RUN,1638.71
2024-08-24 08:00:00,0.806,22.6,5.01,82.0,370.3,28.17,23.17,0.0,RUN,3914.78
2024-08-24 09:00:00,0.719,23.2,4.99,78.0,598.9,33.02,24.14,0.0,RUN,6479.25
2024-08-24 10:00:00,0.731,23.7,6.09,72.0,673.7,34.37,24.35,0.0,RUN,7516.0
2024-08-24 11:00:00,0.807,24.4,7.33,69.0,682.3,35.94,24.74,0.0,RUN,7357.93
2024-08-24 12:00:00,0.872,24.8,6.04,72.0,673.6,33.86,25.21,0.0,RUN,7137.9
2024-08-24 13:00:00,0.818,25.6,7.31,72.0,631.7,33.58,25.36,0.9,RUN,7103.58
2024-08-24 14:00:00,0.756,25.4,9.59,73.0,552.9,32.88,25.36,1.7,RUN,6132.84
2024-08-24 15:00:00,0.846,25.2,7.77,73.0,375.0,31.44,25.13,1.9,RUN,4033.07
2024-08-24 16:00:00,0.742,25.2,7.09,71.0,307.4,30.61,25.03,2.5,RUN,3255.04
2024-08-24 17:00:00,0.84,24.8,6.66,74.0,121.1,26.87,25.05,1.3,RUN,1107.76
2024-08-24 18:00:00,0.868,24.4,5.89,76.0,11.4,24.95,24.9,0.1,RUN,-9.2
2024-08-24 19:00:00,0.866,23.6,4.66,78.0,0.0,24.83,24.13,0.0,STANDBY,0.0
2024-08-24 20:00:00,0.892,22.8,4.72,83.0,0.0,24.4,24.4,0.0,STANDBY,0.0
2024-08-24 21:00:00,0.867,22.2,5.7,87.0,0.0,24.26,23.94,0.0,STANDBY,-9.49
2024-08-24 22:00:00,0.835,21.8,5.45,87.0,0.0,23.64,22.37,0.0,STANDBY,-3.08
2024-08-24 23:00:00,0.879,20.9,4.9,90.0,0.0,22.4,21.59,0.0,STANDBY,-2.04
2024-08-25 00:00:00,0.802,19.1,5.03,88.0,412.6,19.67,21.15,0.0,STANDBY,0.0
2024-08-25 01:00:00,0.825,18.3,5.39,90.0,412.6,20.26,20.85,0.0,STANDBY,0.0
2024-08-25 02:00:00,0.914,17.8,5.84,95.0,412.6,19.11,20.18,0.0,standby,-6.23
2024-08-25 03:00:00,0.913,18.4,5.45,97.0,412.6,20.8,20.8,0.0, STANDBY ,0.0
2024-08-25 04:00:00,0.779,18.2,5.08,93.0,412.6,20.52,20.03,0.0,STANDBY,0.0
2024-08-25 05:00:00,0.781,18.7,5.58,88.0,412.6,19.72,20.26,0.0,STANDBY,0.0
2024-08-25 06:00:00,0.657,18.8,6.12,85.0,412.6,21.33,21.11,0.0,RUN,168.91
2024-08-25 07:00:00,0.749,20.0,4.96,79.0,412.6,24.75,21.81,0.0,RUN,1482.74
2024-08-25 08:00:00,0.819,21.2,4.47,77.0,412.6,27.1,23.02,0.0,RUN,2645.82
2024-08-25 09:00:00,0.807,22.4,4.51,76.0,412.6,31.26,22.81,0.0,RUN,4413.32
2024-08-25 10:00:00,0.712,22.8,4.89,72.0,412.6,34.67,24.46,0.0,RUN,6814.63
2024-08-25 11:00:00,0.811,23.0,4.76,71.0,412.6,36.09,24.48,0.0,RUN,7200.77
2024-08-25 12:00:00,0.834,23.1,5.78,66.0,412.6,35.1,24.37,0.0,run,7104.65
2024-08-25 13:00:00,0.754,23.6,6.27,69.0,412.6,36.92,24.61,0.0,RUN,7473.01
2024-08-25 14:00:00,0.634,23.9,7.06,66.0,412.6,36.21,25.98,0.0,RUN,7439.31
2024-08-25 15:00:00,0.601,24.3,6.59,67.0,412.6,32.68,-999.0,0.0,RUN,5722.72
2024-08-25 16:00:00,0.768,24.1,6.85,68.0,412.6,30.18,25.32,0.0,RUN,3211.9
2024-08-25 17:00:00,0.841,24.0,6.59,69.0,412.6,26.07,24.49,0.1,run,1075.79
2024-08-25 18:00:00,0.868,24.4,6.08,69.0,412.6,26.31,23.92,0.1,RUN,53.66
2024-08-25 19:00:00,0.893,24.5,5.47,77.0,412.6,25.78,24.43,0.0,STANDBY,0.0
2024-08-25 20:00:00,0.901,23.5,5.36,75.0,412.6,24.04,24.0,0.0,STANDBY,0.0
2024-08-25 22:00:00,0.859,22.2,5.76,85.0,412.6,23.45,22.5,0.0,STANDBY,-3.85
2024-08-25 23:00:00,0.659,20.8,5.27,84.0,412.6,20.77,21.27,0.0,STANDBY,0.0
2024-08-26 00:00:00,0.914,20.6,5.3,91.0,412.6,22.59,20.31,0.0,STANDBY,-2.07
2024-08-26 01:00:00,0.953,20.1,4.86,92.0,412.6,20.62,19.4,0.0,STANDBY,-8.68
2024-08-26 03:00:00,0.86,19.9,4.07,88.0,412.6,19.19,19.35,0.0,STANDBY,0.0
2024-08-26 04:00:00,0.821,19.7,4.33,85.0,412.6,19.51,19.18,0.0,STANDBY,0.0
2024-08-26 05:00:00,0.929,19.5,4.18,88.0,412.6,19.39,19.5,0.0,STANDBY,0.0
2024-08-26 06:00:00,0.944,20.7,4.12,88.0,412.6,20.54,20.38,0.0,RUN,62.21
2024-08-26 07:00:00,0.931,21.3,4.41,85.0,412.6,23.24,20.7,0.0,RUN,1297.18
2024-08-26 08:00:00,0.934,22.4,4.75,82.0,412.6,27.55,22.02,0.0,run,3087.72
2024-08-26 09:00:00,0.908,22.5,4.5,78.0,412.6,31.51,22.46,0.0,RUN,5211.59
2024-08-26 10:00:00,0.857,23.5,4.91,74.0,412.6,35.09,22.81,0.0, RUN ,7283.41
2024-08-26 11:00:00,0.858,24.4,5.23,73.0,412.6,36.51,23.09,0.0,RUN,7540.21
2024-08-26 12:00:00,0.874,24.8,5.52,70.0,412.6,33.43,23.58,0.0,RUN,7027.83
2024-08-26 13:00:00,0.882,25.7,5.74,67.0,412.6,35.47,24.24,0.9,RUN,7271.06
2024-08-26 14:00:00,0.949,25.1,6.59,69.0,412.6,30.02,24.2,0.1,RUN,4870.74
2024-08-26 15:00:00,0.935,25.4,8.86,69.0,412.6,29.48,24.18,0.5,RUN,4328.73
2024-08-26 16:00:00,0.925,24.9,8.39,72.0,412.6,27.84,24.78,0.4,RUN,2776.87
26-08-2024 17:00,0.949,24.2,8.09,75.0,412.6,25.55,24.41,0.0,RUN,849.37
2024-08-26 18:00:00,0.917,23.5,6.71,76.0,412.6,23.32,24.34,0.0,RUN,43.22
2024-08-26 19:00:00,0.937,23.3,5.68,80.0,412.6,23.49,22.66,0.0,STANDBY,-7.18
2024-08-26 20:00:00,0.953,22.8,4.3,82.0,412.6,23.26,23.39,0.0,STANDBY,-11.11
2024-08-26 21:00:00,0.922,22.0,4.51,85.0,412.6,23.38,22.79,0.0,standby,0.0
2024-08-26 22:00:00,0.934,21.1,4.63,87.0,412.6,20.08,21.86,0.0,STANDBY,0.0
2024-08-26 23:00:00,0.931,20.3,4.6,90.0,412.6,20.6,21.52,0.0,STANDBY,0.0
2024-08-27 00:00:00,0.777,20.9,5.0,90.0,412.6,20.65,20.19,0.0,STANDBY,-4.13
2024-08-27 01:00:00,0.816,20.2,4.82,93.0,412.6,20.1,19.95,0.0,STANDBY,0.0
2024-08-27 02:00:00,0.845,19.4,5.82,94.0,412.6,20.38,19.86,0.0,STANDBY,-5.57
2024-08-27 03:00:00,0.886,19.4,5.88,94.0,412.6,18.74,19.1,0.0,STANDBY,-8.89
2024-08-27 04:00:00,0.894,19.5,4.84,95.0,412.6,19.82,19.96,0.0,STANDBY,-2.26
2024-08-27 05:00:00,0.94,19.9,4.72,96.0,412.6,19.25,19.57,0.0,STANDBY,-8.39
2024-08-27 06:00:00,0.892,21.3,5.75,93.0,412.6,20.33,21.38,0.0,RUN,124.69
2024-08-27 07:00:00,0.879,21.9,5.21,88.0,412.6,23.63,21.08,0.0,RUN,1344.32
2024-08-27 08:00:00,0.812,23.1,5.29,82.0,412.6,27.04,22.55,0.0,RUN,3045.12
2024-08-27 09:00:00,0.72,23.8,5.72,74.0,412.6,31.71,23.53,0.0,RUN,5499.87
2024-08-27 10:00:00,0.632,25.2,6.39,72.0,412.6,35.41,23.66,0.0, RUN ,7133.53
2024-08-27 11:00:00,0.689,25.2,6.03,73.0,412.6,35.25,23.91,0.0,RUN,7203.32
2024-08-27 12:00:00,0.717,25.2,5.73,71.0,412.6,34.5,24.37,0.0,RUN,6938.89
2024-08-27 13:00:00,0.798,25.7,7.0,72.0,412.6,33.45,24.98,0.0,RUN,6093.02
2024-08-27 14:00:00,0.805,25.8,7.69,69.0,412.6,30.41,24.93,0.0,RUN,4857.07
2024-08-27 15:00:00,0.795,25.7,6.88,69.0,412.6,31.01,25.46,0.0,run,4323.74
2024-08-27 16:00:00,0.883,25.2,6.14,67.0,412.6,28.41,24.76,0.0,RUN,2344.28
2024-08-27 17:00:00,0.897,24.8,5.58,66.0,412.6,27.02,24.44,0.0,RUN,884.06
2024-08-27 18:00:00,0.804,24.6,7.1,64.0,412.6,25.58,24.89,0.0,RUN,39.47
2024-08-27 19:00:00,0.757,23.7,7.33,68.0,412.6,24.13,23.6,0.0,STANDBY,0.0
2024-08-27 20:00:00,0.716,23.2,5.98,70.0,412.6,23.56,24.02,0.0,STANDBY,-10.23
2024-08-27 21:00:00,0.735,22.8,4.61,78.0,412.6,23.36,22.91,0.0,STANDBY,0.0
2024-08-27 22:00:00,0.819,22.0,4.83,85.0,412.6,21.88,22.34,0.0,STANDBY,0.0
2024-08-27 23:00:00,0.796,21.0,5.86,87.0,412.6,21.85,21.82,0.0,STANDBY,-8.77
2024-08-28 00:00:00,0.576,23.8,9.58,91.0,0.0,22.83,22.95,0.0, STANDBY ,0.0
2024-08-28 01:00:00,0.847,23.3,9.7,96.0,0.0,22.96,21.75,0.0,STANDBY,-4.99
2024-08-28 02:00:00,0.77,23.3,8.81,96.0,0.0,22.2,21.99,0.0,STANDBY,0.0
2024-08-28 03:00:00,0.785,22.8,8.79,96.0,0.0,22.43,21.96,0.0,STANDBY,0.0
2024-08-28 04:00:00,0.867,22.7,8.19,93.0,0.0,22.16,21.97,0.0,STANDBY,-3.99
2024-08-28 05:00:00,0.778,22.9,9.13,93.0,0.0,22.61,22.31,0.0,STANDBY,0.0
2024-08-28 06:00:00,0.776,23.4,10.24,91.0,22.2,23.12,22.43,0.0,RUN,134.21
2024-08-28 07:00:00,0.493,24.8,9.93,87.0,186.7,25.44,23.61,0.0, RUN ,1787.46
2024-08-28 08:00:00,0.535,24.7,9.2,88.0,339.7,31.47,24.79,0.0,RUN,-999.0
2024-08-28 09:00:00,0.581,25.9,8.65,89.0,483.1,32.98,25.58,0.0,RUN,4957.72
2024-08-28 10:00:00,0.521,26.7,8.49,78.0,634.2,36.37,25.47,0.0, RUN ,6762.91
2024-08-28 11:00:00,0.606,27.4,10.38,76.0,641.5,35.33,26.57,0.0,RUN,6750.92
2024-08-28 13:00:00,0.35,28.1,9.69,67.0,773.3,38.13,27.36,0.0,RUN,8424.78
2024-08-28 14:00:00,0.412,27.9,9.87,66.0,577.7,35.86,27.35,0.0,RUN,6194.7
2024-08-28 15:00:00,0.472,27.7,9.43,66.0,390.3,31.69,27.21,0.0,RUN,4123.42
2024-08-28 16:00:00,0.51,27.6,9.99,65.0,247.8,30.2,27.08,0.0,run,2520.49
2024-08-28 17:00:00,0.639,27.4,9.91,72.0,95.3,27.82,26.66,0.0,RUN,853.49
2024-08-28 18:00:00,0.546,27.4,8.3,77.0,14.9,27.4,27.34,0.0,RUN,23.12
2024-08-28 19:00:00,0.699,27.1,9.71,81.0,0.0,27.3,25.93,0.0,STANDBY,-4.39
2024-08-28 20:00:00,0.714,26.3,8.92,83.0,0.0,25.56,25.58,0.0,STANDBY,0.0
28-08-2024 21:00,0.631,26.4,8.49,85.0,0.0,25.49,24.72,0.0,STANDBY,0.0
2024-08-28 22:00:00,0.624,25.4,7.93,88.0,0.0,25.0,24.18,0.0,STANDBY,-8.36
2024-08-28 23:00:00,0.759,24.4,7.35,94.0,0.0,21.91,23.64,0.0,STANDBY,-8.68
2024-08-29 00:00:00,0.698,24.9,5.23,96.0,0.0,23.91,24.74,0.0,STANDBY,-6.18
2024-08-29 01:00:00,0.748,24.3,4.1,99.0,0.0,22.81,23.18,0.0, STANDBY ,-3.32
2024-08-29 02:00:00,0.723,24.4,3.57,97.0,0.0,23.03,23.9,0.0,STANDBY,-2.39
2024-08-29 03:00:00,0.613,24.0,3.77,92.0,0.0,24.3,22.63,0.0,standby,-7.17
2024-08-29 04:00:00,0.736,24.9,3.97,94.0,0.0,23.94,23.22,0.0,STANDBY,0.0
2024-08-29 05:00:00,0.725,25.2,3.55,95.0,0.0,22.73,23.63,0.0,STANDBY,-1.88
2024-08-29 06:00:00,0.702,24.9,3.48,95.0,30.8,25.02,23.97,0.0,RUN,150.93
2024-08-29 07:00:00,0.701,25.5,3.5,95.0,177.3,27.38,25.5,0.0,RUN,1705.67
2024-08-29 08:00:00,0.6,26.2,3.22,90.0,327.1,32.49,25.72,0.0,RUN,3514.57
2024-08-29 09:00:00,0.671,27.3,3.66,89.0,431.5,34.22,27.04,0.0,RUN,4631.87
2024-08-29 10:00:00,0.768,28.1,3.37,88.0,519.6,35.3,27.17,0.0,RUN,5352.59
2024-08-29 11:00:00,0.766,28.9,3.31,88.0,600.0,38.51,27.85,0.0,RUN,6318.12
2024-08-29 12:00:00,0.678,30.1,3.92,81.0,774.8,40.78,28.23,0.0,run,8240.79
2024-08-29 13:00:00,0.569,31.0,3.81,78.0,825.3,42.7,28.74,0.0,RUN,8556.88
2024-08-29 14:00:00,0.538,30.8,4.81,75.0,718.1,39.37,29.46,0.0,RUN,7259.43
2024-08-29 15:00:00,0.55,30.5,4.38,71.0,506.3,37.23,28.9,0.0,RUN,5246.74
2024-08-29 16:00:00,0.512,30.6,4.95,66.0,326.9,33.16,28.86,0.4,RUN,3462.64
2024-08-29 17:00:00,0.525,30.0,5.14,67.0,152.2,31.63,27.72,3.5,RUN,1387.91
2024-08-29 18:00:00,0.592,29.7,4.94,70.0,13.4,27.35,27.98,7.1,RUN,-4.78
2024-08-29 19:00:00,0.517,28.7,5.16,73.0,0.0,27.11,28.18,6.9,STANDBY,-4.74
2024-08-29 20:00:00,0.544,28.1,4.68,81.0,0.0,27.31,28.02,0.0,STANDBY,-2.86
2024-08-29 21:00:00,0.664,27.5,4.76,87.0,0.0,27.58,26.14,0.0,STANDBY,-7.77
2024-08-29 22:00:00,0.764,26.4,4.8,91.0,0.0,25.57,24.75,0.0,STANDBY,0.0
2024-08-29 23:00:00,0.605,25.4,5.32,94.0,0.0,25.85,24.9,0.0,STANDBY,-9.39
2024-08-30 00:00:00,0.607,21.8,4.36,85.0,0.0,22.14,23.99,0.0,STANDBY,0.0
2024-08-30 01:00:00,0.652,21.9,4.56,91.0,0.0,22.77,23.28,0.0,STANDBY,0.0
2024-08-30 02:00:00,0.829,21.5,4.54,94.0,0.0,22.69,22.74,0.0,standby,-4.09
2024-08-30 03:00:00,0.853,21.3,4.74,92.0,0.0,22.15,22.05,0.0,STANDBY,-10.08
2024-08-30 04:00:00,0.869,21.4,4.79,90.0,0.0,21.54,23.24,0.0,STANDBY,0.0
2024-08-30 05:00:00,0.893,21.7,4.16,94.0,0.0,21.83,22.79,0.0,standby,-2.59
2024-08-30 06:00:00,0.935,22.3,3.77,91.0,23.8,22.57,23.85,0.0,RUN,68.28
2024-08-30 07:00:00,0.868,22.7,3.65,87.0,161.0,28.44,24.31,0.0, RUN ,1547.28
2024-08-30 08:00:00,0.906,23.8,3.88,84.0,299.8,31.45,25.56,0.0,run,3205.5
2024-08-30 09:00:00,0.886,24.4,4.25,74.0,505.3,36.92,26.5,0.0,run,5407.43
2024-08-30 10:00:00,0.752,24.7,3.77,74.0,734.5,40.96,26.58,0.0,RUN,7820.75
2024-08-30 11:00:00,0.758,25.5,4.44,72.0,818.5,42.8,26.76,0.0,RUN,8645.32
2024-08-30 12:00:00,0.669,26.7,4.26,69.0,893.3,42.33,27.83,0.0,RUN,9212.95
2024-08-30 13:00:00,0.615,27.3,4.39,67.0,853.5,43.51,28.56,0.0,,8761.01
2024-08-30 14:00:00,0.807,27.6,4.71,66.0,660.6,39.83,27.83,0.0,RUN,7052.9
2024-08-30 15:00:00,0.846,28.0,5.59,67.0,561.7,36.56,28.33,0.0,RUN,5540.16
2024-08-30 16:00:00,0.892,27.3,4.74,71.0,302.8,33.33,28.36,0.0,RUN,3183.61
2024-08-30 17:00:00,0.901,27.0,4.89,73.0,130.5,30.36,27.59,0.0,RUN,1088.72
2024-08-30 18:00:00,0.875,27.0,4.74,76.0,14.3,27.53,28.41,0.0,RUN,-6.97
2024-08-30 19:00:00,0.91,26.2,4.43,80.0,0.0,26.38,27.47,0.0,STANDBY,0.0
2024-08-30 20:00:00,0.903,25.1,3.91,80.0,0.0,25.7,27.55,0.0,STANDBY,0.0
2024-08-30 21:00:00,0.885,24.5,3.03,83.0,0.0,26.0,25.67,0.0,STANDBY,0.0
2024-08-30 22:00:00,0.876,23.5,2.86,82.0,0.0,26.47,24.91,0.0,STANDBY,0.0
2024-08-30 23:00:00,0.903,22.6,2.98,85.0,0.0,25.79,23.93,0.0,STANDBY,0.0
2024-08-31 00:00:00,0.922,21.0,4.88,97.0,0.0,22.63,22.29,0.0,STANDBY,-6.78
2024-08-31 01:00:00,0.889,20.4,5.47,100.0,0.0,21.95,21.82,0.0,STANDBY,-11.01
2024-08-31 02:00:00,0.876,19.9,5.6,100.0,0.0,21.69,21.34,0.0,STANDBY,0.0
2024-08-31 03:00:00,0.863,19.5,5.85,100.0,0.0,21.03,21.15,0.0,STANDBY,0.0
2024-08-31 04:00:00,0.878,20.2,5.21,98.0,0.0,20.67,21.91,0.0,STANDBY,0.0
2024-08-31 05:00:00,0.886,20.5,6.14,97.0,0.0,21.05,20.91,0.0,STANDBY,-4.39
2024-08-31 06:00:00,0.885,21.6,5.38,95.0,25.6,23.09,22.02,0.0,RUN,121.09
2024-08-31 07:00:00,0.924,22.1,4.98,93.0,120.8,26.44,22.84,0.0,RUN,1189.79
2024-08-31 08:00:00,0.923,22.6,5.13,91.0,251.7,28.1,-999.0,3.2,RUN,2628.37
2024-08-31 09:00:00,0.967,23.9,5.17,87.0,264.5,29.05,24.56,2.1,RUN,2943.05
2024-08-31 10:00:00,0.905,24.3,5.55,83.0,467.8,33.36,25.52,1.3,RUN,5135.09
2024-08-31 11:00:00,0.922,25.0,6.25,78.0,460.1,34.18,25.17,2.1,run,5022.18
2024-08-31 12:00:00,0.877,25.4,8.88,78.0,570.7,35.37,25.96,0.0,RUN,6128.49
2024-08-31 13:00:00,0.927,25.3,9.39,77.0,441.0,33.95,26.14,0.0,RUN,4867.27
2024-08-31 14:00:00,0.874,25.8,8.49,76.0,546.9,35.58,27.1,0.0,RUN,5735.95
2024-08-31 15:00:00,0.809,25.5,7.75,73.0,489.8,34.27,27.46,0.0,run,5176.97
2024-08-31 16:00:00,0.76,25.4,7.33,74.0,317.0,30.42,26.86,0.0,RUN,3300.12
2024-08-31 17:00:00,0.677,25.6,7.33,73.0,136.7,28.4,27.27,0.0,RUN,1147.52
31-08-2024 18:00,0.738,25.1,7.25,79.0,8.7,25.16,26.38,0.0,RUN,53.84
2024-08-31 19:00:00,0.552,25.1,7.31,78.0,0.0,24.29,26.15,0.0,STANDBY,-5.69
2024-08-31 20:00:00,0.567,24.3,6.17,82.0,0.0,25.8,25.21,0.0,STANDBY,0.0
2024-08-31 21:00:00,0.509,23.6,5.67,89.0,0.0,25.06,24.32,0.0,STANDBY,-11.08
2024-08-31 22:00:00,0.634,22.5,6.39,90.0,0.0,24.78,23.93,0.0,STANDBY,0.0
2024-08-31 23:00:00,0.641,21.7,5.39,97.0,0.0,22.33,22.31,0.0,STANDBY,0.0
2024-09-01 00:00:00,0.531,23.3,6.86,92.0,0.0,23.4,23.03,0.0,STANDBY,-11.1
2024-09-01 01:00:00,0.526,22.2,6.37,95.0,0.0,23.45,22.5,0.0,,-7.4
2024-09-01 02:00:00,0.695,21.6,5.3,98.0,0.0,22.71,21.4,0.0,STANDBY,-6.9
2024-09-01 03:00:00,0.625,21.8,4.91,99.0,0.0,21.2,22.05,0.0,STANDBY,-10.59
2024-09-01 04:00:00,0.735,21.8,4.59,96.0,0.0,21.88,21.57,0.0,STANDBY,-5.36
2024-09-01 05:00:00,0.732,22.4,5.1,94.0,0.0,22.6,22.17,0.0,STANDBY,-2.15
2024-09-01 06:00:00,0.787,22.8,5.82,93.0,25.8,22.85,22.46,0.0,RUN,147.88
2024-09-01 07:00:00,0.803,24.0,6.45,90.0,145.8,26.49,24.11,0.0,RUN,1408.11
2024-09-01 08:00:00,0.745,24.5,5.35,85.0,334.2,29.56,24.29,0.0,RUN,3582.31
2024-09-01 09:00:00,0.82,25.3,5.3,80.0,443.7,32.01,25.09,0.0,RUN,4738.82
2024-09-01 10:00:00,0.887,25.4,5.59,83.0,456.9,34.36,25.58,0.0,RUN,4977.45
2024-09-01 11:00:00,0.837,26.2,5.75,80.0,559.3,35.5,26.72,0.0,RUN,5961.98
2024-09-01 12:00:00,0.709,26.4,6.68,77.0,692.8,36.7,27.4,0.0,RUN,7446.28
2024-09-01 13:00:00,0.679,26.9,5.84,76.0,717.8,38.29,27.44,0.0,RUN,7823.12
2024-09-01 14:00:00,0.806,27.0,5.82,79.0,547.8,35.44,26.93,0.0,RUN,5724.67
2024-09-01 15:00:00,0.77,28.4,5.82,76.0,461.6,35.14,27.6,0.0,RUN,5005.46
2024-09-01 16:00:00,0.747,28.3,6.24,76.0,336.6,33.8,27.08,0.0,run,3436.68
2024-09-01 17:00:00,0.728,28.6,6.19,75.0,131.6,30.74,28.47,0.0,RUN,1208.93
2024-09-01 18:00:00,0.708,28.7,5.59,75.0,3.4,28.16,26.66,0.0,RUN,-6.46
2024-09-01 19:00:00,0.848,27.9,5.64,77.0,0.0,26.66,27.23,0.0,STANDBY,0.0
2024-09-01 20:00:00,0.844,28.1,6.19,83.0,0.0,25.36,26.03,0.0,STANDBY,0.0
2024-09-01 21:00:00,0.817,27.1,4.92,85.0,0.0,26.59,24.79,0.0, STANDBY ,-2.74
2024-09-01 22:00:00,0.826,26.0,6.2,89.0,0.0,24.99,24.96,0.0,STANDBY,0.0
2024-09-01 23:00:00,0.739,24.7,7.52,88.0,0.0,21.91,23.81,0.0,STANDBY,0.0
2024-09-02 00:00:00,0.584,23.0,6.83,87.0,0.0,21.86,23.07,0.0,STANDBY,0.0
2024-09-02 01:00:00,0.666,21.7,6.68,92.0,0.0,21.81,21.95,0.0,STANDBY,-9.54
2024-09-02 02:00:00,0.669,21.6,6.43,90.0,0.0,20.78,21.28,0.0,STANDBY,-2.08
2024-09-02 03:00:00,0.692,21.5,6.15,94.0,0.0,20.88,21.97,0.0,STANDBY,-8.44
2024-09-02 04:00:00,0.647,21.9,6.19,94.0,0.0,23.14,21.98,0.0,standby,-7.19
2024-09-02 05:00:00,0.552,22.6,5.16,90.0,0.0,22.29,22.51,0.0,standby,-2.0
2024-09-02 06:00:00,0.425,23.4,4.67,89.0,36.3,23.41,22.23,0.0,RUN,165.18
2024-09-02 07:00:00,0.661,23.9,4.29,90.0,169.8,25.81,23.73,0.0,RUN,3932.61
2024-09-02 08:00:00,0.539,25.5,4.0,88.0,363.3,30.03,23.99,0.0,RUN,3816.3
2024-09-02 09:00:00,0.543,26.3,4.72,83.0,557.2,33.72,24.79,0.0,RUN,5913.68
2024-09-02 10:00:00,0.476,26.9,3.76,80.0,742.5,38.03,26.08,0.0,run,7921.78
2024-09-02 11:00:00,0.659,27.1,4.25,80.0,668.3,36.96,26.65,0.0,RUN,7187.57
2024-09-02 12:00:00,0.677,27.9,4.63,80.0,640.3,36.68,26.73,0.0,RUN,7049.84
2024-09-02 13:00:00,0.66,28.5,5.25,81.0,588.5,35.08,26.6,0.0,RUN,6471.27
2024-09-02 14:00:00,0.395,28.3,5.95,76.0,661.2,36.77,27.79,0.0,RUN,7179.85
2024-09-02 15:00:00,0.403,28.0,6.11,75.0,520.5,36.76,27.91,0.0,RUN,5376.88
2024-09-02 16:00:00,0.459,27.4,6.1,80.0,273.8,31.28,27.1,0.0,RUN,2858.97
2024-09-02 17:00:00,0.674,26.9,6.49,80.0,101.0,27.86,26.51,0.0,RUN,828.56
2024-09-02 18:00:00,0.702,26.5,5.95,83.0,15.1,27.21,26.62,0.0,RUN,29.44
2024-09-02 19:00:00,0.613,25.7,5.09,85.0,0.0,26.06,26.39,0.0,STANDBY,-7.12
2024-09-02 20:00:00,0.522,25.6,4.77,88.0,0.0,24.79,25.53,0.0,STANDBY,-10.95
2024-09-02 21:00:00,0.529,25.5,5.23,86.0,0.0,25.9,24.74,0.0,STANDBY,-5.54
2024-09-02 22:00:00,0.529,24.2,4.79,90.0,0.0,24.18,24.72,0.0,standby,-10.35
2024-09-02 23:00:00,0.503,22.7,4.38,92.0,0.0,22.26,23.55,0.0,STANDBY,-11.49
2024-09-03 00:00:00,0.874,21.5,5.89,89.0,0.0,21.53,21.81,0.0,STANDBY,-6.99
2024-09-03 01:00:00,0.872,21.1,7.05,86.0,0.0,21.43,21.96,0.0,STANDBY,-7.7
2024-09-03 02:00:00,0.867,20.7,5.1,88.0,0.0,21.24,21.41,0.0,STANDBY,-8.68
2024-09-03 03:00:00,0.855,20.9,4.38,88.0,0.0,22.05,21.22,0.0,standby,-8.09
2024-09-03 04:00:00,0.835,21.0,4.95,89.0,0.0,21.82,21.57,0.0,STANDBY,-7.42
2024-09-03 05:00:00,0.821,21.6,5.38,87.0,0.0,21.74,22.03,0.0, STANDBY ,0.0
2024-09-03 06:00:00,0.788,21.9,5.17,83.0,37.5,22.6,23.09,0.0,RUN,203.7
2024-09-03 07:00:00,0.707,23.1,4.99,78.0,225.5,27.34,23.26,0.0,RUN,2124.84
2024-09-03 08:00:00,0.849,23.5,5.15,79.0,373.7,31.8,24.46,0.0,RUN,3929.18
2024-09-03 09:00:00,0.797,24.0,4.34,76.0,552.0,35.29,24.91,0.0,RUN,5762.11
2024-09-03 10:00:00,0.787,24.6,4.85,71.0,682.2,36.56,25.5,0.0,RUN,7429.48
2024-09-03 11:00:00,0.888,24.6,5.12,69.0,642.4,37.18,26.72,1.7,RUN,6993.75
2024-09-03 12:00:00,0.896,25.3,5.74,68.0,647.7,35.83,26.39,3.1,RUN,6895.63
2024-09-03 13:00:00,0.904,24.5,7.53,64.0,632.7,37.7,27.27,3.5, RUN ,6609.63
2024-09-03 14:00:00,0.797,26.0,8.84,61.0,629.9,35.39,27.2,3.8,RUN,6630.02
2024-09-03 15:00:00,0.833,25.9,8.49,58.0,447.5,33.79,26.59,0.0,RUN,4737.6
2024-09-03 16:00:00,0.764,26.4,7.47,61.0,294.3,31.9,27.14,0.0,RUN,3129.49
2024-09-03 17:00:00,0.689,26.5,8.18,60.0,141.4,29.06,26.4,0.0,RUN,1188.94
2024-09-03 18:00:00,0.674,26.1,6.97,65.0,10.5,27.93,26.72,0.0,RUN,39.02
2024-09-03 19:00:00,0.676,25.8,6.94,65.0,0.0,25.37,26.75,0.0,,0.0
2024-09-03 20:00:00,0.809,25.5,6.92,68.0,0.0,26.71,25.57,0.0,STANDBY,-4.52
2024-09-03 21:00:00,0.821,24.6,7.35,73.0,0.0,24.68,-999.0,0.0,STANDBY,0.0
2024-09-03 22:00:00,0.878,23.3,5.64,81.0,0.0,24.05,23.98,0.0, STANDBY ,-2.16
2024-09-03 23:00:00,0.774,23.3,4.55,82.0,0.0,22.66,23.52,0.0,STANDBY,-11.32
2024-09-04 00:00:00,0.528,23.7,2.89,82.0,0.0,22.24,23.15,0.0,STANDBY,-9.98
2024-09-04 01:00:00,0.512,23.0,2.98,84.0,0.0,22.2,22.06,0.0,STANDBY,-7.02
2024-09-04 02:00:00,0.499,22.9,2.76,88.0,0.0,22.25,22.47,0.0,STANDBY,-10.12
2024-09-04 03:00:00,0.487,22.9,3.35,86.0,0.0,22.6,21.68,0.0,STANDBY,0.0
2024-09-04 04:00:00,0.588,23.0,3.6,84.0,0.0,22.3,22.19,0.0,STANDBY,-8.67
2024-09-04 05:00:00,0.652,23.0,3.71,86.0,0.0,22.26,22.04,0.0,STANDBY,-2.95
04-09-2024 06:00,0.416,23.3,3.74,79.0,43.4,24.02,22.58,0.0,RUN,237.16
2024-09-04 07:00:00,0.383,23.6,3.85,78.0,222.4,28.49,23.71,0.0,RUN,2138.55
2024-09-04 08:00:00,0.472,24.8,4.58,75.0,439.5,31.34,24.75,0.0,RUN,4689.18
2024-09-04 09:00:00,0.618,26.2,4.57,71.0,611.3,37.89,25.09,0.0,RUN,6234.05
2024-09-04 10:00:00,0.623,27.9,4.9,66.0,747.7,39.15,25.79,0.0,RUN,7843.91
2024-09-04 11:00:00,0.726,28.6,4.51,68.0,715.6,39.76,27.17,0.0,RUN,7785.17
2024-09-04 12:00:00,0.807,28.4,5.66,70.0,668.6,39.81,27.11,0.0,RUN,7412.28
2024-09-04 13:00:00,0.675,28.7,6.76,69.0,702.8,39.49,27.07,0.0,RUN,7470.05
2024-09-04 14:00:00,0.504,28.5,8.1,66.0,704.7,39.15,28.19,0.0,RUN,7607.4
2024-09-04 15:00:00,0.452,28.1,9.33,61.0,589.3,37.44,28.36,0.0,run,6240.42
2024-09-04 16:00:00,0.577,28.0,7.8,63.0,363.5,35.06,27.66,0.0,RUN,3650.56
2024-09-04 17:00:00,0.5,27.9,7.17,64.0,150.5,30.3,27.81,0.0,RUN,1284.54
2024-09-04 18:00:00,0.387,28.2,5.59,68.0,11.4,26.47,27.37,0.0,RUN,0.0
2024-09-04 19:00:00,0.525,27.1,5.99,70.0,0.0,27.26,26.55,0.0,STANDBY,0.0
2024-09-04 20:00:00,0.649,26.3,6.15,73.0,0.0,24.81,26.13,0.0,standby,0.0
2024-09-04 21:00:00,0.767,26.1,6.1,79.0,0.0,25.33,24.89,0.0,STANDBY,-3.88
2024-09-04 22:00:00,0.824,25.0,5.4,83.0,0.0,24.22,23.92,0.0, STANDBY ,-6.04
2024-09-04 23:00:00,0.735,24.5,5.8,84.0,0.0,22.28,23.05,0.0,STANDBY,-2.71
2024-09-05 00:00:00,0.495,22.8,5.74,84.0,0.0,22.48,21.09,0.0,STANDBY,-11.38
2024-09-05 01:00:00,0.55,22.0,5.48,88.0,0.0,21.06,20.67,0.0,STANDBY,0.0
2024-09-05 02:00:00,0.269,21.0,4.76,85.0,0.0,20.14,20.51,0.0,STANDBY,0.0
2024-09-05 03:00:00,0.191,20.2,4.58,80.0,0.0,19.06,20.32,0.0,STANDBY,-9.72
2024-09-05 04:00:00,0.227,20.8,5.4,78.0,0.0,20.17,20.28,0.0,STANDBY,0.0
2024-09-05 05:00:00,0.354,21.2,5.92,80.0,0.0,20.65,20.9,0.0,standby,-8.59
2024-09-05 06:00:00,0.38,21.8,5.35,80.0,41.7,22.4,21.55,0.0,RUN,219.42
2024-09-05 07:00:00,0.399,23.1,4.91,81.0,215.0,25.97,21.77,0.0,RUN,5092.36
2024-09-05 08:00:00,0.488,24.4,5.32,79.0,387.7,29.05,23.01,0.0,RUN,4009.22
2024-09-05 09:00:00,0.301,25.4,5.33,72.0,638.7,36.29,24.08,0.0,RUN,6783.37
2024-09-05 11:00:00,0.16,27.3,6.1,57.0,951.5,42.14,25.51,0.0,RUN,9972.25
2024-09-05 12:00:00,0.298,27.8,6.24,60.0,971.0,41.13,25.78,0.0,RUN,9874.32
2024-09-05 13:00:00,0.339,28.2,5.52,58.0,888.4,43.26,26.88,0.0, RUN ,9513.92
2024-09-05 14:00:00,0.425,28.6,5.87,59.0,798.8,39.04,27.1,0.0,RUN,8297.43
2024-09-05 15:00:00,0.293,29.0,6.34,55.0,621.6,36.05,27.01,0.0,RUN,6479.04
2024-09-05 16:00:00,0.428,28.2,5.63,56.0,361.3,32.31,26.02,0.0,RUN,3638.91
2024-09-05 17:00:00,0.415,28.6,6.06,59.0,151.9,28.72,26.66,0.0,RUN,1309.49
2024-09-05 18:00:00,0.387,27.5,5.61,61.0,13.6,25.73,26.16,0.0,RUN,29.66
2024-09-05 19:00:00,0.411,27.3,5.06,67.0,0.0,24.54,25.24,0.0,STANDBY,-7.08
2024-09-05 20:00:00,0.393,26.0,5.16,70.0,0.0,23.32,24.14,0.0,STANDBY,0.0
2024-09-05 21:00:00,0.43,24.8,5.21,77.0,0.0,22.96,23.61,0.0,STANDBY,0.0
2024-09-05 22:00:00,0.212,23.5,4.79,79.0,0.0,21.92,23.54,0.0,STANDBY,-2.26
2024-09-05 23:00:00,0.278,23.2,3.99,83.0,0.0,21.55,21.19,0.0,STANDBY,0.0
2024-09-06 00:00:00,0.419,20.3,5.23,89.0,0.0,20.47,19.6,0.0,STANDBY,-10.33
2024-09-06 01:00:00,0.634,19.8,4.7,90.0,0.0,19.66,19.59,0.0,,0.0
2024-09-06 02:00:00,0.613,19.1,3.88,93.0,0.0,19.42,19.13,0.0,STANDBY,-9.95
2024-09-06 03:00:00,0.46,19.1,3.41,89.0,0.0,18.71,19.44,0.0,STANDBY,-2.63
2024-09-06 04:00:00,0.355,19.3,3.38,87.0,NA,NA,,0.0,,
2024-09-06 05:00:00,0.378,19.1,3.93,86.0,,,NA,0.0,,
2024-09-06 06:00:00,0.419,19.5,4.16,83.0,,,,0.0,,NA
2024-09-06 07:00:00,0.54,19.7,3.79,79.0,,,,0.0,,NA
2024-09-06 08:00:00,0.389,20.9,4.66,73.0,NA,,,0.0,,
2024-09-06 09:00:00,0.301,22.1,5.39,72.0,NA,,NA,0.0,,
2024-09-06 10:00:00,0.444,23.0,6.65,68.0,null,NA,,0.0,,
06-09-2024 11:00,0.662,23.5,7.78,69.0,,NA,,0.0,,
2024-09-06 12:00:00,0.808,23.8,9.09,68.0,,,,0.0,,
2024-09-06 13:00:00,0.78,24.6,9.04,66.0,NA,,,0.0,,
2024-09-06 14:00:00,0.655,25.4,6.55,62.0,null,,,0.0,,null
2024-09-06 15:00:00,0.638,25.3,7.3,62.0,,,,0.0,,
2024-09-06 16:00:00,0.73,24.3,6.44,67.0,NA,null,,0.0,,null
2024-09-06 17:00:00,0.647,24.2,5.94,64.0,,,NA,0.0,,
2024-09-06 18:00:00,0.496,23.6,5.87,66.0,10.8,25.52,25.14,0.0,run,32.02
2024-09-06 19:00:00,0.405,23.7,5.62,67.0,0.0,24.91,23.78,0.0,standby,-11.09
2024-09-06 20:00:00,0.465,23.2,6.05,72.0,0.0,23.18,22.87,0.0,STANDBY,-6.75
2024-09-06 21:00:00,0.33,22.9,6.34,71.0,0.0,22.98,23.36,0.0,STANDBY,-6.18
2024-09-06 22:00:00,0.347,21.5,7.99,74.0,0.0,21.24,21.78,0.0,STANDBY,-7.74
2024-09-06 23:00:00,0.391,20.7,7.2,74.0,0.0,21.67,20.47,0.0,STANDBY,0.0
2024-09-07 00:00:00,0.582,19.8,7.29,83.0,0.0,18.99,20.2,0.0,STANDBY,0.0
2024-09-07 01:00:00,0.688,19.2,6.66,88.0,0.0,18.73,20.52,0.0,STANDBY,-1.74
2024-09-07 02:00:00,0.677,18.3,5.42,88.0,0.0,19.29,19.91,0.0,STANDBY,0.0
2024-09-07 03:00:00,0.789,18.6,5.52,91.0,0.0,18.12,19.51,0.0,STANDBY,0.0
2024-09-07 04:00:00,0.794,19.0,4.61,89.0,0.0,18.75,20.0,0.0,STANDBY,-2.76
2024-09-07 05:00:00,0.759,19.7,4.54,91.0,0.0,19.03,20.55,0.0,STANDBY,-8.91
2024-09-07 06:00:00,0.79,19.8,5.32,92.0,32.5,21.76,20.72,0.0,RUN,157.14
2024-09-07 07:00:00,0.788,20.8,5.37,86.0,169.8,25.41,21.99,0.0,RUN,1711.32
2024-09-07 08:00:00,0.843,21.8,6.05,84.0,344.3,28.82,22.34,0.0,RUN,3677.1
2024-09-07 09:00:00,0.834,22.7,5.88,81.0,575.7,32.44,23.03,0.0,RUN,6004.95
2024-09-07 10:00:00,0.737,23.6,5.86,77.0,790.0,37.19,24.31,0.0,RUN,8458.36
2024-09-07 11:00:00,0.764,24.2,6.19,76.0,855.8,38.81,24.48,0.0,RUN,8874.07
2024-09-07 12:00:00,0.82,24.7,6.34,72.0,797.6,38.69,24.57,0.0,RUN,8856.02
07-09-2024 13:00,0.749,25.7,7.36,67.0,811.9,38.2,24.92,0.0,RUN,8661.35
2024-09-07 14:00:00,0.667,25.8,6.76,64.0,735.0,35.25,26.13,0.0,RUN,7807.77
2024-09-07 15:00:00,0.624,25.9,6.67,63.0,543.9,34.72,26.64,0.0,RUN,5863.45
2024-09-07 16:00:00,0.62,26.4,5.61,64.0,366.9,31.12,27.08,0.0,RUN,3772.22
2024-09-07 17:00:00,0.717,26.4,5.07,66.0,146.3,27.56,26.24,0.0,RUN,1247.29
2024-09-07 18:00:00,0.75,25.5,5.81,69.0,14.9,24.47,24.88,0.0,RUN,20.23
2024-09-07 19:00:00,0.774,24.3,5.9,75.0,0.0,24.95,23.83,0.0,STANDBY,0.0
2024-09-07 20:00:00,0.795,23.6,5.43,79.0,0.0,22.75,24.13,0.0,STANDBY,-2.85
2024-09-07 21:00:00,0.848,22.9,5.66,81.0,0.0,22.94,23.55,0.0, STANDBY ,-6.1
2024-09-07 22:00:00,0.84,21.8,4.53,82.0,0.0,21.86,21.73,0.0,STANDBY,-4.89
2024-09-07 23:00:00,0.827,20.4,4.66,82.0,0.0,22.29,21.85,0.0,STANDBY,0.0
2024-09-08 00:00:00,0.496,21.6,2.8,85.0,0.0,22.13,21.79,0.0,PARTIAL,-11.05
2024-09-08 01:00:00,0.522,21.5,3.32,91.0,0.0,22.28,21.43,0.0,PARTIAL,-7.1
2024-09-08 02:00:00,0.623,21.1,3.71,92.0,0.0,20.21,21.79,0.0,PARTIAL,-3.0
2024-09-08 03:00:00,0.58,21.0,3.96,87.0,0.0,21.09,20.9,0.0,PARTIAL,-3.37
2024-09-08 04:00:00,0.442,21.3,4.01,88.0,0.0,20.87,21.21,0.0,PARTIAL,-2.18
2024-09-08 05:00:00,0.485,20.9,3.81,81.0,0.0,21.05,21.24,0.0,partial,0.0
2024-09-08 06:00:00,0.505,21.8,3.1,83.0,43.2,22.52,22.43,0.0,PARTIAL,151.72
2024-09-08 07:00:00,0.643,22.9,2.92,83.0,203.9,27.85,23.59,0.0,PARTIAL,1190.04
2024-09-08 08:00:00,0.502,24.2,2.93,78.0,419.6,32.47,24.13,0.0,PARTIAL,2698.26
2024-09-08 09:00:00,0.655,25.2,2.9,80.0,556.8,35.65,24.88,0.0,PARTIAL,3487.12
08-09-2024 10:00,0.805,25.6,4.11,79.0,556.5,34.95,25.75,0.0,PARTIAL,3559.9
2024-09-08 11:00:00,0.618,26.5,4.17,73.0,825.1,39.73,25.96,0.0,partial,5267.65
2024-09-08 12:00:00,0.629,27.0,5.4,73.0,844.0,40.61,26.55,0.0,PARTIAL,5244.38
2024-09-08 13:00:00,0.589,27.5,6.01,70.0,750.7,40.83,26.72,0.0,PARTIAL,4814.24
2024-09-08 14:00:00,0.421,27.4,6.53,66.0,740.3,41.23,27.51,0.0,PARTIAL,4541.82
2024-09-08 15:00:00,0.393,27.6,5.95,62.0,619.5,38.87,26.83,0.0,PARTIAL,3705.02
2024-09-08 16:00:00,0.422,28.3,5.65,63.0,377.9,34.4,27.01,0.0,PARTIAL,2214.22
08-09-2024 17:00,0.446,28.5,5.1,66.0,132.5,29.78,26.71,0.0,PARTIAL,710.29
2024-09-08 18:00:00,0.303,27.8,5.08,63.0,7.2,26.41,27.06,0.0,PARTIAL,13.77
2024-09-08 19:00:00,0.462,27.3,4.66,71.0,0.0,26.55,25.92,0.0,PARTIAL,0.0
2024-09-08 20:00:00,0.556,25.7,4.86,76.0,0.0,24.23,25.41,0.0,PARTIAL,0.0
2024-09-08 21:00:00,0.476,24.3,4.48,81.0,0.0,25.59,23.9,0.0,PARTIAL,-8.74
2024-09-08 22:00:00,0.564,23.6,3.39,82.0,0.0,22.9,23.13,0.0,PARTIAL,-10.23
2024-09-08 23:00:00,0.515,22.5,3.36,84.0,0.0,23.8,23.08,0.0,PARTIAL,0.0
2024-09-09 00:00:00,0.552,19.8,1.75,82.0,0.0,18.43,20.26,0.0,PARTIAL,-6.98
2024-09-09 01:00:00,0.274,19.5,1.61,81.0,0.0,20.23,19.43,0.0,PARTIAL,0.0
09-09-2024 02:00,0.246,18.6,1.65,81.0,0.0,18.55,19.1,0.0,PARTIAL,0.0
2024-09-09 03:00:00,0.391,18.6,1.53,84.0,0.0,18.61,19.23,0.0,PARTIAL,-9.58
2024-09-09 04:00:00,0.48,19.0,1.53,82.0,0.0,20.05,19.3,0.0,PARTIAL,-8.95
2024-09-09 05:00:00,0.425,19.7,1.68,78.0,0.0,19.49,20.39,0.0,PARTIAL,-4.94
2024-09-09 06:00:00,0.673,20.3,1.48,83.0,35.0,20.75,19.74,0.0,partial,124.89
2024-09-09 07:00:00,0.664,20.9,1.71,81.0,190.0,24.01,21.14,0.0,PARTIAL,1069.01
2024-09-09 08:00:00,0.58,22.2,1.86,77.0,436.4,29.11,22.51,0.0,PARTIAL,2678.6
2024-09-09 09:00:00,0.584,23.7,1.62,73.0,636.2,37.47,22.77,0.0,PARTIAL,4083.91
2024-09-09 10:00:00,0.667,24.4,1.8,68.0,772.0,40.03,23.11,0.0,PARTIAL,4822.81
2024-09-09 11:00:00,0.515,24.8,2.41,66.0,864.8,41.87,24.06,0.0,partial,5363.12
2024-09-09 12:00:00,0.376,25.3,2.85,61.0,929.7,43.19,24.69,0.0,PARTIAL,5816.59
2024-09-09 13:00:00,0.506,26.1,2.9,59.0,842.4,40.14,24.8,0.0,PARTIAL,5292.22
2024-09-09 14:00:00,0.449,26.7,2.56,52.0,800.4,40.28,25.15,0.0,PARTIAL,4901.67
2024-09-09 15:00:00,0.612,26.4,2.34,57.0,561.7,37.29,25.33,0.0,PARTIAL,3690.08
2024-09-09 17:00:00,0.642,26.1,3.03,62.0,119.5,28.08,25.14,0.0,PARTIAL,614.69
09-09-2024 18:00,0.609,25.4,3.4,67.0,8.9,23.27,24.65,0.0,PARTIAL,2.78
2024-09-09 19:00:00,0.643,25.2,3.15,67.0,0.0,23.68,24.27,0.0,PARTIAL,-3.07
2024-09-09 20:00:00,0.599,24.7,2.93,71.0,0.0,24.02,23.5,0.0,PARTIAL,0.0
2024-09-09 21:00:00,0.422,23.9,2.21,75.0,0.0,23.42,22.81,0.0,PARTIAL,-6.49
09-09-2024 22:00,0.367,22.7,2.64,72.0,0.0,22.67,-999.0,0.0,PARTIAL,-5.68
2024-09-09 23:00:00,0.416,21.5,2.56,76.0,0.0,20.86,20.65,0.0,PARTIAL,-5.2
2024-09-10 00:00:00,0.531,18.9,4.66,79.0,0.0,20.3,20.41,0.0,PARTIAL,-8.47
2024-09-10 01:00:00,0.636,18.7,3.92,85.0,0.0,19.9,19.99,0.0,PARTIAL,-2.09
2024-09-10 02:00:00,0.507,18.3,3.45,84.0,0.0,19.36,19.28,0.0,PARTIAL,-5.45
2024-09-10 03:00:00,0.369,18.0,4.06,81.0,0.0,19.47,18.97,0.0,partial,-7.3
2024-09-10 04:00:00,0.48,18.7,3.65,86.0,0.0,20.63,19.38,0.0,PARTIAL,-7.83
2024-09-10 05:00:00,0.555,18.9,3.3,84.0,0.0,19.29,19.82,0.0,PARTIAL,0.0
2024-09-10 06:00:00,0.43,20.1,3.15,84.0,40.4,21.06,-999.0,0.0,PARTIAL,127.84
2024-09-10 07:00:00,0.434,20.8,3.47,83.0,222.2,26.17,21.41,0.0,partial,1346.38
2024-09-10 08:00:00,0.56,21.1,3.41,76.0,419.8,31.75,23.11,0.0,PARTIAL,2581.29
2024-09-10 09:00:00,0.559,22.3,3.03,76.0,-999.0,37.11,23.39,0.0,PARTIAL,3938.32
2024-09-10 10:00:00,0.695,22.9,2.69,72.0,722.6,39.99,24.57,0.0,PARTIAL,4639.64
2024-09-10 11:00:00,0.679,23.6,3.03,66.0,798.4,40.58,24.63,0.0,PARTIAL,5167.46
2024-09-10 12:00:00,0.545,24.5,4.19,60.0,898.2,44.16,25.23,0.0,PARTIAL,5732.89
10-09-2024 13:00,0.506,25.1,4.79,62.0,899.3,41.04,26.49,0.0,partial,5441.89
2024-09-10 14:00:00,0.479,25.5,4.3,57.0,776.7,40.55,26.49,0.0,PARTIAL,4824.69
2024-09-10 15:00:00,0.513,25.4,4.65,60.0,565.4,36.21,26.31,0.0, PARTIAL ,3561.25
2024-09-10 16:00:00,0.582,25.2,4.57,61.0,312.9,30.62,25.15,0.0,PARTIAL,1875.74
2024-09-10 17:00:00,0.704,24.2,4.26,64.0,100.0,26.45,25.04,0.0,PARTIAL,463.46
10-09-2024 18:00,0.562,24.6,4.76,64.0,11.3,25.32,25.25,0.0,PARTIAL,0.0
2024-09-10 19:00:00,0.595,23.8,3.79,64.0,0.0,24.44,24.0,0.0,PARTIAL,0.0
2024-09-10 20:00:00,0.676,23.0,3.74,67.0,0.0,23.14,24.33,0.0,PARTIAL,-4.23
2024-09-10 22:00:00,0.5,20.7,3.44,75.0,0.0,21.65,21.95,0.0,PARTIAL,-9.65
2024-09-10 23:00:00,0.569,20.1,3.64,77.0,0.0,21.67,21.09,0.0,PARTIAL,0.0
2024-09-11 00:00:00,0.491,22.0,2.56,89.0,0.0,22.12,21.84,0.0,STANDBY,-9.85
2024-09-11 01:00:00,0.44,21.1,1.96,93.0,0.0,20.41,20.25,0.0,STANDBY,0.0
2024-09-11 02:00:00,0.42,20.9,1.76,94.0,0.0,19.97,19.69,0.0,STANDBY,0.0
2024-09-11 03:00:00,0.504,20.7,1.88,96.0,0.0,19.18,20.27,0.0,standby,0.0
2024-09-11 04:00:00,0.305,21.0,2.1,91.0,0.0,19.94,20.32,0.0,STANDBY,0.0
2024-09-11 05:00:00,0.314,21.8,2.27,87.0,0.0,21.6,20.75,0.0,STANDBY,0.0
2024-09-11 06:00:00,0.373,22.6,2.27,86.0,46.0,22.07,20.92,0.0,run,230.5
2024-09-11 07:00:00,0.499,23.2,2.26,86.0,229.7,27.79,22.52,0.0,RUN,2214.81
11-09-2024 08:00,0.525,23.7,2.18,85.0,441.4,33.27,23.42,0.0,RUN,4601.03
2024-09-11 09:00:00,0.464,24.8,2.35,79.0,663.5,38.22,24.18,0.0,RUN,6988.29
2024-09-11 10:00:00,0.341,26.1,2.23,78.0,863.1,43.13,24.83,0.0,RUN,8816.88
2024-09-11 11:00:00,0.368,27.2,2.15,77.0,936.4,46.09,26.98,0.0,RUN,9562.55
2024-09-11 12:00:00,0.336,27.6,2.21,70.0,965.9,45.16,26.57,0.0,RUN,9809.89
2024-09-11 13:00:00,0.408,27.6,2.14,73.0,856.3,44.31,27.01,0.0,RUN,9221.42
2024-09-11 14:00:00,0.605,28.2,2.78,71.0,720.5,40.32,26.95,0.0,RUN,7421.49
2024-09-11 15:00:00,0.511,28.3,3.12,72.0,558.7,38.64,27.25,0.0,RUN,5939.98
2024-09-11 16:00:00,0.467,27.9,2.71,74.0,348.4,33.47,26.85,0.0,RUN,3430.58
2024-09-11 17:00:00,0.258,28.3,3.32,73.0,146.4,29.79,27.2,0.0,run,1229.15
2024-09-11 18:00:00,0.247,27.7,3.28,75.0,3.8,26.19,26.4,0.0,RUN,0.0
2024-09-11 19:00:00,0.189,26.6,3.13,76.0,0.0,26.37,26.3,0.0,STANDBY,-8.9
2024-09-11 20:00:00,0.186,25.6,2.85,80.0,0.0,24.62,24.98,0.0,STANDBY,-2.81
2024-09-11 21:00:00,0.355,24.9,2.64,84.0,0.0,23.73,24.19,0.0,STANDBY,-7.22
2024-09-11 22:00:00,0.416,23.9,2.32,89.0,0.0,23.08,23.47,0.0,STANDBY,-5.6
2024-09-11 23:00:00,0.34,22.7,2.36,85.0,0.0,21.82,21.5,0.0,STANDBY,-9.86
2024-09-12 00:00:00,0.408,20.9,2.38,88.0,0.0,22.65,21.15,0.0,STANDBY,-9.98
2024-09-12 01:00:00,0.536,20.2,3.0,92.0,0.0,20.04,20.67,0.0,STANDBY,-3.86
2024-09-12 02:00:00,0.532,19.5,3.55,87.0,0.0,19.87,20.26,0.0,STANDBY,-2.57
2024-09-12 03:00:00,0.324,18.8,3.57,88.0,0.0,19.09,20.28,0.0,STANDBY,-3.65
2024-09-12 04:00:00,0.232,19.2,3.62,88.0,0.0,20.57,19.87,0.0,STANDBY,-1.85
2024-09-12 05:00:00,0.179,19.9,3.17,87.0,0.0,19.77,20.89,0.0,STANDBY,-7.91
2024-09-12 06:00:00,0.182,20.3,2.86,85.0,41.6,22.03,20.37,0.0,RUN,245.28
2024-09-12 07:00:00,0.283,20.8,2.9,82.0,224.8,26.39,21.35,0.0,RUN,2222.59
2024-09-12 08:00:00,0.451,21.4,2.86,81.0,434.4,31.56,23.3,0.0,RUN,4531.29
2024-09-12 09:00:00,0.426,23.0,2.42,81.0,555.7,35.79,23.17,0.0,RUN,6101.15
2024-09-12 10:00:00,0.399,23.4,2.56,77.0,764.0,40.06,25.63,0.0,RUN,7843.35
2024-09-12 11:00:00,0.408,24.3,3.08,77.0,842.2,43.82,25.74,0.0,,9008.89
2024-09-12 12:00:00,0.324,25.0,2.97,71.0,892.5,44.02,26.26,0.0,RUN,9464.44
2024-09-12 13:00:00,0.275,25.5,3.19,64.0,882.9,45.0,27.39,0.0,RUN,9379.56
2024-09-12 14:00:00,0.211,26.5,3.47,60.0,799.0,42.62,27.2,0.0,RUN,8277.47
2024-09-12 15:00:00,0.279,26.4,3.59,58.0,597.9,37.86,26.94,0.0,RUN,6283.35
2024-09-12 16:00:00,0.241,26.8,2.98,59.0,385.4,33.45,27.81,0.0,RUN,3821.16
2024-09-12 17:00:00,0.265,26.9,3.09,61.0,143.6,28.46,26.95,0.0,RUN,1200.21
2024-09-12 18:00:00,0.308,26.2,2.78,68.0,11.1,25.13,26.97,0.0,RUN,0.0
2024-09-12 19:00:00,0.308,25.3,3.25,70.0,0.0,26.72,25.27,0.0,STANDBY,0.0
2024-09-12 20:00:00,0.233,25.0,2.67,72.0,0.0,25.33,23.83,0.0,STANDBY,-4.14
2024-09-12 21:00:00,0.236,23.6,2.23,75.0,0.0,23.63,23.67,0.0,STANDBY,-2.78
2024-09-12 22:00:00,0.193,22.8,2.12,76.0,0.0,22.66,22.81,0.0,STANDBY,-4.93
2024-09-12 23:00:00,0.226,22.0,2.83,81.0,9999.0,20.7,21.63,0.0,STANDBY,0.0
2024-09-13 00:00:00,0.492,20.8,3.48,83.0,0.0,20.97,20.87,0.0,STANDBY,-10.44
2024-09-13 01:00:00,0.625,20.4,3.66,84.0,0.0,19.63,20.05,0.0, STANDBY ,0.0
2024-09-13 02:00:00,0.748,20.1,3.77,90.0,0.0,20.29,20.02,0.0,STANDBY,0.0
2024-09-13 03:00:00,0.732,19.6,4.2,93.0,0.0,20.2,20.89,0.0,STANDBY,0.0
2024-09-13 04:00:00,0.798,20.0,3.47,96.0,0.0,20.84,20.26,0.0,STANDBY,-2.56
2024-09-13 05:00:00,0.709,20.5,3.08,89.0,0.0,20.01,21.48,0.0,STANDBY,0.0
2024-09-13 06:00:00,0.548,21.2,3.47,87.0,42.6,21.74,21.45,0.0,RUN,299.64
2024-09-13 06:00:00,0.548,21.2,3.47,87.0,42.6,21.74,21.45,0.0,RUN,288.82
2024-09-13 07:00:00,0.537,22.2,3.98,81.0,233.7,29.12,22.5,0.0,RUN,2271.16
2024-09-13 08:00:00,0.744,23.1,3.43,76.0,439.3,34.17,22.89,0.0,RUN,4770.4
2024-09-13 09:00:00,0.781,23.9,4.02,77.0,615.7,38.47,23.55,0.0,RUN,6584.4
2024-09-13 10:00:00,0.773,24.0,5.67,74.0,769.2,42.04,24.28,0.0,RUN,8172.59
2024-09-13 11:00:00,0.683,24.5,6.13,70.0,905.8,43.88,25.96,0.0,RUN,9565.56
2024-09-13 12:00:00,0.718,25.2,7.03,66.0,936.5,45.65,26.05,0.0,RUN,9627.31
2024-09-13 13:00:00,0.805,25.7,6.58,68.0,822.3,42.17,25.98,1.1,RUN,8177.74
2024-09-13 14:00:00,0.704,26.6,7.27,67.0,705.3,41.68,26.31,0.5,RUN,7432.67
2024-09-13 15:00:00,0.651,27.0,6.64,65.0,547.4,38.95,26.6,0.3,RUN,5720.56
2024-09-13 16:00:00,0.671,26.3,6.5,72.0,353.6,33.14,26.67,1.0,RUN,3469.29
2024-09-13 17:00:00,0.635,26.2,4.44,69.0,123.2,29.97,26.29,0.0,RUN,1077.45
2024-09-13 18:00:00,0.609,26.0,4.07,67.0,3.5,26.68,25.68,0.0,RUN,0.0
2024-09-13 19:00:00,0.713,25.5,4.23,74.0,0.0,24.74,25.92,0.0,STANDBY,0.0
2024-09-13 20:00:00,0.719,24.9,3.69,76.0,0.0,23.74,24.59,0.0,STANDBY,0.0
2024-09-13 21:00:00,0.756,23.9,2.87,78.0,0.0,24.51,23.6,0.0,STANDBY,-7.64
2024-09-13 22:00:00,0.766,23.5,2.67,82.0,0.0,22.58,22.5,0.0,STANDBY,-4.38
2024-09-13 23:00:00,0.81,22.8,2.76,83.0,0.0,22.07,22.03,0.0,STANDBY,-9.18
2024-09-14 00:00:00,0.822,23.5,2.25,85.0,0.0,20.9,22.63,0.0,STANDBY,0.0
2024-09-14 01:00:00,0.768,22.3,1.98,85.0,0.0,20.79,20.85,0.0,STANDBY,-7.03
2024-09-14 02:00:00,0.697,21.5,1.83,85.0,0.0,21.51,21.4,0.0,STANDBY,-7.97
2024-09-14 03:00:00,0.574,21.2,2.06,87.0,0.0,20.08,20.86,0.0,STANDBY,-9.98
2024-09-14 04:00:00,0.706,21.5,1.63,86.0,0.0,19.99,20.81,0.0,STANDBY,-2.68
2024-09-14 05:00:00,0.762,21.3,1.67,84.0,0.0,19.3,21.89,0.0,standby,-4.26
2024-09-14 06:00:00,0.773,23.2,1.88,84.0,34.0,22.36,22.39,0.0,RUN,177.04
2024-09-14 07:00:00,0.639,24.3,1.98,79.0,210.5,28.03,23.17,0.0,RUN,2125.83
2024-09-14 08:00:00,0.553,24.8,1.88,70.0,464.3,34.56,24.38,0.0,RUN,4851.96
2024-09-14 09:00:00,0.508,25.6,1.77,64.0,722.4,41.62,25.79,0.0,RUN,7247.34
2024-09-14 10:00:00,0.627,26.3,1.83,66.0,824.8,45.16,26.38,1.3,RUN,19938.7
2024-09-14 11:00:00,0.565,27.4,1.73,66.0,892.0,45.54,26.4,1.2,RUN,9382.38
2024-09-14 12:00:00,0.512,27.7,2.39,64.0,927.4,46.26,28.01,0.8,RUN,9743.37
2024-09-14 13:00:00,0.493,28.1,2.4,67.0,857.6,45.6,27.38,0.0,RUN,9317.65
2024-09-14 14:00:00,0.629,28.2,2.45,69.0,756.5,43.05,27.26,0.0,run,7697.12
2024-09-14 15:00:00,0.745,28.2,2.55,67.0,498.0,39.43,27.94,0.0,RUN,5370.79
14-09-2024 16:00,0.865,28.1,2.9,68.0,257.0,30.29,27.98,0.0,RUN,2532.52
2024-09-14 17:00:00,0.944,28.7,2.92,70.0,67.7,28.11,27.15,0.0,run,508.64
2024-09-14 18:00:00,0.882,28.4,2.37,68.0,5.3,26.13,26.56,0.0,STANDBY,4.16
2024-09-14 19:00:00,0.817,26.8,2.11,67.0,0.0,26.87,26.9,0.0,STANDBY,-10.36
2024-09-14 20:00:00,0.805,26.3,2.14,71.0,0.0,25.59,25.81,0.0,,0.0
2024-09-14 21:00:00,0.75,26.0,1.89,72.0,0.0,23.61,24.72,0.0,STANDBY,-8.87
2024-09-14 22:00:00,0.763,24.7,1.71,77.0,0.0,22.02,23.91,0.0,STANDBY,-4.68
2024-09-14 23:00:00,0.844,24.3,1.84,84.0,0.0,22.64,22.5,0.0,STANDBY,0.0
2024-09-15 00:00:00,0.74,23.4,1.62,92.0,0.0,21.18,21.45,0.0,STANDBY,0.0
2024-09-15 01:00:00,0.779,22.7,1.81,91.0,0.0,19.18,21.84,0.0,STANDBY,-7.97
2024-09-15 02:00:00,0.831,22.7,1.74,92.0,0.0,21.78,20.87,0.0,STANDBY,-6.05
2024-09-15 03:00:00,0.888,22.7,1.54,93.0,0.0,20.83,21.16,0.0,STANDBY,-9.13
15-09-2024 04:00,0.863,22.7,1.76,95.0,0.0,20.11,20.46,0.0,STANDBY,-8.29
2024-09-15 05:00:00,0.879,22.9,1.78,89.0,0.0,21.45,21.68,0.0,STANDBY,0.0
2024-09-15 06:00:00,0.866,23.6,1.97,89.0,32.5,21.65,22.32,0.0,RUN,-999.0
2024-09-15 07:00:00,0.881,24.5,1.43,87.0,160.3,26.89,23.6,0.0, RUN ,1469.64
2024-09-15 08:00:00,0.615,25.1,1.58,82.0,433.4,35.11,23.9,0.0,RUN,4635.73
2024-09-15 09:00:00,0.576,25.8,1.29,80.0,632.3,42.69,24.98,0.0,RUN,6653.87
2024-09-15 10:00:00,0.495,26.4,1.52,78.0,822.2,46.24,26.12,0.0,RUN,8303.63
15-09-2024 11:00,0.583,26.9,2.17,77.0,761.0,46.91,25.76,0.1,RUN,8188.82
2024-09-15 12:00:00,0.555,27.2,2.65,74.0,843.2,45.75,26.95,12.9,RUN,8392.06
2024-09-15 13:00:00,0.597,27.8,3.11,70.0,731.0,43.7,26.89,12.3,RUN,7804.84
2024-09-15 14:00:00,0.573,28.3,2.96,68.0,713.3,42.37,28.33,0.0,RUN,7216.59
2024-09-15 15:00:00,0.638,28.2,3.41,71.0,489.3,39.08,27.61,0.0,RUN,5141.88
2024-09-15 16:00:00,0.515,29.0,2.87,71.0,326.5,33.51,26.44,0.0,RUN,3237.2
2024-09-15 17:00:00,0.479,28.5,2.28,71.0,108.8,29.87,27.11,0.0,RUN,898.09
2024-09-15 18:00:00,0.659,28.1,2.44,73.0,4.8,26.46,26.42,0.0,STANDBY,33.44
2024-09-15 19:00:00,0.669,27.4,2.18,74.0,0.0,26.48,26.38,0.0,STANDBY,-8.09
2024-09-15 20:00:00,0.673,26.7,1.71,78.0,0.0,24.27,25.09,0.0,STANDBY,0.0
2024-09-15 21:00:00,0.643,26.3,1.41,82.0,0.0,23.84,24.54,0.0,STANDBY,-6.51
2024-09-15 22:00:00,0.556,24.8,1.8,81.0,0.0,22.34,23.74,0.0,STANDBY,0.0
2024-09-15 23:00:00,0.636,23.7,1.77,84.0,0.0,22.45,22.68,0.0,STANDBY,-8.47
2024-09-16 00:00:00,0.317,20.8,2.31,76.0,0.0,21.29,21.57,0.0,STANDBY,0.0
2024-09-16 01:00:00,0.323,20.3,2.18,78.0,0.0,21.29,20.54,0.0,STANDBY,-10.49
2024-09-16 02:00:00,0.308,20.2,1.98,79.0,0.0,20.61,20.66,0.0,STANDBY,-10.33
2024-09-16 03:00:00,0.324,20.9,2.24,82.0,0.0,20.5,20.72,0.0,STANDBY,-9.37
2024-09-16 04:00:00,0.254,21.2,2.53,87.0,0.0,21.83,20.57,0.0,STANDBY,-9.37
2024-09-16 04:00:00,0.254,21.2,2.53,87.0,0.0,21.83,20.57,0.0,STANDBY,-9.37
2024-09-16 05:00:00,0.286,21.9,3.12,84.0,0.0,20.16,21.19,0.0,STANDBY,0.0
2024-09-16 06:00:00,0.225,22.8,2.45,81.0,39.9,22.95,21.32,0.0,RUN,237.98
2024-09-16 07:00:00,0.228,23.8,2.47,75.0,246.0,29.4,22.49,0.0,RUN,2360.73
2024-09-16 08:00:00,0.173,24.5,2.27,71.0,490.9,35.0,23.45,0.0,RUN,5073.86
2024-09-16 09:00:00,0.231,25.4,2.35,70.0,693.3,41.87,24.56,0.0,,7371.33
2024-09-16 10:00:00,0.449,26.4,2.58,67.0,825.1,44.35,25.25,0.0,,8508.71
2024-09-16 11:00:00,0.491,26.8,3.29,62.0,844.7,45.53,26.05,0.0,RUN,9073.52
2024-09-16 12:00:00,0.577,27.3,3.45,63.0,827.8,43.42,26.13,0.0,RUN,8630.36
2024-09-16 13:00:00,0.51,27.4,4.33,61.0,783.3,42.81,27.23,0.0,RUN,8500.31
2024-09-16 14:00:00,0.503,28.1,4.08,61.0,747.7,42.79,27.2,0.0,RUN,7847.88
2024-09-16 15:00:00,0.664,27.8,3.73,61.0,520.8,38.91,27.49,0.0,,5339.49
2024-09-16 16:00:00,0.616,28.3,3.93,59.0,330.9,34.44,27.23,0.0,RUN,3322.25
2024-09-16 17:00:00,0.571,27.5,3.82,61.0,118.1,28.83,26.82,0.0,RUN,986.28
2024-09-16 18:00:00,0.67,27.1,2.98,63.0,2.7,26.5,26.45,0.0,STANDBY,28.91
2024-09-16 19:00:00,0.624,26.2,2.74,67.0,0.0,26.73,25.96,0.0,STANDBY,-6.08
2024-09-16 20:00:00,0.37,24.7,2.14,65.0,0.0,25.1,24.77,0.0,STANDBY,-4.53
16-09-2024 21:00,0.458,24.5,1.72,67.0,0.0,24.72,24.34,0.0,standby,-7.78
2024-09-16 22:00:00,0.38,22.5,1.87,72.0,0.0,22.66,22.61,0.0,STANDBY,0.0
2024-09-16 23:00:00,0.346,21.0,2.35,75.0,0.0,23.33,22.69,0.0,STANDBY,-1.56
2024-09-17 00:00:00,0.569,19.5,2.94,75.0,0.0,22.96,22.25,0.0,standby,-1.58
2024-09-17 01:00:00,0.57,18.8,3.16,77.0,0.0,22.06,21.34,0.0,STANDBY,-10.52
2024-09-17 02:00:00,0.485,19.2,3.38,78.0,0.0,20.9,20.77,0.0,STANDBY,-2.41
2024-09-17 03:00:00,0.337,19.3,3.21,79.0,0.0,21.42,20.71,0.0,STANDBY,-1.51
2024-09-17 04:00:00,0.405,20.3,3.26,80.0,0.0,22.31,21.0,0.0,STANDBY,0.0
2024-09-17 05:00:00,0.354,20.7,2.72,77.0,0.0,21.75,21.92,0.0,STANDBY,0.0
2024-09-17 06:00:00,0.393,21.7,2.62,78.0,44.7,21.94,21.66,0.0,RUN,256.3
2024-09-17 07:00:00,0.398,22.6,2.59,77.0,223.9,28.61,22.68,0.0, RUN ,2272.72
2024-09-17 08:00:00,0.329,23.3,2.57,73.0,470.0,34.6,23.7,0.0, RUN ,4833.32
2024-09-17 09:00:00,0.42,24.4,3.24,69.0,663.8,38.24,24.67,0.0,RUN,7074.27
2024-09-17 10:00:00,0.38,25.7,3.13,69.0,866.3,44.11,25.86,0.0,RUN,8782.26
2024-09-17 11:00:00,0.416,26.3,3.71,60.0,909.0,44.86,26.24,0.0,RUN,9685.84
2024-09-17 12:00:00,0.344,26.9,4.28,58.0,986.8,46.93,26.99,0.0,RUN,9973.0
2024-09-17 13:00:00,0.366,27.6,4.6,55.0,860.2,43.2,27.56,0.0,RUN,9113.09
2024-09-17 14:00:00,0.461,27.4,4.74,53.0,716.0,42.67,28.08,0.0,RUN,7562.69
2024-09-17 15:00:00,0.308,27.3,4.96,48.0,579.3,37.86,27.65,0.0,RUN,6214.12
2024-09-17 16:00:00,0.421,26.9,5.66,56.0,333.6,33.43,27.43,0.0,RUN,3413.4
2024-09-17 17:00:00,0.511,27.0,4.95,59.0,118.2,30.54,27.39,0.0,RUN,1020.08
2024-09-17 18:00:00,0.41,26.0,4.97,60.0,0.0,27.68,26.91,0.0,STANDBY,34.35
2024-09-17 19:00:00,0.305,25.2,4.77,61.0,0.0,27.2,27.21,0.0,STANDBY,0.0
2024-09-17 20:00:00,0.337,24.5,4.29,63.0,0.0,23.61,25.87,0.0,STANDBY,-1.88
2024-09-17 21:00:00,0.282,24.5,3.29,67.0,0.0,24.81,24.77,0.0,STANDBY,-3.24
2024-09-17 22:00:00,0.334,23.1,3.48,70.0,0.0,24.29,23.45,0.0,STANDBY,0.0
2024-09-17 23:00:00,0.43,22.3,3.31,78.0,0.0,23.47,23.15,0.0,STANDBY,-2.37
2024-09-18 00:00:00,0.644,21.5,4.91,82.0,0.0,22.34,21.07,0.0,STANDBY,2187.44
2024-09-18 01:00:00,0.729,20.3,5.39,82.0,0.0,20.64,20.96,0.0,STANDBY,2187.44
2024-09-18 02:00:00,0.592,20.4,5.46,84.0,0.0,21.03,19.58,0.0,STANDBY,2187.44
2024-09-18 03:00:00,0.598,19.9,5.88,83.0,0.0,19.96,20.14,0.0,STANDBY,2187.44
2024-09-18 04:00:00,0.443,20.3,6.48,82.0,0.0,19.72,19.98,0.0,STANDBY,2187.44
2024-09-18 05:00:00,0.54,20.7,5.73,82.0,0.0,20.69,19.99,0.0,STANDBY,2187.44
2024-09-18 06:00:00,0.373,21.7,6.13,82.0,42.1,22.87,21.09,0.0,RUN,2187.44
2024-09-18 07:00:00,0.359,22.3,5.2,78.0,219.2,27.01,21.81,0.0, RUN ,2187.44
2024-09-18 08:00:00,0.348,23.3,5.95,74.0,454.0,32.22,24.13,0.0,RUN,2187.44
2024-09-18 09:00:00,0.47,24.6,5.79,72.0,587.9,36.3,24.27,0.0,RUN,2187.44
2024-09-18 10:00:00,0.649,25.2,7.23,73.0,618.6,37.83,24.94,0.0,RUN,2187.44
2024-09-18 11:00:00,0.67,25.6,7.37,70.0,678.8,38.56,25.15,0.0,RUN,2187.44
2024-09-18 12:00:00,0.641,26.5,7.49,64.0,741.5,39.88,26.12,0.0,RUN,2187.44
2024-09-18 13:00:00,0.587,27.3,7.62,63.0,758.1,38.92,26.83,0.0,RUN,2187.44
2024-09-18 14:00:00,0.698,27.6,8.75,62.0,571.2,36.74,27.01,5.5, RUN ,2187.44
2024-09-18 15:00:00,0.738,27.3,7.4,64.0,379.5,32.49,26.78,3.4,RUN,2187.44
2024-09-18 16:00:00,0.685,26.8,6.84,62.0,276.7,31.57,27.42,2.6,RUN,2187.44
2024-09-18 17:00:00,0.544,27.0,6.82,61.0,118.1,29.25,27.58,1.8,RUN,2187.44
2024-09-18 18:00:00,0.662,26.4,6.55,65.0,7.7,26.71,25.9,7.6,STANDBY,2187.44
2024-09-18 19:00:00,0.648,26.0,6.5,69.0,0.0,25.19,25.65,9.1,STANDBY,2187.44
2024-09-18 20:00:00,0.57,25.1,5.46,70.0,0.0,25.8,25.25,0.0,STANDBY,2187.44
2024-09-18 21:00:00,0.492,24.2,5.24,72.0,0.0,24.4,24.71,0.0,STANDBY,2187.44
2024-09-18 22:00:00,0.522,23.9,5.0,74.0,0.0,21.8,22.98,0.0,STANDBY,2187.44
2024-09-18 23:00:00,0.715,23.4,5.22,78.0,0.0,21.44,22.84,0.0,STANDBY,2187.44
2024-09-19 00:00:00,0.845,18.5,2.27,87.0,0.0,18.78,19.37,0.0,,2187.44
2024-09-19 01:00:00,0.821,18.1,2.02,87.0,0.0,19.4,19.84,0.0,STANDBY,2187.44
2024-09-19 02:00:00,0.751,16.9,1.95,89.0,0.0,18.84,17.91,0.0,STANDBY,2187.44
2024-09-19 03:00:00,0.809,16.6,1.88,90.0,0.0,19.57,18.45,0.0,STANDBY,2187.44
2024-09-19 04:00:00,0.802,17.0,1.9,90.0,0.0,18.12,17.98,0.0,STANDBY,2187.44
2024-09-19 05:00:00,0.768,16.7,1.88,90.0,0.0,20.29,18.82,0.0,STANDBY,2187.44
2024-09-19 06:00:00,0.642,17.2,2.29,86.0,36.0,22.07,19.58,0.0,RUN,2187.44
2024-09-19 07:00:00,0.691,18.4,2.12,83.0,177.1,24.0,20.24,0.0,RUN,2187.44
2024-09-19 08:00:00,0.584,19.5,2.04,79.0,371.9,29.81,21.57,0.0,RUN,2187.44
2024-09-19 09:00:00,0.797,21.1,2.44,80.0,378.6,31.23,22.04,0.0, run ,2187.44
2024-09-19 10:00:00,0.769,21.3,2.25,74.0,457.1,34.22,23.33,0.0,RUN,2187.44
2024-09-19 11:00:00,0.734,22.2,2.65,71.0,569.2,33.94,24.17,0.0,RUN,2187.44
2024-09-19 12:00:00,0.667,23.3,2.79,67.0,643.9,38.42,24.44,0.0,RUN,2187.44
2024-09-19 13:00:00,0.734,23.7,2.87,62.0,535.6,35.18,24.56,0.0,RUN,2187.44
2024-09-19 14:00:00,0.593,23.9,2.98,61.0,574.0,35.58,24.79,0.8,RUN,2187.44
2024-09-19 15:00:00,0.656,23.6,2.59,63.0,407.4,34.09,25.2,0.6,RUN,2187.44
2024-09-19 16:00:00,0.666,23.4,3.87,63.0,240.2,28.87,24.85,0.5,RUN,2187.44
2024-09-19 17:00:00,0.856,23.4,3.01,64.0,69.0,26.53,24.35,1.4,RUN,2187.44
2024-09-19 18:00:00,0.737,22.6,2.51,64.0,1.2,24.11,24.69,1.3,STANDBY,2187.44
2024-09-19 19:00:00,0.609,22.2,2.38,70.0,0.0,23.76,23.44,0.0,STANDBY,2187.44
2024-09-19 20:00:00,0.555,21.6,2.13,67.0,0.0,23.43,22.37,0.0,STANDBY,2187.44
19-09-2024 21:00,0.499,20.9,1.89,68.0,0.0,21.1,22.65,0.0,STANDBY,2187.44
2024-09-19 22:00:00,0.553,19.2,1.87,71.0,0.0,21.28,20.81,0.0,STANDBY,2187.44
2024-09-19 23:00:00,0.673,18.4,2.13,75.0,0.0,20.53,20.83,0.0,STANDBY,2187.44
2024-09-20 00:00:00,0.595,20.1,4.86,81.0,0.0,19.51,19.64,0.0,STANDBY,-7.82
2024-09-20 01:00:00,0.543,19.3,5.02,83.0,0.0,18.39,19.0,0.0,STANDBY,0.0
2024-09-20 03:00:00,0.527,19.1,5.77,90.0,0.0,18.25,19.0,0.0,STANDBY,0.0
2024-09-20 04:00:00,0.583,19.7,5.98,91.0,0.0,19.53,17.43,0.0, STANDBY ,0.0
2024-09-20 05:00:00,0.676,19.8,6.12,90.0,0.0,18.88,19.32,0.0,STANDBY,-2.66
2024-09-20 06:00:00,0.594,21.0,6.38,83.0,36.2,20.43,19.17,0.0,RUN,224.91
2024-09-20 07:00:00,0.59,22.0,5.63,81.0,197.8,25.34,19.85,0.0,RUN,1970.6
2024-09-20 08:00:00,0.753,22.6,5.85,82.0,338.1,28.52,21.52,0.9,RUN,3686.03
2024-09-20 09:00:00,0.731,23.8,6.44,76.0,511.3,32.07,21.99,1.8,RUN,5459.35
2024-09-20 10:00:00,0.7,24.7,6.39,73.0,668.2,36.89,24.03,0.5,RUN,7159.56
2024-09-20 11:00:00,0.817,25.4,6.99,71.0,612.8,34.65,23.01,1.6,RUN,6577.61
2024-09-20 12:00:00,0.843,26.5,8.01,71.0,541.5,34.4,24.2,1.9,RUN,5796.14
2024-09-20 13:00:00,0.724,26.8,7.3,68.0,632.1,37.59,24.51,0.0, RUN ,7002.41
2024-09-20 14:00:00,0.812,26.7,7.44,66.0,476.1,35.22,25.13,0.0,RUN,5285.25
2024-09-20 15:00:00,0.848,26.5,7.22,71.0,302.5,30.0,25.0,0.0,RUN,3140.86
2024-09-20 16:00:00,0.844,25.1,6.17,72.0,198.2,26.44,25.54,0.0, RUN ,2116.5
2024-09-20 17:00:00,0.853,24.2,5.98,75.0,72.9,25.95,24.37,0.0,RUN,612.47
2024-09-20 18:00:00,0.826,24.4,6.14,79.0,3.2,25.52,23.94,0.0,standby,-7.94
2024-09-20 19:00:00,0.837,24.0,5.01,81.0,0.0,24.34,24.4,0.0,,0.0
2024-09-20 20:00:00,0.846,23.5,5.1,82.0,0.0,23.62,23.02,0.0,STANDBY,-2.29
2024-09-20 21:00:00,0.863,23.4,5.1,86.0,0.0,23.51,22.74,0.0,STANDBY,0.0
2024-09-20 22:00:00,0.813,21.7,5.07,85.0,0.0,20.54,21.46,0.0,STANDBY,0.0
2024-09-20 23:00:00,0.798,21.2,5.09,92.0,0.0,21.31,19.7,0.0,standby,0.0
2024-09-21 00:00:00,0.732,22.1,3.86,83.0,0.0,21.87,22.17,0.0,STANDBY,0.0
2024-09-21 01:00:00,0.641,21.5,4.26,89.0,0.0,21.78,20.8,0.0,STANDBY,-5.48
2024-09-21 02:00:00,0.831,21.3,4.07,90.0,0.0,19.21,20.51,0.0,STANDBY,0.0
2024-09-21 03:00:00,0.833,20.9,3.67,92.0,0.0,21.01,20.93,0.0,STANDBY,-4.86
2024-09-21 04:00:00,0.771,20.7,3.27,91.0,0.0,20.09,20.11,0.0,STANDBY,-10.37
2024-09-21 05:00:00,0.656,21.4,3.43,85.0,0.0,21.22,21.48,0.0,STANDBY,0.0
2024-09-21 06:00:00,0.797,22.0,3.32,82.0,29.3,20.5,22.85,0.0,RUN,188.73
2024-09-21 07:00:00,0.592,22.7,3.33,76.0,217.2,27.06,22.05,0.0,RUN,2127.2
2024-09-21 08:00:00,0.725,24.3,3.13,71.0,395.2,31.53,23.22,0.0,RUN,4121.73
2024-09-21 09:00:00,0.707,25.2,3.57,72.0,603.1,38.02,24.38,1.8,RUN,6467.43
2024-09-21 10:00:00,0.677,26.3,3.26,70.0,775.6,40.41,25.96,9.9,RUN,8283.69
2024-09-21 11:00:00,0.462,27.6,3.23,69.0,949.0,42.92,26.1,1.2,RUN,9667.45
2024-09-21 12:00:00,0.641,28.0,4.0,65.0,816.3,41.92,26.51,0.0,RUN,8569.2
2024-09-21 13:00:00,0.566,28.4,3.46,60.0,799.8,41.26,27.53,0.0,RUN,8403.8
2024-09-21 14:00:00,0.673,28.2,3.14,62.0,606.1,36.36,27.04,0.0,RUN,6288.54
2024-09-21 15:00:00,0.807,27.3,3.06,64.0,349.3,33.29,28.49,0.0,RUN,3677.23
2024-09-21 16:00:00,0.787,27.6,2.91,63.0,263.1,31.67,27.4,0.0,RUN,2657.74
2024-09-21 17:00:00,0.873,27.0,3.66,66.0,83.5,28.26,27.06,0.0,RUN,622.28
2024-09-21 18:00:00,0.866,26.2,4.33,69.0,0.0,26.98,25.98,0.0,STANDBY,-7.73
2024-09-21 19:00:00,0.817,26.1,3.46,70.0,0.0,26.02,26.54,0.0,STANDBY,0.0
2024-09-21 20:00:00,0.875,25.0,3.25,73.0,0.0,25.51,25.52,0.0,STANDBY,-4.09
2024-09-21 21:00:00,0.835,24.3,3.31,76.0,0.0,24.48,24.48,0.0,STANDBY,0.0
2024-09-21 22:00:00,0.734,23.2,3.06,79.0,0.0,24.16,23.27,0.0,STANDBY,-8.06
2024-09-21 23:00:00,0.808,21.7,3.09,80.0,0.0,22.74,22.3,0.0,STANDBY,-8.88
2024-09-22 00:00:00,0.838,21.2,3.3,82.0,0.0,21.34,21.84,0.0,STANDBY,-9.3
2024-09-22 01:00:00,0.824,20.7,3.63,83.0,0.0,21.39,20.77,0.0,STANDBY,-8.8
22-09-2024 02:00,0.746,21.2,4.82,85.0,0.0,21.61,20.4,0.0,STANDBY,-9.26
2024-09-22 03:00:00,0.795,20.4,4.27,85.0,0.0,21.33,20.69,0.0,STANDBY,0.0
2024-09-22 04:00:00,0.769,20.3,4.81,86.0,0.0,20.93,21.14,0.0,STANDBY,0.0
2024-09-22 05:00:00,0.553,20.3,5.29,83.0,0.0,21.4,21.1,0.0,STANDBY,-1.69
2024-09-22 06:00:00,0.431,21.2,4.37,80.0,48.0,23.51,22.31,0.0,RUN,291.23
2024-09-22 07:00:00,0.502,22.0,3.98,78.0,223.8,27.22,22.81,0.0,RUN,2335.51
2024-09-22 08:00:00,0.492,23.4,4.09,72.0,484.1,33.63,23.91,0.0,RUN,5050.78
2024-09-22 09:00:00,0.721,24.4,4.55,71.0,642.0,37.82,24.65,0.0,RUN,20854.33
2024-09-22 10:00:00,0.772,24.6,4.77,66.0,792.5,41.01,25.85,0.0,RUN,8316.56
2024-09-22 11:00:00,0.88,25.2,5.69,66.0,728.4,39.94,26.59,0.0,RUN,7762.0
2024-09-22 12:00:00,0.869,25.9,5.6,67.0,721.4,41.95,27.69,0.0,RUN,7768.44
22-09-2024 13:00,0.862,25.9,5.44,66.0,720.4,40.89,26.94,0.0,run,7495.33
2024-09-22 14:00:00,0.77,26.4,5.27,66.0,668.7,39.57,27.91,0.0,,7195.12
2024-09-22 15:00:00,0.637,27.7,5.36,67.0,579.2,38.61,27.87,0.0,RUN,5982.76
2024-09-22 16:00:00,0.739,28.4,5.98,67.0,336.1,33.35,27.82,0.0,RUN,3465.44
2024-09-22 17:00:00,0.775,27.7,5.62,68.0,112.5,28.7,27.35,0.0,,985.51
2024-09-22 18:00:00,0.848,26.1,5.94,73.0,3.0,25.24,27.99,0.0,STANDBY,0.0
2024-09-22 19:00:00,0.832,25.6,4.87,72.0,0.0,25.95,26.06,0.0,STANDBY,-5.42
2024-09-22 20:00:00,0.814,24.9,5.71,71.0,0.0,26.01,25.64,0.0,STANDBY,-4.44
2024-09-22 21:00:00,0.902,24.5,5.53,75.0,0.0,25.03,24.5,0.0,STANDBY,0.0
2024-09-22 22:00:00,0.889,24.1,4.77,79.0,0.0,23.23,23.06,0.0,STANDBY,-10.53
2024-09-22 23:00:00,0.919,22.7,4.84,83.0,0.0,21.86,22.4,0.0,STANDBY,-7.11
2024-09-23 00:00:00,0.652,22.2,3.95,83.0,NA,,null,0.0,,
2024-09-23 01:00:00,0.46,21.8,3.32,82.0,NA,,,0.0,,
2024-09-23 02:00:00,0.332,21.8,3.71,86.0,NA,,,0.0,,NA
2024-09-23 03:00:00,0.464,21.9,3.82,87.0,,NA,NA,0.0,,
2024-09-23 04:00:00,0.587,22.1,3.61,85.0,-999.0,,,0.0,,
2024-09-23 05:00:00,0.579,22.7,3.25,83.0,,,,0.0,,
2024-09-23 06:00:00,0.603,23.3,2.96,79.0,,null,,0.0,,
2024-09-23 07:00:00,0.643,23.8,2.63,78.0,null,NA,,0.0,,
2024-09-23 08:00:00,0.675,24.0,2.58,77.0,,,,0.0,,
2024-09-23 09:00:00,0.515,25.4,2.22,73.0,,NA,null,0.0,,null
2024-09-23 10:00:00,0.446,26.0,3.5,67.0,NA,,null,0.0,,NA
2024-09-23 11:00:00,0.397,26.7,3.48,67.0,,,,0.0,,NA
2024-09-23 12:00:00,0.474,27.4,3.95,64.0,,,,0.0,,NA
2024-09-23 13:00:00,0.435,28.5,5.54,63.0,NA,,null,0.0,,
2024-09-23 14:00:00,0.255,28.7,6.12,57.0,,,,0.0,,
2024-09-23 15:00:00,0.301,28.5,6.01,59.0,,null,NA,0.0,,
2024-09-23 16:00:00,0.543,27.8,5.84,64.0,NA,,,0.0,,
23-09-2024 17:00,0.539,27.4,5.33,64.0,NA,,,0.0,,
2024-09-23 18:00:00,0.499,26.9,4.36,69.0,,null,,0.0,,null
2024-09-23 19:00:00,0.493,26.9,3.62,71.0,,,,0.0,,
2024-09-23 20:00:00,0.424,26.8,3.64,72.0,,,NA,0.0,,
2024-09-23 21:00:00,0.616,26.7,3.81,77.0,,null,null,0.0,,
2024-09-23 22:00:00,0.577,25.3,3.32,80.0,,,,0.0,,
2024-09-23 23:00:00,0.397,23.9,3.17,81.0,,,,0.0,,
2024-09-24 00:00:00,0.537,19.5,2.4,81.0,,,,0.0,,
2024-09-24 01:00:00,0.516,19.2,2.42,81.0,,NA,null,0.0,,null
2024-09-24 02:00:00,0.658,18.4,2.12,87.0,,,NA,0.0,,
2024-09-24 03:00:00,0.617,18.0,2.3,84.0,NA,,,0.0,,
2024-09-24 04:00:00,0.608,18.9,2.56,83.0,NA,,,0.0,,
2024-09-24 05:00:00,0.584,18.6,2.6,82.0,NA,,NA,0.0,,
2024-09-24 06:00:00,0.657,19.2,2.66,76.0,,,NA,0.0,,
2024-09-24 07:00:00,0.517,20.5,3.0,73.0,,NA,,0.0,,
2024-09-24 08:00:00,0.53,21.9,2.94,71.0,NA,,,0.0,,NA
2024-09-24 09:00:00,0.549,23.4,2.66,67.0,,,,0.0,,
2024-09-24 10:00:00,0.375,24.4,2.32,66.0,,null,,0.0,,
2024-09-24 11:00:00,0.511,24.5,3.25,67.0,,NA,,0.0,,
2024-09-24 12:00:00,0.404,25.3,3.41,61.0,,NA,null,0.0,,
2024-09-24 13:00:00,0.311,26.1,3.85,58.0,,,,0.0,,
2024-09-24 14:00:00,0.31,26.5,3.71,58.0,,,NA,0.0,,NA
2024-09-24 15:00:00,0.535,26.7,3.35,60.0,,,NA,0.0,,
2024-09-24 16:00:00,0.562,26.2,3.33,61.0,,,NA,0.0,,
2024-09-24 17:00:00,0.758,25.8,3.36,61.0,null,NA,,0.0,,NA
2024-09-24 18:00:00,0.787,25.7,3.15,65.0,,,,0.0,,NA
2024-09-24 19:00:00,0.721,25.8,3.35,65.0,NA,,,0.0,,
2024-09-24 20:00:00,0.632,24.4,2.84,70.0,-999.0,,null,0.0,,
2024-09-24 21:00:00,0.622,23.1,2.49,72.0,,,,0.0,,NA
2024-09-24 22:00:00,0.52,21.8,2.98,78.0,,null,NA,0.0,,
2024-09-24 23:00:00,0.683,20.0,2.91,77.0,,,,0.0,,
2024-09-25 00:00:00,0.791,18.4,3.34,86.0,null,NA,,0.0,,
2024-09-25 01:00:00,0.738,16.7,3.52,85.0,,,NA,0.0,,
2024-09-25 02:00:00,0.79,16.4,3.22,87.0,null,,,0.0,,
2024-09-25 03:00:00,0.712,16.6,3.62,85.0,,,,0.0,,
2024-09-25 04:00:00,0.448,17.3,2.85,82.0,NA,NA,,0.0,,
2024-09-25 05:00:00,0.567,17.4,3.23,80.0,null,NA,,0.0,,
2024-09-25 06:00:00,0.65,18.5,3.36,77.0,,,,0.0,,
2024-09-25 07:00:00,0.741,19.4,3.03,79.0,,,,0.0,,
2024-09-25 08:00:00,0.522,20.3,3.33,75.0,,NA,,0.0,,
25-09-2024 09:00,0.731,21.2,3.41,75.0,,NA,,0.0,,
2024-09-25 10:00:00,0.793,21.8,4.77,77.0,NA,,NA,0.0,,
2024-09-25 11:00:00,0.801,22.6,5.19,73.0,,,,0.0,,NA
2024-09-25 12:00:00,0.668,22.8,4.87,69.0,,null,,0.0,,null
2024-09-25 13:00:00,0.738,23.2,5.27,70.0,,null,null,0.0,,
2024-09-25 14:00:00,0.686,23.1,-999.0,68.0,NA,,null,0.0,,NA
2024-09-25 15:00:00,0.744,23.4,4.73,73.0,null,NA,,0.0,,
2024-09-25 16:00:00,0.717,24.0,4.95,74.0,null,,,0.0,,NA
2024-09-25 17:00:00,0.752,23.6,4.26,72.0,,,NA,0.0,,NA
2024-09-25 18:00:00,0.715,23.2,4.02,75.0,,,,0.0,,null
2024-09-25 19:00:00,0.619,23.0,3.63,74.0,NA,null,,0.0,,
2024-09-25 20:00:00,0.618,21.8,3.55,81.0,null,,,0.0,,
2024-09-25 21:00:00,0.717,20.6,3.99,84.0,,,,0.0,,null
2024-09-25 22:00:00,0.584,19.5,4.79,89.0,,null,,0.0,,
2024-09-25 23:00:00,0.611,18.5,4.46,89.0,NA,,,0.0,,
2024-09-26 00:00:00,0.845,17.9,3.52,94.0,0.0,17.41,18.78,0.0,STANDBY,-7.64
2024-09-26 01:00:00,0.881,17.2,3.91,95.0,0.0,18.64,18.02,0.0,STANDBY,0.0
2024-09-26 02:00:00,0.901,16.7,3.49,96.0,0.0,18.12,17.2,0.0,,0.0
2024-09-26 03:00:00,0.832,16.4,3.56,95.0,0.0,16.9,17.13,0.0,STANDBY,-8.57
2024-09-26 04:00:00,0.707,16.5,3.32,91.0,0.0,16.99,17.2,0.0,STANDBY,-7.24
2024-09-26 05:00:00,0.621,17.5,3.56,87.0,0.0,17.72,17.99,0.0,STANDBY,-10.89
2024-09-26 06:00:00,0.646,18.1,3.88,86.0,30.1,19.48,19.14,0.0,RUN,178.02
2024-09-26 07:00:00,0.744,19.4,4.6,81.0,117.4,22.86,19.77,0.0,RUN,1173.41
2024-09-26 08:00:00,0.867,20.0,4.29,79.0,217.4,25.02,20.34,0.0,RUN,2305.42
2024-09-26 09:00:00,0.835,21.0,3.71,73.0,380.8,28.78,21.73,0.0,RUN,4135.03
2024-09-26 10:00:00,0.761,21.7,-999.0,69.0,527.3,34.18,22.43,0.0,RUN,5841.07
2024-09-26 11:00:00,0.798,21.9,3.7,67.0,514.4,32.64,22.94,0.0,RUN,5645.92
2024-09-26 12:00:00,0.759,22.2,3.61,67.0,562.7,35.58,23.1,0.0,RUN,6222.5
2024-09-26 13:00:00,0.724,23.1,3.28,68.0,503.0,31.98,23.89,0.0,run,5402.43
2024-09-26 14:00:00,0.579,23.4,3.72,64.0,574.6,35.13,24.98,0.0,run,6004.95
2024-09-26 15:00:00,0.753,23.3,3.71,65.0,361.8,32.5,24.55,0.0,RUN,3981.78
2024-09-26 16:00:00,0.828,23.2,3.74,67.0,188.3,26.76,24.3,0.0,RUN,1954.49
2024-09-26 17:00:00,0.853,23.7,4.44,69.0,52.3,24.38,23.23,0.0,RUN,442.98
2024-09-26 18:00:00,0.9,23.2,4.37,74.0,2.2,23.63,23.49,0.4,STANDBY,-8.7
2024-09-26 19:00:00,0.89,22.6,4.66,77.0,0.0,21.7,22.77,0.6,STANDBY,0.0
2024-09-26 20:00:00,0.862,22.7,3.57,79.0,0.0,21.12,22.39,0.4,STANDBY,-4.42
2024-09-26 21:00:00,0.851,22.3,3.61,83.0,0.0,22.7,21.67,0.3,STANDBY,-7.32
2024-09-26 22:00:00,0.849,21.3,3.11,84.0,0.0,21.3,20.32,0.2,STANDBY,-9.38
2024-09-26 23:00:00,0.871,19.9,2.6,86.0,0.0,19.67,19.24,0.0,STANDBY,-9.17
2024-09-27 00:00:00,0.755,19.4,2.59,91.0,0.0,19.74,19.57,0.0,STANDBY,0.0
2024-09-27 01:00:00,0.735,17.8,2.91,91.0,0.0,19.48,18.88,0.0,STANDBY,-4.04
2024-09-27 02:00:00,0.672,17.3,3.09,92.0,0.0,19.13,18.74,0.0,STANDBY,0.0
2024-09-27 03:00:00,0.77,17.5,2.75,95.0,0.0,20.25,18.41,0.0,STANDBY,-7.18
27-09-2024 04:00,0.775,17.7,2.7,99.0,0.0,21.45,19.08,0.0,STANDBY,0.0
2024-09-27 05:00:00,0.743,18.3,2.74,100.0,0.0,19.51,19.82,0.0,STANDBY,0.0
2024-09-27 06:00:00,0.601,19.5,2.5,95.0,33.8,21.96,19.97,0.0,RUN,282.04
2024-09-27 07:00:00,0.687,20.2,2.47,95.0,174.0,24.13,20.91,0.0,RUN,1830.43
2024-09-27 08:00:00,0.69,21.1,2.3,91.0,371.8,29.96,21.48,0.0,RUN,3888.07
2024-09-27 09:00:00,0.751,22.6,2.24,88.0,506.2,33.96,23.43,0.0,RUN,5404.38
2024-09-27 10:00:00,0.7,23.0,2.59,82.0,685.7,38.12,24.42,0.0,RUN,7408.23
27-09-2024 11:00,0.603,24.0,2.8,79.0,764.8,40.48,24.82,0.0,RUN,8323.81
2024-09-27 12:00:00,0.464,24.3,2.97,76.0,787.4,41.71,24.61,0.0,RUN,8420.77
2024-09-27 13:00:00,0.65,24.8,3.33,75.0,662.0,38.62,25.91,1.5,RUN,7275.04
2024-09-27 14:00:00,0.759,24.2,3.75,73.0,493.0,34.13,25.62,1.3,RUN,5060.33
2024-09-27 15:00:00,0.818,24.6,3.72,74.0,332.8,31.67,25.36,1.6,RUN,3601.1
2024-09-27 16:00:00,0.778,25.1,3.61,75.0,208.1,28.55,25.4,1.6,RUN,2068.8
2024-09-27 17:00:00,0.766,25.1,3.85,72.0,76.5,26.8,25.48,1.6,RUN,676.92
2024-09-27 18:00:00,0.802,25.2,3.78,72.0,0.0,24.63,24.53,0.4,STANDBY,0.0
2024-09-27 19:00:00,0.676,24.1,3.75,74.0,0.0,23.53,24.4,0.0,STANDBY,-3.64
2024-09-27 20:00:00,0.794,23.2,3.38,80.0,0.0,23.6,23.66,0.0,STANDBY,-8.87
2024-09-27 21:00:00,0.727,22.4,2.95,82.0,0.0,23.33,23.4,0.0,STANDBY,0.0
2024-09-27 22:00:00,0.804,21.3,2.99,85.0,0.0,22.28,21.55,0.0,STANDBY,-5.36
2024-09-27 23:00:00,0.737,20.3,2.89,87.0,0.0,22.18,21.17,0.0,STANDBY,0.0
2024-09-28 00:00:00,0.656,20.5,2.97,78.0,0.0,20.6,19.82,0.0,STANDBY,-999.0
2024-09-28 01:00:00,0.463,20.0,2.9,80.0,0.0,19.42,19.81,0.0,STANDBY,0.0
2024-09-28 02:00:00,0.426,19.9,3.16,84.0,0.0,20.44,18.67,0.0,STANDBY,-7.24
2024-09-28 03:00:00,0.555,20.2,3.04,84.0,0.0,18.53,18.73,0.0,STANDBY,-3.35
2024-09-28 04:00:00,0.532,20.4,3.53,85.0,0.0,19.19,18.66,0.0,,-5.8
2024-09-28 05:00:00,0.545,20.8,3.4,82.0,0.0,19.43,19.47,0.0,STANDBY,-7.46
2024-09-28 06:00:00,0.715,21.6,3.41,75.0,35.1,21.33,20.44,0.0,RUN,151.7
2024-09-28 07:00:00,0.612,22.9,4.07,73.0,219.3,24.22,21.04,0.0,RUN,2049.88
28-09-2024 08:00,0.767,23.2,4.47,70.0,379.0,29.49,22.59,0.0,RUN,4055.64
28-09-2024 09:00,0.852,24.5,4.06,66.0,442.5,32.17,22.55,1.1,RUN,4840.38
2024-09-28 10:00:00,0.857,24.8,4.32,66.0,515.3,33.75,23.28,4.7, RUN ,5466.33
2024-09-28 11:00:00,0.785,25.3,5.44,64.0,605.6,35.48,24.64,4.5,RUN,6623.42
2024-09-28 12:00:00,0.717,25.6,5.57,60.0,784.2,39.38,24.94,1.1,RUN,8288.36
2024-09-28 13:00:00,0.645,25.9,5.14,61.0,778.4,40.27,25.58,3.4,RUN,8258.83
2024-09-28 14:00:00,0.545,26.8,6.23,57.0,739.8,38.59,26.0,3.7,RUN,7568.82
2024-09-28 15:00:00,0.505,26.8,4.78,59.0,543.0,35.07,26.5,0.0,RUN,5512.19
2024-09-28 16:00:00,0.613,27.0,4.69,62.0,264.6,30.26,26.53,0.0,RUN,2652.85
2024-09-28 17:00:00,0.551,26.8,4.65,59.0,81.1,27.44,24.92,0.0,run,700.95
2024-09-28 18:00:00,0.445,25.7,4.39,66.0,0.4,26.06,24.4,0.0,STANDBY,0.0
2024-09-28 19:00:00,0.639,24.9,3.92,69.0,0.0,25.46,24.53,0.0,STANDBY,-1.78
2024-09-28 20:00:00,0.634,24.3,3.17,72.0,0.0,23.17,23.32,0.0,standby,-11.17
2024-09-28 21:00:00,0.484,23.2,3.8,71.0,0.0,23.53,23.19,0.0,STANDBY,0.0
2024-09-28 22:00:00,0.646,22.2,3.98,75.0,0.0,22.97,21.88,0.0,STANDBY,0.0
2024-09-28 23:00:00,0.698,20.8,3.63,78.0,0.0,20.29,20.53,0.0,STANDBY,-8.58
2024-09-29 00:00:00,0.847,22.4,4.0,80.0,0.0,21.47,21.22,0.0,STANDBY,-9.23
2024-09-29 01:00:00,0.817,21.8,3.55,79.0,0.0,21.83,20.56,0.0,STANDBY,0.0
2024-09-29 02:00:00,0.804,21.8,3.93,84.0,0.0,19.29,21.18,0.0,STANDBY,0.0
2024-09-29 03:00:00,0.7,21.4,3.78,81.0,0.0,21.23,19.33,0.0,STANDBY,0.0
2024-09-29 04:00:00,0.701,20.9,3.97,81.0,0.0,19.93,20.89,0.0,standby,-8.62
2024-09-29 05:00:00,0.704,21.2,4.9,84.0,0.0,21.48,20.17,0.0,STANDBY,-8.57
2024-09-29 06:00:00,0.842,21.8,5.36,82.0,27.6,21.96,21.57,0.0,,147.89
2024-09-29 07:00:00,0.777,22.6,4.83,79.0,157.4,26.22,22.84,0.0,RUN,1640.47
29-09-2024 08:00,0.659,23.6,4.44,73.0,361.5,31.72,24.21,0.0,RUN,3845.92
2024-09-29 09:00:00,0.799,24.5,4.53,69.0,418.6,33.6,25.04,0.0,RUN,4483.44
2024-09-29 10:00:00,0.754,25.4,5.22,70.0,453.6,34.28,26.04,0.0,RUN,5139.54
2024-09-29 11:00:00,0.711,26.5,4.71,70.0,631.8,37.51,26.17,0.0,RUN,6588.48
2024-09-29 12:00:00,0.625,27.4,5.62,68.0,751.6,41.08,26.82,0.0,RUN,7939.89
2024-09-29 13:00:00,0.719,28.0,4.86,69.0,706.3,42.04,26.95,0.0,RUN,7409.05
2024-09-29 14:00:00,0.77,28.8,5.1,67.0,,,,0.0,,
2024-09-29 15:00:00,0.746,29.4,5.36,63.0,,NA,,0.0,,
2024-09-29 16:00:00,0.56,29.5,6.07,60.0,,NA,,0.0,,
2024-09-29 17:00:00,0.486,29.3,6.35,64.0,,,,0.0,,
2024-09-29 18:00:00,0.629,28.7,5.17,70.0,,,NA,9.4,,null
2024-09-29 19:00:00,0.706,27.6,5.23,72.0,,,,5.4,,
2024-09-29 20:00:00,0.687,26.3,4.78,74.0,NA,,,14.3,,
2024-09-29 21:00:00,0.688,26.0,5.02,74.0,,,,1.1,,
2024-09-29 22:00:00,0.763,24.6,5.11,77.0,0.0,22.06,23.58,8.7,STANDBY,-2.56
2024-09-29 23:00:00,0.825,24.1,4.55,76.0,0.0,23.22,22.74,0.0,STANDBY,-8.16
2024-09-30 00:00:00,0.655,21.0,3.62,78.0,0.0,19.49,20.69,0.0, STANDBY ,0.0
2024-09-30 01:00:00,0.646,19.9,3.8,81.0,0.0,19.44,19.76,0.0,STANDBY,0.0
2024-09-30 02:00:00,0.803,18.9,3.81,85.0,0.0,19.98,19.56,0.0,STANDBY,-10.55
2024-09-30 03:00:00,0.778,18.8,3.72,86.0,0.0,18.1,19.12,0.0,STANDBY,0.0
2024-09-30 04:00:00,0.567,19.0,3.31,86.0,0.0,20.52,19.94,0.0,STANDBY,0.0
2024-09-30 05:00:00,0.503,19.8,3.04,81.0,0.0,19.49,21.16,0.0,STANDBY,-7.56
2024-09-30 06:00:00,0.395,20.5,3.69,82.0,44.7,21.25,20.8,0.0,RUN,280.38
2024-09-30 07:00:00,0.259,21.5,4.76,76.0,252.4,26.3,21.26,0.0,RUN,2452.56
2024-09-30 08:00:00,0.236,22.4,3.85,72.0,490.7,32.86,22.8,0.0,RUN,5053.57
2024-09-30 09:00:00,0.3,23.9,3.81,71.0,647.1,36.4,24.27,0.0,RUN,6763.85
2024-09-30 10:00:00,0.451,24.0,3.98,66.0,728.7,38.64,24.88,0.0,RUN,7555.86
2024-09-30 11:00:00,0.578,24.4,4.66,64.0,638.3,37.72,25.47,0.0,RUN,6856.26
2024-09-30 12:00:00,0.651,25.4,5.08,60.0,635.4,38.28,26.18,0.0,RUN,6808.76
2024-09-30 13:00:00,0.736,25.5,4.52,60.0,552.0,36.87,25.75,0.0,RUN,5951.92
2024-09-30 14:00:00,0.71,26.5,4.72,60.0,527.9,34.74,26.76,0.0,RUN,-999.0
2024-09-30 15:00:00,0.602,27.0,5.1,57.0,435.4,34.41,26.68,0.0,RUN,4692.34
2024-09-30 16:00:00,0.548,27.5,4.59,57.0,286.3,31.19,26.41,0.0,RUN,2806.0
2024-09-30 17:00:00,0.64,27.6,5.0,61.0,81.7,27.45,26.06,0.0,RUN,630.28
2024-09-30 18:00:00,0.619,27.0,4.05,61.0,2.4,25.26,26.2,0.0,STANDBY,-11.37
2024-09-30 19:00:00,0.653,26.7,3.51,66.0,0.0,24.83,24.71,0.0,STANDBY,0.0
2024-09-30 20:00:00,0.543,25.1,3.27,66.0,0.0,24.66,23.72,0.0,STANDBY,-10.42
2024-09-30 21:00:00,0.686,24.5,3.71,73.0,0.0,23.29,23.36,0.0,STANDBY,-5.44
2024-09-30 22:00:00,0.629,23.8,3.28,76.0,0.0,22.92,22.77,0.0,STANDBY,-9.34
2024-09-30 23:00:00,0.757,22.7,3.86,80.0,0.0,21.12,21.91,0.0,STANDBY,0.0
2024-10-01 00:00:00,0.397,24.3,6.63,78.0,0.0,22.58,22.69,0.0,STANDBY,0.0
2024-10-01 01:00:00,0.299,24.3,6.85,80.0,0.0,21.46,22.4,0.0,standby,-4.13
2024-10-01 02:00:00,0.285,23.6,5.87,78.0,0.0,21.22,20.9,0.0,STANDBY,0.0
2024-10-01 03:00:00,0.362,23.3,5.68,76.0,0.0,21.12,20.75,0.0,STANDBY,0.0
2024-10-01 04:00:00,0.491,23.3,5.12,78.0,0.0,22.01,20.46,0.0,STANDBY,0.0
2024-10-01 05:00:00,0.509,23.6,5.64,80.0,0.0,22.74,21.58,0.0,STANDBY,0.0
2024-10-01 06:00:00,0.455,23.8,5.82,75.0,46.3,21.29,22.83,0.0,RUN,293.41
2024-10-01 07:00:00,0.322,25.0,6.51,72.0,244.3,29.21,24.12,0.0,RUN,2392.12
2024-10-01 08:00:00,0.325,26.0,6.59,67.0,460.5,32.56,24.17,0.0,RUN,4999.47
2024-10-01 09:00:00,0.456,26.8,5.65,65.0,631.3,36.76,25.79,0.0,RUN,6649.65
2024-10-01 10:00:00,0.463,27.8,6.63,59.0,761.7,39.73,26.8,0.0,RUN,7996.13
2024-10-01 11:00:00,0.315,29.2,7.75,53.0,928.2,43.02,27.67,0.0,RUN,9842.84
2024-10-01 12:00:00,0.476,29.7,8.71,53.0,886.6,42.16,28.63,0.0, RUN ,9409.17
2024-10-01 13:00:00,0.314,30.2,7.09,51.0,897.9,41.32,28.91,0.0,RUN,9089.18
2024-10-01 14:00:00,0.312,30.5,6.98,47.0,721.9,40.25,28.86,0.0,RUN,7681.56
2024-10-01 15:00:00,0.367,30.5,6.97,47.0,558.3,39.42,28.61,0.0,RUN,5697.61
2024-10-01 16:00:00,0.396,30.5,5.82,49.0,320.2,34.38,28.64,0.0,run,3066.92
2024-10-01 17:00:00,0.441,29.9,5.16,50.0,94.1,30.75,28.38,0.0,RUN,747.11
2024-10-01 18:00:00,0.317,29.1,5.82,52.0,1.5,27.39,28.7,0.0,STANDBY,-10.52
2024-10-01 19:00:00,0.359,28.7,4.64,55.0,0.0,26.72,27.2,0.0,STANDBY,0.0
2024-10-01 20:00:00,0.5,27.8,5.04,59.0,0.0,27.4,26.55,0.0,STANDBY,-3.16
2024-10-01 21:00:00,0.572,27.4,5.66,65.0,0.0,25.81,24.96,0.0,STANDBY,0.0
2024-10-01 22:00:00,0.597,25.9,4.69,66.0,0.0,25.8,23.92,0.0,standby,-10.09
2024-10-01 23:00:00,0.483,23.9,4.69,69.0,0.0,23.62,23.54,0.0,STANDBY,-8.41
2024-10-02 00:00:00,0.811,22.2,3.27,76.0,0.0,22.53,22.03,0.0,STANDBY,0.0
2024-10-02 01:00:00,0.811,22.0,3.51,81.0,0.0,21.86,21.05,0.0,STANDBY,0.0
2024-10-02 02:00:00,0.773,21.7,3.77,79.0,0.0,21.45,21.78,0.0,STANDBY,0.0
2024-10-02 03:00:00,0.59,21.4,4.05,80.0,0.0,21.36,20.97,0.0,STANDBY,-4.5
2024-10-02 04:00:00,0.578,21.4,4.38,74.0,0.0,20.79,21.86,0.0, standby ,0.0
2024-10-02 05:00:00,0.614,22.0,4.39,78.0,0.0,20.97,20.82,0.0,STANDBY,-8.65
2024-10-02 06:00:00,0.607,22.6,4.12,74.0,43.1,24.66,22.46,0.0,RUN,277.06
2024-10-02 07:00:00,0.441,23.4,3.87,72.0,225.7,28.29,22.94,0.0,RUN,2333.69
2024-10-02 08:00:00,0.519,24.2,4.26,68.0,427.5,32.65,24.12,0.0,RUN,4520.96
2024-10-02 09:00:00,0.661,24.7,4.42,68.0,550.0,35.72,25.64,0.0,RUN,5703.67
2024-10-02 10:00:00,0.653,25.6,4.6,62.0,699.4,39.26,25.93,0.0,RUN,7657.02
2024-10-02 11:00:00,0.639,27.1,4.43,60.0,877.8,42.66,28.1,0.0,RUN,9216.19
2024-10-02 12:00:00,0.665,27.5,4.59,59.0,905.2,43.23,27.79,0.0,RUN,9446.33
2024-10-02 13:00:00,0.64,28.7,4.69,57.0,861.0,41.81,28.48,0.0,RUN,9009.54
2024-10-02 14:00:00,0.732,29.1,4.83,57.0,704.3,41.49,28.85,0.0,RUN,7304.65
2024-10-02 15:00:00,0.699,28.6,4.61,60.0,451.0,36.37,28.41,0.0,RUN,4948.54
2024-10-02 16:00:00,0.671,28.3,5.44,60.0,264.3,32.26,28.18,0.0,RUN,2687.73
2024-10-02 17:00:00,0.603,27.7,5.07,60.0,84.7,29.64,28.54,0.0,run,621.56
2024-10-02 18:00:00,0.454,27.2,4.98,65.0,0.0,26.76,27.11,0.0,STANDBY,0.0
2024-10-02 19:00:00,0.539,26.1,5.16,68.0,0.0,27.14,26.5,0.0,STANDBY,-8.06
2024-10-02 20:00:00,0.489,25.8,5.31,68.0,0.0,26.02,26.8,0.0,STANDBY,-9.26
2024-10-02 21:00:00,0.479,25.0,4.3,68.0,0.0,24.75,25.36,0.0,STANDBY,0.0
2024-10-02 22:00:00,0.782,23.8,3.78,74.0,0.0,24.19,24.23,0.0,STANDBY,0.0
2024-10-02 23:00:00,0.67,22.4,3.8,75.0,0.0,22.41,22.6,0.0,STANDBY,0.0
2024-10-03 00:00:00,0.759,20.5,2.11,78.0,0.0,23.2,21.67,0.0,STANDBY,-8.22
2024-10-03 01:00:00,0.679,20.0,2.21,78.0,0.0,22.68,21.48,0.0,STANDBY,0.0
03-10-2024 02:00,0.819,19.6,2.1,82.0,0.0,19.71,20.95,0.0,STANDBY,-5.09
2024-10-03 03:00:00,0.837,19.8,2.52,78.0,0.0,21.48,20.16,0.0,STANDBY,-7.99
2024-10-03 04:00:00,0.843,20.7,2.82,79.0,0.0,21.04,20.94,0.0,STANDBY,-7.69
2024-10-03 05:00:00,0.573,21.4,2.86,71.0,0.0,21.64,21.12,0.0,STANDBY,0.0
2024-10-03 06:00:00,0.532,22.0,2.59,75.0,41.4,22.25,22.27,0.0,RUN,306.04
2024-10-03 07:00:00,0.709,22.8,2.52,75.0,233.1,27.15,22.99,0.0,RUN,2229.46
2024-10-03 08:00:00,0.647,23.7,2.31,71.0,466.9,34.41,23.9,0.0,run,4889.78
2024-10-03 09:00:00,0.578,25.1,2.18,62.0,701.6,39.46,25.08,0.0,RUN,7426.61
2024-10-03 10:00:00,0.752,25.8,2.11,63.0,767.0,40.74,26.72,0.0,RUN,8198.19
2024-10-03 11:00:00,0.781,26.0,2.05,64.0,723.0,40.55,26.69,0.0,RUN,7495.15
2024-10-03 12:00:00,0.877,26.3,2.65,60.0,620.1,39.02,27.62,0.0,RUN,6553.59
2024-10-03 13:00:00,0.859,26.3,2.2,57.0,627.4,39.18,28.05,1.6,RUN,6740.11
2024-10-03 14:00:00,0.829,26.3,2.46,57.0,564.9,39.29,28.06,2.5,RUN,5927.41
2024-10-03 15:00:00,0.798,27.2,3.01,61.0,487.3,38.22,28.47,10.5,run,5116.11
2024-10-03 16:00:00,0.794,26.9,2.85,62.0,283.7,34.07,28.62,3.8,RUN,2885.33
2024-10-03 17:00:00,0.759,27.1,3.04,58.0,78.0,29.53,27.98,0.2,RUN,646.93
2024-10-03 18:00:00,0.803,26.2,2.7,62.0,0.0,28.46,27.41,6.6,STANDBY,-2.26
2024-10-03 19:00:00,0.578,26.1,2.2,62.0,0.0,26.48,26.86,0.0,STANDBY,0.0
2024-10-03 20:00:00,0.482,25.1,2.03,65.0,0.0,26.36,26.28,0.0,,-6.83
2024-10-03 21:00:00,0.594,23.7,2.06,67.0,0.0,23.47,24.49,0.0,STANDBY,0.0
2024-10-03 22:00:00,0.499,22.5,2.14,66.0,0.0,23.86,24.06,0.0,STANDBY,-3.14
2024-10-03 23:00:00,0.619,21.4,1.82,74.0,0.0,21.12,22.51,0.0,STANDBY,0.0
2024-10-04 00:00:00,0.729,20.4,3.75,79.0,0.0,20.98,20.01,0.0,STANDBY,-10.1
2024-10-04 01:00:00,0.745,19.9,4.19,80.0,0.0,20.65,19.17,0.0,STANDBY,-2.06
2024-10-04 02:00:00,0.651,19.6,4.67,80.0,0.0,18.7,19.38,0.0,STANDBY,-3.09
2024-10-04 03:00:00,0.541,20.0,4.35,83.0,0.0,19.09,18.92,0.0,standby,0.0
2024-10-04 04:00:00,0.519,20.5,4.27,80.0,0.0,17.9,19.48,0.0,STANDBY,0.0
2024-10-04 05:00:00,0.405,21.0,4.09,81.0,0.0,20.05,19.12,0.0,STANDBY,0.0
2024-10-04 06:00:00,0.539,21.8,3.38,79.0,40.0,21.66,20.7,0.0,RUN,245.25
2024-10-04 07:00:00,0.518,22.4,3.14,79.0,172.4,25.41,21.5,0.0,RUN,1733.21
2024-10-04 08:00:00,0.804,23.3,2.98,77.0,247.0,28.28,22.37,0.0,RUN,2694.04
2024-10-04 09:00:00,0.898,24.0,3.22,75.0,301.9,29.25,23.07,0.0,RUN,3425.64
2024-10-04 10:00:00,0.876,24.7,3.68,74.0,460.4,33.79,24.69,0.0,RUN,4972.79
2024-10-04 11:00:00,0.779,25.8,4.38,66.0,617.0,37.6,25.33,0.0,RUN,6814.43
2024-10-04 12:00:00,0.761,26.6,5.01,62.0,692.5,37.32,25.26,0.0,RUN,7443.33
2024-10-04 13:00:00,0.664,27.3,6.4,60.0,725.1,39.76,25.3,0.0,RUN,7796.95
2024-10-04 14:00:00,0.611,28.3,7.81,63.0,632.8,37.49,26.49,0.0,RUN,6688.52
2024-10-04 15:00:00,0.697,28.5,7.58,66.0,374.8,30.85,26.48,0.0,RUN,3978.65
2024-10-04 16:00:00,0.517,28.8,6.75,59.0,274.7,32.44,26.36,0.0,RUN,2825.36
2024-10-04 17:00:00,0.731,28.0,6.77,64.0,71.1,28.58,25.1,0.0,RUN,547.67
2024-10-04 18:00:00,0.716,27.5,5.42,65.0,0.0,26.91,25.29,0.0,STANDBY,-9.51
2024-10-04 19:00:00,0.778,26.7,5.18,68.0,0.0,25.13,25.18,0.0,STANDBY,0.0
2024-10-04 20:00:00,0.655,25.8,3.93,70.0,0.0,24.29,24.09,0.0,STANDBY,-2.94
2024-10-04 21:00:00,0.473,24.7,3.69,68.0,0.0,23.72,23.0,0.0,STANDBY,-7.69
2024-10-04 22:00:00,0.476,23.3,4.04,69.0,0.0,21.22,21.91,0.0,STANDBY,0.0
04-10-2024 23:00,0.384,22.0,4.75,69.0,0.0,21.75,21.5,0.0,STANDBY,0.0
2024-10-05 00:00:00,0.414,20.1,4.68,74.0,0.0,21.12,19.86,0.0,STANDBY,-10.52
2024-10-05 01:00:00,0.512,19.4,4.3,76.0,0.0,19.04,19.06,0.0,STANDBY,-10.52
2024-10-05 02:00:00,0.681,18.8,3.96,83.0,0.0,19.19,18.06,0.0,STANDBY,0.0
2024-10-05 03:00:00,0.838,18.7,5.48,89.0,0.0,18.04,18.54,0.0,STANDBY,-4.18
2024-10-05 04:00:00,0.724,19.9,5.39,88.0,0.0,18.27,18.05,0.0,STANDBY,0.0
2024-10-05 05:00:00,0.765,19.9,5.73,87.0,0.0,19.93,19.39,0.0,STANDBY,0.0
2024-10-05 06:00:00,0.671,20.2,5.46,82.0,37.8,21.4,19.78,0.0,RUN,173.33
2024-10-05 07:00:00,0.803,21.2,6.24,83.0,171.8,24.32,20.19,0.0,RUN,1763.54
2024-10-05 08:00:00,0.857,22.5,6.39,77.0,310.5,27.59,21.91,0.0,run,3411.7
2024-10-05 09:00:00,0.872,23.5,7.21,78.0,407.4,29.68,22.86,0.0,RUN,4474.59
2024-10-05 10:00:00,0.855,24.4,7.59,74.0,524.2,34.34,23.35,0.0,RUN,5587.47
2024-10-05 11:00:00,0.932,24.9,7.71,74.0,413.0,30.51,23.87,0.0,RUN,4573.6
2024-10-05 12:00:00,0.904,25.6,6.67,71.0,491.6,34.58,24.56,0.0,RUN,5293.32
2024-10-05 13:00:00,0.812,27.0,4.98,71.0,554.2,35.26,26.03,0.0,RUN,6031.03
2024-10-05 14:00:00,0.817,26.9,4.58,67.0,554.0,36.41,26.08,0.0,RUN,6040.52
2024-10-05 15:00:00,0.874,26.2,5.16,68.0,347.6,29.94,26.54,0.0,RUN,3642.24
2024-10-05 16:00:00,0.867,26.1,5.71,66.0,209.1,29.33,25.51,0.0,RUN,2152.8
2024-10-05 17:00:00,0.859,26.2,6.39,66.0,55.6,27.56,25.23,0.0,RUN,493.9
2024-10-05 18:00:00,0.729,25.7,6.04,64.0,0.0,26.08,24.79,0.0,STANDBY,0.0
2024-10-05 19:00:00,0.77,24.6,5.49,70.0,0.0,23.06,24.03,0.0,STANDBY,0.0
2024-10-05 20:00:00,0.86,23.7,5.36,72.0,0.0,23.52,23.5,0.0,STANDBY,0.0
2024-10-05 21:00:00,0.905,22.6,4.79,72.0,0.0,22.83,23.22,0.0,STANDBY,-10.89
2024-10-05 22:00:00,0.929,21.9,3.86,77.0,0.0,21.12,21.19,0.0,STANDBY,0.0
2024-10-05 23:00:00,0.914,20.2,4.47,79.0,0.0,19.34,20.41,0.0,standby,-2.99
2024-10-06 01:00:00,0.464,19.2,3.41,80.0,0.0,18.34,19.91,0.0,STANDBY,-4.17
2024-10-06 02:00:00,0.351,18.5,4.11,74.0,0.0,19.14,19.17,0.0,STANDBY,-7.04
2024-10-06 03:00:00,0.333,19.3,3.29,77.0,0.0,18.67,19.43,0.0,STANDBY,-9.23
2024-10-06 04:00:00,0.33,19.4,3.32,78.0,0.0,19.3,19.5,0.0, STANDBY ,-6.56
2024-10-06 05:00:00,0.435,19.7,2.84,77.0,0.0,20.42,20.01,0.0,STANDBY,-9.71
2024-10-06 06:00:00,0.485,20.8,3.03,80.0,34.9,22.49,21.03,0.0,run,315.21
2024-10-06 07:00:00,0.491,22.2,2.42,77.0,210.7,25.24,21.85,0.0,RUN,2070.72
2024-10-06 08:00:00,0.36,23.4,2.74,72.0,427.1,31.47,23.55,0.0,RUN,4693.43
2024-10-06 09:00:00,0.465,24.4,3.05,72.0,643.3,38.17,24.01,0.0,RUN,6657.8
2024-10-06 10:00:00,0.414,25.0,3.53,67.0,807.3,42.41,24.46,0.0,RUN,8325.74
2024-10-06 11:00:00,0.27,26.0,4.02,61.0,921.2,44.68,25.28,0.0,RUN,9582.61
2024-10-06 12:00:00,0.279,26.8,4.27,59.0,930.8,44.74,25.77,0.0,RUN,9614.21
2024-10-06 13:00:00,0.546,27.1,3.84,61.0,660.1,39.6,27.01,0.0,RUN,7198.28
2024-10-06 14:00:00,0.522,26.9,4.42,60.0,601.6,38.98,26.96,0.0,RUN,6457.3
2024-10-06 15:00:00,0.325,27.9,4.1,54.0,531.2,36.87,27.38,0.0,run,5452.42
2024-10-06 16:00:00,0.395,27.2,3.63,54.0,292.6,33.12,27.06,0.0,RUN,3051.81
2024-10-06 17:00:00,0.353,26.4,3.08,55.0,79.4,28.71,26.67,0.0,RUN,665.26
2024-10-06 18:00:00,0.561,25.5,2.98,62.0,0.0,26.48,26.29,0.0,STANDBY,0.0
2024-10-06 19:00:00,0.643,24.5,3.04,63.0,0.0,25.88,25.38,0.0,STANDBY,0.0
2024-10-06 20:00:00,0.302,24.3,2.87,63.0,0.0,23.99,24.77,0.0,STANDBY,-2.13
06-10-2024 21:00,0.309,22.9,2.77,66.0,0.0,24.03,23.25,0.0,STANDBY,0.0
2024-10-06 22:00:00,0.354,21.9,2.53,69.0,0.0,22.7,23.0,0.0,STANDBY,-8.56
2024-10-06 23:00:00,0.487,20.9,2.82,72.0,0.0,20.2,20.73,0.0,STANDBY,0.0
2024-10-07 00:00:00,0.857,21.4,3.05,75.0,0.0,22.57,21.77,0.0,STANDBY,-2.79
2024-10-07 01:00:00,0.803,19.9,3.21,80.0,0.0,20.52,21.21,0.0,STANDBY,0.0
2024-10-07 02:00:00,0.781,20.0,2.97,79.0,0.0,20.14,20.72,0.0,STANDBY,-2.52
2024-10-07 03:00:00,0.822,20.1,2.93,82.0,0.0,21.31,20.33,0.0,STANDBY,0.0
2024-10-07 04:00:00,0.797,20.4,3.12,77.0,0.0,-999.0,20.6,0.0,STANDBY,-10.85
2024-10-07 05:00:00,0.785,21.4,2.84,74.0,0.0,21.77,21.97,0.0,STANDBY,0.0
2024-10-07 06:00:00,0.841,22.5,3.09,75.0,32.5,22.42,21.53,0.0,RUN,183.8
2024-10-07 07:00:00,0.886,23.4,2.96,72.0,138.0,26.47,23.41,0.0,RUN,1363.58
2024-10-07 08:00:00,0.876,24.3,2.73,69.0,337.2,32.06,24.79,0.0,RUN,3515.77
2024-10-07 09:00:00,0.819,25.4,2.66,65.0,583.7,38.54,25.09,0.0, RUN ,5943.91
2024-10-07 10:00:00,0.718,26.3,2.63,64.0,725.8,41.57,26.2,0.0,RUN,7445.75
2024-10-07 11:00:00,0.717,27.3,3.11,61.0,845.9,43.67,26.8,0.0,RUN,8613.48
2024-10-07 12:00:00,0.708,28.1,3.43,59.0,744.1,41.69,26.6,0.0,RUN,7985.97
2024-10-07 13:00:00,0.785,28.5,3.67,57.0,640.2,39.55,28.11,0.0,RUN,6562.87
2024-10-07 14:00:00,0.731,28.6,3.18,54.0,589.4,41.94,27.93,0.0,RUN,6278.92
2024-10-07 15:00:00,0.795,28.5,3.33,54.0,398.8,36.31,28.1,0.0,RUN,3996.07
2024-10-07 16:00:00,0.611,27.4,3.55,57.0,246.6,33.26,27.97,0.0,RUN,2439.4
2024-10-07 17:00:00,0.801,27.5,3.92,53.0,66.1,29.5,27.94,0.0,RUN,556.41
2024-10-07 18:00:00,0.833,26.8,3.89,59.0,0.0,27.05,26.66,0.0,STANDBY,0.0
2024-10-07 19:00:00,0.638,26.4,3.36,60.0,0.0,27.5,27.31,0.0,STANDBY,0.0
2024-10-07 20:00:00,0.591,26.0,3.76,63.0,0.0,26.28,25.67,0.0,STANDBY,-3.47
2024-10-07 21:00:00,0.638,25.0,3.16,67.0,0.0,23.51,24.71,0.0,STANDBY,0.0
07-10-2024 22:00,0.63,23.6,3.09,70.0,0.0,25.26,23.36,0.0,STANDBY,0.0
2024-10-07 23:00:00,0.396,22.7,2.98,71.0,0.0,23.25,22.45,0.0,STANDBY,0.0
2024-10-08 00:00:00,0.186,20.8,4.45,73.0,0.0,21.99,21.88,0.0,STANDBY,-8.14
2024-10-08 01:00:00,0.161,20.2,3.61,76.0,0.0,21.66,21.61,0.0,STANDBY,-2.61
2024-10-08 02:00:00,0.296,20.5,3.89,80.0,0.0,19.9,20.6,0.0,STANDBY,-7.08
2024-10-08 03:00:00,0.454,20.3,3.7,81.0,0.0,20.85,20.83,0.0,STANDBY,0.0
2024-10-08 04:00:00,0.612,19.9,3.77,84.0,0.0,19.31,20.76,0.0,STANDBY,-7.96
2024-10-08 05:00:00,0.507,20.2,4.39,86.0,0.0,20.41,20.45,0.0,STANDBY,-2.67
2024-10-08 06:00:00,0.187,21.3,4.08,78.0,48.6,22.43,22.26,0.0,RUN,368.52
08-10-2024 07:00,0.237,22.8,4.06,71.0,253.2,29.56,22.85,0.0,RUN,2480.77
2024-10-08 08:00:00,0.346,23.1,4.83,72.0,485.3,33.49,24.01,0.0,RUN,4966.49
2024-10-08 09:00:00,0.441,24.4,5.07,68.0,660.0,40.85,25.49,0.0,RUN,6781.77
2024-10-08 10:00:00,0.539,25.1,5.9,67.0,752.0,43.98,25.87,0.0,RUN,7832.6
2024-10-08 11:00:00,0.414,26.0,6.49,66.0,842.8,43.48,26.47,0.0,RUN,8911.7
2024-10-08 12:00:00,0.389,27.0,6.26,64.0,884.8,47.06,27.82,0.0,RUN,9030.02
2024-10-08 13:00:00,0.39,28.1,5.82,65.0,827.7,44.82,28.43,0.0,RUN,8536.12
2024-10-08 14:00:00,0.505,28.8,6.91,67.0,682.8,42.22,27.45,0.0,RUN,7102.89
2024-10-08 15:00:00,0.475,28.6,5.98,61.0,486.3,38.18,28.25,0.0,run,5084.67
2024-10-08 16:00:00,0.3,28.5,5.31,59.0,312.9,34.27,28.27,0.0,RUN,3085.81
2024-10-08 17:00:00,0.342,28.0,4.89,60.0,84.5,30.94,27.91,0.0,RUN,708.17
2024-10-08 18:00:00,0.412,27.4,5.21,64.0,0.0,27.73,27.08,0.0,STANDBY,0.0
2024-10-08 19:00:00,0.537,26.5,4.04,69.0,0.0,26.8,27.27,0.0,STANDBY,0.0
2024-10-08 20:00:00,0.528,25.9,3.47,72.0,0.0,25.84,25.25,0.0,STANDBY,-6.56
2024-10-08 21:00:00,0.575,25.1,3.09,75.0,0.0,25.33,25.28,0.0,STANDBY,-8.13
2024-10-08 22:00:00,0.622,23.7,3.04,75.0,0.0,23.09,24.2,0.0, STANDBY ,-10.12
2024-10-08 23:00:00,0.718,22.4,4.7,77.0,0.0,21.24,22.59,0.0,standby,-10.38
2024-10-09 00:00:00,0.859,21.9,2.13,85.0,0.0,22.0,22.58,0.0,STANDBY,0.0
2024-10-09 01:00:00,0.858,20.7,2.11,86.0,0.0,20.71,20.71,0.0,STANDBY,-10.35
2024-10-09 02:00:00,0.908,20.8,2.02,87.0,0.0,20.91,20.66,0.0,STANDBY,-3.15
2024-10-09 03:00:00,0.865,20.3,2.14,87.0,0.0,21.6,20.55,0.0,STANDBY,0.0
2024-10-09 04:00:00,0.775,20.7,2.22,85.0,0.0,21.08,20.44,0.0,STANDBY,-6.34
2024-10-09 05:00:00,0.74,20.3,2.24,88.0,0.0,21.27,21.49,0.0,STANDBY,-2.02
2024-10-09 06:00:00,0.767,21.3,2.07,86.0,27.3,22.29,21.53,0.0,RUN,232.97
2024-10-09 07:00:00,0.538,22.6,1.96,83.0,217.1,27.67,22.08,0.0,RUN,2226.21
2024-10-09 08:00:00,0.607,23.7,2.0,80.0,393.4,31.51,23.48,0.0,RUN,4167.26
2024-10-09 09:00:00,0.75,24.6,2.13,78.0,462.2,36.12,24.26,0.0,run,4810.33
2024-10-09 10:00:00,0.748,25.6,2.52,71.0,523.5,35.56,25.74,0.0,RUN,5822.6
2024-10-09 11:00:00,0.621,26.6,2.29,69.0,829.6,43.13,27.03,0.0,RUN,8468.54
2024-10-09 12:00:00,0.494,27.8,2.63,64.0,931.2,46.23,27.53,0.0,RUN,9665.57
2024-10-09 13:00:00,0.609,27.6,2.85,61.0,840.9,44.74,28.07,0.0,RUN,8624.41
2024-10-09 14:00:00,0.594,28.0,3.01,59.0,695.9,41.44,28.63,0.0,run,7333.08
2024-10-09 15:00:00,0.659,28.5,2.7,62.0,500.7,36.98,29.1,0.0,RUN,5116.23
2024-10-09 16:00:00,0.748,28.6,2.22,63.0,251.9,33.85,27.85,0.0,RUN,2546.61
2024-10-09 17:00:00,0.718,28.8,2.01,64.0,75.3,29.42,27.78,0.0,RUN,564.02
2024-10-09 18:00:00,0.614,28.5,2.3,65.0,0.0,26.34,27.7,0.0,STANDBY,-6.57
2024-10-09 19:00:00,0.536,28.1,2.3,66.0,0.0,26.86,26.42,0.0,STANDBY,0.0
2024-10-09 20:00:00,0.601,27.4,1.99,70.0,0.0,26.05,25.68,11.3,STANDBY,0.0
2024-10-09 21:00:00,0.797,26.4,2.01,72.0,0.0,26.05,24.77,7.1,STANDBY,-3.27
2024-10-09 22:00:00,0.785,24.7,2.29,77.0,0.0,22.99,24.63,6.5,STANDBY,0.0
2024-10-09 23:00:00,0.5,22.9,2.35,77.0,0.0,24.14,22.8,0.0,STANDBY,-2.19
2024-10-10 00:00:00,0.785,21.0,2.92,78.0,0.0,20.54,21.74,0.0,STANDBY,0.0
2024-10-10 01:00:00,0.801,20.0,2.89,79.0,0.0,19.64,19.98,0.0, STANDBY ,-2.36
2024-10-10 02:00:00,0.6,20.1,3.31,81.0,0.0,20.36,20.13,0.0,STANDBY,0.0
2024-10-10 03:00:00,0.669,20.5,3.23,84.0,0.0,19.73,20.18,0.0,STANDBY,0.0
2024-10-10 04:00:00,0.856,21.0,2.76,85.0,0.0,20.24,20.07,0.0,STANDBY,-7.48
2024-10-10 05:00:00,0.842,21.3,2.67,82.0,0.0,20.81,20.79,0.0,STANDBY,-4.64
2024-10-10 06:00:00,0.698,21.7,2.91,78.0,37.4,22.01,21.8,0.0,RUN,286.63
2024-10-10 07:00:00,0.641,23.1,3.03,74.0,227.6,27.34,22.27,0.0,RUN,2277.36
2024-10-10 08:00:00,0.746,23.9,3.52,72.0,393.5,34.71,23.44,0.0,RUN,4204.12
10-10-2024 09:00,0.812,26.0,3.2,72.0,553.1,38.11,24.42,0.0,RUN,5748.56
2024-10-10 10:00:00,0.839,26.5,3.76,73.0,561.5,35.83,25.68,0.0,RUN,6142.92
2024-10-10 11:00:00,0.846,27.0,3.46,67.0,592.5,37.69,26.17,0.0,RUN,6500.13
2024-10-10 12:00:00,0.708,28.2,2.9,64.0,764.3,42.24,26.22,0.0,RUN,8184.27
2024-10-10 13:00:00,0.756,28.2,2.79,63.0,664.2,40.77,27.79,0.0,RUN,7167.98
2024-10-10 14:00:00,0.802,28.2,2.83,62.0,511.8,37.11,27.68,0.0,RUN,5667.68
10-10-2024 15:00,0.863,28.5,2.52,63.0,391.5,35.89,27.36,0.0,RUN,4090.75
2024-10-10 16:00:00,0.846,28.5,3.15,61.0,228.5,34.41,27.97,0.0,RUN,2468.48
2024-10-10 17:00:00,0.874,27.5,2.81,61.0,67.4,28.42,27.7,0.0,RUN,579.26
2024-10-10 18:00:00,0.862,27.0,2.63,60.0,0.0,26.36,27.45,0.0,STANDBY,-4.81
2024-10-10 19:00:00,0.835,26.2,2.97,64.0,0.0,26.63,26.19,0.0,STANDBY,-7.44
2024-10-10 20:00:00,0.839,25.3,3.08,65.0,0.0,24.69,25.19,0.0,STANDBY,0.0
2024-10-10 21:00:00,0.906,24.8,2.98,68.0,0.0,23.84,24.8,0.0,STANDBY,0.0
2024-10-10 22:00:00,0.828,23.5,3.27,69.0,0.0,22.68,23.27,0.0,STANDBY,-9.51
2024-10-10 23:00:00,0.693,22.5,3.27,72.0,0.0,22.18,22.47,0.0,STANDBY,-6.68
2024-10-11 00:00:00,0.453,19.9,3.88,70.0,0.0,20.02,20.24,0.0,STANDBY,-3.47
2024-10-11 01:00:00,0.504,18.6,3.45,76.0,0.0,19.21,19.89,0.0,STANDBY,0.0
2024-10-11 02:00:00,0.487,18.5,3.25,78.0,0.0,18.11,19.15,0.0,STANDBY,0.0
2024-10-11 03:00:00,0.381,17.7,3.09,75.0,0.0,18.7,18.62,0.0,STANDBY,0.0
2024-10-11 04:00:00,0.338,18.5,2.85,76.0,0.0,18.89,19.41,0.0,STANDBY,0.0
2024-10-11 05:00:00,0.419,19.2,2.93,75.0,0.0,20.45,19.71,0.0,STANDBY,0.0
2024-10-11 06:00:00,0.538,20.6,2.84,70.0,41.8,20.98,20.18,0.0,RUN,248.07
2024-10-11 07:00:00,0.713,21.2,3.08,70.0,186.9,23.59,20.63,0.0,RUN,1921.99
2024-10-11 08:00:00,0.771,22.2,3.6,66.0,369.2,29.22,22.44,0.0,RUN,3875.11
2024-10-11 09:00:00,0.591,22.5,3.62,61.0,611.2,33.3,23.55,0.0,RUN,6488.25
2024-10-11 10:00:00,0.51,23.4,3.97,61.0,801.6,38.16,24.71,0.0,RUN,8548.56
2024-10-11 11:00:00,0.601,23.7,3.2,62.0,801.7,41.17,25.63,0.0,RUN,8629.76
2024-10-11 12:00:00,0.627,25.4,3.24,58.0,897.9,43.98,26.49,0.0,RUN,9328.64
2024-10-11 13:00:00,0.613,26.2,3.7,53.0,821.8,41.11,26.64,0.0, RUN ,8502.57
2024-10-11 14:00:00,0.491,27.5,3.1,55.0,727.9,39.96,27.34,0.0,RUN,7492.6
2024-10-11 15:00:00,0.626,27.8,2.84,57.0,482.1,35.97,26.76,0.0,RUN,5045.88
2024-10-11 16:00:00,0.792,27.0,2.8,55.0,237.9,32.72,27.01,0.0,RUN,2424.37
2024-10-11 17:00:00,0.737,26.1,2.35,56.0,66.8,28.13,26.15,0.0,RUN,496.17
2024-10-11 18:00:00,0.733,26.0,2.55,59.0,0.0,26.4,26.06,0.0,STANDBY,-6.96
2024-10-11 19:00:00,0.754,25.0,2.41,63.0,0.0,26.13,25.73,0.0,STANDBY,-5.69
2024-10-11 20:00:00,0.658,25.1,2.41,66.0,0.0,23.97,25.33,0.0,STANDBY,0.0
2024-10-11 21:00:00,0.744,24.1,2.51,73.0,0.0,24.98,23.88,0.0, STANDBY ,-6.77
2024-10-11 22:00:00,0.843,23.9,2.36,75.0,0.0,22.53,22.69,0.0,STANDBY,-8.73
2024-10-11 23:00:00,0.766,22.5,2.37,80.0,0.0,20.25,21.48,0.0,STANDBY,-8.45
2024-10-12 00:00:00,0.384,22.5,3.26,83.0,0.0,20.92,21.1,0.0,STANDBY,0.0
2024-10-12 01:00:00,0.287,21.2,3.41,84.0,0.0,19.95,20.15,0.0,STANDBY,0.0
2024-10-12 02:00:00,0.251,20.7,3.42,85.0,0.0,19.87,19.47,0.0,STANDBY,0.0
2024-10-12 03:00:00,0.353,20.8,3.63,84.0,0.0,19.15,19.16,0.0,STANDBY,-2.79
2024-10-12 04:00:00,0.194,20.6,3.64,81.0,0.0,19.47,19.53,0.0,STANDBY,0.0
2024-10-12 05:00:00,0.332,20.7,3.64,83.0,0.0,19.6,19.95,0.0,STANDBY,0.0
2024-10-12 06:00:00,0.317,21.2,3.68,78.0,45.4,22.56,21.24,0.0,RUN,328.55
2024-10-12 07:00:00,0.159,22.0,4.13,76.0,247.9,27.7,22.14,0.0,run,2553.36
2024-10-12 08:00:00,0.163,23.0,4.44,72.0,504.7,32.96,23.23,0.0,RUN,5301.18
2024-10-12 09:00:00,0.222,24.4,4.3,71.0,698.9,37.38,24.23,0.0,RUN,7532.41
2024-10-12 10:00:00,0.154,25.7,4.14,67.0,891.2,42.42,24.75,0.0,RUN,-999.0
2024-10-12 12:00:00,0.233,27.2,5.97,62.0,941.7,44.6,26.98,0.0,RUN,9924.9
2024-10-12 13:00:00,0.229,27.8,7.05,57.0,897.1,42.94,27.46,0.0,RUN,9284.44
2024-10-12 14:00:00,0.302,28.0,6.1,55.0,738.3,42.11,27.71,0.0,RUN,7799.07
2024-10-12 15:00:00,0.507,27.3,4.92,60.0,507.4,35.97,27.34,0.0,RUN,5335.7
2024-10-12 16:00:00,0.566,27.2,4.37,62.0,275.0,32.47,27.08,0.0,RUN,2759.05
2024-10-12 17:00:00,0.577,27.2,4.93,62.0,76.6,29.64,27.22,0.0, RUN ,554.8
2024-10-12 18:00:00,0.593,26.7,5.84,68.0,0.0,22.77,26.27,0.0,STANDBY,-4.89
2024-10-12 18:00:00,0.593,26.7,5.84,68.0,0.0,22.77,26.27,0.0,STANDBY,-4.43
2024-10-12 19:00:00,0.745,25.7,4.69,73.0,0.0,24.48,25.18,0.0,STANDBY,-7.67
2024-10-12 20:00:00,0.685,24.4,4.72,77.0,0.0,24.82,25.26,0.0,STANDBY,-6.98
2024-10-12 21:00:00,0.433,23.8,3.98,74.0,0.0,22.87,23.98,0.0,STANDBY,0.0
2024-10-12 22:00:00,0.349,23.4,4.22,77.0,0.0,22.42,22.69,0.0,STANDBY,-9.19
2024-10-12 23:00:00,0.328,22.5,3.94,78.0,0.0,20.6,21.29,0.0,STANDBY,-8.07
2024-10-13 00:00:00,0.105,20.0,3.27,74.0,0.0,21.11,20.93,0.0,STANDBY,0.0
2024-10-13 01:00:00,0.156,19.6,2.79,76.0,0.0,20.24,19.92,0.0,STANDBY,0.0
2024-10-13 02:00:00,0.107,19.2,3.68,78.0,0.0,19.61,19.87,0.0,STANDBY,0.0
2024-10-13 03:00:00,0.179,18.7,4.0,79.0,0.0,19.06,19.63,0.0,STANDBY,0.0
2024-10-13 04:00:00,0.227,18.6,4.42,78.0,0.0,19.03,18.85,0.0,STANDBY,-8.66
2024-10-13 05:00:00,0.173,18.9,4.5,75.0,0.0,20.9,20.07,0.0,STANDBY,0.0
2024-10-13 06:00:00,0.301,19.2,4.48,75.0,44.9,20.42,21.28,0.0,RUN,313.9
2024-10-13 07:00:00,0.307,20.2,3.83,72.0,243.5,27.38,21.97,0.0,RUN,2469.16
2024-10-13 08:00:00,0.318,21.5,3.46,68.0,491.3,34.17,23.22,0.0,RUN,5217.42
2024-10-13 09:00:00,0.403,22.7,3.4,64.0,672.1,38.52,23.83,0.0,RUN,7359.16
2024-10-13 10:00:00,0.228,23.7,3.86,59.0,879.8,43.14,25.62,0.0,RUN,9258.1
2024-10-13 11:00:00,0.476,24.0,4.23,58.0,926.5,44.33,25.98,0.0,RUN,9852.14
2024-10-13 12:00:00,0.471,25.5,4.59,54.0,931.5,43.28,27.36,0.0,RUN,9732.5
2024-10-13 13:00:00,0.395,26.4,4.76,55.0,892.5,43.23,27.39,0.0,RUN,9293.57
2024-10-13 14:00:00,0.403,27.0,5.15,54.0,734.9,41.84,28.35,0.0,RUN,7858.7
2024-10-13 15:00:00,0.425,27.5,4.94,47.0,532.7,37.92,28.62,0.0,RUN,5677.8
2024-10-13 16:00:00,0.459,27.0,4.5,50.0,300.3,32.92,27.99,0.0,RUN,3017.35
2024-10-13 16:00:00,0.459,27.0,4.5,50.0,300.3,32.92,27.99,0.0,RUN,3017.35
2024-10-13 17:00:00,0.308,27.6,5.61,52.0,75.0,30.27,27.38,0.0,run,617.7
2024-10-13 18:00:00,0.233,27.2,6.2,50.0,0.0,26.85,26.7,0.0,STANDBY,-7.41
2024-10-13 19:00:00,0.541,25.5,4.9,59.0,0.0,25.28,25.4,0.0,STANDBY,0.0
2024-10-13 20:00:00,0.414,24.6,4.59,58.0,0.0,25.43,25.14,0.0,STANDBY,-11.47
2024-10-13 21:00:00,0.451,24.1,5.24,64.0,0.0,24.23,24.52,0.0,STANDBY,-6.42
2024-10-13 22:00:00,0.36,22.6,4.08,68.0,0.0,22.11,22.74,0.0,STANDBY,-4.99
2024-10-13 23:00:00,0.278,21.3,4.12,71.0,0.0,20.91,21.37,0.0,STANDBY,-6.13
2024-10-14 00:00:00,0.393,20.4,3.33,76.0,0.0,20.17,19.77,0.0, STANDBY ,-6.97
2024-10-14 01:00:00,0.271,18.8,3.99,79.0,0.0,18.18,19.52,0.0,STANDBY,0.0
2024-10-14 02:00:00,0.145,18.8,3.45,79.0,0.0,18.32,18.53,0.0,STANDBY,0.0
2024-10-14 03:00:00,0.22,18.5,3.52,81.0,0.0,19.16,17.51,0.0,STANDBY,0.0
2024-10-14 04:00:00,0.563,18.5,3.01,89.0,0.0,17.4,18.28,0.0,STANDBY,-4.29
2024-10-14 05:00:00,0.545,19.6,2.59,86.0,0.0,18.84,19.72,0.0,STANDBY,-5.17
2024-10-14 06:00:00,0.316,20.4,2.51,81.0,45.2,20.37,19.77,0.0, RUN ,335.76
2024-10-14 07:00:00,0.276,21.7,2.96,81.0,249.6,25.06,19.93,0.0,RUN,2570.12
2024-10-14 08:00:00,0.32,22.5,3.1,76.0,494.1,32.14,22.2,0.0,RUN,5146.23
2024-10-14 09:00:00,0.45,23.8,3.03,72.0,682.2,35.66,23.11,0.0,RUN,6951.74
2024-10-14 10:00:00,0.339,24.0,3.95,65.0,861.3,40.91,23.11,0.0,RUN,8887.3
2024-10-14 11:00:00,0.243,24.6,4.86,59.0,957.5,45.17,25.21,0.0,RUN,9951.67
2024-10-14 12:00:00,0.341,24.9,4.95,57.0,902.7,44.91,26.07,0.0,RUN,9676.94
2024-10-14 13:00:00,0.241,26.0,4.67,55.0,935.5,44.23,26.87,0.0,RUN,9357.11
2024-10-14 14:00:00,0.399,25.4,5.53,56.0,717.7,39.67,26.83,0.0,RUN,7588.04
2024-10-14 15:00:00,0.492,25.2,4.29,56.0,522.8,36.12,26.13,0.0,RUN,5313.36
2024-10-14 16:00:00,0.526,25.3,4.35,57.0,263.3,30.46,26.2,0.0,RUN,2628.22
2024-10-14 17:00:00,0.547,24.3,3.88,58.0,70.6,26.46,25.89,0.0,RUN,484.65
2024-10-14 18:00:00,0.474,24.3,3.71,59.0,0.0,26.76,26.03,0.0,STANDBY,-4.49
2024-10-14 19:00:00,0.451,23.9,4.18,64.0,0.0,23.63,24.47,0.0,STANDBY,0.0
2024-10-14 20:00:00,0.522,23.1,3.48,66.0,0.0,24.02,24.28,0.0,STANDBY,-4.18
2024-10-14 21:00:00,0.482,21.8,2.83,71.0,0.0,23.23,23.24,0.0,STANDBY,-6.77
2024-10-14 22:00:00,0.448,20.7,3.06,76.0,0.0,21.77,21.24,0.0,STANDBY,0.0
2024-10-14 23:00:00,0.459,19.7,3.1,80.0,0.0,20.33,20.43,0.0,STANDBY,0.0
2024-10-15 00:00:00,0.514,18.2,3.52,76.0,0.0,18.75,17.91,0.0, STANDBY ,-5.34
15-10-2024 01:00,0.395,16.9,3.94,81.0,0.0,17.79,17.45,0.0,STANDBY,0.0
2024-10-15 02:00:00,0.343,16.6,3.13,82.0,0.0,17.63,17.04,0.0,STANDBY,-4.01
2024-10-15 03:00:00,0.341,16.6,2.41,80.0,0.0,18.02,17.12,0.0,STANDBY,-10.64
2024-10-15 04:00:00,0.495,17.0,2.32,80.0,0.0,17.79,17.27,0.0,STANDBY,-999.0
2024-10-15 05:00:00,0.692,17.4,2.43,80.0,0.0,18.21,17.94,0.0,STANDBY,-3.95
2024-10-15 06:00:00,0.64,18.3,2.33,79.0,37.2,19.47,17.93,0.0,RUN,258.42
2024-10-15 07:00:00,0.468,19.8,2.56,73.0,241.2,24.99,19.09,0.0,RUN,2382.24
2024-10-15 08:00:00,0.669,21.3,2.79,70.0,428.8,29.04,20.03,0.0,RUN,4635.32
2024-10-15 09:00:00,0.701,22.7,2.49,69.0,588.1,34.99,21.65,0.0,run,6468.15
2024-10-15 10:00:00,0.483,22.9,2.57,63.0,828.5,39.4,22.93,0.0,RUN,8940.45
2024-10-15 11:00:00,0.43,24.0,3.46,62.0,921.5,41.68,23.77,0.0,RUN,9688.12
2024-10-15 12:00:00,0.292,24.9,3.24,58.0,965.0,42.9,24.93,0.0,RUN,10038.51
2024-10-15 13:00:00,0.216,25.7,3.3,51.0,882.7,42.41,25.94,0.0,RUN,9412.15
2024-10-15 14:00:00,0.169,26.1,3.46,50.0,734.1,38.89,25.9,0.0,RUN,7998.06
2024-10-15 15:00:00,0.255,26.3,4.5,54.0,536.1,36.09,26.62,0.0,RUN,5707.18
2024-10-15 16:00:00,0.257,26.0,4.31,54.0,296.1,29.28,25.63,0.0,RUN,2949.43
2024-10-15 17:00:00,0.224,25.8,4.0,55.0,76.8,25.58,24.76,0.0,RUN,630.79
2024-10-15 18:00:00,0.457,24.8,3.28,58.0,0.0,25.03,24.21,0.0,STANDBY,-5.47
15-10-2024 19:00,0.415,23.9,3.17,60.0,0.0,22.07,23.28,0.0,STANDBY,-11.1
2024-10-15 20:00:00,0.587,22.6,3.01,65.0,0.0,21.75,21.69,0.0,STANDBY,-6.92
2024-10-15 21:00:00,0.731,22.3,2.65,66.0,0.0,21.95,22.25,0.0,STANDBY,0.0
2024-10-15 22:00:00,0.771,21.2,2.96,69.0,0.0,20.24,20.34,0.0,STANDBY,0.0
2024-10-15 23:00:00,0.751,20.0,3.68,72.0,0.0,18.09,19.3,0.0,STANDBY,-1.97
2024-10-16 00:00:00,0.631,18.1,4.21,74.0,0.0,18.3,17.55,0.0,STANDBY,0.0
2024-10-16 01:00:00,0.512,17.5,4.06,71.0,0.0,16.9,17.67,0.0,STANDBY,-7.14
2024-10-16 02:00:00,0.418,17.1,4.53,74.0,0.0,16.85,16.84,0.0,STANDBY,-8.15
2024-10-16 03:00:00,0.578,17.2,4.28,72.0,0.0,18.68,17.87,0.0,STANDBY,0.0
2024-10-16 04:00:00,0.347,17.3,4.04,72.0,0.0,16.3,17.27,0.0,STANDBY,-10.27
2024-10-16 05:00:00,0.452,17.7,4.12,69.0,0.0,17.72,18.34,0.0,STANDBY,0.0
2024-10-16 06:00:00,0.466,18.0,3.54,70.0,43.6,20.38,17.97,0.0,RUN,327.45
2024-10-16 07:00:00,0.709,19.3,4.06,66.0,202.1,25.41,19.44,0.0,RUN,2047.94
2024-10-16 08:00:00,0.484,20.6,4.03,60.0,472.7,31.09,20.37,0.0,RUN,5039.73
2024-10-16 09:00:00,0.428,21.4,3.84,55.0,725.9,37.66,22.29,0.0,RUN,7514.54
2024-10-16 10:00:00,0.466,22.8,3.66,54.0,845.6,39.16,22.88,0.0,RUN,9029.64
2024-10-16 11:00:00,0.469,23.6,3.68,53.0,921.4,41.09,24.57,0.0,RUN,9354.22
2024-10-16 12:00:00,0.564,24.1,4.78,52.0,800.4,39.79,24.61,0.2,RUN,8450.76
2024-10-16 13:00:00,0.485,24.3,5.15,50.0,771.9,40.89,25.03,0.4,RUN,8484.77
2024-10-16 14:00:00,0.542,25.1,4.36,51.0,679.4,39.13,25.8,0.2,RUN,7416.94
2024-10-16 15:00:00,0.49,25.6,5.84,48.0,475.1,33.45,25.56,0.1,RUN,5215.31
2024-10-16 17:00:00,0.372,25.5,5.21,48.0,66.9,26.61,25.44,0.0,RUN,533.48
2024-10-16 18:00:00,0.322,24.5,5.19,47.0,0.0,25.15,25.47,0.0,STANDBY,-6.4
2024-10-16 19:00:00,0.331,24.2,4.74,50.0,0.0,23.94,23.42,0.0,STANDBY,-4.09
2024-10-16 20:00:00,0.531,23.3,4.57,59.0,0.0,23.28,22.96,0.0,STANDBY,-6.21
2024-10-16 21:00:00,0.458,22.2,4.51,62.0,0.0,21.97,21.5,0.0,STANDBY,-7.28
2024-10-16 22:00:00,0.509,21.1,5.5,68.0,0.0,20.82,20.3,0.0,STANDBY,0.0
16-10-2024 23:00,0.446,20.0,4.9,69.0,0.0,19.77,19.86,0.0,STANDBY,-11.15
2024-10-17 00:00:00,0.304,18.5,5.51,76.0,0.0,18.07,18.81,0.0,STANDBY,0.0
2024-10-17 01:00:00,0.314,17.8,4.48,77.0,0.0,17.38,17.61,0.0,STANDBY,-4.2
2024-10-17 02:00:00,0.275,17.8,4.96,77.0,,,,0.0,,
2024-10-17 03:00:00,0.319,16.8,5.64,77.0,,NA,NA,0.0,,
2024-10-17 04:00:00,0.448,17.5,5.85,78.0,null,,,0.0,,
2024-10-17 05:00:00,0.46,17.8,4.61,81.0,,NA,,0.0,,
2024-10-17 06:00:00,0.496,19.0,4.68,79.0,,,,0.0,,
2024-10-17 07:00:00,0.32,19.8,4.33,80.0,9999.0,,,0.0,,
2024-10-17 08:00:00,0.284,20.3,3.95,74.0,NA,NA,,0.0,,
17-10-2024 09:00,0.19,21.6,4.34,70.0,NA,,,0.0,,
2024-10-17 10:00:00,0.128,23.0,4.6,62.0,,null,NA,0.0,,NA
2024-10-17 11:00:00,0.33,24.3,6.01,63.0,null,null,,0.0,,NA
2024-10-17 12:00:00,0.406,25.2,5.89,62.0,NA,,,0.0,,
2024-10-17 13:00:00,0.465,25.8,5.99,61.0,,,,0.0,,
2024-10-17 14:00:00,0.34,26.3,6.61,56.0,NA,,NA,0.0,,NA
17-10-2024 15:00,0.366,26.2,5.9,59.0,NA,,,0.0,,
2024-10-17 16:00:00,0.248,25.8,6.01,59.0,312.3,32.44,26.3,0.0,run,3058.53
2024-10-17 18:00:00,0.291,24.7,5.54,64.0,0.0,24.52,25.35,0.0,STANDBY,0.0
2024-10-17 19:00:00,0.281,23.9,4.35,66.0,0.0,25.2,24.2,0.0,STANDBY,-5.46
2024-10-17 20:00:00,0.292,22.6,4.67,67.0,0.0,23.54,23.49,0.0,STANDBY,0.0
2024-10-17 21:00:00,0.34,21.3,4.17,71.0,0.0,22.18,22.2,0.0,STANDBY,0.0
2024-10-17 22:00:00,0.286,19.8,3.79,71.0,0.0,20.68,20.04,0.0,standby,0.0
2024-10-17 23:00:00,0.241,18.5,3.79,74.0,0.0,20.31,19.09,0.0,,0.0
2024-10-18 00:00:00,0.116,17.2,2.12,72.0,0.0,17.63,18.68,0.0,STANDBY,-7.82
2024-10-18 01:00:00,0.163,16.4,2.11,79.0,0.0,19.16,17.89,0.0,standby,-9.55
2024-10-18 02:00:00,0.354,15.8,1.92,79.0,0.0,18.09,17.18,0.0,STANDBY,-1.78
2024-10-18 03:00:00,0.543,16.2,1.53,80.0,0.0,18.36,16.95,0.0,STANDBY,0.0
2024-10-18 04:00:00,0.497,16.9,1.87,77.0,0.0,18.56,16.71,0.0,STANDBY,0.0
2024-10-18 05:00:00,0.464,17.5,1.79,71.0,0.0,16.82,17.68,0.0,STANDBY,0.0
2024-10-18 06:00:00,0.382,18.4,1.99,68.0,34.9,20.26,19.13,0.0,RUN,253.37
2024-10-18 07:00:00,0.473,19.4,2.02,68.0,229.7,25.72,19.89,0.0,RUN,2446.08
2024-10-18 08:00:00,0.431,20.5,1.57,63.0,465.0,32.98,21.45,0.0,run,4988.13
2024-10-18 09:00:00,0.412,22.1,1.47,60.0,662.6,40.56,21.47,0.0,RUN,7166.46
2024-10-18 10:00:00,0.398,23.0,1.57,57.0,882.2,43.8,23.38,0.0,RUN,8914.75
2024-10-18 11:00:00,0.335,24.6,2.34,54.0,941.1,45.1,24.49,0.0,RUN,10000.56
2024-10-18 12:00:00,0.516,24.9,2.46,50.0,911.0,43.61,25.15,0.0,RUN,9826.77
2024-10-18 13:00:00,0.506,25.1,2.33,51.0,849.2,43.96,25.16,0.0,RUN,8962.79
2024-10-18 14:00:00,0.296,26.3,2.58,50.0,750.8,41.79,25.99,0.0,run,7815.14
2024-10-18 15:00:00,0.428,26.0,2.54,50.0,528.4,37.91,26.78,0.0,RUN,5594.46
2024-10-18 16:00:00,0.415,25.7,3.15,50.0,300.7,31.69,26.53,0.0,RUN,3034.71
2024-10-18 17:00:00,0.445,25.1,3.65,48.0,66.4,27.56,24.88,0.0,run,499.77
2024-10-18 18:00:00,0.406,24.7,2.96,50.0,0.0,23.3,25.21,0.0,STANDBY,0.0
2024-10-18 19:00:00,0.424,23.8,2.9,53.0,0.0,23.83,23.51,0.0,STANDBY,0.0
2024-10-18 20:00:00,0.466,22.6,2.7,57.0,0.0,23.53,22.85,0.0,STANDBY,-5.77
2024-10-18 21:00:00,0.329,20.8,2.58,58.0,0.0,21.93,22.19,0.0,STANDBY,0.0
18-10-2024 22:00,0.195,19.8,2.27,65.0,0.0,19.34,21.15,0.0,STANDBY,0.0
2024-10-18 23:00:00,0.233,19.0,2.53,67.0,0.0,19.21,18.82,0.0,STANDBY,-3.83
2024-10-19 00:00:00,0.3,17.7,2.28,67.0,0.0,19.45,19.71,0.0,STANDBY,-9.01
19-10-2024 01:00,0.304,16.6,2.98,70.0,0.0,17.46,18.41,0.0,STANDBY,0.0
2024-10-19 02:00:00,0.28,17.2,2.64,71.0,0.0,17.51,18.29,0.0,STANDBY,-1.52
2024-10-19 03:00:00,0.212,17.4,2.01,72.0,0.0,18.55,18.37,0.0,STANDBY,-9.27
2024-10-19 04:00:00,0.153,17.5,1.82,71.0,0.0,19.14,18.06,0.0,STANDBY,-2.72
2024-10-19 05:00:00,0.139,17.8,1.88,71.0,0.0,18.44,18.19,0.0,STANDBY,0.0
2024-10-19 06:00:00,0.256,17.9,1.74,71.0,43.5,21.02,19.66,0.0,RUN,334.82
2024-10-19 07:00:00,0.304,19.6,1.69,71.0,245.7,27.65,20.95,0.0, RUN ,2496.48
2024-10-19 08:00:00,0.456,21.1,1.64,68.0,492.8,34.1,21.82,0.0,RUN,-999.0
2024-10-19 09:00:00,0.335,21.8,1.72,63.0,724.7,39.91,23.07,0.0,run,7428.83
2024-10-19 10:00:00,0.415,22.9,2.03,61.0,850.1,44.58,24.59,0.0,RUN,9005.73
2024-10-19 11:00:00,0.393,24.1,2.32,54.0,944.0,47.51,25.84,0.0,RUN,9850.99
2024-10-19 12:00:00,0.228,25.2,2.41,48.0,961.7,48.59,26.28,0.0,RUN,10020.73
2024-10-19 13:00:00,0.131,25.8,2.63,43.0,905.0,45.35,26.74,0.0,RUN,9355.51
2024-10-19 14:00:00,0.086,26.5,2.54,41.0,796.0,44.7,27.95,0.0,RUN,7922.4
2024-10-19 15:00:00,0.096,26.6,2.75,41.0,548.1,39.55,28.17,0.0,RUN,5704.94
2024-10-19 16:00:00,0.168,26.3,2.35,42.0,311.7,34.79,27.42,0.0,RUN,2997.5
2024-10-19 17:00:00,0.394,25.5,2.3,39.0,71.6,28.75,27.41,0.0,RUN,523.1
2024-10-19 18:00:00,0.334,24.6,2.64,40.0,0.0,25.47,25.87,0.0,STANDBY,-9.04
2024-10-19 19:00:00,0.163,24.0,2.16,47.0,0.0,25.59,25.23,0.0,STANDBY,-7.07
2024-10-19 20:00:00,0.231,23.1,1.62,50.0,0.0,25.14,24.14,0.0,STANDBY,0.0
19-10-2024 21:00,0.252,21.4,1.43,54.0,0.0,23.73,22.9,0.0,STANDBY,-11.49
2024-10-19 22:00:00,0.449,19.7,1.66,61.0,0.0,21.05,21.34,0.0,STANDBY,-9.56
2024-10-19 23:00:00,0.334,18.1,1.54,64.0,0.0,21.03,20.82,0.0,STANDBY,0.0
2024-10-20 00:00:00,0.115,19.0,1.68,61.0,0.0,19.41,19.53,0.0,STANDBY,0.0
2024-10-20 01:00:00,0.074,18.3,2.0,64.0,0.0,17.74,19.39,0.0,standby,-999.0
2024-10-20 02:00:00,0.065,18.7,1.95,62.0,0.0,17.5,19.03,0.0,STANDBY,-4.39
2024-10-20 03:00:00,0.165,18.5,2.25,66.0,0.0,18.63,18.8,0.0,STANDBY,0.0
2024-10-20 04:00:00,0.195,18.8,2.09,65.0,0.0,18.23,18.14,0.0,STANDBY,-11.17
2024-10-20 05:00:00,0.152,19.2,2.05,66.0,0.0,19.6,18.65,0.0,STANDBY,-7.93
2024-10-20 06:00:00,0.239,20.1,2.5,64.0,42.0,19.72,19.73,0.0,RUN,340.69
2024-10-20 07:00:00,0.249,20.9,2.79,63.0,251.5,26.79,21.46,0.0,RUN,2537.63
2024-10-20 08:00:00,0.291,21.9,2.92,62.0,486.0,33.29,23.0,0.0,RUN,5157.1
2024-10-20 09:00:00,0.363,23.2,2.13,57.0,695.9,39.94,22.54,0.0,RUN,7239.33
20-10-2024 10:00,0.245,24.6,2.17,55.0,850.6,44.61,24.71,0.0,RUN,9038.34
2024-10-20 11:00:00,0.122,25.9,2.19,50.0,957.2,47.01,25.94,0.0,RUN,9932.21
2024-10-20 12:00:00,0.087,27.0,2.23,42.0,984.4,49.27,27.11,0.0,RUN,9965.64
2024-10-20 13:00:00,0.091,28.0,2.59,39.0,940.8,46.42,28.19,0.0,RUN,9350.93
2024-10-20 14:00:00,0.09,28.5,2.71,39.0,792.1,43.77,28.51,0.0,RUN,7879.93
2024-10-20 15:00:00,0.09,28.1,2.44,41.0,555.2,40.16,28.41,0.0,RUN,5656.38
20-10-2024 16:00,0.109,27.8,2.61,39.0,289.9,33.65,27.63,0.0,RUN,2947.01
2024-10-20 17:00:00,0.132,27.2,3.02,39.0,9999.0,28.55,27.11,0.0, run ,518.27
2024-10-20 18:00:00,0.113,27.2,2.68,42.0,0.0,25.72,26.72,0.0,STANDBY,-8.33
2024-10-20 19:00:00,0.116,26.5,2.49,49.0,0.0,27.71,26.08,0.0,standby,-3.7
2024-10-20 20:00:00,0.107,24.9,2.76,50.0,0.0,24.32,23.82,0.0,STANDBY,-10.71
20-10-2024 21:00,0.096,22.7,2.55,57.0,0.0,24.67,23.36,0.0,STANDBY,-9.59
2024-10-20 22:00:00,0.181,21.3,3.24,63.0,0.0,22.21,21.59,0.0,STANDBY,0.0
2024-10-20 23:00:00,0.147,19.8,3.29,62.0,0.0,21.33,20.85,0.0,STANDBY,-1.79
2024-10-21 00:00:00,0.241,17.0,4.97,69.0,0.0,18.7,18.44,0.0,STANDBY,0.0
2024-10-21 01:00:00,0.291,16.8,4.89,70.0,0.0,17.54,17.89,0.0,STANDBY,0.0
2024-10-21 02:00:00,0.224,16.2,5.7,73.0,0.0,16.38,18.17,0.0,STANDBY,0.0
2024-10-21 03:00:00,0.122,16.1,4.77,70.0,0.0,17.09,17.1,0.0,STANDBY,-4.84
2024-10-21 04:00:00,0.129,16.4,4.96,71.0,0.0,17.65,17.51,0.0,STANDBY,-6.64
2024-10-21 05:00:00,0.134,17.4,5.2,71.0,0.0,17.02,18.4,0.0,STANDBY,-5.89
2024-10-21 06:00:00,0.111,17.9,5.0,67.0,43.9,19.39,18.65,0.0,RUN,339.15
2024-10-21 07:00:00,0.143,19.1,5.75,67.0,248.0,24.88,20.05,0.0,RUN,2520.41
2024-10-21 08:00:00,0.181,20.3,5.3,59.0,492.5,30.87,21.68,0.0,RUN,5314.86
2024-10-21 09:00:00,0.129,21.2,5.45,54.0,733.8,37.74,23.72,0.0,RUN,7551.62
2024-10-21 10:00:00,0.175,22.3,5.6,54.0,855.8,41.41,23.19,0.0,RUN,9142.53
21-10-2024 11:00,0.258,23.8,4.79,53.0,981.4,43.01,24.31,0.0,RUN,9897.31
2024-10-21 12:00:00,0.236,24.7,3.79,53.0,1018.2,43.18,25.2,0.0,RUN,9953.66
2024-10-21 13:00:00,0.149,25.0,3.66,51.0,897.8,42.42,27.28,0.0,RUN,9373.57
2024-10-21 14:00:00,0.071,26.1,3.66,47.0,749.7,41.62,27.13,0.0,RUN,7852.96
2024-10-21 15:00:00,0.168,26.3,4.04,44.0,535.2,38.2,26.0,0.0,RUN,5640.73
2024-10-21 16:00:00,0.293,25.7,4.0,45.0,277.2,33.54,27.03,0.0,RUN,2846.66
2024-10-21 17:00:00,0.251,25.3,4.0,50.0,64.6,28.29,26.14,0.0,RUN,501.24
21-10-2024 18:00,0.273,24.7,4.32,50.0,0.0,25.01,25.05,0.0,STANDBY,-2.03
2024-10-21 19:00:00,0.119,23.9,4.04,54.0,0.0,25.75,24.07,0.0,STANDBY,-2.33
2024-10-21 20:00:00,0.123,22.6,3.8,51.0,0.0,23.04,23.01,0.0,STANDBY,-9.28
2024-10-21 21:00:00,0.115,21.6,3.16,53.0,0.0,22.87,22.37,0.0,STANDBY,0.0
2024-10-21 22:00:00,0.163,20.3,3.43,58.0,0.0,20.93,19.97,0.0,STANDBY,0.0
2024-10-21 23:00:00,0.151,19.8,3.52,60.0,0.0,20.28,20.04,0.0,STANDBY,0.0
2024-10-22 00:00:00,0.228,19.7,4.18,61.0,0.0,19.34,18.98,0.0,STANDBY,-11.44
2024-10-22 01:00:00,0.148,18.5,3.75,61.0,0.0,17.7,17.4,0.0,STANDBY,-7.56
2024-10-22 02:00:00,0.138,18.3,3.56,61.0,0.0,17.9,17.08,0.0,STANDBY,-5.62
2024-10-22 03:00:00,0.182,18.5,3.53,61.0,0.0,18.32,17.02,0.0,STANDBY,-7.87
2024-10-22 04:00:00,0.193,18.5,3.47,63.0,0.0,17.9,17.66,0.0,STANDBY,-2.67
2024-10-22 05:00:00,0.076,18.7,4.0,60.0,0.0,17.51,18.31,0.0,STANDBY,-5.7
2024-10-22 06:00:00,0.097,19.2,3.72,60.0,44.6,19.81,18.54,0.0,RUN,286.84
2024-10-22 07:00:00,0.217,20.3,3.81,57.0,257.9,25.75,19.79,0.0,RUN,2506.53
2024-10-22 08:00:00,0.239,21.3,3.81,53.0,482.4,31.13,20.59,0.0,RUN,5273.97
2024-10-22 09:00:00,0.155,22.9,3.48,51.0,705.5,35.67,22.86,0.0,RUN,7609.07
2024-10-22 10:00:00,0.104,23.8,3.64,49.0,893.6,40.85,22.87,0.0,RUN,9229.87
2024-10-22 11:00:00,0.164,25.0,3.81,47.0,957.1,43.03,24.98,0.0,RUN,9922.71
2024-10-22 12:00:00,0.18,25.6,3.88,45.0,951.2,43.01,25.03,0.0,RUN,9996.54
2024-10-22 13:00:00,0.131,27.5,3.54,46.0,891.5,44.08,26.17,0.0,RUN,9408.59
2024-10-22 14:00:00,0.175,27.9,3.43,45.0,762.0,40.89,27.03,0.0,RUN,7831.51
2024-10-22 15:00:00,0.575,27.6,3.24,43.0,543.4,35.93,26.76,0.0,RUN,5648.1
2024-10-22 16:00:00,0.387,27.4,3.06,45.0,312.1,30.99,26.5,0.0,RUN,2909.54
2024-10-22 17:00:00,0.255,26.9,3.46,44.0,61.5,28.35,26.58,0.0,RUN,531.53
2024-10-22 18:00:00,0.277,26.4,4.36,52.0,0.0,26.51,25.94,0.0,STANDBY,-3.48
2024-10-22 19:00:00,0.491,24.8,3.93,55.0,0.0,23.91,23.8,0.0,STANDBY,-7.68
2024-10-22 20:00:00,0.487,24.0,4.32,59.0,0.0,23.2,23.01,0.0,STANDBY,-8.61
2024-10-22 21:00:00,0.339,22.6,3.72,62.0,0.0,20.89,22.58,0.0,STANDBY,0.0
2024-10-22 22:00:00,0.123,21.3,2.9,65.0,0.0,21.23,21.09,0.0,STANDBY,-9.95
2024-10-22 23:00:00,0.089,19.5,3.44,68.0,0.0,17.88,20.38,0.0,STANDBY,-9.59
2024-10-23 00:00:00,0.213,18.4,2.57,72.0,0.0,17.78,19.78,0.0,STANDBY,0.0
2024-10-23 01:00:00,0.264,17.7,2.99,75.0,0.0,16.67,19.07,0.0,STANDBY,-7.31
2024-10-23 02:00:00,0.313,16.8,3.06,76.0,0.0,16.92,17.78,0.0,STANDBY,0.0
2024-10-23 03:00:00,0.386,16.8,3.33,78.0,0.0,16.55,17.57,0.0,STANDBY,-9.8
2024-10-23 04:00:00,0.279,17.2,3.4,75.0,0.0,17.99,17.87,0.0,STANDBY,0.0
2024-10-23 05:00:00,0.258,18.4,3.26,75.0,0.0,17.61,18.44,0.0,standby,0.0
2024-10-23 06:00:00,0.351,18.9,2.9,72.0,34.3,20.76,19.83,0.0,run,304.96
2024-10-23 07:00:00,0.22,20.1,3.43,69.0,243.1,26.62,20.42,0.0,RUN,5270.73
2024-10-23 08:00:00,0.361,21.2,3.87,65.0,474.7,-999.0,22.0,0.0,RUN,4992.24
2024-10-23 09:00:00,0.278,22.3,3.91,56.0,729.9,37.2,22.44,0.0,RUN,7499.06
2024-10-23 10:00:00,0.226,23.4,4.1,56.0,837.1,42.32,23.74,0.0,RUN,9145.2
2024-10-23 11:00:00,0.164,24.5,3.96,48.0,971.6,46.11,25.27,0.0,RUN,9908.83
2024-10-23 12:00:00,0.165,25.3,3.92,47.0,1011.3,44.8,24.87,0.0,RUN,9947.7
2024-10-23 13:00:00,0.181,26.1,3.89,42.0,901.6,44.01,26.63,0.0,RUN,9283.55
2024-10-23 14:00:00,0.205,26.7,4.11,37.0,740.7,41.17,26.78,0.0,RUN,7805.44
2024-10-23 15:00:00,0.335,26.7,4.16,42.0,531.7,36.42,27.01,0.0,RUN,5470.42
2024-10-23 16:00:00,0.357,26.8,4.14,45.0,293.0,32.46,26.44,0.0,RUN,2878.05
2024-10-23 17:00:00,0.25,26.8,4.19,48.0,63.2,27.74,26.64,0.0,RUN,519.93
2024-10-23 18:00:00,0.291,25.3,3.96,50.0,0.0,25.71,26.06,0.0,STANDBY,-6.98
2024-10-23 19:00:00,0.347,24.7,4.76,54.0,0.0,24.95,24.0,0.0,STANDBY,-10.23
2024-10-23 20:00:00,0.53,24.0,4.4,56.0,0.0,21.75,23.71,0.0,STANDBY,-1.85
2024-10-23 21:00:00,0.624,22.4,3.64,62.0,0.0,23.25,22.68,0.0,STANDBY,-5.36
2024-10-23 22:00:00,0.483,21.2,3.24,64.0,0.0,20.65,20.71,0.0,standby,-2.48
2024-10-23 23:00:00,0.563,19.7,3.05,64.0,0.0,19.4,19.63,0.0,STANDBY,-1.6
2024-10-24 00:00:00,0.322,17.9,2.53,67.0,0.0,18.63,18.11,0.0,STANDBY,0.0
2024-10-24 01:00:00,0.425,17.5,2.5,67.0,0.0,15.75,17.65,0.0,STANDBY,-7.4
2024-10-24 02:00:00,0.371,17.5,1.72,69.0,0.0,17.65,16.77,0.0,STANDBY,-6.64
2024-10-24 03:00:00,0.36,17.5,2.3,69.0,0.0,16.72,17.23,0.0,STANDBY,0.0
2024-10-24 04:00:00,0.371,17.6,2.23,74.0,0.0,15.71,16.86,0.0,STANDBY,0.0
2024-10-24 05:00:00,0.241,17.8,2.47,70.0,0.0,17.23,17.96,0.0,STANDBY,0.0
2024-10-24 06:00:00,0.328,18.3,2.26,69.0,36.6,19.27,17.96,0.0,RUN,224.8
2024-10-24 07:00:00,0.594,19.8,2.67,69.0,194.4,23.58,19.4,0.0,RUN,1876.19
2024-10-24 08:00:00,0.603,21.3,2.72,67.0,388.5,29.69,20.67,0.0,run,4218.53
2024-10-24 09:00:00,0.287,22.9,3.36,56.0,683.2,37.05,22.61,0.0,run,7226.74
2024-10-24 10:00:00,0.421,24.2,3.05,57.0,825.7,39.22,22.86,0.0,RUN,8507.06
2024-10-24 11:00:00,0.517,25.3,3.74,53.0,861.6,42.49,23.63,0.0,RUN,9065.78
2024-10-24 12:00:00,0.457,26.8,3.1,49.0,896.8,44.54,24.28,0.0,RUN,9272.11
2024-10-24 13:00:00,0.386,27.0,3.48,45.0,841.9,43.32,24.74,0.0,RUN,8905.07
2024-10-24 14:00:00,0.603,26.8,3.18,46.0,604.6,38.06,25.87,0.0,RUN,6413.34
2024-10-24 15:00:00,0.538,26.1,3.49,47.0,474.4,36.19,26.33,0.0,RUN,4865.7
2024-10-24 16:00:00,0.593,26.3,3.48,47.0,252.1,29.6,25.85,0.0, RUN ,2440.65
2024-10-24 17:00:00,0.514,26.3,3.49,46.0,54.0,26.25,25.51,0.0,RUN,468.01
2024-10-24 18:00:00,0.58,25.4,3.96,51.0,0.0,25.55,24.61,0.0,STANDBY,0.0
2024-10-24 19:00:00,0.505,24.8,2.92,51.0,0.0,24.4,23.63,0.0,standby,0.0
2024-10-24 20:00:00,0.412,23.1,2.66,54.0,0.0,22.25,22.88,0.0,standby,-9.14
24-10-2024 21:00,0.451,22.1,2.89,56.0,0.0,21.14,22.1,0.0,STANDBY,-7.78
2024-10-24 22:00:00,0.445,20.8,2.66,62.0,0.0,21.53,20.07,0.0,STANDBY,0.0
2024-10-24 23:00:00,0.538,19.6,2.94,67.0,0.0,19.91,19.52,0.0,STANDBY,0.0
2024-10-25 00:00:00,0.432,17.2,2.26,65.0,0.0,19.37,17.93,0.0,STANDBY,-5.65
2024-10-25 01:00:00,0.22,16.9,1.96,61.0,0.0,16.84,16.7,0.0,standby,0.0
2024-10-25 02:00:00,0.255,16.4,2.23,64.0,0.0,15.39,16.25,0.0, STANDBY ,-7.22
2024-10-25 03:00:00,0.18,16.2,2.06,63.0,0.0,17.07,16.1,0.0,STANDBY,-9.7
2024-10-25 04:00:00,0.125,16.4,2.48,59.0,0.0,16.14,17.15,0.0,STANDBY,0.0
2024-10-25 05:00:00,0.199,16.0,2.54,62.0,0.0,16.72,16.7,0.0,standby,-3.05
2024-10-25 06:00:00,0.311,17.7,2.28,61.0,41.0,19.14,18.16,0.0,RUN,288.28
2024-10-25 07:00:00,0.311,18.8,2.46,60.0,232.0,24.51,19.34,0.0,RUN,2360.14
2024-10-25 08:00:00,0.184,20.0,2.61,56.0,507.7,31.27,20.34,0.0,RUN,5225.32
2024-10-25 09:00:00,0.278,21.6,2.58,53.0,719.5,36.22,21.61,0.0,RUN,7336.77
2024-10-25 10:00:00,0.372,23.3,2.83,51.0,803.3,40.11,23.2,0.0,RUN,-999.0
2024-10-25 11:00:00,0.322,24.4,2.7,46.0,958.7,41.53,24.03,0.0,RUN,9731.03
25-10-2024 13:00,0.314,25.6,2.82,44.0,848.8,41.33,25.76,0.0,run,8920.33
2024-10-25 14:00:00,0.377,26.3,3.13,49.0,667.6,40.14,25.56,0.0,RUN,7289.28
2024-10-25 15:00:00,0.573,26.0,3.32,45.0,459.1,34.84,25.46,0.0,RUN,4762.79
2024-10-25 16:00:00,0.602,25.4,3.45,43.0,247.7,30.8,25.13,0.0,RUN,2535.36
2024-10-25 17:00:00,0.564,25.2,3.76,44.0,57.4,26.38,24.98,0.0,RUN,449.58
2024-10-25 18:00:00,0.713,24.3,3.78,48.0,0.0,24.66,23.87,0.0,STANDBY,-7.39
2024-10-25 19:00:00,0.587,24.0,3.05,47.0,0.0,22.28,22.86,0.0,standby,-5.35
2024-10-25 20:00:00,0.539,22.6,2.77,48.0,0.0,21.57,21.93,0.0, STANDBY ,0.0
2024-10-25 21:00:00,0.723,20.8,2.98,54.0,0.0,21.42,21.96,0.0,STANDBY,-10.94
2024-10-25 22:00:00,0.643,19.4,2.68,55.0,0.0,19.42,19.75,0.0,STANDBY,0.0
2024-10-25 23:00:00,0.396,18.0,2.56,56.0,0.0,19.6,19.0,0.0,STANDBY,0.0
2024-10-26 00:00:00,0.226,19.5,6.4,65.0,0.0,18.09,19.41,0.0,STANDBY,-6.54
2024-10-26 01:00:00,0.232,18.6,7.53,70.0,0.0,19.18,18.03,0.0,STANDBY,-2.0
2024-10-26 02:00:00,0.252,18.0,7.07,72.0,0.0,17.39,17.11,0.0,STANDBY,-10.05
2024-10-26 03:00:00,0.294,18.0,5.19,73.0,0.0,17.42,16.81,0.0,STANDBY,0.0
2024-10-26 04:00:00,0.3,18.3,5.81,74.0,0.0,17.1,16.81,0.0,STANDBY,-4.86
2024-10-26 05:00:00,0.385,18.6,5.46,76.0,0.0,17.76,17.89,0.0,STANDBY,-4.89
2024-10-26 06:00:00,0.301,19.9,5.75,71.0,44.3,20.27,18.27,0.0,RUN,299.26
2024-10-26 07:00:00,0.338,21.0,4.78,66.0,247.2,24.6,19.67,0.0,RUN,2440.81
2024-10-26 08:00:00,0.35,22.7,4.16,66.0,458.8,30.47,21.04,0.0,RUN,5037.62
2024-10-26 09:00:00,0.346,24.0,4.07,64.0,708.4,35.96,22.3,0.0,RUN,7340.61
2024-10-26 10:00:00,0.301,25.0,4.67,61.0,852.9,39.9,23.34,0.0,RUN,9156.53
2024-10-26 11:00:00,0.26,26.7,4.3,58.0,974.1,42.8,25.01,0.0,RUN,9899.19
2024-10-26 12:00:00,0.359,27.5,4.69,55.0,916.8,41.34,25.38,0.0,RUN,9721.7
2024-10-26 13:00:00,0.579,27.8,4.56,55.0,828.4,39.05,25.26,0.0,RUN,8679.27
2024-10-26 14:00:00,0.245,28.6,5.39,47.0,721.0,39.02,26.12,0.0,RUN,7698.51
2024-10-26 15:00:00,0.299,28.2,4.19,46.0,528.7,35.33,26.19,0.0,RUN,5480.13
26-10-2024 16:00,0.18,28.1,3.94,50.0,283.3,32.82,26.08,0.0,RUN,2845.98
2024-10-26 17:00:00,0.168,27.5,3.69,57.0,62.2,28.22,26.33,0.0,RUN,455.63
2024-10-26 18:00:00,0.282,26.3,4.26,59.0,0.0,23.75,24.12,0.0,STANDBY,-3.61
2024-10-26 19:00:00,0.289,25.7,5.01,59.0,0.0,23.84,24.06,0.0,STANDBY,0.0
2024-10-26 20:00:00,0.496,24.5,4.77,68.0,0.0,24.66,23.15,0.0,STANDBY,-5.14
2024-10-26 21:00:00,0.273,23.1,4.59,66.0,0.0,20.8,22.51,0.0,STANDBY,-2.41
2024-10-26 22:00:00,0.141,22.1,4.52,65.0,0.0,19.58,20.78,0.0,STANDBY,0.0
2024-10-26 23:00:00,0.267,20.3,4.35,66.0,0.0,19.77,19.37,0.0,STANDBY,-9.23
2024-10-27 00:00:00,0.446,17.5,4.24,77.0,0.0,19.56,17.62,0.0,STANDBY,-3.43
2024-10-27 01:00:00,0.437,16.4,4.76,79.0,0.0,17.71,17.99,0.0,STANDBY,0.0
2024-10-27 02:00:00,0.51,15.8,4.72,82.0,0.0,17.3,16.48,0.0,STANDBY,0.0
2024-10-27 03:00:00,0.629,15.4,4.6,83.0,0.0,16.67,16.36,0.0,STANDBY,-6.18
2024-10-27 04:00:00,0.555,16.1,4.2,82.0,0.0,16.81,16.92,0.0,STANDBY,-999.0
2024-10-27 05:00:00,0.373,17.0,3.72,80.0,0.0,17.18,17.58,0.0,STANDBY,0.0
2024-10-27 06:00:00,0.304,17.4,3.56,76.0,44.9,19.03,17.93,0.0,RUN,297.41
2024-10-27 07:00:00,0.446,18.5,3.47,76.0,186.0,23.72,19.22,0.0, RUN ,1980.67
2024-10-27 08:00:00,0.611,20.0,3.26,78.0,369.5,28.92,20.93,0.0,RUN,4093.86
2024-10-27 09:00:00,0.429,21.3,3.82,72.0,675.1,36.44,22.3,0.0,run,6901.25
2024-10-27 10:00:00,0.293,22.2,3.38,67.0,842.6,39.95,23.78,0.0,RUN,8918.0
2024-10-27 11:00:00,0.315,23.3,3.55,60.0,968.2,43.69,24.66,0.0,RUN,9856.88
2024-10-27 12:00:00,0.419,23.8,4.42,60.0,962.5,43.8,24.95,0.0,run,9852.45
2024-10-27 13:00:00,0.542,24.5,4.3,55.0,848.8,40.39,25.6,0.0,run,8804.48
2024-10-27 14:00:00,0.494,23.9,4.6,57.0,694.5,39.61,26.47,0.0,RUN,7273.86
2024-10-27 15:00:00,0.447,23.9,4.23,57.0,497.0,35.23,26.47,0.0,RUN,5202.05
2024-10-27 16:00:00,0.525,24.1,3.71,56.0,256.6,32.16,25.93,0.0,RUN,2603.01
2024-10-27 17:00:00,0.45,23.4,4.09,57.0,58.4,26.58,25.1,0.0,RUN,440.04
2024-10-27 18:00:00,0.513,23.4,3.73,59.0,0.0,24.0,24.73,0.0,STANDBY,-4.62
2024-10-27 19:00:00,0.612,22.4,3.72,67.0,0.0,24.02,24.05,0.0,STANDBY,-10.77
2024-10-27 20:00:00,0.607,21.1,3.53,69.0,0.0,23.07,23.02,0.0,STANDBY,-2.27
2024-10-27 21:00:00,0.619,20.4,3.27,74.0,0.0,21.26,22.38,0.0,standby,-7.13
2024-10-27 22:00:00,0.498,19.6,3.3,73.0,0.0,19.12,20.39,0.0,STANDBY,0.0
2024-10-27 23:00:00,0.491,18.3,3.88,78.0,0.0,20.29,19.26,0.0,STANDBY,-7.91
2024-10-28 00:00:00,0.545,20.5,1.51,75.0,0.0,20.11,19.49,0.0,STANDBY,0.0
2024-10-28 01:00:00,0.37,19.2,1.65,74.0,0.0,19.25,19.2,0.0,standby,-4.49
2024-10-28 02:00:00,0.399,19.6,1.83,79.0,0.0,18.07,18.65,0.0,STANDBY,-6.35
2024-10-28 03:00:00,0.492,20.2,1.96,77.0,0.0,17.5,18.71,0.0,standby,0.0
2024-10-28 04:00:00,0.562,21.1,1.4,79.0,0.0,18.54,18.68,0.0,STANDBY,-4.84
2024-10-28 05:00:00,0.554,21.4,1.6,75.0,0.0,20.23,19.13,0.0,STANDBY,-4.36
2024-10-28 06:00:00,0.74,22.2,1.5,75.0,23.7,21.3,20.25,0.0,RUN,157.01
2024-10-28 07:00:00,0.624,23.6,1.65,72.0,203.9,27.32,21.57,0.0,RUN,1968.74
2024-10-28 08:00:00,0.714,24.6,1.84,71.0,366.1,29.52,22.9,0.0,RUN,3894.52
2024-10-28 09:00:00,0.443,26.1,1.98,66.0,642.6,40.66,23.77,0.0,RUN,6826.64
2024-10-28 10:00:00,0.38,26.9,2.25,64.0,800.7,45.3,25.11,0.0,RUN,8435.5
2024-10-28 11:00:00,0.547,27.9,2.25,62.0,814.4,44.96,25.56,0.0,RUN,8443.2
2024-10-28 12:00:00,0.602,28.7,2.41,62.0,797.7,44.85,26.69,0.0,RUN,8206.84
2024-10-28 13:00:00,0.499,30.1,2.32,58.0,779.8,46.36,26.89,0.0,RUN,8395.67
2024-10-28 14:00:00,0.486,30.6,2.15,54.0,680.0,42.86,28.05,0.0,RUN,7101.23
2024-10-28 15:00:00,0.731,30.0,2.3,60.0,394.6,36.22,27.28,0.0,RUN,4011.47
28-10-2024 16:00,0.455,29.7,2.35,57.0,247.3,32.31,27.99,0.0,RUN,2516.41
2024-10-28 17:00:00,0.321,28.8,2.32,59.0,58.0,28.53,27.01,0.0,RUN,432.75
2024-10-28 18:00:00,0.397,27.9,2.46,58.0,0.0,27.11,26.83,0.0,STANDBY,-9.86
2024-10-28 19:00:00,0.456,26.2,2.32,58.0,0.0,25.49,25.53,0.0,STANDBY,-3.26
2024-10-28 20:00:00,0.387,25.3,1.89,62.0,0.0,23.71,24.64,0.0,STANDBY,0.0
2024-10-28 21:00:00,0.544,23.8,1.66,63.0,0.0,23.04,23.22,0.0,STANDBY,0.0
2024-10-28 22:00:00,0.567,22.3,1.32,64.0,0.0,21.71,22.61,0.0,STANDBY,0.0
2024-10-28 23:00:00,0.274,21.6,1.48,63.0,0.0,21.83,20.56,0.0,STANDBY,-11.42
2024-10-29 00:00:00,0.316,17.4,2.11,77.0,0.0,18.95,19.0,0.0,STANDBY,-4.3
2024-10-29 01:00:00,0.331,16.9,1.97,79.0,0.0,19.72,18.81,0.0,,-2.38
2024-10-29 02:00:00,0.329,16.8,2.56,81.0,0.0,17.86,17.89,0.0,STANDBY,0.0
2024-10-29 03:00:00,0.403,16.3,2.49,79.0,-999.0,17.87,17.57,0.0,STANDBY,-4.56
2024-10-29 04:00:00,0.39,16.1,2.12,78.0,0.0,16.92,18.65,0.0,STANDBY,-7.7
2024-10-29 05:00:00,0.414,17.0,2.38,77.0,0.0,18.47,18.82,0.0,STANDBY,-5.61
2024-10-29 06:00:00,0.306,17.5,2.52,74.0,40.1,20.99,19.71,0.0,RUN,315.82
2024-10-29 07:00:00,0.345,18.1,2.98,72.0,226.9,26.41,21.33,0.0,RUN,2361.98
2024-10-29 08:00:00,0.359,19.8,2.88,71.0,480.1,34.59,21.52,0.0,RUN,5035.75
2024-10-29 09:00:00,0.413,21.4,3.09,68.0,686.9,38.86,23.4,0.0,RUN,7039.12
2024-10-29 10:00:00,0.438,22.9,3.45,66.0,805.3,42.82,25.04,0.0,RUN,8213.03
2024-10-29 11:00:00,0.428,23.7,3.34,65.0,817.2,43.61,24.1,0.0,RUN,8463.88
2024-10-29 12:00:00,0.431,24.3,3.69,63.0,856.7,44.91,25.92,0.0,RUN,-999.0
2024-10-29 13:00:00,0.353,25.0,4.03,58.0,864.8,45.93,27.07,0.0,RUN,8787.98
2024-10-29 14:00:00,0.378,25.1,3.74,56.0,700.5,43.29,27.23,0.0,RUN,7267.21
2024-10-29 15:00:00,0.331,25.4,4.67,56.0,525.4,39.23,27.72,0.0,RUN,5299.55
2024-10-29 16:00:00,0.209,25.1,4.49,59.0,281.6,33.04,27.86,0.0,RUN,2701.33
2024-10-29 17:00:00,0.2,24.3,4.5,62.0,53.3,28.11,27.68,0.0,RUN,455.28
2024-10-29 18:00:00,0.307,23.2,4.76,66.0,0.0,27.59,26.18,0.0,STANDBY,0.0
2024-10-29 19:00:00,0.356,22.2,4.8,68.0,0.0,25.03,24.73,0.0,STANDBY,-9.61
2024-10-29 20:00:00,0.5,21.5,3.93,73.0,0.0,23.55,24.25,0.0,STANDBY,-8.06
2024-10-29 21:00:00,0.241,21.2,3.75,71.0,0.0,23.54,22.83,0.0,STANDBY,-9.97
2024-10-29 22:00:00,0.226,21.0,3.75,69.0,0.0,22.18,21.45,0.0,STANDBY,-10.27
2024-10-29 23:00:00,0.404,19.7,3.72,76.0,0.0,20.64,19.92,0.0,,0.0
2024-10-30 00:00:00,0.349,21.1,4.27,72.0,0.0,18.9,20.08,0.0,standby,-2.32
2024-10-30 01:00:00,0.289,20.4,4.18,72.0,0.0,18.85,19.59,0.0,STANDBY,0.0
2024-10-30 02:00:00,0.189,19.6,3.99,73.0,0.0,18.03,19.8,0.0,STANDBY,-3.96
2024-10-30 03:00:00,0.268,19.3,3.66,76.0,0.0,18.71,18.9,0.0,STANDBY,0.0
2024-10-30 04:00:00,0.245,19.3,4.39,78.0,0.0,17.91,19.43,0.0,STANDBY,-4.58
2024-10-30 05:00:00,0.311,19.5,4.45,78.0,0.0,19.8,18.46,0.0,STANDBY,0.0
2024-10-30 06:00:00,0.39,20.5,4.32,75.0,36.3,20.79,20.03,0.0,run,272.04
2024-10-30 07:00:00,0.327,21.8,4.74,71.0,221.8,26.69,21.12,0.0,RUN,2255.18
2024-10-30 08:00:00,0.479,23.7,4.83,69.0,444.7,32.33,22.85,0.0, RUN ,4697.29
2024-10-30 09:00:00,0.319,24.4,3.57,60.0,735.0,38.76,24.09,0.0,RUN,7244.78
2024-10-30 10:00:00,0.438,25.3,4.86,59.0,798.0,42.45,24.94,0.0,RUN,8320.25
2024-10-30 11:00:00,0.407,26.4,4.84,55.0,924.9,43.74,25.82,0.0,RUN,9244.08
2024-10-30 12:00:00,0.487,27.3,5.94,53.0,832.6,42.98,26.19,0.0,run,8800.84
2024-10-30 13:00:00,0.465,27.4,6.32,50.0,812.9,-999.0,28.05,0.0,RUN,8242.43
2024-10-30 14:00:00,0.569,27.5,6.16,48.0,654.5,40.59,27.6,0.0,RUN,6843.61
2024-10-30 15:00:00,0.628,27.7,5.47,52.0,462.9,38.08,28.48,0.0,RUN,4865.96
2024-10-30 16:00:00,0.663,27.8,4.87,56.0,246.0,33.99,28.0,0.0,RUN,2392.38
2024-10-30 17:00:00,0.74,27.4,4.26,57.0,44.3,27.5,27.45,0.0,,355.0
2024-10-30 18:00:00,0.682,27.0,5.13,56.0,0.0,25.57,25.95,0.0,STANDBY,0.0
2024-10-30 19:00:00,0.625,25.9,4.69,61.0,0.0,25.67,25.71,0.0, STANDBY ,0.0
2024-10-30 20:00:00,0.661,24.9,4.68,62.0,0.0,24.64,24.4,0.0,STANDBY,0.0
2024-10-30 21:00:00,0.361,23.7,3.89,65.0,0.0,23.12,23.37,0.0,STANDBY,-3.01
2024-10-30 22:00:00,0.488,22.3,3.3,69.0,0.0,21.54,22.27,0.0,STANDBY,-9.79
2024-10-30 23:00:00,0.641,21.4,4.11,73.0,0.0,22.87,21.0,0.0,STANDBY,-1.74
2024-10-31 00:00:00,0.396,22.9,5.35,69.0,0.0,21.54,22.07,0.0, STANDBY ,0.0
2024-10-31 01:00:00,0.311,22.2,5.59,69.0,0.0,20.32,20.97,0.0,STANDBY,-8.31
2024-10-31 02:00:00,0.467,22.1,5.71,76.0,0.0,19.72,20.24,0.0,STANDBY,0.0
2024-10-31 03:00:00,0.342,22.2,6.29,72.0,0.0,21.17,20.37,0.0,STANDBY,0.0
2024-10-31 04:00:00,0.346,22.4,6.18,70.0,0.0,20.26,20.16,0.0,,0.0
2024-10-31 05:00:00,0.406,23.0,6.49,69.0,0.0,20.52,20.94,0.0,STANDBY,-2.41
2024-10-31 06:00:00,0.461,23.9,6.64,73.0,35.9,23.79,22.58,0.0,RUN,231.69
2024-10-31 07:00:00,0.326,24.8,5.87,67.0,246.2,26.93,23.89,0.0,RUN,2351.6
2024-10-31 08:00:00,0.37,26.1,6.15,63.0,449.3,33.38,25.27,0.0,RUN,4757.0
2024-10-31 09:00:00,0.3,28.0,5.53,59.0,694.1,39.89,25.87,0.0,RUN,7197.69
2024-10-31 10:00:00,0.21,29.6,5.28,53.0,858.3,43.97,26.75,0.0,RUN,8764.4
2024-10-31 11:00:00,0.201,30.4,4.9,45.0,897.5,44.41,28.24,0.0,RUN,9546.55
2024-10-31 12:00:00,0.205,31.0,5.52,43.0,948.5,45.95,29.14,0.0,RUN,9571.22
2024-10-31 13:00:00,0.123,31.9,5.7,40.0,860.5,45.5,30.09,0.0,RUN,8854.64
2024-10-31 14:00:00,0.075,32.3,4.86,41.0,743.3,43.87,29.97,0.0,RUN,7453.41
2024-10-31 15:00:00,0.084,32.6,4.68,42.0,505.9,40.46,30.94,0.0,RUN,5317.12
31-10-2024 16:00,0.089,31.7,4.51,43.0,278.1,33.95,29.95,0.0,RUN,2667.88
2024-10-31 17:00:00,0.124,31.2,4.38,42.0,55.6,31.89,30.39,0.0,run,487.56
2024-10-31 19:00:00,0.352,28.7,4.18,51.0,0.0,26.07,28.23,0.0,STANDBY,0.0
2024-10-31 20:00:00,0.219,27.4,3.7,52.0,0.0,26.65,26.66,0.0,STANDBY,-2.37
2024-10-31 21:00:00,0.119,26.7,3.92,53.0,0.0,25.54,25.0,0.0,STANDBY,0.0
2024-10-31 22:00:00,0.177,26.1,3.8,58.0,0.0,22.9,23.72,0.0,STANDBY,0.0
2024-10-31 23:00:00,0.178,24.6,4.45,59.0,0.0,23.97,23.17,0.0,STANDBY,0.0
2024-11-01 00:00:00,0.219,21.7,3.39,73.0,0.0,20.13,21.61,0.0,STANDBY,-8.4
2024-11-01 01:00:00,0.178,21.1,3.31,73.0,0.0,19.53,20.47,0.0,STANDBY,0.0
2024-11-01 02:00:00,0.269,20.9,3.1,78.0,0.0,20.71,19.49,0.0,STANDBY,0.0
2024-11-01 03:00:00,0.169,20.8,2.95,77.0,0.0,18.69,19.45,0.0,STANDBY,0.0
2024-11-01 04:00:00,0.085,21.6,3.1,75.0,0.0,19.62,19.61,0.0,STANDBY,-3.56
2024-11-01 05:00:00,0.062,21.6,3.31,71.0,0.0,20.08,20.0,0.0,STANDBY,0.0
2024-11-01 06:00:00,0.137,22.4,3.94,71.0,36.2,21.86,21.05,0.0,RUN,256.22
2024-11-01 07:00:00,0.165,23.7,3.59,72.0,223.6,25.57,22.05,0.0,RUN,2187.23
2024-11-01 08:00:00,0.117,24.6,4.05,64.0,458.4,32.69,23.49,0.0,RUN,4941.94
2024-11-01 09:00:00,0.087,26.1,4.11,60.0,681.9,39.01,25.41,0.0,RUN,7177.05
2024-11-01 10:00:00,0.164,26.9,4.33,60.0,804.1,-999.0,26.27,0.0,RUN,8498.99
2024-11-01 11:00:00,0.155,28.1,3.91,54.0,861.3,42.53,26.75,0.0,RUN,8727.96
2024-11-01 12:00:00,0.146,28.5,4.05,56.0,822.3,43.47,27.97,0.0,RUN,8813.55
2024-11-01 14:00:00,0.17,29.6,3.86,55.0,636.4,40.03,29.38,0.0,RUN,6729.8
2024-11-01 15:00:00,0.135,29.6,3.8,58.0,463.3,38.39,29.42,0.0,RUN,4939.26
2024-11-01 16:00:00,0.13,29.8,3.86,58.0,236.3,33.14,28.25,0.0,RUN,2357.8
2024-11-01 17:00:00,0.173,28.8,3.29,56.0,47.0,29.32,28.62,0.0,RUN,403.06
2024-11-01 18:00:00,0.214,27.8,4.01,59.0,0.0,28.7,27.97,0.0,STANDBY,0.0
01-11-2024 19:00,0.142,26.6,3.52,59.0,0.0,27.11,27.1,0.0,STANDBY,-5.73
2024-11-01 20:00:00,0.09,25.7,2.94,60.0,0.0,25.69,25.98,0.0,STANDBY,0.0
2024-11-01 21:00:00,0.209,24.4,2.49,61.0,0.0,24.98,24.61,0.0,STANDBY,-4.14
2024-11-01 22:00:00,0.198,22.7,2.45,63.0,0.0,23.31,23.01,0.0,STANDBY,-2.88
2024-11-01 23:00:00,0.181,21.3,2.8,67.0,0.0,21.35,23.04,0.0,STANDBY,-8.05
2024-11-02 00:00:00,0.745,23.1,2.27,69.0,0.0,22.04,21.91,0.0, STANDBY ,-2.05
2024-11-02 01:00:00,0.706,21.6,2.03,70.0,0.0,21.84,21.29,0.0,STANDBY,0.0
2024-11-02 02:00:00,0.701,21.2,1.89,72.0,0.0,20.38,20.73,0.0,STANDBY,0.0
2024-11-02 03:00:00,0.793,20.9,2.42,73.0,0.0,20.49,20.85,0.0,STANDBY,-7.99
2024-11-02 04:00:00,0.513,21.3,1.94,68.0,0.0,20.36,20.19,0.0,STANDBY,-10.13
2024-11-02 05:00:00,0.435,22.3,2.26,67.0,0.0,21.58,21.27,0.0,STANDBY,-7.94
2024-11-02 06:00:00,0.418,23.9,2.24,65.0,36.8,22.9,22.0,0.0,RUN,265.58
2024-11-02 07:00:00,0.54,25.7,2.37,66.0,210.9,27.34,24.39,0.0,RUN,2134.09
2024-11-02 08:00:00,0.664,26.2,2.41,71.0,404.4,33.83,24.56,0.0,run,4335.31
2024-11-02 09:00:00,0.756,27.5,2.43,64.0,552.4,39.13,25.63,0.0,RUN,5947.65
2024-11-02 10:00:00,0.729,29.1,2.35,58.0,708.3,43.44,27.1,0.0,RUN,7308.51
2024-11-02 11:00:00,0.761,29.8,2.41,56.0,654.0,42.63,28.7,0.0,RUN,6724.6
2024-11-02 12:00:00,0.754,30.7,2.99,55.0,710.5,44.15,28.82,0.0,RUN,7189.95
2024-11-02 13:00:00,0.712,31.5,3.46,54.0,670.5,43.66,29.34,0.0,RUN,6828.77
2024-11-02 14:00:00,0.699,31.9,3.78,51.0,631.7,44.37,30.37,0.0,RUN,6399.55
2024-11-02 15:00:00,0.644,32.0,2.57,51.0,453.7,39.84,30.28,0.0,RUN,4510.36
2024-11-02 16:00:00,0.61,31.5,3.07,45.0,220.5,-999.0,30.12,0.0,RUN,2339.21
2024-11-02 17:00:00,0.796,30.7,3.09,52.0,40.1,30.68,29.12,0.0,RUN,279.27
2024-11-02 18:00:00,0.679,30.7,3.51,50.0,0.0,28.96,29.0,0.0, STANDBY ,-10.15
2024-11-02 19:00:00,0.513,29.5,3.16,53.0,0.0,28.52,28.66,0.0,STANDBY,-8.3
2024-11-02 20:00:00,0.601,28.4,3.54,56.0,0.0,28.41,26.71,0.0,STANDBY,-3.45
2024-11-02 21:00:00,0.808,27.4,3.42,66.0,0.0,25.24,26.22,0.0,STANDBY,-8.84
2024-11-02 22:00:00,0.719,25.1,3.15,68.0,0.0,23.08,24.51,0.0,STANDBY,0.0
02-11-2024 23:00,0.767,23.5,3.09,71.0,0.0,23.6,23.09,0.0,STANDBY,0.0
2024-11-03 00:00:00,0.518,20.3,3.05,69.0,0.0,22.29,22.41,0.0,STANDBY,0.0
2024-11-03 01:00:00,0.551,19.3,3.24,73.0,0.0,21.98,20.94,0.0,STANDBY,0.0
2024-11-03 02:00:00,0.78,18.9,3.07,77.0,0.0,20.27,20.04,0.0,STANDBY,0.0
2024-11-03 03:00:00,0.715,19.4,2.73,77.0,0.0,21.66,20.97,0.0,STANDBY,0.0
2024-11-03 04:00:00,0.404,19.7,2.77,71.0,0.0,20.86,20.54,0.0,STANDBY,0.0
2024-11-03 05:00:00,0.363,20.3,2.63,69.0,0.0,21.55,21.48,0.0,STANDBY,-7.35
2024-11-03 06:00:00,0.414,21.8,2.03,65.0,29.9,22.59,22.67,0.0,RUN,232.06
2024-11-03 07:00:00,0.36,22.4,1.85,60.0,228.3,28.51,22.99,0.0,RUN,2203.39
2024-11-03 08:00:00,0.516,23.7,2.14,59.0,444.6,35.26,24.9,0.0,RUN,4476.71
2024-11-03 09:00:00,0.533,25.5,2.02,57.0,638.4,42.43,26.27,0.0,RUN,6492.12
2024-11-03 10:00:00,0.389,27.2,2.86,54.0,840.0,46.81,27.72,0.0,RUN,8386.94
2024-11-03 11:00:00,0.578,27.6,3.05,48.0,860.3,46.18,27.96,0.0,RUN,8562.09
2024-11-03 12:00:00,0.594,28.4,3.35,46.0,857.0,47.89,29.19,0.0,RUN,8477.12
03-11-2024 13:00,0.407,29.3,3.21,42.0,854.5,49.04,29.71,0.0,RUN,8557.22
2024-11-03 14:00:00,0.335,29.9,3.22,41.0,742.1,47.52,29.9,0.0,RUN,7253.45
2024-11-03 15:00:00,0.181,30.3,4.24,42.0,536.1,43.34,30.61,0.0,RUN,5240.36
2024-11-03 16:00:00,0.23,29.9,4.02,45.0,269.2,36.92,29.74,0.0,RUN,2599.06
2024-11-03 17:00:00,0.421,29.2,3.2,47.0,58.0,30.88,29.53,0.0,RUN,391.74
03-11-2024 18:00,0.412,28.4,3.69,49.0,0.0,29.26,28.95,0.0,,-2.26
2024-11-03 19:00:00,0.374,27.3,3.71,50.0,0.0,27.55,28.87,0.0,STANDBY,-10.77
2024-11-03 20:00:00,0.456,27.3,3.42,57.0,0.0,26.33,26.74,0.0,STANDBY,0.0
2024-11-03 21:00:00,0.396,25.8,2.98,59.0,0.0,25.5,26.37,0.0,STANDBY,-7.17
2024-11-03 22:00:00,0.398,24.4,2.89,64.0,0.0,25.54,23.7,0.0,STANDBY,-2.28
2024-11-03 23:00:00,0.47,23.4,2.97,67.0,0.0,21.57,23.07,0.0,STANDBY,0.0
2024-11-04 00:00:00,0.29,17.6,2.29,74.0,0.0,17.23,18.09,0.0,STANDBY,0.0
2024-11-04 01:00:00,0.623,16.8,2.19,80.0,0.0,16.97,17.68,0.0,STANDBY,-7.3
2024-11-04 02:00:00,0.593,15.9,2.28,82.0,0.0,16.55,16.4,0.0,standby,-2.78
2024-11-04 03:00:00,0.546,15.9,2.16,78.0,0.0,16.06,16.25,0.0,STANDBY,-8.72
2024-11-04 04:00:00,0.436,16.1,2.57,76.0,0.0,17.42,16.89,0.0,STANDBY,-5.98
2024-11-04 05:00:00,0.519,16.5,2.6,77.0,0.0,17.66,17.61,0.0,STANDBY,-7.24
2024-11-04 06:00:00,0.612,17.0,2.52,75.0,29.1,18.75,18.8,0.0,RUN,190.06
2024-11-04 07:00:00,0.635,18.3,2.43,75.0,184.2,24.68,19.68,0.0,RUN,1783.86
2024-11-04 08:00:00,0.513,19.5,2.51,67.0,428.4,30.78,20.15,0.0,run,4443.05
2024-11-04 09:00:00,0.629,20.6,2.78,66.0,548.9,35.77,22.57,0.0,RUN,5882.36
2024-11-04 10:00:00,0.538,21.2,3.01,62.0,785.0,41.52,23.64,0.0,run,8147.17
2024-11-04 11:00:00,0.505,22.8,3.28,60.0,825.4,43.19,24.39,0.0,RUN,8556.28
2024-11-04 12:00:00,0.463,24.1,3.41,57.0,848.6,43.25,25.5,0.0,RUN,8779.97
2024-11-04 13:00:00,0.548,24.8,2.92,55.0,761.5,41.81,25.6,0.0,RUN,7980.26
2024-11-04 14:00:00,0.435,25.6,3.07,54.0,671.9,40.62,26.33,0.0,RUN,7171.73
2024-11-04 15:00:00,0.302,25.8,2.44,53.0,520.3,35.97,26.77,0.0,RUN,5310.82
2024-11-04 16:00:00,0.247,25.9,2.73,55.0,269.8,31.19,26.85,0.0,RUN,2653.87
2024-11-04 17:00:00,0.387,25.1,2.59,57.0,61.1,27.31,26.47,0.0,RUN,381.31
2024-11-04 18:00:00,0.376,24.2,2.53,64.0,0.0,25.78,25.39,0.0,STANDBY,0.0
2024-11-04 19:00:00,0.295,23.5,2.61,62.0,0.0,23.16,24.46,0.0,STANDBY,0.0
2024-11-04 20:00:00,0.454,22.7,2.49,68.0,0.0,21.7,23.44,0.0,STANDBY,-4.59
2024-11-04 21:00:00,0.391,21.5,2.33,68.0,0.0,21.47,21.65,0.0,STANDBY,-8.84
04-11-2024 22:00,0.288,19.8,2.04,69.0,0.0,19.4,20.73,0.0,STANDBY,0.0
2024-11-04 23:00:00,0.392,18.6,1.75,70.0,0.0,19.2,18.96,0.0,STANDBY,0.0
2024-11-05 00:00:00,0.811,18.2,3.4,71.0,0.0,17.08,17.27,0.0,STANDBY,-10.59
2024-11-05 01:00:00,0.818,17.9,3.57,73.0,0.0,17.75,16.76,0.0,STANDBY,0.0
2024-11-05 02:00:00,0.821,16.7,3.7,74.0,0.0,16.62,16.28,0.0,STANDBY,-8.85
2024-11-05 03:00:00,0.809,16.2,3.82,74.0,0.0,15.98,16.43,0.0,STANDBY,0.0
2024-11-05 04:00:00,0.777,16.1,4.51,75.0,0.0,14.81,16.39,0.0,STANDBY,0.0
2024-11-05 05:00:00,0.785,17.1,4.1,72.0,0.0,16.93,16.16,0.0,STANDBY,-8.61
2024-11-05 06:00:00,0.845,18.3,4.05,74.0,24.1,17.45,18.07,0.0,RUN,176.41
2024-11-05 07:00:00,0.824,19.9,4.11,68.0,158.7,23.37,19.47,0.0,RUN,1652.44
2024-11-05 08:00:00,0.764,21.0,3.35,60.0,399.6,28.08,20.99,0.0,run,4271.67
2024-11-05 09:00:00,0.653,21.9,3.96,59.0,590.3,33.62,21.82,0.0,RUN,6428.19
2024-11-05 10:00:00,0.765,22.7,4.0,56.0,635.2,37.63,22.76,0.0,RUN,6829.81
2024-11-05 11:00:00,0.854,23.6,4.06,55.0,522.2,34.23,23.11,0.0,RUN,6118.57
2024-11-05 12:00:00,0.817,23.9,4.34,50.0,665.5,38.1,24.62,0.0,RUN,6913.58
2024-11-05 13:00:00,0.744,25.1,4.83,50.0,740.8,38.38,25.37,0.8,RUN,7722.41
2024-11-05 14:00:00,0.73,25.5,4.73,49.0,564.8,37.01,25.64,2.2,RUN,6068.72
2024-11-05 15:00:00,0.737,25.7,4.46,48.0,391.8,33.6,26.34,5.3,RUN,4281.7
2024-11-05 16:00:00,0.822,25.7,4.15,49.0,177.3,28.13,24.85,8.7,RUN,1762.52
2024-11-05 17:00:00,0.773,25.1,5.02,49.0,39.3,24.04,25.25,7.2,RUN,318.62
2024-11-05 18:00:00,0.665,24.7,4.27,51.0,0.0,24.05,24.95,7.2,STANDBY,0.0
2024-11-05 19:00:00,0.772,23.7,3.77,56.0,0.0,22.99,24.37,0.0,STANDBY,-5.22
2024-11-05 20:00:00,0.83,22.7,4.18,58.0,0.0,21.53,22.43,0.0,STANDBY,0.0
2024-11-05 21:00:00,0.877,22.5,3.78,64.0,0.0,21.55,21.05,0.0,STANDBY,0.0
2024-11-05 22:00:00,0.96,20.6,2.99,67.0,0.0,21.39,20.66,0.0,standby,0.0
2024-11-05 23:00:00,0.894,19.2,3.01,71.0,0.0,18.2,18.46,0.0,STANDBY,-3.98
2024-11-06 00:00:00,0.751,16.6,4.29,68.0,0.0,14.89,15.25,0.0,STANDBY,-8.46
2024-11-06 01:00:00,0.709,14.8,3.67,67.0,0.0,16.15,14.52,0.0,STANDBY,-3.79
2024-11-06 02:00:00,0.667,13.5,3.73,72.0,0.0,13.93,14.77,0.0,STANDBY,-5.92
2024-11-06 03:00:00,0.749,14.0,3.92,74.0,0.0,14.59,13.94,0.0,STANDBY,-7.58
2024-11-06 04:00:00,0.614,14.3,3.49,67.0,0.0,13.62,14.09,0.0,standby,-7.84
2024-11-06 05:00:00,0.641,15.1,3.75,67.0,0.0,14.22,14.33,0.0,STANDBY,0.0
2024-11-06 06:00:00,0.626,16.0,4.65,66.0,19.4,14.97,16.2,0.0,RUN,133.57
2024-11-06 07:00:00,0.569,17.1,4.55,63.0,179.3,21.25,17.35,0.0, RUN ,1794.44
2024-11-06 08:00:00,0.58,18.9,5.17,60.0,377.1,26.78,18.18,0.0,RUN,4176.46
2024-11-06 09:00:00,0.676,20.6,5.77,57.0,548.4,30.54,18.53,0.0,RUN,6008.28
2024-11-06 10:00:00,0.767,21.1,5.46,53.0,573.7,32.87,20.65,0.0,RUN,6338.61
2024-11-06 11:00:00,0.608,23.0,6.19,51.0,742.1,36.91,21.14,0.0,,8284.61
2024-11-06 12:00:00,0.579,23.8,7.2,51.0,804.7,37.44,22.36,0.0,RUN,8512.49
2024-11-06 13:00:00,0.503,24.6,7.14,49.0,741.1,37.51,22.77,0.0,RUN,7945.09
2024-11-06 14:00:00,0.557,25.2,6.82,49.0,578.5,34.25,23.17,0.0,RUN,6222.72
2024-11-06 15:00:00,0.366,25.8,5.64,46.0,480.9,32.22,23.83,0.0,run,5059.69
2024-11-06 16:00:00,0.453,25.6,5.28,45.0,226.1,27.97,24.26,0.0,RUN,2348.27
2024-11-06 17:00:00,0.564,24.3,5.03,50.0,46.9,24.87,22.9,0.0,RUN,326.67
2024-11-06 18:00:00,0.563,23.1,4.61,49.0,0.0,21.86,22.26,0.0, STANDBY ,-5.32
2024-11-06 19:00:00,0.616,22.8,5.46,56.0,0.0,19.67,22.17,0.0,STANDBY,0.0
2024-11-06 20:00:00,0.495,21.3,4.83,57.0,0.0,20.57,20.45,0.0,STANDBY,-2.94
2024-11-06 21:00:00,0.69,20.5,5.26,60.0,0.0,21.05,19.56,0.0,STANDBY,-3.41
2024-11-06 22:00:00,0.601,18.3,4.25,62.0,0.0,18.0,17.76,0.0,STANDBY,0.0
2024-11-06 23:00:00,0.65,17.3,3.83,66.0,0.0,15.69,16.28,0.0,STANDBY,-10.02
2024-11-07 00:00:00,0.693,17.4,3.2,78.0,0.0,17.34,16.62,0.0,STANDBY,-3.04
2024-11-07 01:00:00,0.72,17.0,2.8,79.0,0.0,15.85,15.89,0.0,STANDBY,-7.26
2024-11-07 02:00:00,0.581,16.3,2.82,79.0,0.0,14.18,15.44,0.0,STANDBY,-4.6
2024-11-07 03:00:00,0.461,16.2,2.58,78.0,0.0,16.21,14.9,0.0,STANDBY,-2.52
2024-11-07 04:00:00,0.375,16.6,2.52,76.0,0.0,12.91,15.53,0.0,STANDBY,0.0
2024-11-07 05:00:00,0.289,17.3,2.67,75.0,0.0,15.25,16.07,0.0,STANDBY,-5.46
2024-11-07 07:00:00,0.394,19.8,2.51,71.0,208.2,22.65,18.35,0.0,RUN,2100.01
2024-11-07 08:00:00,0.39,20.1,2.61,69.0,403.1,28.43,19.19,0.0,RUN,4394.65
2024-11-07 09:00:00,0.43,21.3,2.68,66.0,560.5,32.77,20.84,0.0,RUN,5997.65
2024-11-07 10:00:00,0.393,22.5,2.39,65.0,708.3,36.41,22.42,7.7,RUN,7630.3
2024-11-07 11:00:00,0.493,23.3,2.53,61.0,761.5,36.98,22.74,9.0,RUN,8064.23
2024-11-07 12:00:00,0.423,24.2,2.66,56.0,818.5,40.82,24.23,1.3,run,8826.2
2024-11-07 13:00:00,0.499,24.6,2.55,54.0,715.2,38.5,24.27,2.2,RUN,7707.18
2024-11-07 14:00:00,0.598,24.7,3.38,57.0,578.1,35.07,25.01,0.5,RUN,6162.04
2024-11-07 15:00:00,0.693,24.2,3.64,56.0,399.6,32.18,25.39,3.6, RUN ,4251.2
2024-11-07 16:00:00,0.633,24.3,2.92,58.0,191.0,28.27,24.59,0.0,RUN,1902.75
2024-11-07 17:00:00,0.555,23.9,2.91,57.0,41.9,24.03,23.37,0.0,RUN,328.18
2024-11-07 18:00:00,0.705,23.7,2.58,60.0,0.0,23.15,23.67,0.0,STANDBY,-10.58
2024-11-07 19:00:00,0.609,22.5,2.61,63.0,0.0,23.84,23.28,0.0,,0.0
2024-11-07 20:00:00,0.622,21.6,2.53,64.0,0.0,21.34,22.27,0.0,STANDBY,-3.89
2024-11-07 21:00:00,0.569,21.2,2.54,69.0,0.0,20.25,20.4,0.0,STANDBY,-8.81
2024-11-07 23:00:00,0.423,18.0,2.89,74.0,0.0,17.14,17.67,0.0,STANDBY,0.0
2024-11-08 00:00:00,0.669,16.6,3.75,71.0,0.0,18.02,16.92,0.0,STANDBY,-2.36
2024-11-08 01:00:00,0.706,16.3,3.73,73.0,0.0,16.48,16.41,0.0,STANDBY,0.0
08-11-2024 02:00,0.82,15.1,3.66,74.0,0.0,14.93,15.63,0.0, STANDBY ,0.0
2024-11-08 03:00:00,0.845,14.4,3.63,73.0,0.0,17.17,14.96,0.0,STANDBY,0.0
2024-11-08 04:00:00,0.666,15.4,3.92,75.0,0.0,15.92,16.36,0.0,STANDBY,0.0
2024-11-08 05:00:00,0.556,15.8,3.68,65.0,0.0,17.05,15.84,0.0,STANDBY,-5.8
2024-11-08 06:00:00,0.467,17.4,3.49,64.0,27.0,18.51,17.98,0.0,RUN,215.25
2024-11-08 07:00:00,0.585,18.3,2.93,64.0,199.9,23.15,18.32,0.0,RUN,2040.64
2024-11-08 08:00:00,0.446,19.8,2.95,59.0,461.4,29.84,20.12,0.0,RUN,4942.24
2024-11-08 09:00:00,0.204,21.1,4.15,53.0,685.8,34.59,20.88,0.0,RUN,7410.01
2024-11-08 10:00:00,0.284,22.9,3.95,50.0,816.9,39.76,22.2,0.0,RUN,8913.74
2024-11-08 11:00:00,0.491,24.2,4.26,49.0,797.6,38.35,23.58,0.0,RUN,8962.44
2024-11-08 12:00:00,0.271,25.5,4.54,43.0,908.1,41.91,24.36,0.0,RUN,9694.36
2024-11-08 13:00:00,0.292,26.4,4.01,44.0,803.9,41.28,24.7,0.0,RUN,8606.92
2024-11-08 15:00:00,0.345,27.6,3.55,41.0,489.8,34.68,25.82,0.0,run,5196.54
2024-11-08 16:00:00,0.461,27.3,2.97,46.0,262.7,29.53,26.0,0.0,RUN,2513.92
2024-11-08 17:00:00,0.62,27.0,2.7,45.0,43.7,25.74,25.33,0.0,run,358.36
2024-11-08 18:00:00,0.708,25.6,2.93,49.0,0.0,24.4,24.29,0.0,STANDBY,0.0
2024-11-08 19:00:00,0.491,25.0,2.3,51.0,0.0,22.16,23.89,0.0,STANDBY,0.0
2024-11-08 20:00:00,0.467,23.8,2.27,57.0,0.0,23.04,22.66,0.0,STANDBY,-7.71
2024-11-08 21:00:00,0.506,22.1,2.89,60.0,0.0,20.78,20.88,0.0,standby,0.0
2024-11-08 22:00:00,0.608,20.7,2.48,69.0,0.0,19.54,19.09,0.0,STANDBY,-7.91
2024-11-08 23:00:00,0.57,19.5,2.43,70.0,0.0,18.99,18.83,0.0,STANDBY,0.0
09-11-2024 00:00,0.638,19.5,1.91,77.0,0.0,16.93,18.7,0.0,STANDBY,-5.65
2024-11-09 01:00:00,0.581,18.5,2.18,78.0,0.0,15.53,17.22,0.0,STANDBY,-5.17
2024-11-09 02:00:00,0.79,17.7,1.72,79.0,0.0,16.97,16.73,0.0,STANDBY,-8.53
2024-11-09 04:00:00,0.741,18.0,1.78,74.0,0.0,17.37,17.09,0.0,STANDBY,0.0
2024-11-09 05:00:00,0.493,18.1,1.74,72.0,0.0,18.13,17.6,0.0,STANDBY,-7.98
2024-11-09 06:00:00,0.541,18.9,1.8,72.0,36.6,18.73,18.76,0.0,RUN,272.69
2024-11-09 07:00:00,0.844,20.1,1.99,72.0,175.7,24.11,19.56,0.0,RUN,1757.59
2024-11-09 08:00:00,0.755,21.2,2.03,70.0,379.6,29.18,20.5,0.0,RUN,4196.44
2024-11-09 09:00:00,0.673,22.7,2.11,63.0,599.3,37.65,22.02,0.0,RUN,6747.52
2024-11-09 10:00:00,0.781,23.6,2.57,59.0,726.6,39.66,23.58,0.0,RUN,7632.09
2024-11-09 11:00:00,0.744,24.2,2.53,58.0,803.6,42.29,24.02,0.0,RUN,8345.44
2024-11-09 12:00:00,0.651,25.7,2.92,52.0,839.4,42.57,25.68,0.0,RUN,8859.85
2024-11-09 13:00:00,0.684,26.6,3.27,54.0,747.8,41.41,26.09,0.0,RUN,7863.52
2024-11-09 14:00:00,0.655,27.1,2.89,55.0,661.0,40.22,25.99,0.0,RUN,6856.0
2024-11-09 15:00:00,0.587,27.7,2.96,54.0,494.3,36.19,26.86,0.0,RUN,5131.21
2024-11-09 16:00:00,0.559,26.8,2.66,55.0,240.3,31.08,26.85,0.0,RUN,2410.01
2024-11-09 17:00:00,0.404,26.2,2.71,51.0,48.2,27.27,26.33,0.0,RUN,382.06
2024-11-09 18:00:00,0.504,24.9,2.45,54.0,9999.0,26.45,25.45,0.0,STANDBY,0.0
2024-11-09 19:00:00,0.645,23.8,2.44,60.0,0.0,25.9,24.04,0.0,STANDBY,-6.92
2024-11-09 20:00:00,0.627,22.9,2.58,62.0,0.0,23.25,23.48,0.0,STANDBY,-10.12
2024-11-09 21:00:00,0.709,22.0,2.41,64.0,0.0,21.41,22.3,0.0,STANDBY,-9.0
2024-11-09 22:00:00,0.61,20.8,2.06,68.0,0.0,20.15,20.45,0.0,standby,-5.72
09-11-2024 23:00,0.636,19.7,2.53,73.0,0.0,19.23,19.4,0.0,STANDBY,-7.06
2024-11-10 00:00:00,0.377,19.5,2.53,70.0,0.0,19.58,20.36,0.0,STANDBY,-5.63
2024-11-10 01:00:00,0.283,18.2,2.61,67.0,0.0,19.27,18.99,0.0,STANDBY,0.0
2024-11-10 02:00:00,0.283,18.4,2.6,70.0,0.0,19.34,18.13,0.0,STANDBY,-6.48
2024-11-10 03:00:00,0.277,18.0,2.79,69.0,0.0,18.4,18.63,0.0,STANDBY,-4.35
2024-11-10 04:00:00,0.522,18.4,2.4,71.0,0.0,19.3,19.0,0.0,standby,-6.65
2024-11-10 05:00:00,0.578,19.3,1.89,71.0,0.0,18.96,19.67,0.0,STANDBY,0.0
2024-11-10 06:00:00,0.549,20.0,2.26,73.0,29.7,21.48,20.19,0.0,RUN,212.84
2024-11-10 07:00:00,0.394,21.0,1.8,68.0,196.8,25.86,21.39,0.0,RUN,1994.76
2024-11-10 08:00:00,0.662,22.3,1.65,71.0,365.3,32.01,22.46,0.0, run ,3911.03
2024-11-10 09:00:00,0.68,24.0,1.83,70.0,509.4,36.44,24.69,0.0,RUN,5371.12
2024-11-10 10:00:00,0.597,25.5,2.22,67.0,685.4,42.8,25.65,0.0,RUN,7035.51
2024-11-10 11:00:00,0.474,26.3,2.45,60.0,754.2,44.68,26.12,0.0,RUN,8088.24
2024-11-10 12:00:00,0.453,27.1,2.53,53.0,839.2,46.41,27.13,0.0,RUN,8493.46
2024-11-10 13:00:00,0.444,27.4,2.29,53.0,793.4,45.64,27.38,0.0,RUN,7921.03
2024-11-10 14:00:00,0.432,27.7,2.48,50.0,636.5,41.26,28.32,0.0,RUN,6688.5
2024-11-10 15:00:00,0.492,27.5,2.14,46.0,438.9,38.21,28.47,0.0,RUN,4534.11
2024-11-10 16:00:00,0.35,28.0,2.18,48.0,243.2,35.05,28.71,0.0,RUN,2278.57
2024-11-10 17:00:00,0.195,27.5,2.39,47.0,54.7,28.55,27.37,0.0,RUN,448.82
2024-11-10 18:00:00,0.255,27.3,2.26,46.0,0.0,27.78,27.76,0.0,STANDBY,-10.73
2024-11-10 19:00:00,0.222,26.1,1.91,50.0,0.0,25.36,25.97,0.0,STANDBY,0.0
2024-11-10 20:00:00,0.267,24.6,1.58,52.0,0.0,24.52,25.49,0.0,STANDBY,0.0
2024-11-10 21:00:00,0.345,23.9,1.41,57.0,0.0,23.33,23.69,0.0,STANDBY,-2.56
2024-11-10 22:00:00,0.353,22.6,1.49,57.0,0.0,20.48,22.47,0.0,STANDBY,-3.68
2024-11-10 23:00:00,0.514,21.2,1.62,65.0,0.0,22.49,22.15,0.0,STANDBY,0.0
2024-11-11 00:00:00,0.213,18.9,1.24,64.0,0.0,17.79,18.02,0.0,STANDBY,0.0
2024-11-11 01:00:00,0.152,17.8,1.1,65.0,0.0,17.91,18.0,0.0,STANDBY,0.0
2024-11-11 02:00:00,0.197,16.7,1.16,66.0,0.0,17.08,16.4,0.0,STANDBY,0.0
2024-11-11 03:00:00,0.18,16.4,0.92,65.0,0.0,17.17,17.05,0.0,STANDBY,-7.19
2024-11-11 04:00:00,0.155,16.2,1.16,65.0,0.0,15.8,16.86,0.0,STANDBY,-9.57
2024-11-11 05:00:00,0.248,16.0,1.43,63.0,0.0,17.06,17.81,0.0,STANDBY,0.0
2024-11-11 06:00:00,0.249,16.2,1.3,62.0,24.2,18.68,18.47,0.0,RUN,228.17
2024-11-11 07:00:00,0.35,18.0,1.27,57.0,223.7,24.14,20.81,0.0,RUN,2195.94
2024-11-11 08:00:00,0.287,19.5,1.26,53.0,468.1,35.46,21.55,0.0,RUN,4846.47
2024-11-11 09:00:00,0.427,21.6,1.58,50.0,686.7,42.96,21.99,0.0,RUN,7021.84
2024-11-11 10:00:00,0.376,22.8,1.61,49.0,838.4,47.45,23.87,0.0,RUN,8485.46
2024-11-11 11:00:00,0.198,24.5,1.9,44.0,902.2,50.16,24.22,0.0,RUN,9443.29
2024-11-11 12:00:00,0.271,25.9,2.05,46.0,942.5,53.02,25.85,0.0,RUN,9477.32
2024-11-11 13:00:00,0.349,26.7,2.36,43.0,872.6,47.89,26.32,0.0,RUN,8763.01
2024-11-11 14:00:00,0.441,27.1,2.46,43.0,668.5,43.95,26.81,0.0,RUN,7123.66
2024-11-11 15:00:00,0.52,27.2,3.16,45.0,500.2,39.78,27.01,0.0,run,5022.31
2024-11-11 16:00:00,0.22,27.3,2.8,40.0,258.9,34.14,28.19,0.0,RUN,2640.19
2024-11-11 17:00:00,0.2,26.6,2.74,41.0,50.5,28.76,27.06,0.0,RUN,464.74
2024-11-11 18:00:00,0.175,26.0,2.43,44.0,0.0,25.91,26.01,0.0,STANDBY,-8.07
2024-11-11 20:00:00,0.181,24.9,1.72,54.0,0.0,22.24,23.55,0.0,STANDBY,0.0
2024-11-11 21:00:00,0.12,23.1,1.6,55.0,0.0,22.68,21.52,0.0,STANDBY,-9.64
2024-11-11 22:00:00,0.132,21.1,1.82,64.0,0.0,19.3,21.04,0.0,standby,-7.32
2024-11-11 23:00:00,0.133,20.1,1.53,63.0,0.0,20.34,19.07,0.0,STANDBY,-999.0
2024-11-12 00:00:00,0.065,18.0,1.09,69.0,0.0,18.39,18.45,0.0,STANDBY,-9.04
2024-11-12 01:00:00,0.078,16.7,1.03,69.0,0.0,17.45,17.56,0.0,STANDBY,0.0
2024-11-12 02:00:00,0.166,16.3,1.14,72.0,0.0,18.68,16.53,0.0,STANDBY,0.0
2024-11-12 04:00:00,0.211,17.2,1.28,72.0,0.0,17.3,17.35,0.0,STANDBY,-4.86
2024-11-12 05:00:00,0.18,17.5,1.1,66.0,0.0,18.7,17.89,0.0,STANDBY,0.0
2024-11-12 06:00:00,0.235,18.4,1.12,69.0,28.7,19.32,18.28,0.0,RUN,228.19
2024-11-12 07:00:00,0.223,19.1,0.93,64.0,215.8,25.89,19.53,0.0,RUN,2186.4
2024-11-12 08:00:00,0.164,20.9,1.02,61.0,458.8,36.25,21.15,0.0,RUN,4897.58
2024-11-12 09:00:00,0.229,22.1,0.88,63.0,681.0,44.85,22.73,0.0,RUN,7027.82
2024-11-12 10:00:00,0.241,23.5,1.17,60.0,839.2,49.29,24.35,0.0,RUN,8565.64
2024-11-12 11:00:00,0.102,25.1,1.57,57.0,958.0,50.38,25.57,0.0,RUN,9469.34
2024-11-12 12:00:00,0.083,26.9,1.47,49.0,949.2,52.93,26.88,0.0, RUN ,9478.51
2024-11-12 13:00:00,0.125,27.6,1.59,48.0,882.2,50.96,27.82,0.0,RUN,8761.51
2024-11-12 14:00:00,0.127,28.5,1.74,50.0,742.9,48.6,28.17,0.0,RUN,7343.51
2024-11-12 15:00:00,0.188,28.3,1.88,49.0,523.8,43.63,27.85,0.0,RUN,5201.37
2024-11-12 16:00:00,0.113,28.1,1.53,47.0,264.1,36.88,28.31,0.0,RUN,2634.17
2024-11-12 17:00:00,0.102,27.2,1.54,49.0,48.0,26.97,27.11,0.0,RUN,457.14
2024-11-12 18:00:00,0.142,26.0,1.79,53.0,0.0,26.87,26.63,0.0,STANDBY,-2.6
2024-11-12 19:00:00,0.159,24.9,1.55,55.0,0.0,24.56,24.95,0.0,STANDBY,-8.85
2024-11-12 20:00:00,0.162,23.0,1.5,59.0,0.0,21.9,24.46,0.0,STANDBY,-6.91
2024-11-12 21:00:00,0.198,21.8,1.33,64.0,0.0,20.91,22.27,0.0,STANDBY,-5.34
2024-11-12 22:00:00,0.27,20.4,1.52,71.0,0.0,19.99,20.71,0.0,STANDBY,0.0
2024-11-12 23:00:00,0.215,18.9,1.28,74.0,0.0,19.63,19.11,0.0,STANDBY,0.0
2024-11-13 00:00:00,0.401,18.4,1.12,66.0,NA,,,0.0,,NA
2024-11-13 01:00:00,0.382,17.6,1.02,65.0,,NA,,0.0,,
2024-11-13 02:00:00,0.436,16.9,1.22,63.0,0.0,17.53,18.17,0.0,STANDBY,0.0
2024-11-13 03:00:00,0.361,16.7,1.12,65.0,0.0,19.0,17.82,0.0,STANDBY,0.0
2024-11-13 04:00:00,0.168,17.6,1.13,66.0,0.0,17.48,17.02,0.0,STANDBY,0.0
2024-11-13 05:00:00,0.168,18.4,1.06,58.0,0.0,18.11,19.18,0.0,standby,-5.91
2024-11-13 06:00:00,0.133,19.6,0.99,52.0,33.6,21.95,19.95,0.0,RUN,253.32
2024-11-13 07:00:00,0.183,20.6,1.07,50.0,217.7,26.7,20.5,0.0,RUN,2152.26
2024-11-13 08:00:00,0.154,21.4,0.79,50.0,465.4,36.62,22.36,0.0,RUN,4844.68
2024-11-13 09:00:00,0.147,23.2,1.0,45.0,663.2,44.08,24.59,0.0,RUN,7049.61
2024-11-13 10:00:00,0.19,24.9,1.41,42.0,822.7,48.71,25.41,0.0,RUN,8528.9
2024-11-13 11:00:00,0.424,26.1,1.46,44.0,913.2,51.63,25.8,0.0,RUN,9285.84
2024-11-13 12:00:00,0.489,25.8,1.48,39.0,947.9,53.3,27.28,0.0,RUN,9299.09
2024-11-13 13:00:00,0.352,26.6,1.68,37.0,885.3,50.42,28.66,0.0,RUN,8715.82
2024-11-13 14:00:00,0.219,27.5,1.9,34.0,738.1,46.88,28.57,0.0,RUN,7316.28
2024-11-13 15:00:00,0.484,27.4,1.88,36.0,513.3,42.76,28.96,0.0,RUN,5178.54
2024-11-13 16:00:00,0.34,27.2,2.13,36.0,263.2,35.31,28.96,0.0,RUN,2576.78
2024-11-13 17:00:00,0.242,26.4,2.07,39.0,47.4,30.12,28.5,0.0,RUN,418.45
2024-11-13 18:00:00,0.253,25.4,1.85,46.0,0.0,27.43,27.17,0.0,STANDBY,-5.79
2024-11-13 19:00:00,0.317,24.9,1.7,47.0,0.0,25.4,26.71,0.0,STANDBY,-9.01
2024-11-13 20:00:00,0.336,22.9,1.54,50.0,0.0,25.44,25.35,0.0,STANDBY,-8.43
2024-11-13 21:00:00,0.162,22.5,1.2,50.0,0.0,23.69,22.59,0.0,STANDBY,-1.79
2024-11-13 22:00:00,0.255,20.8,1.15,55.0,0.0,-999.0,21.25,0.0,STANDBY,-6.29
2024-11-13 23:00:00,0.251,19.3,1.15,57.0,0.0,19.01,21.53,0.0,,-4.63
2024-11-14 00:00:00,0.082,18.2,0.76,59.0,0.0,17.11,17.53,0.0,STANDBY,-1.76
2024-11-14 01:00:00,0.231,16.8,0.73,66.0,0.0,17.88,18.26,0.0,STANDBY,-8.03
2024-11-14 02:00:00,0.183,17.1,0.69,64.0,0.0,17.9,17.04,0.0,STANDBY,-2.93
2024-11-14 03:00:00,0.216,17.4,0.69,66.0,0.0,15.88,16.9,0.0,STANDBY,0.0
2024-11-14 04:00:00,0.127,18.6,0.63,69.0,0.0,17.4,17.19,0.0,STANDBY,0.0
2024-11-14 05:00:00,0.082,18.7,0.91,63.0,0.0,17.43,17.44,0.0,standby,-2.19
2024-11-14 06:00:00,0.079,19.0,0.63,60.0,30.4,18.93,19.04,0.0,RUN,210.77
2024-11-14 07:00:00,0.082,20.5,0.49,58.0,210.7,27.91,19.78,0.0,RUN,2094.71
2024-11-14 08:00:00,0.121,21.9,0.74,53.0,478.4,34.17,19.91,0.0,RUN,4838.22
2024-11-14 09:00:00,0.179,23.3,0.51,51.0,676.0,45.06,22.03,0.0,RUN,6907.97
2024-11-14 10:00:00,0.1,25.1,0.85,47.0,825.4,49.65,22.53,0.0,RUN,8532.47
2024-11-14 11:00:00,0.115,26.2,0.91,44.0,922.3,53.02,25.78,0.0,RUN,9272.32
2024-11-14 12:00:00,0.109,27.6,1.11,43.0,918.9,53.99,25.97,0.0,RUN,9373.58
2024-11-14 13:00:00,0.19,27.9,1.08,43.0,868.6,51.48,27.37,0.0,RUN,8495.23
2024-11-14 15:00:00,0.066,28.8,1.24,38.0,515.2,44.23,28.35,0.0,RUN,5215.37
2024-11-14 16:00:00,0.073,28.5,1.22,41.0,261.7,33.81,27.38,0.0,RUN,2638.75
2024-11-14 17:00:00,0.109,27.8,1.14,40.0,54.3,29.63,26.72,0.0,run,392.31
2024-11-14 18:00:00,0.058,27.0,1.31,42.0,0.0,26.56,26.32,0.0,STANDBY,-6.51
2024-11-14 19:00:00,0.053,26.0,1.22,48.0,0.0,24.67,24.86,0.0,STANDBY,0.0
2024-11-14 20:00:00,0.049,25.0,0.93,47.0,0.0,23.46,23.02,0.0,STANDBY,0.0
2024-11-14 21:00:00,0.046,23.3,0.61,47.0,0.0,22.66,21.38,0.0,STANDBY,-3.87
2024-11-14 22:00:00,0.063,21.7,0.62,53.0,0.0,20.86,20.07,0.0,STANDBY,-4.98
2024-11-14 23:00:00,0.066,20.4,0.55,58.0,0.0,20.75,18.85,0.0,STANDBY,0.0
2024-11-15 00:00:00,0.11,16.9,1.03,58.0,0.0,16.37,16.21,0.0,STANDBY,-5.94
2024-11-15 01:00:00,0.133,15.9,1.26,62.0,0.0,14.89,15.92,0.0,STANDBY,0.0
2024-11-15 02:00:00,0.154,15.7,1.36,67.0,0.0,15.28,15.39,0.0,STANDBY,0.0
2024-11-15 03:00:00,0.092,15.8,1.47,65.0,0.0,15.38,16.13,0.0,STANDBY,0.0
2024-11-15 04:00:00,0.1,15.4,1.65,65.0,0.0,15.23,15.41,0.0,STANDBY,0.0
2024-11-15 05:00:00,0.264,16.5,1.42,71.0,0.0,17.07,15.6,0.0,STANDBY,0.0
2024-11-15 06:00:00,0.306,17.5,1.23,68.0,27.5,17.24,17.19,0.0,RUN,144.94
2024-11-15 07:00:00,0.264,18.9,1.51,64.0,209.4,23.06,18.13,0.0,RUN,2070.86
2024-11-15 08:00:00,0.219,20.7,1.39,56.0,452.1,32.56,19.97,0.0,RUN,4828.5
15-11-2024 09:00,0.127,22.0,1.61,51.0,686.1,38.12,20.9,0.0,RUN,7151.82
2024-11-15 10:00:00,0.11,23.5,2.26,47.0,817.9,42.95,22.3,0.0,run,8660.36
2024-11-15 11:00:00,0.106,24.7,2.38,45.0,904.2,45.64,23.35,0.0,RUN,9520.7
2024-11-15 12:00:00,0.101,25.5,2.62,42.0,957.7,46.06,24.98,0.0,,9563.62
2024-11-15 13:00:00,0.114,26.5,2.32,41.0,858.4,44.24,25.25,0.0,RUN,8886.55
2024-11-15 14:00:00,0.128,27.2,2.95,40.0,710.2,43.05,26.29,0.0,RUN,7399.87
2024-11-15 15:00:00,0.168,27.6,2.92,41.0,507.5,37.39,26.48,0.0,,5279.28
2024-11-15 16:00:00,0.174,27.3,2.59,42.0,257.9,32.6,26.06,0.0,RUN,2574.73
2024-11-15 17:00:00,0.231,26.5,2.6,45.0,48.5,26.06,24.97,0.0,RUN,402.65
2024-11-15 18:00:00,0.119,25.9,2.24,46.0,0.0,25.98,24.48,0.0,STANDBY,0.0
2024-11-15 19:00:00,0.092,24.4,2.02,44.0,0.0,24.02,24.03,0.0,STANDBY,-9.15
2024-11-15 20:00:00,0.1,22.9,1.57,46.0,0.0,23.5,22.57,0.0,STANDBY,-6.57
2024-11-15 21:00:00,0.142,21.5,1.65,53.0,0.0,20.46,20.98,0.0,STANDBY,-6.03
2024-11-15 22:00:00,0.157,19.6,1.69,56.0,0.0,20.84,19.24,0.0,STANDBY,-8.74
2024-11-15 23:00:00,0.113,18.5,1.8,57.0,0.0,17.5,17.28,0.0,STANDBY,0.0
2024-11-16 00:00:00,0.166,16.6,2.4,61.0,0.0,18.06,16.9,0.0,STANDBY,-3.32
2024-11-16 01:00:00,0.367,15.8,2.32,65.0,0.0,15.87,16.29,0.0,STANDBY,-8.65
2024-11-16 02:00:00,0.138,15.7,2.23,68.0,0.0,16.65,15.62,0.0,STANDBY,0.0
2024-11-16 03:00:00,0.107,15.9,2.73,65.0,0.0,14.08,16.21,0.0,STANDBY,-11.06
2024-11-16 04:00:00,0.186,16.2,2.29,66.0,0.0,15.7,15.86,0.0,STANDBY,0.0
2024-11-16 05:00:00,0.211,17.1,2.38,66.0,0.0,16.81,16.89,0.0,STANDBY,0.0
2024-11-16 06:00:00,0.162,17.7,2.34,61.0,29.3,18.7,17.5,0.0,RUN,259.05
2024-11-16 07:00:00,0.13,19.0,1.75,58.0,215.6,23.33,18.56,0.0,RUN,2147.15
2024-11-16 08:00:00,0.118,20.7,1.7,57.0,477.3,32.23,20.28,0.0,RUN,4796.35
2024-11-16 09:00:00,0.08,21.8,1.53,53.0,652.9,37.65,20.98,0.0,RUN,7083.09
2024-11-16 10:00:00,0.111,23.1,1.51,46.0,833.4,43.35,23.01,0.0,RUN,8690.24
2024-11-16 11:00:00,0.104,24.6,2.12,44.0,901.9,46.6,23.65,0.0,RUN,9507.33
2024-11-16 12:00:00,0.079,26.0,2.11,44.0,920.7,46.47,25.05,0.0,RUN,9531.67
2024-11-16 13:00:00,0.063,26.7,2.31,40.0,872.9,46.03,26.02,0.0,RUN,8877.46
2024-11-16 14:00:00,0.11,27.3,2.52,40.0,709.8,42.62,26.53,0.0,RUN,7372.51
2024-11-16 15:00:00,0.105,26.9,2.38,40.0,505.6,36.97,26.47,0.0,RUN,5205.39
2024-11-16 16:00:00,0.121,25.9,2.71,41.0,260.1,31.04,26.86,0.0,RUN,2616.98
2024-11-16 17:00:00,0.105,25.8,2.38,41.0,50.0,27.25,25.6,0.0,RUN,375.67
2024-11-16 18:00:00,0.234,24.6,2.15,40.0,0.0,26.07,25.48,0.0,STANDBY,-2.93
2024-11-16 19:00:00,0.318,23.4,2.0,46.0,0.0,24.93,24.42,0.0,STANDBY,0.0
2024-11-16 20:00:00,0.371,21.5,1.78,52.0,0.0,22.99,23.22,0.0,STANDBY,-9.38
16-11-2024 21:00,0.237,19.9,1.45,54.0,0.0,21.39,20.84,0.0,STANDBY,0.0
2024-11-16 22:00:00,0.198,18.8,1.44,59.0,0.0,19.04,19.11,0.0,STANDBY,-11.03
2024-11-16 23:00:00,0.198,16.8,1.91,60.0,0.0,16.8,19.23,0.0,standby,-7.16
2024-11-17 00:00:00,0.345,18.2,2.37,69.0,0.0,18.17,18.16,0.0,STANDBY,-5.1
2024-11-17 01:00:00,0.22,17.6,2.11,67.0,0.0,18.09,17.69,0.0,STANDBY,0.0
2024-11-17 02:00:00,0.412,17.1,2.25,67.0,0.0,15.96,16.72,0.0,STANDBY,-3.79
2024-11-17 03:00:00,0.38,17.2,2.11,65.0,0.0,18.07,17.01,0.0,STANDBY,0.0
2024-11-17 04:00:00,0.32,17.9,1.71,65.0,0.0,16.86,16.97,0.0,STANDBY,-9.9
2024-11-17 05:00:00,0.312,18.2,2.09,64.0,0.0,17.17,18.09,0.0,STANDBY,0.0
2024-11-17 06:00:00,0.255,20.2,1.78,61.0,28.2,19.94,18.49,0.0,RUN,205.66
2024-11-17 07:00:00,0.409,21.3,2.17,60.0,205.3,23.91,19.43,0.0,run,2075.04
2024-11-17 08:00:00,0.378,22.2,2.51,57.0,445.1,30.68,21.04,0.0,RUN,4692.1
2024-11-17 09:00:00,0.241,23.2,2.88,53.0,674.1,36.97,22.82,0.0,RUN,7122.01
2024-11-17 10:00:00,0.27,24.7,2.86,52.0,799.4,41.77,24.45,0.0,RUN,8659.49
2024-11-17 11:00:00,0.296,25.7,2.33,51.0,881.3,45.6,24.84,0.0,RUN,9408.01
2024-11-17 12:00:00,0.148,26.5,2.9,51.0,894.3,46.06,27.19,0.0,RUN,9569.68
2024-11-17 13:00:00,0.169,27.2,2.63,47.0,889.8,44.53,27.03,0.0,RUN,8841.79
2024-11-17 14:00:00,0.239,28.1,2.52,47.0,683.2,42.24,28.13,0.0,RUN,7423.82
2024-11-17 15:00:00,0.31,28.4,2.6,45.0,524.2,37.5,28.38,0.0,run,5198.46
2024-11-17 16:00:00,0.165,28.5,2.84,45.0,258.7,33.05,27.95,0.0,RUN,2584.54
2024-11-17 17:00:00,0.128,27.6,2.84,44.0,48.0,27.26,27.04,0.0,RUN,449.97
2024-11-17 18:00:00,0.163,26.5,3.45,44.0,0.0,25.73,27.29,0.0,standby,-6.29
2024-11-17 19:00:00,0.227,25.8,2.96,50.0,0.0,25.26,24.75,0.0,STANDBY,0.0
2024-11-17 20:00:00,0.271,24.0,3.81,56.0,0.0,25.43,23.71,0.0,STANDBY,-3.05
2024-11-17 21:00:00,0.306,22.9,3.16,58.0,0.0,21.24,21.72,0.0,STANDBY,-3.8
2024-11-17 22:00:00,0.403,21.9,3.16,61.0,0.0,20.63,21.02,0.0,STANDBY,0.0
2024-11-17 23:00:00,0.453,20.6,3.15,66.0,0.0,19.9,19.77,0.0,STANDBY,0.0
2024-11-18 00:00:00,0.322,18.6,4.23,63.0,0.0,19.55,17.92,0.0,STANDBY,-7.66
2024-11-18 01:00:00,0.14,17.9,4.7,65.0,0.0,18.44,17.38,0.0,STANDBY,-10.67
2024-11-18 02:00:00,0.082,17.7,4.62,63.0,0.0,16.8,16.49,0.0,STANDBY,-3.38
2024-11-18 03:00:00,0.082,17.0,4.59,67.0,0.0,15.71,16.48,0.0,STANDBY,0.0
2024-11-18 04:00:00,0.169,17.3,4.71,63.0,0.0,18.08,16.92,0.0,STANDBY,-8.07
2024-11-18 05:00:00,0.109,18.4,4.95,60.0,0.0,18.59,18.14,0.0,STANDBY,-3.99
2024-11-18 06:00:00,0.047,19.5,5.33,57.0,24.4,18.66,17.88,0.0,RUN,142.91
2024-11-18 07:00:00,0.065,20.5,5.51,54.0,214.8,23.33,19.6,0.0,RUN,2024.36
2024-11-18 08:00:00,0.081,21.9,6.61,50.0,452.1,31.42,20.52,0.0,RUN,4768.39
2024-11-18 09:00:00,0.103,22.7,5.35,51.0,693.9,35.07,23.07,0.0, RUN ,7046.89
2024-11-18 10:00:00,0.134,23.2,5.49,50.0,821.0,41.83,24.32,0.0,RUN,8646.25
2024-11-18 11:00:00,0.153,24.6,4.76,46.0,934.0,44.4,25.53,0.0,RUN,9507.73
2024-11-18 12:00:00,0.157,25.7,4.9,46.0,918.9,44.47,26.03,0.0,RUN,9558.25
2024-11-18 13:00:00,0.15,26.7,4.65,44.0,872.0,44.82,27.57,0.0,RUN,8859.94
2024-11-18 14:00:00,0.13,27.0,5.06,44.0,690.7,41.57,28.84,0.0,RUN,7356.93
2024-11-18 15:00:00,0.128,27.6,5.55,41.0,498.2,38.79,28.28,0.0,,5211.24
2024-11-18 16:00:00,0.109,27.6,4.49,38.0,258.0,32.22,27.11,0.0,run,2577.27
2024-11-18 17:00:00,0.192,26.7,5.1,41.0,47.1,28.78,27.1,0.0,RUN,344.18
2024-11-18 18:00:00,0.225,25.0,4.59,36.0,0.0,25.95,26.53,0.0,STANDBY,0.0
2024-11-18 19:00:00,0.231,24.2,4.39,42.0,0.0,25.25,24.8,0.0,STANDBY,0.0
2024-11-18 20:00:00,0.149,23.1,3.98,46.0,0.0,23.95,24.19,0.0,STANDBY,-9.48
18-11-2024 21:00,0.151,21.6,3.91,49.0,0.0,21.33,21.91,0.0,STANDBY,-4.19
2024-11-18 22:00:00,0.143,19.9,3.97,52.0,0.0,19.85,20.61,0.0,STANDBY,0.0
2024-11-18 23:00:00,0.149,18.9,3.55,55.0,0.0,20.01,19.52,0.0, standby ,-9.44
2024-11-19 00:00:00,0.322,16.0,3.92,59.0,0.0,15.0,14.22,0.0,STANDBY,0.0
2024-11-19 01:00:00,0.431,15.4,3.7,62.0,0.0,14.04,13.98,0.0,STANDBY,0.0
2024-11-19 02:00:00,0.414,14.7,3.61,64.0,0.0,13.41,13.83,0.0,STANDBY,-11.21
2024-11-19 03:00:00,0.43,13.6,3.15,64.0,0.0,12.59,13.31,0.0,STANDBY,0.0
2024-11-19 04:00:00,0.424,14.4,3.79,61.0,0.0,13.45,13.03,0.0,STANDBY,-9.97
2024-11-19 05:00:00,0.51,15.4,4.03,60.0,0.0,15.95,14.82,0.0,STANDBY,-5.01
2024-11-19 06:00:00,0.428,16.5,4.23,61.0,24.4,15.36,15.38,0.0,run,194.94
2024-11-19 07:00:00,0.488,17.5,4.01,59.0,201.6,21.04,16.67,0.0,RUN,2046.9
2024-11-19 08:00:00,0.524,18.9,4.62,50.0,457.2,28.29,17.43,0.0,RUN,4754.32
2024-11-19 09:00:00,0.449,20.5,4.6,48.0,652.2,33.92,19.22,0.0,PARTIAL,4275.0
2024-11-19 10:00:00,0.349,21.9,4.05,47.0,845.1,38.29,20.78,0.0,PARTIAL,5214.77
2024-11-19 11:00:00,0.457,23.5,3.76,46.0,918.8,41.95,21.51,0.0,PARTIAL,5687.44
2024-11-19 13:00:00,0.223,26.1,3.82,39.0,834.8,42.76,24.64,0.0,,5327.79
2024-11-19 14:00:00,0.26,26.0,3.93,38.0,715.8,38.5,24.42,0.0,PARTIAL,4456.58
2024-11-19 15:00:00,0.168,26.5,3.43,39.0,497.8,35.32,24.91,0.0,PARTIAL,3108.53
2024-11-19 16:00:00,0.191,25.5,3.31,40.0,268.2,29.85,23.83,0.0,PARTIAL,1576.38
2024-11-19 17:00:00,0.235,24.9,3.25,40.0,50.6,25.26,23.44,0.0,PARTIAL,367.69
2024-11-19 18:00:00,0.187,23.9,3.4,44.0,-999.0,23.08,22.67,0.0, STANDBY ,0.0
2024-11-19 19:00:00,0.296,22.9,3.13,44.0,0.0,20.28,21.2,0.0,STANDBY,-9.67
2024-11-19 20:00:00,0.197,21.8,3.18,50.0,0.0,21.21,19.75,0.0,STANDBY,-6.28
2024-11-19 21:00:00,0.243,20.1,2.7,51.0,0.0,19.58,18.84,0.0,STANDBY,0.0
2024-11-19 22:00:00,0.292,18.0,2.67,56.0,0.0,17.56,17.09,0.0,STANDBY,0.0
2024-11-19 23:00:00,0.398,16.6,2.5,62.0,0.0,15.51,15.57,0.0,STANDBY,0.0
2024-11-20 01:00:00,0.349,13.5,2.44,60.0,0.0,14.32,13.88,0.0,STANDBY,-7.98
2024-11-20 02:00:00,0.427,12.5,2.25,63.0,0.0,13.57,13.39,0.0,STANDBY,0.0
2024-11-20 03:00:00,0.356,12.2,1.86,66.0,0.0,14.98,13.75,0.0,STANDBY,0.0
2024-11-20 04:00:00,0.323,12.5,2.05,61.0,0.0,12.32,13.6,0.0,STANDBY,-5.46
2024-11-20 05:00:00,0.307,12.9,2.0,60.0,0.0,13.76,14.84,0.0,STANDBY,0.0
2024-11-20 06:00:00,0.338,13.3,1.8,54.0,19.1,16.19,15.77,0.0,RUN,167.21
2024-11-20 07:00:00,0.234,13.6,2.15,51.0,196.9,22.12,16.37,0.0,RUN,2037.15
2024-11-20 08:00:00,0.187,15.7,1.93,49.0,448.7,27.63,18.17,0.0,run,4759.04
2024-11-20 09:00:00,0.26,17.5,1.78,45.0,687.0,34.39,19.25,0.0,run,6987.24
2024-11-20 10:00:00,0.214,18.5,2.3,39.0,805.3,39.89,20.77,0.0,RUN,8625.91
2024-11-20 11:00:00,0.232,20.1,2.28,39.0,917.8,42.75,22.3,0.0,RUN,9497.68
2024-11-20 12:00:00,0.238,21.4,2.44,38.0,964.3,43.16,23.37,0.0,RUN,9568.14
2024-11-20 13:00:00,0.066,22.7,2.52,32.0,883.3,44.17,24.72,0.0,RUN,8806.02
2024-11-20 14:00:00,0.16,22.8,2.4,31.0,720.8,40.85,24.49,0.0,RUN,7366.55
2024-11-20 15:00:00,0.287,23.1,3.0,33.0,501.4,36.31,24.33,0.0,RUN,5254.54
2024-11-20 16:00:00,0.278,23.0,3.07,34.0,260.2,30.08,25.15,0.0,RUN,2589.21
20-11-2024 17:00,0.407,22.4,3.11,34.0,42.9,25.52,23.7,0.0,RUN,352.12
2024-11-20 18:00:00,0.298,22.6,2.48,35.0,0.0,23.37,22.58,0.0,STANDBY,0.0
2024-11-20 19:00:00,0.276,21.3,2.47,38.0,0.0,22.56,21.93,0.0,STANDBY,0.0
2024-11-20 20:00:00,0.11,20.4,2.45,45.0,0.0,20.13,20.19,0.0,STANDBY,0.0
2024-11-20 21:00:00,0.041,19.3,1.96,46.0,0.0,18.81,19.15,0.0,STANDBY,-10.98
2024-11-20 22:00:00,0.058,17.4,2.23,50.0,0.0,18.85,17.78,0.0,STANDBY,-7.86
2024-11-20 23:00:00,0.145,16.0,2.12,53.0,0.0,17.07,16.57,0.0,STANDBY,-4.42
2024-11-21 00:00:00,0.412,17.8,2.63,56.0,0.0,16.05,17.09,0.0,STANDBY,-10.99
2024-11-21 01:00:00,0.39,16.5,2.26,59.0,0.0,17.05,15.77,0.0,standby,-11.15
2024-11-21 02:00:00,0.67,15.8,2.3,64.0,0.0,15.2,15.62,0.0,STANDBY,0.0
2024-11-21 03:00:00,0.566,15.9,2.08,62.0,0.0,14.84,15.16,0.0,STANDBY,0.0
21-11-2024 04:00,0.424,16.4,2.47,58.0,0.0,17.25,16.39,0.0,STANDBY,-7.21
2024-11-21 05:00:00,0.546,16.6,2.26,60.0,0.0,15.27,16.05,0.0,STANDBY,0.0
2024-11-21 06:00:00,0.489,17.0,2.43,57.0,17.8,16.57,17.38,0.0,RUN,168.14
2024-11-21 07:00:00,0.417,18.4,2.57,49.0,198.6,22.63,17.9,0.0,RUN,1945.92
2024-11-21 08:00:00,0.39,19.2,2.55,46.0,421.8,30.56,19.16,0.0,RUN,4628.68
2024-11-21 09:00:00,0.322,20.7,2.46,40.0,651.6,36.31,20.75,0.0,RUN,6827.79
2024-11-21 10:00:00,0.245,22.6,2.35,39.0,797.1,41.29,22.93,0.0,RUN,8517.99
2024-11-21 11:00:00,0.194,24.1,3.05,37.0,898.3,41.76,24.36,0.0,RUN,9370.88
2024-11-21 13:00:00,0.304,25.7,3.66,37.0,843.7,43.25,25.87,0.0,run,8697.54
2024-11-21 14:00:00,0.43,25.9,4.08,37.0,679.9,39.92,26.19,0.0,RUN,6965.87
21-11-2024 15:00,0.434,25.8,3.66,34.0,489.2,35.81,26.35,0.0,RUN,4838.91
2024-11-21 16:00:00,0.35,25.7,3.47,36.0,254.6,31.57,26.3,0.0,RUN,2499.62
2024-11-21 17:00:00,0.271,25.5,3.42,37.0,54.5,27.14,25.3,0.0, RUN ,417.44
2024-11-21 18:00:00,0.346,25.6,3.39,39.0,0.0,25.18,24.5,0.0,STANDBY,0.0
2024-11-21 19:00:00,0.575,23.7,2.97,46.0,0.0,23.07,23.51,0.0,STANDBY,0.0
2024-11-21 20:00:00,0.519,22.2,2.49,48.0,0.0,22.33,22.0,0.0,STANDBY,0.0
2024-11-21 21:00:00,0.524,21.3,2.67,50.0,0.0,21.18,21.21,0.0, STANDBY ,-7.49
2024-11-21 22:00:00,0.675,20.2,3.06,53.0,0.0,19.3,19.64,0.0,STANDBY,0.0
2024-11-21 23:00:00,0.791,18.9,3.1,57.0,0.0,17.24,17.54,0.0,STANDBY,0.0
2024-11-22 00:00:00,0.778,17.1,4.11,71.0,0.0,15.65,16.97,0.0,STANDBY,-4.57
2024-11-22 01:00:00,0.438,15.7,3.68,69.0,0.0,16.28,16.02,0.0,STANDBY,0.0
2024-11-22 02:00:00,0.419,15.2,3.69,68.0,0.0,15.84,15.26,0.0,STANDBY,-9.73
2024-11-22 03:00:00,0.548,15.2,3.38,72.0,0.0,14.95,15.55,0.0, STANDBY ,0.0
2024-11-22 04:00:00,0.572,15.4,3.24,71.0,0.0,15.45,14.89,0.0,STANDBY,-7.9
2024-11-22 05:00:00,0.459,16.6,2.63,67.0,0.0,15.05,15.47,0.0,STANDBY,0.0
2024-11-22 06:00:00,0.521,17.5,2.74,66.0,23.2,17.43,16.6,0.0,RUN,179.84
2024-11-22 07:00:00,0.246,18.7,2.93,61.0,196.3,22.96,18.7,0.0,RUN,1970.0
2024-11-22 08:00:00,0.268,20.2,2.61,60.0,437.1,28.86,19.69,0.0,RUN,4668.94
2024-11-22 09:00:00,0.267,21.3,2.75,57.0,654.6,35.32,21.2,0.0,RUN,6880.06
2024-11-22 10:00:00,0.316,23.1,3.03,58.0,805.2,40.41,22.15,0.0,RUN,8492.21
2024-11-22 11:00:00,0.434,24.5,3.18,59.0,862.3,42.51,23.52,0.0,RUN,9135.25
2024-11-22 12:00:00,0.646,25.3,3.84,58.0,842.2,42.71,24.74,0.0,RUN,8661.23
2024-11-22 13:00:00,0.637,26.7,3.81,55.0,778.7,39.77,24.66,0.0,RUN,7996.86
2024-11-22 14:00:00,0.541,27.3,3.75,53.0,676.1,38.31,26.17,0.0,RUN,6879.69
2024-11-22 15:00:00,0.566,26.8,3.58,50.0,466.5,34.96,26.0,0.0,RUN,4805.83
2024-11-22 16:00:00,0.662,26.1,3.13,53.0,217.1,29.44,24.96,0.0,RUN,2208.47
2024-11-22 17:00:00,0.492,25.4,3.01,53.0,41.5,26.99,25.98,0.0,RUN,347.73
2024-11-22 18:00:00,0.335,24.9,3.07,53.0,0.0,25.14,25.41,0.0,STANDBY,-9.81
2024-11-22 19:00:00,0.218,23.5,3.57,58.0,0.0,22.19,23.81,0.0,STANDBY,-9.71
2024-11-22 20:00:00,0.303,22.7,3.22,63.0,0.0,22.51,22.52,0.0,STANDBY,0.0
2024-11-22 21:00:00,0.277,21.0,2.65,64.0,0.0,20.68,21.13,0.0,STANDBY,0.0
2024-11-22 22:00:00,0.271,19.5,2.43,65.0,0.0,17.9,18.88,0.0,STANDBY,-6.5
2024-11-22 23:00:00,0.315,17.6,2.8,68.0,0.0,17.22,18.15,0.0,STANDBY,0.0
2024-11-23 00:00:00,0.215,16.3,1.8,64.0,0.0,15.77,16.32,0.0,STANDBY,0.0
2024-11-23 01:00:00,0.308,15.0,1.72,70.0,0.0,14.41,15.89,0.0,STANDBY,-8.8
2024-11-23 02:00:00,0.461,14.5,1.72,70.0,0.0,14.94,15.57,0.0,standby,-4.32
2024-11-23 03:00:00,0.559,13.6,1.54,72.0,0.0,14.67,15.37,0.0,STANDBY,0.0
2024-11-23 04:00:00,0.466,14.3,2.03,68.0,0.0,14.91,15.11,0.0,STANDBY,-4.33
2024-11-23 05:00:00,0.332,15.2,1.58,66.0,0.0,15.15,15.48,0.0,STANDBY,-11.36
2024-11-23 06:00:00,0.359,15.9,1.9,64.0,24.4,17.47,16.38,0.0,RUN,148.34
2024-11-23 07:00:00,0.218,17.6,1.75,61.0,193.6,22.82,17.77,0.0,run,1881.78
2024-11-23 08:00:00,0.272,19.3,2.1,57.0,460.4,28.42,19.29,0.0,RUN,4570.34
2024-11-23 09:00:00,0.471,20.1,1.96,57.0,637.1,36.65,20.68,0.0,RUN,6614.84
2024-11-23 10:00:00,0.461,21.2,2.08,52.0,807.8,-999.0,22.48,0.0,RUN,8122.22
2024-11-23 11:00:00,0.678,22.1,2.12,49.0,826.5,43.45,23.13,0.0,RUN,8478.95
2024-11-23 12:00:00,0.692,23.1,2.6,48.0,832.0,42.46,23.94,0.0,RUN,8445.48
2024-11-23 13:00:00,0.37,24.8,2.43,44.0,844.9,43.78,24.75,0.0,RUN,8473.2
2024-11-23 14:00:00,0.426,25.3,2.09,38.0,700.7,41.52,25.6,0.0,RUN,7112.01
2024-11-23 15:00:00,0.491,25.6,2.0,39.0,495.4,36.43,25.72,0.0,RUN,4978.11
2024-11-23 16:00:00,0.533,25.2,2.16,41.0,248.1,30.94,25.63,0.0,RUN,2448.25
2024-11-23 17:00:00,0.437,24.7,2.0,41.0,46.5,27.04,25.8,0.0,RUN,396.38
2024-11-23 18:00:00,0.569,24.1,2.21,48.0,0.0,22.8,24.23,0.0,STANDBY,0.0
2024-11-23 19:00:00,0.563,23.7,2.07,48.0,0.0,23.27,23.2,0.0,standby,0.0
2024-11-23 20:00:00,0.43,22.6,1.99,48.0,0.0,23.19,22.18,0.0,STANDBY,-6.95
2024-11-23 21:00:00,0.272,21.1,1.58,50.0,0.0,19.89,20.93,0.0,STANDBY,0.0
2024-11-23 22:00:00,0.333,18.9,2.21,57.0,0.0,19.3,19.87,0.0,STANDBY,-8.86
2024-11-23 23:00:00,0.481,17.8,2.0,62.0,0.0,17.96,17.61,0.0,STANDBY,0.0
2024-11-24 00:00:00,0.398,18.2,3.72,62.0,0.0,17.8,18.86,0.0,STANDBY,0.0
2024-11-24 01:00:00,0.506,18.0,3.75,62.0,0.0,17.07,17.59,0.0,STANDBY,0.0
2024-11-24 02:00:00,0.586,16.8,4.04,63.0,0.0,18.29,17.33,0.0,STANDBY,-3.37
2024-11-24 03:00:00,0.47,17.2,4.4,61.0,0.0,18.53,17.23,0.0,STANDBY,-8.48
2024-11-24 04:00:00,0.504,16.5,4.13,61.0,0.0,16.02,17.73,0.0,STANDBY,0.0
2024-11-24 05:00:00,0.552,17.3,3.98,62.0,0.0,18.44,17.79,0.0,STANDBY,-8.59
2024-11-24 06:00:00,0.586,18.4,4.43,57.0,17.2,18.74,19.81,0.0,RUN,108.18
2024-11-24 07:00:00,0.539,19.6,4.35,58.0,160.5,23.81,20.2,0.0,RUN,1527.66
2024-11-24 08:00:00,0.557,21.2,4.8,57.0,371.4,29.41,22.73,0.0,RUN,3823.44
2024-11-24 09:00:00,0.704,22.8,4.23,55.0,484.8,33.37,23.14,0.0,RUN,5160.29
2024-11-24 10:00:00,0.766,23.5,4.08,55.0,562.0,34.11,23.9,0.0,RUN,5842.55
2024-11-24 11:00:00,0.63,25.2,4.13,54.0,718.3,39.9,25.14,0.0,RUN,7285.55
2024-11-24 12:00:00,0.451,26.6,4.62,50.0,807.2,41.35,26.79,0.0,RUN,8174.63
2024-11-24 13:00:00,0.467,26.9,4.79,44.0,663.6,39.24,27.1,0.0,RUN,6936.32
2024-11-24 14:00:00,0.404,27.3,5.12,38.0,626.4,40.48,27.7,0.0,RUN,6527.16
2024-11-24 15:00:00,0.604,27.0,5.25,41.0,386.6,34.17,27.74,0.0,RUN,3972.91
2024-11-24 16:00:00,0.555,26.9,4.79,41.0,207.8,31.41,27.29,0.0,RUN,2043.16
2024-11-24 17:00:00,0.429,26.4,4.25,40.0,41.5,29.63,27.43,0.0,RUN,381.69
2024-11-24 18:00:00,0.439,25.7,3.6,45.0,0.0,26.42,26.09,0.0,STANDBY,0.0
2024-11-24 19:00:00,0.477,25.4,3.52,48.0,0.0,25.72,25.76,0.0,STANDBY,-9.99
2024-11-24 20:00:00,0.439,24.0,3.09,51.0,0.0,25.09,24.48,0.0,STANDBY,0.0
2024-11-24 21:00:00,0.721,22.2,3.29,59.0,0.0,21.1,22.35,0.0,STANDBY,-5.53
2024-11-24 22:00:00,0.721,20.2,3.45,64.0,0.0,20.22,21.95,0.0,STANDBY,0.0
2024-11-24 23:00:00,0.764,18.6,2.84,65.0,0.0,19.23,20.06,0.0,STANDBY,0.0
2024-11-25 00:00:00,0.758,19.1,3.74,78.0,0.0,20.37,20.76,0.0,STANDBY,0.0
2024-11-25 01:00:00,0.479,18.5,3.85,74.0,0.0,19.81,19.12,0.0,STANDBY,-7.89
2024-11-25 02:00:00,0.372,17.8,3.05,71.0,0.0,19.37,18.86,0.0,STANDBY,-2.54
2024-11-25 03:00:00,0.484,17.0,3.18,72.0,0.0,18.17,18.44,0.0,STANDBY,-6.1
2024-11-25 04:00:00,0.403,18.4,3.75,70.0,0.0,18.92,18.95,0.0,STANDBY,0.0
2024-11-25 05:00:00,0.386,19.0,4.61,67.0,0.0,20.41,18.77,0.0,STANDBY,-2.15
2024-11-25 06:00:00,0.627,19.0,4.49,67.0,14.8,20.9,20.37,0.0,RUN,129.91
2024-11-25 07:00:00,0.76,20.7,4.55,68.0,156.2,25.88,21.72,0.0,RUN,1503.15
2024-11-25 09:00:00,0.738,24.2,4.47,59.0,612.1,37.24,24.03,0.0,RUN,6170.53
2024-11-25 10:00:00,0.842,25.1,4.59,58.0,657.0,39.7,26.12,0.0,RUN,6893.2
2024-11-25 11:00:00,0.839,26.1,4.57,56.0,744.0,40.9,27.41,0.0,RUN,7635.53
2024-11-25 12:00:00,0.906,27.0,4.87,56.0,575.8,38.4,27.88,0.0,,6301.38
2024-11-25 13:00:00,0.901,27.5,5.79,54.0,575.6,39.48,28.47,0.0,RUN,6014.71
2024-11-25 14:00:00,0.829,27.8,6.73,49.0,590.3,39.91,29.55,0.0,,6116.32
2024-11-25 15:00:00,0.887,27.7,5.71,56.0,393.8,35.64,29.36,0.0,RUN,3937.61
2024-11-25 16:00:00,0.82,27.9,6.6,51.0,207.3,34.53,29.24,0.0,RUN,2097.74
2024-11-25 17:00:00,0.698,27.3,5.42,50.0,43.8,29.45,29.06,0.0, RUN ,359.53
2024-11-25 18:00:00,0.696,27.0,4.86,53.0,0.0,29.63,28.21,0.0,,-999.0
2024-11-25 19:00:00,0.723,26.3,4.28,58.0,0.0,25.98,27.37,0.0,STANDBY,-5.53
2024-11-25 20:00:00,0.608,25.2,4.44,63.0,0.0,25.31,25.9,0.0,STANDBY,0.0
2024-11-25 21:00:00,0.541,23.9,4.4,65.0,0.0,24.06,24.5,0.0,STANDBY,0.0
2024-11-25 22:00:00,0.637,22.8,4.66,70.0,0.0,21.22,23.31,0.0,STANDBY,-2.52
2024-11-25 23:00:00,0.617,21.6,4.19,74.0,0.0,20.15,21.62,0.0,STANDBY,-6.54
2024-11-26 00:00:00,0.554,18.0,2.78,74.0,0.0,20.12,19.21,0.0,STANDBY,-5.48
2024-11-26 01:00:00,0.757,17.7,2.8,78.0,0.0,17.36,18.43,0.0,STANDBY,-11.34
2024-11-26 02:00:00,0.73,16.4,2.31,77.0,0.0,19.22,17.87,0.0,STANDBY,0.0
2024-11-26 03:00:00,0.669,16.2,2.56,75.0,0.0,18.42,17.81,0.0,STANDBY,0.0
2024-11-26 04:00:00,0.375,16.4,2.42,70.0,0.0,18.8,17.57,0.0,STANDBY,0.0
2024-11-26 05:00:00,0.349,17.7,2.35,67.0,0.0,18.75,18.66,0.0,STANDBY,0.0
2024-11-26 06:00:00,0.457,18.4,2.48,65.0,17.6,19.87,20.07,0.0,RUN,112.4
2024-11-26 07:00:00,0.478,20.3,2.44,62.0,185.4,24.14,20.32,0.0,RUN,1767.19
2024-11-26 08:00:00,0.411,21.4,2.53,61.0,417.5,31.33,21.64,0.0,,4342.4
2024-11-26 09:00:00,0.561,22.4,2.7,60.0,631.5,37.86,23.54,0.0,RUN,6278.98
2024-11-26 10:00:00,0.709,23.4,2.63,60.0,673.6,40.69,24.84,0.0,,7087.88
2024-11-26 11:00:00,0.613,24.8,2.4,58.0,793.3,42.57,25.96,0.0,RUN,8119.92
2024-11-26 12:00:00,0.484,26.2,2.49,56.0,858.0,44.41,27.61,0.0,RUN,8725.14
2024-11-26 13:00:00,0.494,27.6,2.41,51.0,740.9,43.5,27.38,0.0,run,7881.74
2024-11-26 14:00:00,0.425,28.1,2.77,52.0,647.5,42.26,28.85,0.0,RUN,6799.29
2024-11-26 15:00:00,0.388,28.3,2.83,50.0,483.3,38.68,28.65,0.0,RUN,5001.06
2024-11-26 16:00:00,0.415,28.3,2.75,51.0,253.0,34.15,28.83,0.0,RUN,2369.69
2024-11-26 17:00:00,0.514,27.5,3.04,55.0,45.1,27.32,27.34,0.0,RUN,323.75
2024-11-26 18:00:00,0.296,26.8,2.92,54.0,0.0,27.98,27.49,0.0,STANDBY,0.0
2024-11-26 19:00:00,0.374,25.2,2.63,58.0,0.0,26.04,26.46,0.0,STANDBY,0.0
2024-11-26 20:00:00,0.508,22.9,2.48,62.0,0.0,25.06,24.73,0.0,STANDBY,0.0
2024-11-26 21:00:00,0.506,21.7,2.41,62.0,0.0,23.42,24.2,0.0,STANDBY,-4.46
2024-11-26 22:00:00,0.292,20.0,2.11,57.0,0.0,22.03,21.88,0.0,standby,-8.16
26-11-2024 23:00,0.213,19.0,2.51,62.0,0.0,19.24,21.68,0.0,STANDBY,0.0
2024-11-27 01:00:00,0.172,17.5,1.58,66.0,0.0,18.63,17.49,0.0,STANDBY,-10.02
2024-11-27 02:00:00,0.237,18.0,1.73,71.0,0.0,17.33,17.03,0.0,STANDBY,0.0
2024-11-27 03:00:00,0.304,17.3,2.21,70.0,0.0,15.54,16.48,0.0,STANDBY,-6.3
2024-11-27 04:00:00,0.147,17.1,1.88,71.0,0.0,18.49,16.55,0.0,STANDBY,-4.93
27-11-2024 05:00,0.111,18.5,1.88,69.0,0.0,18.82,17.9,0.0,STANDBY,-5.42
2024-11-27 06:00:00,0.195,19.5,1.92,67.0,24.8,19.49,18.47,0.0,RUN,151.53
2024-11-27 07:00:00,0.23,20.6,1.92,62.0,183.0,24.96,20.21,0.0,RUN,1787.95
2024-11-27 08:00:00,0.322,22.3,1.93,57.0,450.4,31.51,21.79,0.0,run,4455.99
2024-11-27 09:00:00,0.334,24.1,1.81,53.0,635.6,38.27,22.33,0.0,RUN,6690.71
2024-11-27 10:00:00,0.238,25.4,1.9,49.0,812.9,44.7,24.7,0.0,,8285.48
2024-11-27 11:00:00,0.282,26.7,2.3,51.0,914.5,47.43,26.2,0.0,RUN,9113.14
2024-11-27 12:00:00,0.326,28.2,2.55,47.0,912.9,47.52,27.63,0.0,RUN,9200.52
2024-11-27 14:00:00,0.228,30.1,2.73,46.0,733.7,43.59,28.54,0.0,RUN,7143.92
2024-11-27 15:00:00,0.324,30.3,2.82,46.0,500.0,38.73,28.57,0.0,RUN,5101.42
2024-11-27 16:00:00,0.305,29.9,3.33,46.0,256.5,33.95,28.0,0.0,RUN,2526.4
27-11-2024 17:00,0.141,29.2,2.66,47.0,54.2,27.65,27.92,0.0,RUN,435.2
2024-11-27 18:00:00,0.305,28.1,1.86,50.0,0.0,26.42,26.77,0.0,STANDBY,0.0
2024-11-27 19:00:00,0.344,27.2,2.08,49.0,0.0,26.02,25.07,0.0,STANDBY,0.0
2024-11-27 20:00:00,0.347,25.7,2.12,49.0,0.0,25.37,23.9,0.0,standby,-4.16
2024-11-27 21:00:00,0.215,24.4,1.9,52.0,0.0,21.7,22.58,0.0,STANDBY,0.0
2024-11-27 22:00:00,0.432,22.9,1.77,60.0,0.0,20.08,21.56,0.0,STANDBY,0.0
2024-11-27 23:00:00,0.461,22.0,1.67,64.0,0.0,21.0,19.9,0.0,STANDBY,0.0
2024-11-28 00:00:00,0.321,21.0,3.47,60.0,0.0,20.2,19.3,0.0,STANDBY,-3.07
2024-11-28 01:00:00,0.263,19.6,3.65,62.0,0.0,17.63,18.9,0.0,STANDBY,0.0
2024-11-28 02:00:00,0.269,19.0,3.18,61.0,0.0,18.45,18.16,0.0,STANDBY,0.0
2024-11-28 03:00:00,0.082,18.8,2.76,57.0,0.0,15.22,17.85,0.0,standby,0.0
2024-11-28 04:00:00,0.229,19.0,2.77,62.0,0.0,18.26,18.25,0.0,STANDBY,-10.03
2024-11-28 05:00:00,0.252,19.1,2.89,61.0,0.0,18.04,19.34,0.0,STANDBY,-3.15
2024-11-28 06:00:00,0.275,20.2,2.68,57.0,11.4,19.45,20.44,0.0,RUN,127.84
2024-11-28 07:00:00,0.278,21.5,3.39,56.0,182.4,25.38,20.63,0.0,RUN,1743.95
2024-11-28 08:00:00,0.223,22.8,3.84,53.0,437.1,32.11,22.35,0.0,RUN,4346.39
2024-11-28 09:00:00,0.239,25.1,3.22,50.0,665.0,39.42,24.1,0.0,RUN,6554.5
2024-11-28 10:00:00,0.302,26.4,2.78,47.0,786.2,43.37,26.5,0.0,RUN,8104.78
2024-11-28 11:00:00,0.122,28.4,2.92,43.0,902.8,46.47,26.7,0.0,RUN,9149.08
2024-11-28 12:00:00,0.227,28.8,3.01,41.0,917.0,47.14,27.48,0.0,RUN,9137.54
2024-11-28 13:00:00,0.244,29.5,2.86,42.0,823.3,46.2,28.66,0.0,RUN,8317.47
2024-11-28 14:00:00,0.298,30.1,3.39,44.0,671.7,42.77,28.65,0.0,RUN,6846.75
2024-11-28 15:00:00,0.239,29.6,3.8,40.0,474.8,38.0,30.21,0.0,RUN,4907.37
2024-11-28 16:00:00,0.228,29.2,4.07,40.0,257.5,35.33,29.13,0.0,RUN,2475.6
2024-11-28 17:00:00,0.26,28.7,4.0,44.0,46.4,30.41,28.46,0.0,RUN,374.48
2024-11-28 18:00:00,0.219,28.3,3.41,48.0,0.0,27.34,27.29,0.0,STANDBY,0.0
2024-11-28 19:00:00,0.105,27.4,3.39,47.0,0.0,26.48,26.19,0.0,STANDBY,0.0
2024-11-28 20:00:00,0.151,26.0,3.32,50.0,0.0,26.5,25.32,0.0,STANDBY,0.0
2024-11-28 21:00:00,0.188,25.3,2.94,56.0,0.0,24.33,23.7,0.0, standby ,0.0
2024-11-28 22:00:00,0.265,23.2,3.33,57.0,0.0,21.6,22.16,0.0,STANDBY,-3.61
2024-11-28 23:00:00,0.243,21.3,3.24,57.0,0.0,20.53,19.88,0.0,STANDBY,-4.35
2024-11-29 00:00:00,0.323,18.8,4.67,54.0,0.0,19.85,18.75,0.0,STANDBY,-3.66
2024-11-29 01:00:00,0.198,17.9,4.74,54.0,0.0,19.97,18.68,0.0,STANDBY,-8.27
2024-11-29 02:00:00,0.123,16.9,3.99,55.0,0.0,17.54,17.87,0.0,STANDBY,0.0
2024-11-29 03:00:00,0.12,17.2,4.39,58.0,0.0,18.26,17.41,0.0,standby,-9.1
2024-11-29 04:00:00,0.118,17.7,4.21,57.0,0.0,19.13,17.27,0.0,standby,-6.53
2024-11-29 05:00:00,0.087,18.2,3.91,56.0,0.0,17.94,18.86,0.0,STANDBY,-1.72
2024-11-29 06:00:00,0.185,19.2,4.81,56.0,14.8,19.57,20.04,0.0,RUN,122.78
2024-11-29 07:00:00,0.311,20.8,4.39,56.0,180.4,23.79,20.43,0.0,RUN,1748.41
2024-11-29 08:00:00,0.126,22.1,4.56,49.0,429.4,31.82,22.26,0.0,RUN,4435.93
2024-11-29 09:00:00,0.084,23.8,4.28,47.0,641.5,37.07,23.98,0.0,RUN,6694.41
2024-11-29 10:00:00,0.142,25.5,3.9,43.0,827.4,39.74,25.6,0.0,RUN,8294.31
2024-11-29 11:00:00,0.114,26.6,3.76,38.0,915.3,45.81,27.57,0.0,RUN,9159.7
2024-11-29 12:00:00,0.069,28.1,3.62,34.0,888.5,45.27,27.7,0.0,run,9249.9
2024-11-29 13:00:00,0.077,28.9,3.83,33.0,843.9,43.37,29.32,0.0,RUN,8587.94
2024-11-29 14:00:00,0.126,29.5,4.42,33.0,721.5,42.08,28.63,0.0,RUN,7173.61
29-11-2024 15:00,0.102,29.6,4.14,31.0,519.5,39.08,29.58,0.0,RUN,5139.55
2024-11-29 16:00:00,0.149,29.8,5.05,30.0,260.4,33.58,29.28,0.0,RUN,2535.68
2024-11-29 17:00:00,0.111,29.1,4.65,32.0,56.1,29.26,28.41,0.0,RUN,378.62
2024-11-29 18:00:00,0.093,28.4,4.62,33.0,0.0,26.92,27.6,0.0,STANDBY,0.0
2024-11-29 19:00:00,0.124,27.5,5.23,35.0,0.0,27.81,26.17,0.0,STANDBY,-8.82
2024-11-29 21:00:00,0.18,24.2,3.76,41.0,0.0,23.61,23.21,0.0,STANDBY,-7.91
2024-11-29 22:00:00,0.223,23.0,4.32,48.0,0.0,22.27,21.71,0.0,STANDBY,0.0
2024-11-29 23:00:00,0.237,21.6,4.67,51.0,0.0,21.18,20.45,0.0,STANDBY,-5.43
2024-11-30 00:00:00,0.437,20.7,4.05,62.0,0.0,21.07,20.1,0.0,STANDBY,0.0
2024-11-30 01:00:00,0.313,19.6,3.92,58.0,0.0,17.71,18.54,0.0,standby,-5.13
2024-11-30 02:00:00,0.151,19.3,4.21,59.0,0.0,17.98,17.79,0.0,STANDBY,-4.1
2024-11-30 03:00:00,0.369,19.0,3.52,65.0,0.0,18.78,18.33,0.0,STANDBY,-9.09
2024-11-30 04:00:00,0.188,19.3,3.82,65.0,0.0,18.74,18.29,0.0,STANDBY,-7.64
2024-11-30 05:00:00,0.161,19.7,3.49,62.0,0.0,18.22,18.88,0.0,STANDBY,0.0
2024-11-30 06:00:00,0.297,20.5,2.93,61.0,10.1,20.95,19.83,0.0,RUN,126.9
2024-11-30 07:00:00,0.189,22.3,2.51,58.0,184.1,24.97,21.16,0.0,RUN,1763.86
2024-11-30 08:00:00,0.12,23.1,2.51,51.0,438.0,33.02,22.45,0.0,RUN,4394.04
2024-11-30 09:00:00,0.205,24.8,3.13,48.0,659.1,39.21,23.74,0.0,RUN,6542.0
2024-11-30 10:00:00,0.246,26.4,3.45,46.0,792.3,43.9,26.21,0.0,RUN,8148.13
2024-11-30 11:00:00,0.172,27.4,3.61,44.0,893.9,45.07,27.07,0.0,RUN,9112.87
2024-11-30 12:00:00,0.15,28.3,3.87,40.0,908.5,47.75,28.79,0.0,RUN,9179.9
2024-11-30 13:00:00,0.231,29.5,4.04,40.0,834.8,46.18,28.82,0.0,RUN,8493.18
2024-11-30 14:00:00,0.435,30.1,3.83,42.0,693.6,44.53,29.71,0.0,RUN,7003.12
2024-11-30 15:00:00,0.657,29.7,4.12,45.0,481.1,39.48,29.29,0.0,RUN,4949.34
2024-11-30 16:00:00,0.56,30.3,4.62,43.0,259.0,34.89,29.18,0.0,RUN,2516.1
2024-11-30 17:00:00,0.462,29.7,3.8,44.0,50.1,31.37,28.99,0.0,RUN,383.85
2024-11-30 18:00:00,0.362,29.3,3.69,46.0,0.0,27.49,27.56,0.0,STANDBY,-3.15
2024-11-30 19:00:00,0.3,27.7,3.57,50.0,0.0,27.88,27.39,0.0,STANDBY,-9.42
2024-11-30 20:00:00,0.162,25.8,3.45,53.0,0.0,25.62,25.99,0.0,STANDBY,-2.07
2024-11-30 21:00:00,0.148,24.0,3.6,54.0,0.0,24.35,23.53,0.0,STANDBY,0.0
2024-11-30 22:00:00,0.379,22.4,3.5,56.0,0.0,22.38,22.0,0.0,STANDBY,-4.99
2024-11-30 23:00:00,0.479,20.9,3.77,62.0,0.0,20.74,21.1,0.0,STANDBY,-9.69
2024-12-01 00:00:00,0.655,19.3,4.42,66.0,0.0,20.0,18.21,0.0,STANDBY,0.0
2024-12-01 01:00:00,0.474,17.9,4.8,64.0,0.0,18.21,17.17,0.0,STANDBY,-9.16
2024-12-01 02:00:00,0.529,17.7,5.06,67.0,0.0,15.58,16.55,0.0,STANDBY,-8.42
2024-12-01 03:00:00,0.507,17.5,4.82,67.0,0.0,16.01,16.36,0.0,STANDBY,-2.67
2024-12-01 04:00:00,0.519,17.8,4.13,62.0,0.0,16.17,16.58,0.0,STANDBY,-4.07
2024-12-01 05:00:00,0.435,18.6,4.01,63.0,0.0,18.75,17.27,0.0,STANDBY,-10.86
2024-12-01 06:00:00,0.419,20.1,3.39,62.0,14.5,19.51,18.34,0.0,run,120.42
01-12-2024 07:00,0.398,21.7,3.64,60.0,174.3,-999.0,19.2,0.0,RUN,1704.94
2024-12-01 08:00:00,0.385,23.0,3.45,57.0,390.4,29.62,21.45,0.0,RUN,4135.57
2024-12-01 09:00:00,0.35,24.7,3.19,54.0,626.5,36.02,22.69,0.0,RUN,6273.02
2024-12-01 10:00:00,0.295,25.9,3.61,50.0,780.4,42.4,24.08,0.0,RUN,8076.53
2024-12-01 11:00:00,0.219,26.8,3.29,48.0,915.4,45.55,25.62,0.0,RUN,8957.86
2024-12-01 12:00:00,0.188,28.0,3.36,46.0,904.6,46.45,26.86,0.0,RUN,9104.54
2024-12-01 13:00:00,0.407,28.6,3.62,46.0,812.3,44.83,27.44,0.0,RUN,8185.43
2024-12-01 14:00:00,0.431,28.8,3.75,45.0,677.8,42.04,28.15,0.0,run,6943.4
2024-12-01 15:00:00,0.383,29.2,3.24,43.0,480.3,35.78,27.72,0.0,RUN,5066.25
2024-12-01 16:00:00,0.483,29.1,3.57,42.0,257.9,32.47,27.72,0.0,RUN,2541.16
2024-12-01 17:00:00,0.494,28.6,3.76,44.0,59.0,29.49,26.99,0.0,RUN,422.05
2024-12-01 18:00:00,0.569,27.6,3.39,43.0,0.0,26.83,25.51,0.0,STANDBY,-9.67
2024-12-01 19:00:00,0.336,26.8,3.63,45.0,0.0,25.63,25.57,0.0,STANDBY,-4.72
2024-12-01 20:00:00,0.279,24.6,3.32,52.0,0.0,24.45,23.37,0.0,STANDBY,-10.87
2024-12-01 21:00:00,0.347,22.6,2.85,53.0,0.0,22.49,22.51,0.0,STANDBY,-3.55
2024-12-01 22:00:00,0.542,21.5,2.56,58.0,0.0,20.73,20.27,0.0,STANDBY,-2.67
2024-12-01 23:00:00,0.487,20.2,2.89,59.0,0.0,19.65,19.12,0.0,STANDBY,-2.55
2024-12-02 00:00:00,0.279,18.9,2.88,60.0,0.0,15.82,17.49,0.0,STANDBY,0.0
2024-12-02 01:00:00,0.282,17.5,2.31,62.0,0.0,18.28,17.29,0.0,STANDBY,0.0
2024-12-02 02:00:00,0.228,17.1,2.14,61.0,0.0,16.64,16.72,0.0,STANDBY,0.0
2024-12-02 03:00:00,0.233,16.8,2.97,57.0,0.0,16.88,16.85,0.0,STANDBY,0.0
2024-12-02 04:00:00,0.291,17.3,3.09,63.0,0.0,16.79,16.72,0.0,STANDBY,-8.3
2024-12-02 05:00:00,0.272,18.0,3.75,63.0,0.0,18.66,16.67,0.0,STANDBY,0.0
2024-12-02 06:00:00,0.288,18.9,3.75,63.0,17.5,18.77,18.46,0.0,RUN,113.4
2024-12-02 07:00:00,0.188,20.7,3.09,62.0,167.8,24.51,19.03,0.0,RUN,1705.41
2024-12-02 08:00:00,0.179,22.3,3.05,60.0,411.7,30.59,22.02,0.0,RUN,4254.46
2024-12-02 09:00:00,0.154,24.0,2.47,54.0,638.9,38.16,23.22,0.0,RUN,6535.54
2024-12-02 10:00:00,0.172,25.3,3.15,54.0,788.3,41.05,23.59,0.0,run,8136.94
2024-12-02 11:00:00,0.166,26.7,3.2,51.0,909.8,46.28,26.28,0.0,RUN,8909.05
2024-12-02 12:00:00,0.18,27.1,4.04,46.0,875.0,45.51,26.31,0.0,RUN,8992.34
2024-12-02 13:00:00,0.13,28.1,4.45,45.0,826.2,46.0,27.65,0.0,RUN,8458.61
2024-12-02 14:00:00,0.094,28.6,3.98,39.0,696.5,46.27,28.42,0.0,RUN,7089.5
2024-12-02 15:00:00,0.125,29.2,3.74,40.0,513.5,38.79,27.99,0.0,RUN,5103.58
2024-12-02 16:00:00,0.188,28.8,3.62,42.0,266.2,34.34,28.42,0.0,RUN,2566.41
2024-12-02 17:00:00,0.382,27.5,3.73,43.0,49.7,27.83,27.32,0.0,RUN,374.72
2024-12-02 18:00:00,0.351,27.1,3.76,45.0,0.0,25.9,26.07,0.0,STANDBY,-3.49
2024-12-02 19:00:00,0.211,26.1,4.58,50.0,0.0,24.93,25.14,0.0,STANDBY,0.0
2024-12-02 20:00:00,0.132,24.8,3.57,50.0,0.0,24.18,24.31,0.0,STANDBY,-8.26
2024-12-02 21:00:00,0.287,22.6,3.39,54.0,0.0,22.32,22.61,0.0,standby,-2.16
2024-12-02 22:00:00,0.411,21.9,3.23,61.0,0.0,20.46,19.76,0.0,STANDBY,-7.57
2024-12-02 23:00:00,0.471,20.7,3.28,61.0,0.0,18.16,19.6,0.0,STANDBY,0.0
2024-12-03 00:00:00,0.268,19.5,1.62,51.0,0.0,19.99,19.37,0.0,STANDBY,-10.13
2024-12-03 01:00:00,0.217,19.0,2.01,57.0,0.0,17.83,18.96,0.0,STANDBY,0.0
2024-12-03 02:00:00,0.131,18.1,1.67,58.0,0.0,17.02,17.71,0.0,STANDBY,0.0
2024-12-03 03:00:00,0.104,17.9,1.66,59.0,0.0,17.74,16.84,0.0,STANDBY,0.0
2024-12-03 04:00:00,0.075,18.4,2.02,54.0,0.0,17.59,17.19,0.0,standby,-4.74
2024-12-03 05:00:00,0.093,18.2,2.01,51.0,0.0,18.12,17.59,0.0,STANDBY,-2.81
2024-12-03 06:00:00,0.089,19.0,1.91,53.0,13.9,18.97,19.5,0.0,RUN,93.58
2024-12-03 07:00:00,0.075,20.5,2.27,53.0,164.1,24.86,20.27,0.0,RUN,1691.42
2024-12-03 08:00:00,0.063,22.3,2.28,50.0,435.0,33.97,22.22,0.0,RUN,4249.61
2024-12-03 09:00:00,0.114,24.2,2.21,47.0,647.2,39.68,24.28,0.0,run,6418.2
2024-12-03 10:00:00,0.254,26.0,2.0,46.0,776.2,43.81,25.09,0.0,RUN,7833.21
2024-12-03 11:00:00,0.267,27.6,2.76,46.0,835.9,47.18,26.51,0.0,RUN,8627.48
2024-12-03 12:00:00,0.186,28.8,2.45,42.0,935.0,49.02,27.6,0.0,RUN,8903.71
2024-12-03 13:00:00,0.117,29.2,3.05,37.0,827.5,47.91,28.99,0.0,RUN,8418.64
2024-12-03 14:00:00,0.139,29.5,2.66,31.0,712.7,46.07,29.45,0.0,RUN,7050.01
2024-12-03 15:00:00,0.092,29.9,2.66,30.0,516.4,41.57,28.51,0.0,RUN,5057.02
2024-12-03 16:00:00,0.122,29.6,2.6,32.0,254.3,33.9,29.86,0.0,RUN,2545.76
2024-12-03 17:00:00,0.138,28.7,2.28,32.0,48.7,29.83,28.52,0.0,RUN,401.24
2024-12-03 18:00:00,0.175,27.8,1.82,32.0,0.0,28.71,27.67,0.0,STANDBY,-10.25
2024-12-03 19:00:00,0.169,26.9,1.8,37.0,0.0,25.53,26.23,0.0,standby,-5.22
2024-12-03 20:00:00,0.182,25.4,1.53,45.0,0.0,24.48,25.04,0.0,STANDBY,0.0
2024-12-03 21:00:00,0.143,23.6,1.45,46.0,0.0,24.48,23.42,0.0,STANDBY,-6.53
2024-12-03 22:00:00,0.108,21.5,1.67,50.0,0.0,21.66,22.12,0.0,STANDBY,0.0
2024-12-03 23:00:00,0.111,19.7,1.58,56.0,0.0,19.91,20.52,0.0,STANDBY,0.0
2024-12-04 00:00:00,0.36,18.2,1.86,62.0,0.0,18.24,18.43,0.0,STANDBY,0.0
2024-12-04 01:00:00,0.347,17.2,1.64,59.0,0.0,16.82,17.41,0.0,STANDBY,-5.67
2024-12-04 02:00:00,0.393,16.7,2.08,58.0,0.0,17.27,16.72,0.0,STANDBY,0.0
2024-12-04 03:00:00,0.232,15.4,2.6,52.0,0.0,16.23,16.77,0.0,STANDBY,-9.7
2024-12-04 04:00:00,0.239,15.8,2.3,54.0,0.0,15.97,16.4,0.0,STANDBY,-8.51
2024-12-04 05:00:00,0.255,16.6,2.16,57.0,0.0,18.03,17.66,0.0,STANDBY,-3.54
2024-12-04 06:00:00,0.233,17.9,2.21,50.0,12.8,19.35,18.37,0.0,RUN,106.72
2024-12-04 07:00:00,0.233,18.6,2.35,47.0,170.9,23.35,19.99,0.0,RUN,1640.09
2024-12-04 08:00:00,0.263,19.6,2.38,44.0,398.3,33.56,21.94,0.0,RUN,4277.4
2024-12-04 09:00:00,0.216,20.9,2.18,44.0,634.2,39.72,22.97,0.0,RUN,6460.37
2024-12-04 10:00:00,0.168,23.2,2.54,40.0,808.5,46.33,25.46,0.0,RUN,8016.68
2024-12-04 11:00:00,0.34,25.0,2.82,38.0,871.5,50.31,26.0,0.0,RUN,8779.29
2024-12-04 12:00:00,0.329,26.6,3.26,37.0,885.1,49.96,26.71,0.0,RUN,8808.79
2024-12-04 13:00:00,0.334,27.5,3.51,37.0,846.2,47.86,27.95,0.0,RUN,8226.21
2024-12-04 14:00:00,0.413,28.3,3.33,38.0,702.4,45.59,27.9,0.0,RUN,6897.82
2024-12-04 15:00:00,0.426,28.2,3.28,38.0,475.3,40.49,29.15,0.0, RUN ,4986.73
2024-12-04 16:00:00,0.312,28.2,3.85,39.0,267.9,34.16,28.3,0.0,RUN,2560.13
04-12-2024 17:00,0.327,28.0,2.79,41.0,57.5,29.14,27.84,0.0,RUN,446.08
2024-12-04 18:00:00,0.435,26.9,3.3,48.0,0.0,26.72,26.69,0.0,STANDBY,0.0
2024-12-04 19:00:00,0.381,25.5,3.11,49.0,0.0,26.59,25.56,0.0,STANDBY,-4.63
2024-12-04 20:00:00,0.318,24.5,2.68,51.0,0.0,22.94,24.28,0.0,STANDBY,0.0
2024-12-04 21:00:00,0.495,22.8,2.0,51.0,0.0,22.03,23.09,0.0,STANDBY,0.0
2024-12-04 22:00:00,0.35,21.5,2.47,56.0,0.0,21.27,21.85,0.0,STANDBY,-7.64
2024-12-04 23:00:00,0.301,19.3,2.64,59.0,0.0,21.12,19.66,0.0,STANDBY,-2.05
2024-12-05 00:00:00,0.262,15.9,3.34,64.0,0.0,16.89,17.37,0.0,STANDBY,-7.43
2024-12-05 01:00:00,0.438,15.6,2.88,66.0,0.0,16.14,16.28,0.0,STANDBY,-5.22
2024-12-05 02:00:00,0.577,15.0,2.55,65.0,0.0,15.84,15.38,0.0,standby,-2.5
2024-12-05 03:00:00,0.348,14.3,2.78,62.0,0.0,15.51,15.21,0.0,STANDBY,-10.37
2024-12-05 04:00:00,0.261,14.2,2.28,63.0,0.0,15.75,15.48,0.0,STANDBY,-4.76
2024-12-05 05:00:00,0.211,14.3,2.43,60.0,0.0,15.08,16.63,0.0,STANDBY,0.0
2024-12-05 06:00:00,0.439,15.5,2.34,62.0,11.4,18.5,17.21,0.0,RUN,56.37
2024-12-05 07:00:00,0.388,17.1,2.02,58.0,160.9,22.34,18.57,0.0,RUN,1552.11
2024-12-05 08:00:00,0.335,18.4,1.87,55.0,417.1,29.81,19.85,0.0,RUN,4176.74
2024-12-05 09:00:00,0.246,20.4,2.33,53.0,640.6,36.56,22.27,0.0,RUN,6471.98
2024-12-05 10:00:00,0.24,22.3,2.38,48.0,804.0,43.12,23.36,0.0,RUN,8057.76
2024-12-05 11:00:00,0.158,23.8,2.36,45.0,891.8,46.95,24.83,0.0, RUN ,8982.01
2024-12-05 12:00:00,0.207,25.0,2.57,43.0,898.8,45.93,25.26,0.0,RUN,9058.3
2024-12-05 13:00:00,0.392,25.6,2.53,42.0,829.4,44.66,27.29,0.0,RUN,8368.93
2024-12-05 14:00:00,0.302,26.2,2.51,43.0,733.3,43.67,27.48,0.0,RUN,7049.42
2024-12-05 15:00:00,0.315,26.1,2.39,44.0,501.2,37.13,27.75,0.0,RUN,5134.87
2024-12-05 16:00:00,0.382,26.3,3.1,43.0,261.6,32.98,27.64,0.0,RUN,2559.89
2024-12-05 17:00:00,0.44,25.2,3.55,45.0,53.2,28.48,27.14,0.0,RUN,447.0
05-12-2024 18:00,0.427,24.7,3.5,45.0,0.0,25.77,25.27,0.0,STANDBY,0.0
2024-12-05 19:00:00,0.338,23.7,2.92,46.0,0.0,24.3,24.39,0.0,STANDBY,0.0
2024-12-05 20:00:00,0.339,22.5,2.57,49.0,0.0,21.55,23.67,0.0,STANDBY,-1.6
2024-12-05 22:00:00,0.364,18.7,2.17,54.0,0.0,18.29,19.45,0.0,standby,0.0
2024-12-05 23:00:00,0.387,17.8,2.38,57.0,0.0,18.58,17.55,0.0,STANDBY,-5.32
2024-12-06 00:00:00,0.178,14.6,1.5,64.0,0.0,14.12,15.58,0.0,STANDBY,-4.07
2024-12-06 01:00:00,0.118,14.0,1.59,59.0,0.0,14.39,13.84,0.0,STANDBY,-8.58
2024-12-06 02:00:00,0.149,13.3,1.6,63.0,0.0,13.53,13.95,0.0,standby,0.0
2024-12-06 03:00:00,0.249,13.4,1.31,61.0,0.0,13.09,13.95,0.0,STANDBY,-1.74
2024-12-06 04:00:00,0.32,13.9,1.72,59.0,0.0,12.95,12.92,0.0,STANDBY,0.0
2024-12-06 05:00:00,0.286,13.8,1.87,57.0,0.0,15.02,15.27,0.0,STANDBY,-3.59
2024-12-06 06:00:00,0.249,14.1,1.58,59.0,16.4,16.0,15.05,0.0,RUN,110.27
2024-12-06 07:00:00,0.225,15.5,1.7,55.0,170.0,21.52,16.49,0.0,RUN,1651.81
2024-12-06 08:00:00,0.094,16.5,1.42,51.0,400.4,29.57,17.94,0.0,RUN,4219.16
2024-12-06 09:00:00,0.097,18.8,1.36,49.0,630.7,37.62,19.96,0.0,RUN,6493.85
2024-12-06 10:00:00,0.131,20.4,1.39,45.0,791.9,43.85,21.39,0.0,RUN,7984.67
2024-12-06 11:00:00,0.186,21.6,1.66,42.0,912.3,46.04,22.68,0.0,RUN,8931.09
2024-12-06 12:00:00,0.196,22.9,1.64,37.0,928.8,46.5,24.9,0.0, RUN ,9098.2
2024-12-06 14:00:00,0.195,24.1,1.8,37.0,701.9,43.26,25.77,0.0,RUN,7098.54
2024-12-06 15:00:00,0.111,24.6,1.78,37.0,509.1,36.37,25.88,0.0,run,5172.37
2024-12-06 16:00:00,0.121,24.7,2.06,38.0,267.6,32.65,25.74,0.0,RUN,2612.41
2024-12-06 17:00:00,0.132,24.0,2.2,41.0,51.4,-999.0,24.98,0.0,RUN,442.55
2024-12-06 18:00:00,0.099,23.0,2.15,41.0,0.0,24.13,24.08,0.0,STANDBY,-10.98
2024-12-06 19:00:00,0.126,22.2,2.0,44.0,0.0,22.31,22.95,0.0,STANDBY,0.0
2024-12-06 20:00:00,0.194,20.6,1.96,47.0,0.0,20.93,21.31,0.0,STANDBY,0.0
2024-12-06 21:00:00,0.24,19.3,1.88,49.0,0.0,20.84,20.02,0.0,STANDBY,-9.86
2024-12-06 22:00:00,0.192,18.1,2.23,54.0,0.0,18.18,17.99,0.0,STANDBY,-3.02
2024-12-06 23:00:00,0.205,16.4,2.1,53.0,0.0,15.95,16.95,0.0,STANDBY,-11.33
2024-12-07 00:00:00,0.136,17.3,2.7,52.0,0.0,16.39,16.05,0.0,STANDBY,-5.3
2024-12-07 01:00:00,0.153,16.3,2.51,56.0,0.0,14.87,14.36,0.0,STANDBY,0.0
2024-12-07 02:00:00,0.278,14.6,2.0,60.0,0.0,14.4,14.22,0.0,STANDBY,0.0
2024-12-07 03:00:00,0.234,14.8,2.16,61.0,0.0,14.8,13.69,0.0,STANDBY,-9.82
2024-12-07 04:00:00,0.273,15.3,1.94,60.0,0.0,14.67,14.54,0.0,STANDBY,-5.51
2024-12-07 05:00:00,0.152,15.6,1.49,58.0,0.0,14.85,16.71,0.0,STANDBY,-5.26
2024-12-07 07:00:00,0.366,17.3,1.62,62.0,165.6,22.05,17.28,0.0,RUN,1492.04
2024-12-07 08:00:00,0.36,18.9,1.61,58.0,405.4,30.72,18.74,0.0,run,4096.08
2024-12-07 09:00:00,0.501,20.1,1.5,57.0,596.4,36.49,20.35,0.0,RUN,6198.87
2024-12-07 10:00:00,0.344,21.3,2.15,48.0,798.0,40.65,22.76,0.0,RUN,7982.85
2024-12-07 11:00:00,0.154,23.0,2.24,42.0,913.8,43.99,23.79,0.0,RUN,8910.36
2024-12-07 12:00:00,0.174,24.5,2.39,38.0,906.3,45.44,24.43,0.0,RUN,8981.47
2024-12-07 13:00:00,0.233,25.6,2.21,41.0,856.5,45.02,25.17,0.0,RUN,8405.89
2024-12-07 14:00:00,0.234,26.5,2.53,40.0,717.6,42.3,26.06,0.0,RUN,7061.79
2024-12-07 15:00:00,0.331,26.5,2.4,40.0,499.8,37.66,25.91,0.0,RUN,5107.68
2024-12-07 16:00:00,0.297,25.8,1.93,40.0,266.7,31.3,26.23,0.0,RUN,2612.38
2024-12-07 17:00:00,0.351,25.4,1.85,38.0,58.5,26.04,25.28,0.0,RUN,463.54
2024-12-07 18:00:00,0.35,24.4,1.62,43.0,0.0,23.24,24.34,0.0,STANDBY,-8.0
2024-12-07 19:00:00,0.25,24.1,1.81,45.0,-999.0,23.4,23.46,0.0,STANDBY,0.0
2024-12-07 20:00:00,0.147,22.7,1.72,49.0,0.0,21.93,21.97,0.0,STANDBY,-1.93
2024-12-07 21:00:00,0.087,20.7,1.46,54.0,0.0,20.47,20.42,0.0,STANDBY,-10.38
2024-12-07 22:00:00,0.166,19.4,1.92,61.0,0.0,18.28,18.57,0.0,STANDBY,-4.53
2024-12-07 23:00:00,0.256,17.6,1.99,67.0,0.0,16.34,17.5,0.0,STANDBY,-7.4
2024-12-08 00:00:00,0.236,16.1,2.39,66.0,0.0,16.24,15.92,0.0,STANDBY,0.0
2024-12-08 01:00:00,0.219,14.5,2.85,66.0,0.0,15.32,14.74,0.0,STANDBY,-8.06
2024-12-08 02:00:00,0.244,14.0,2.46,68.0,0.0,14.44,14.76,0.0,STANDBY,0.0
2024-12-08 03:00:00,0.211,13.9,2.57,67.0,0.0,14.96,14.1,0.0,STANDBY,-10.47
2024-12-08 04:00:00,0.207,14.3,2.46,67.0,0.0,14.66,15.08,0.0,STANDBY,0.0
2024-12-08 05:00:00,0.115,14.6,1.96,63.0,0.0,13.57,15.54,0.0,STANDBY,0.0
2024-12-08 06:00:00,0.078,15.8,1.89,58.0,9.9,15.78,15.89,0.0,RUN,90.09
2024-12-08 07:00:00,0.149,17.3,2.17,55.0,147.4,21.36,17.52,0.0,RUN,1500.05
2024-12-08 08:00:00,0.219,18.7,2.36,53.0,398.2,28.46,19.38,0.0,RUN,4019.92
2024-12-08 09:00:00,0.149,20.6,2.48,48.0,632.9,36.86,20.59,0.0,RUN,6366.65
2024-12-08 10:00:00,0.088,22.1,2.5,44.0,810.3,41.05,22.37,0.0,RUN,8054.27
2024-12-08 11:00:00,0.13,23.6,2.73,41.0,875.8,44.66,24.27,0.0,RUN,8865.7
2024-12-08 12:00:00,0.125,24.8,2.49,42.0,913.2,44.62,25.53,0.0,RUN,9043.81
2024-12-08 13:00:00,0.078,25.6,2.88,40.0,815.3,44.75,26.83,0.0,RUN,8495.61
2024-12-08 14:00:00,0.065,26.4,2.81,40.0,712.3,42.7,27.19,0.0,RUN,7186.32
2024-12-08 15:00:00,0.094,26.2,2.66,43.0,512.1,38.14,26.41,0.0,RUN,5140.87
2024-12-08 16:00:00,0.081,26.2,2.72,43.0,282.5,32.37,26.44,0.0,RUN,2641.63
2024-12-08 17:00:00,0.113,25.8,2.77,41.0,53.5,25.95,25.78,0.0,RUN,395.83
08-12-2024 18:00,0.264,24.4,2.6,44.0,0.0,25.61,24.43,0.0,STANDBY,-4.38
2024-12-08 19:00:00,0.432,24.4,2.64,47.0,0.0,21.8,22.86,0.0,STANDBY,-6.41
2024-12-08 20:00:00,0.372,23.1,2.54,53.0,0.0,22.88,22.23,0.0,STANDBY,-8.61
2024-12-08 21:00:00,0.358,21.7,2.54,52.0,0.0,21.58,21.11,0.0,STANDBY,0.0
2024-12-08 22:00:00,0.346,19.9,2.85,54.0,0.0,18.55,19.65,0.0,STANDBY,-6.68
2024-12-08 23:00:00,0.228,18.6,2.59,57.0,0.0,17.92,17.29,0.0,STANDBY,-3.3
2024-12-09 00:00:00,0.088,18.6,1.44,53.0,0.0,17.14,17.01,0.0,STANDBY,-7.73
2024-12-09 01:00:00,0.059,17.5,1.92,53.0,0.0,16.07,16.88,0.0,STANDBY,0.0
2024-12-09 03:00:00,0.094,16.1,1.27,54.0,0.0,13.86,15.82,0.0,STANDBY,0.0
2024-12-09 04:00:00,0.088,16.2,1.63,53.0,0.0,15.34,15.48,0.0,STANDBY,0.0
2024-12-09 05:00:00,0.092,16.3,1.51,53.0,0.0,14.99,16.58,0.0,STANDBY,-4.91
2024-12-09 06:00:00,0.1,17.0,1.66,52.0,14.6,17.03,17.66,0.0,RUN,109.51
2024-12-09 07:00:00,0.101,18.6,1.56,51.0,160.5,23.44,18.88,0.0,RUN,1578.77
2024-12-09 08:00:00,0.159,19.5,1.47,53.0,416.7,31.08,20.41,0.0,run,4089.52
2024-12-09 09:00:00,0.086,21.7,1.38,47.0,624.7,40.15,21.34,0.0,RUN,6305.53
2024-12-09 10:00:00,0.069,23.0,1.5,40.0,784.3,44.47,23.37,0.0,RUN,7941.31
2024-12-09 11:00:00,0.078,24.9,1.6,39.0,857.6,47.21,25.93,0.0,RUN,8748.67
2024-12-09 12:00:00,0.029,27.2,1.6,38.0,909.9,48.52,27.05,0.0,run,8928.75
2024-12-09 13:00:00,0.074,27.4,1.92,37.0,790.1,48.54,27.59,0.0,RUN,8322.13
2024-12-09 14:00:00,0.068,28.2,1.89,36.0,709.4,45.01,28.85,0.0,RUN,7077.49
2024-12-09 15:00:00,0.034,28.7,2.24,35.0,513.7,40.2,29.13,0.0,RUN,5099.1
2024-12-09 16:00:00,0.055,28.7,2.28,38.0,254.7,34.56,27.57,0.0,RUN,2597.13
2024-12-09 17:00:00,0.073,27.4,1.99,37.0,57.6,29.01,27.69,0.0,RUN,447.01
2024-12-09 18:00:00,0.074,26.4,1.81,36.0,0.0,26.74,26.36,0.0,STANDBY,0.0
2024-12-09 19:00:00,0.095,25.5,1.38,38.0,0.0,26.4,24.83,0.0, STANDBY ,0.0
2024-12-09 20:00:00,0.095,23.3,1.29,41.0,0.0,22.05,23.26,0.0,standby,-9.57
2024-12-09 21:00:00,0.062,21.4,1.19,44.0,0.0,21.37,21.7,0.0,STANDBY,-9.38
2024-12-09 22:00:00,0.098,19.6,1.35,48.0,0.0,20.37,20.23,0.0,STANDBY,0.0
2024-12-09 23:00:00,0.11,18.2,1.2,49.0,0.0,17.33,18.58,0.0,STANDBY,-6.26
2024-12-10 00:00:00,0.233,15.9,2.45,59.0,0.0,16.33,16.39,0.0,STANDBY,-7.7
2024-12-10 02:00:00,0.435,14.3,3.15,64.0,0.0,14.36,14.26,0.0,STANDBY,0.0
2024-12-10 03:00:00,0.21,14.5,3.5,61.0,0.0,15.86,14.61,0.0,STANDBY,0.0
2024-12-10 04:00:00,0.35,14.9,3.58,66.0,0.0,14.57,15.1,0.0,STANDBY,-10.87
2024-12-10 05:00:00,0.23,16.1,3.78,64.0,0.0,14.71,15.1,0.0,STANDBY,0.0
2024-12-10 06:00:00,0.136,16.9,3.13,60.0,6.2,15.49,15.99,0.0,RUN,94.4
2024-12-10 07:00:00,0.171,18.3,3.29,56.0,155.9,20.7,17.94,0.0,RUN,1514.7
2024-12-10 08:00:00,0.13,19.7,3.7,55.0,398.1,29.19,19.73,0.0,RUN,4061.48
2024-12-10 09:00:00,0.154,20.9,3.6,50.0,612.6,35.56,20.63,0.0,RUN,6289.14
2024-12-10 10:00:00,0.144,22.9,4.09,49.0,795.7,38.85,23.03,0.0,RUN,7945.41
2024-12-10 11:00:00,0.108,23.8,5.01,43.0,903.7,42.25,24.06,0.0,RUN,8904.17
2024-12-10 12:00:00,0.08,25.3,5.12,37.0,908.9,44.61,25.62,0.0,RUN,9032.91
2024-12-10 12:00:00,0.08,25.3,5.12,37.0,908.9,44.61,25.62,0.0,RUN,9032.91
2024-12-10 13:00:00,0.079,26.7,5.31,38.0,874.1,43.89,26.42,0.0,RUN,8482.0
2024-12-10 14:00:00,0.083,26.5,5.05,40.0,730.5,42.75,27.31,0.0,RUN,7138.71
2024-12-10 15:00:00,0.2,26.6,4.99,40.0,525.8,35.01,26.66,0.0,run,5137.71
2024-12-10 16:00:00,0.077,27.0,4.17,42.0,266.5,33.18,26.85,0.0,RUN,2648.5
2024-12-10 17:00:00,0.101,26.5,4.1,44.0,56.9,26.76,26.67,0.0,RUN,516.6
2024-12-10 18:00:00,0.129,25.6,3.19,47.0,0.0,25.46,25.24,0.0,STANDBY,-9.2
2024-12-10 19:00:00,0.125,23.7,3.2,49.0,0.0,23.38,24.19,0.0,STANDBY,0.0
2024-12-10 20:00:00,0.11,22.1,3.32,52.0,0.0,22.99,21.91,0.0,STANDBY,0.0
2024-12-10 21:00:00,0.095,20.3,2.95,56.0,0.0,20.83,20.77,0.0,STANDBY,-7.12
2024-12-10 22:00:00,0.104,18.7,2.4,61.0,0.0,17.66,19.29,0.0,STANDBY,0.0
2024-12-10 23:00:00,0.121,17.4,2.31,65.0,0.0,17.58,17.64,0.0,STANDBY,0.0
2024-12-11 00:00:00,0.113,16.5,2.06,61.0,0.0,17.22,15.25,0.0,STANDBY,-3.33
2024-12-11 01:00:00,0.096,15.2,2.34,62.0,0.0,15.17,15.05,0.0,STANDBY,0.0
2024-12-11 02:00:00,0.067,14.3,2.38,60.0,0.0,14.56,15.17,0.0,STANDBY,0.0
2024-12-11 03:00:00,0.057,14.5,2.48,58.0,0.0,13.96,14.69,0.0,standby,0.0
11-12-2024 04:00,0.108,15.2,2.63,57.0,0.0,14.9,14.63,0.0,STANDBY,0.0
2024-12-11 05:00:00,0.172,16.3,2.69,58.0,0.0,14.89,14.61,0.0,STANDBY,-5.14
2024-12-11 06:00:00,0.193,17.1,2.58,53.0,14.3,17.53,16.5,0.0,RUN,85.49
2024-12-11 07:00:00,0.102,18.3,2.59,50.0,157.7,22.85,17.46,0.0,RUN,1465.23
2024-12-11 08:00:00,0.066,20.1,2.69,48.0,395.9,28.23,19.18,0.0,RUN,4096.04
2024-12-11 09:00:00,0.072,21.5,3.0,48.0,620.5,34.71,22.02,0.0,RUN,6369.85
2024-12-11 10:00:00,0.082,23.3,3.08,41.0,808.4,41.62,22.59,0.0,RUN,7984.0
2024-12-11 11:00:00,0.081,24.8,2.93,41.0,894.9,42.64,24.53,0.0,RUN,8868.59
2024-12-11 12:00:00,0.088,26.3,2.96,37.0,897.0,44.93,24.99,0.0,RUN,8970.84
2024-12-11 13:00:00,0.071,26.9,3.4,37.0,830.9,44.17,27.09,0.0,RUN,8471.98
2024-12-11 14:00:00,0.132,27.8,3.59,37.0,736.1,41.75,27.33,0.0,RUN,7137.66
2024-12-11 15:00:00,0.106,28.1,4.48,37.0,498.1,38.17,27.56,0.0,RUN,5124.51
2024-12-11 16:00:00,0.052,27.4,4.73,36.0,282.1,32.4,27.14,0.0,RUN,2696.8
2024-12-11 17:00:00,0.061,26.9,4.08,37.0,56.7,25.85,27.12,0.0,RUN,477.5
2024-12-11 18:00:00,0.041,25.7,3.93,37.0,0.0,25.04,25.59,0.0,STANDBY,0.0
2024-12-11 19:00:00,0.079,24.2,4.03,39.0,0.0,24.77,24.39,0.0,STANDBY,-9.96
2024-12-11 20:00:00,0.085,22.3,3.16,43.0,0.0,21.12,22.93,0.0,STANDBY,-5.07
2024-12-11 21:00:00,0.09,20.6,3.16,49.0,0.0,21.07,21.29,0.0,STANDBY,-7.64
2024-12-11 22:00:00,0.108,18.8,3.37,53.0,0.0,20.06,19.19,0.0,STANDBY,-4.27
2024-12-11 23:00:00,0.091,17.7,2.58,56.0,0.0,17.73,18.47,0.0,STANDBY,-2.22
2024-12-12 00:00:00,0.061,13.5,3.16,60.0,0.0,14.56,14.4,0.0,STANDBY,-10.74
2024-12-12 01:00:00,0.023,12.2,4.28,60.0,0.0,14.28,13.37,0.0,STANDBY,0.0
2024-12-12 01:00:00,0.023,12.2,4.28,60.0,0.0,14.28,13.37,0.0,STANDBY,0.0
2024-12-12 02:00:00,0.037,11.6,3.46,61.0,0.0,12.63,12.37,0.0,STANDBY,0.0
12-12-2024 03:00,0.034,11.6,3.3,60.0,0.0,13.23,12.99,0.0,STANDBY,-9.11
2024-12-12 04:00:00,0.046,11.8,3.03,61.0,0.0,11.62,12.45,0.0,STANDBY,0.0
2024-12-12 05:00:00,0.037,12.7,2.89,57.0,0.0,13.11,14.25,0.0,STANDBY,0.0
2024-12-12 06:00:00,0.063,13.2,3.12,56.0,5.6,15.67,14.9,0.0,RUN,62.93
2024-12-12 07:00:00,0.079,14.5,3.29,52.0,158.3,20.11,16.71,0.0,run,1495.88
2024-12-12 08:00:00,0.069,16.4,3.49,51.0,399.8,27.17,17.34,0.0,RUN,4065.01
2024-12-12 09:00:00,0.057,18.0,3.22,50.0,630.0,32.52,19.21,0.0,RUN,6358.98
2024-12-12 10:00:00,0.063,19.5,2.47,44.0,778.3,37.41,21.34,0.0,RUN,8058.71
2024-12-12 11:00:00,0.037,21.4,2.99,39.0,914.3,40.42,22.36,0.0,RUN,8986.73
2024-12-12 12:00:00,0.044,22.5,3.65,34.0,898.9,41.6,24.06,0.0,RUN,9134.24
2024-12-12 13:00:00,0.04,23.4,4.05,33.0,855.8,40.87,24.96,0.0,RUN,8520.87
2024-12-12 14:00:00,0.047,24.9,4.03,39.0,717.3,39.06,25.7,0.0,,7188.47
2024-12-12 15:00:00,0.041,24.7,4.27,33.0,517.9,35.45,26.16,0.0,RUN,5160.13
2024-12-12 16:00:00,0.058,24.7,3.8,36.0,269.1,30.01,25.15,0.0, RUN ,2711.4
2024-12-12 17:00:00,0.035,24.5,4.18,35.0,59.4,25.09,24.23,0.0,RUN,490.54
2024-12-12 18:00:00,0.058,23.1,4.23,38.0,0.0,23.79,24.14,0.0,STANDBY,-8.31
12-12-2024 19:00,0.02,22.2,3.93,44.0,0.0,22.28,22.71,0.0,STANDBY,0.0
2024-12-12 20:00:00,0.035,21.2,3.84,45.0,0.0,20.41,20.35,0.0,STANDBY,0.0
2024-12-12 21:00:00,0.049,19.6,3.7,45.0,0.0,19.74,20.02,0.0,STANDBY,0.0
2024-12-12 22:00:00,0.033,17.0,3.79,49.0,0.0,17.79,17.76,0.0,STANDBY,-7.88
2024-12-12 23:00:00,0.027,15.1,3.32,50.0,0.0,15.34,15.34,0.0,STANDBY,-2.81
2024-12-13 00:00:00,0.201,12.7,3.63,51.0,0.0,13.44,12.95,0.0,STANDBY,-8.95
2024-12-13 01:00:00,0.153,11.4,4.16,55.0,0.0,13.64,13.06,0.0,STANDBY,0.0
2024-12-13 02:00:00,0.154,11.3,3.94,60.0,0.0,12.89,11.45,0.0,STANDBY,-3.09
2024-12-13 03:00:00,0.239,11.2,4.44,61.0,0.0,11.42,11.69,0.0,STANDBY,0.0
2024-12-13 04:00:00,0.279,11.4,4.11,59.0,0.0,11.57,11.94,0.0,STANDBY,0.0
2024-12-13 05:00:00,0.32,12.2,3.64,59.0,0.0,10.62,12.73,0.0,standby,-8.41
2024-12-13 06:00:00,0.264,13.4,3.63,61.0,8.5,12.96,13.54,0.0,RUN,-3.98
2024-12-13 07:00:00,0.116,14.9,3.85,56.0,157.8,17.75,14.9,0.0,,1542.14
2024-12-13 08:00:00,0.137,15.5,3.69,52.0,397.0,25.86,16.02,0.0,RUN,4091.44
2024-12-13 09:00:00,0.24,17.3,4.03,42.0,620.4,29.45,18.3,0.0,RUN,6403.13
2024-12-13 10:00:00,0.214,19.7,4.04,44.0,802.6,35.16,19.81,0.0,RUN,8095.5
2024-12-13 11:00:00,0.168,20.8,4.49,44.0,908.9,37.91,21.16,0.0,RUN,9062.13
2024-12-13 12:00:00,0.134,22.2,4.61,38.0,904.0,39.58,22.8,0.0,RUN,9228.56
2024-12-13 13:00:00,0.114,22.3,5.31,35.0,867.4,39.06,23.39,0.0,RUN,8645.4
2024-12-13 14:00:00,0.132,23.3,5.37,35.0,735.6,36.83,24.29,0.0,RUN,7273.16
2024-12-13 15:00:00,0.163,23.6,5.83,38.0,511.0,32.67,24.49,0.0,RUN,5204.67
2024-12-13 16:00:00,0.133,23.3,5.09,41.0,283.3,29.81,24.32,0.0,RUN,2697.25
2024-12-13 17:00:00,0.115,22.8,4.38,41.0,64.0,25.14,24.09,0.0,RUN,530.65
2024-12-13 18:00:00,0.121,21.3,5.08,42.0,0.0,21.15,22.95,0.0,STANDBY,0.0
2024-12-13 19:00:00,0.118,19.7,4.29,43.0,0.0,22.72,21.32,0.0,STANDBY,0.0
2024-12-13 20:00:00,0.22,17.8,3.8,46.0,0.0,20.41,20.32,0.0,STANDBY,0.0
2024-12-13 21:00:00,0.238,16.6,3.44,49.0,0.0,16.9,18.56,0.0, STANDBY ,-2.07
2024-12-13 22:00:00,0.24,15.3,3.84,52.0,0.0,16.3,16.51,0.0,STANDBY,0.0
2024-12-13 22:00:00,0.24,15.3,3.84,52.0,0.0,16.3,16.51,0.0,STANDBY,0.0
2024-12-13 23:00:00,0.24,14.2,4.07,55.0,0.0,14.25,15.19,0.0,STANDBY,0.0
2024-12-14 00:00:00,0.38,12.2,2.61,58.0,0.0,13.77,12.21,0.0,standby,0.0
2024-12-14 01:00:00,0.376,11.2,2.91,60.0,0.0,11.48,11.44,0.0,STANDBY,0.0
2024-12-14 02:00:00,0.201,10.6,2.82,56.0,0.0,10.45,10.65,0.0,STANDBY,-2.66
2024-12-14 03:00:00,0.242,10.8,2.42,57.0,0.0,10.18,10.78,0.0,STANDBY,0.0
2024-12-14 04:00:00,0.269,11.2,2.75,60.0,0.0,11.79,11.1,0.0,STANDBY,0.0
2024-12-14 05:00:00,0.288,11.9,2.86,59.0,0.0,11.91,12.25,0.0,STANDBY,-3.91
2024-12-14 06:00:00,0.14,12.6,2.71,58.0,10.5,13.87,12.79,0.0,run,15.35
2024-12-14 07:00:00,0.203,13.8,2.5,56.0,151.0,18.51,14.63,0.0,RUN,1514.14
2024-12-14 08:00:00,0.223,15.4,3.23,54.0,391.4,24.64,15.75,0.0,RUN,4034.96
2024-12-14 09:00:00,0.227,17.5,3.28,50.0,614.7,29.73,17.52,0.0,RUN,6345.41
2024-12-14 10:00:00,0.238,18.6,3.14,51.0,790.3,36.44,18.33,0.0,RUN,7993.94
2024-12-14 11:00:00,0.306,20.5,3.57,50.0,859.6,38.22,20.78,0.0,RUN,9010.85
2024-12-14 12:00:00,0.15,21.4,3.99,42.0,908.1,40.99,22.2,0.0,RUN,9206.83
2024-12-14 13:00:00,0.142,22.3,4.25,37.0,848.7,41.02,22.58,0.0,RUN,8541.65
2024-12-14 14:00:00,0.177,23.3,4.58,40.0,708.1,37.15,23.67,0.0,RUN,7242.52
2024-12-14 15:00:00,0.225,23.4,5.23,42.0,523.8,34.03,22.98,0.0,RUN,5189.06
2024-12-14 17:00:00,0.149,23.1,4.09,48.0,59.5,22.89,22.82,0.0,RUN,523.9
2024-12-14 18:00:00,0.169,22.2,3.24,48.0,0.0,22.45,21.98,0.0,STANDBY,-8.75
2024-12-14 19:00:00,0.133,20.5,3.6,52.0,0.0,20.55,20.66,0.0,standby,0.0
2024-12-14 20:00:00,0.24,18.5,3.69,56.0,0.0,19.48,18.28,0.0,STANDBY,0.0
2024-12-14 21:00:00,0.249,17.2,3.1,58.0,0.0,16.99,17.09,0.0,STANDBY,-6.2
2024-12-14 22:00:00,0.26,15.5,2.97,64.0,0.0,15.66,15.58,0.0,STANDBY,0.0
2024-12-14 23:00:00,0.283,14.7,2.36,66.0,0.0,15.08,13.93,0.0,STANDBY,0.0
2024-12-15 00:00:00,0.178,11.9,1.65,67.0,0.0,12.79,12.23,0.0,STANDBY,0.0
2024-12-15 01:00:00,0.149,11.1,1.68,66.0,0.0,10.04,10.61,0.0,STANDBY,0.0
2024-12-15 02:00:00,0.162,10.5,1.45,66.0,0.0,10.13,10.94,0.0,,-6.13
2024-12-15 03:00:00,0.231,9.7,1.47,64.0,0.0,10.8,9.81,0.0,STANDBY,-3.63
2024-12-15 04:00:00,0.237,9.4,1.84,63.0,0.0,9.49,9.92,0.0,STANDBY,-6.44
2024-12-15 05:00:00,0.184,10.1,1.88,61.0,0.0,10.33,10.76,0.0,STANDBY,-11.02
2024-12-15 06:00:00,0.217,11.0,1.64,63.0,12.0,13.37,12.38,0.0,RUN,41.18
2024-12-15 07:00:00,0.128,12.3,2.01,57.0,146.1,16.4,12.86,0.0,RUN,1381.11
2024-12-15 08:00:00,0.164,14.4,1.73,57.0,384.2,25.1,14.93,0.0,RUN,4006.5
2024-12-15 09:00:00,0.206,15.5,1.47,49.0,619.3,33.19,16.45,0.0,RUN,6232.9
2024-12-15 10:00:00,0.189,17.5,1.64,47.0,771.0,36.97,18.17,0.0,RUN,7994.68
2024-12-15 11:00:00,0.191,18.5,2.2,46.0,864.0,40.42,19.61,0.0,RUN,8858.95
2024-12-15 12:00:00,0.11,20.3,2.22,40.0,904.3,43.72,21.25,0.0,RUN,9052.5
2024-12-15 13:00:00,0.249,20.9,2.45,34.0,855.7,38.96,21.59,0.0,RUN,8490.41
2024-12-15 14:00:00,0.182,21.3,2.59,33.0,714.2,38.19,22.84,0.0,RUN,7186.48
2024-12-15 15:00:00,0.156,21.1,2.48,35.0,528.3,34.51,23.14,0.0,RUN,5220.78
2024-12-15 16:00:00,0.217,19.9,2.41,38.0,283.6,29.37,21.96,0.0,RUN,2771.41
2024-12-15 17:00:00,0.238,19.2,2.01,42.0,67.6,22.6,21.23,0.0,RUN,506.44
2024-12-15 18:00:00,0.145,18.4,1.93,45.0,0.0,21.47,20.64,0.0,STANDBY,-2.97
2024-12-15 19:00:00,0.156,17.2,1.78,47.0,0.0,18.88,19.01,0.0,STANDBY,-9.76
2024-12-15 20:00:00,0.2,15.7,1.59,51.0,0.0,17.71,17.59,0.0,STANDBY,0.0
15-12-2024 21:00,0.14,14.6,1.68,50.0,0.0,15.68,16.69,0.0,STANDBY,0.0
2024-12-15 22:00:00,0.083,13.4,1.42,54.0,0.0,15.83,14.13,0.0,STANDBY,0.0
2024-12-15 23:00:00,0.132,12.1,1.76,59.0,0.0,14.01,13.37,0.0,STANDBY,-11.05
16-12-2024 00:00,0.114,10.0,1.6,61.0,0.0,11.9,11.96,0.0,STANDBY,-10.02
2024-12-16 01:00:00,0.143,9.2,1.7,65.0,0.0,10.88,11.55,0.0,standby,0.0
2024-12-16 02:00:00,0.12,8.5,1.39,65.0,0.0,9.13,9.63,0.0,STANDBY,0.0
2024-12-16 03:00:00,0.148,7.9,1.49,64.0,0.0,10.13,10.53,0.0,STANDBY,0.0
2024-12-16 04:00:00,0.137,8.5,1.63,62.0,0.0,8.94,10.19,0.0,standby,0.0
2024-12-16 05:00:00,0.298,9.2,1.74,63.0,0.0,10.7,11.48,0.0,STANDBY,0.0
2024-12-16 06:00:00,0.193,10.4,1.91,59.0,14.4,11.69,11.77,0.0,RUN,73.68
2024-12-16 07:00:00,0.097,11.2,1.92,59.0,148.9,17.45,12.35,0.0,RUN,1431.89
2024-12-16 08:00:00,0.176,13.0,2.32,57.0,390.4,24.15,14.53,0.0,RUN,3976.74
2024-12-16 09:00:00,0.045,14.4,1.99,55.0,633.6,31.09,16.5,0.0,RUN,6322.67
2024-12-16 10:00:00,0.057,15.9,2.23,51.0,791.2,36.25,18.69,0.0,RUN,7992.9
2024-12-16 11:00:00,0.06,18.0,3.16,49.0,890.2,39.61,19.44,0.0,RUN,8887.59
2024-12-16 12:00:00,0.118,20.1,2.6,46.0,886.1,41.76,20.77,0.0,RUN,9066.05
2024-12-16 13:00:00,0.071,21.5,3.06,43.0,838.0,42.07,22.24,0.0,RUN,8479.93
2024-12-16 14:00:00,0.214,22.4,3.25,44.0,705.3,38.86,23.01,0.0,run,7216.04
2024-12-16 15:00:00,0.291,21.9,3.03,44.0,520.9,35.06,22.4,0.0,RUN,5182.86
2024-12-16 16:00:00,0.138,22.1,3.76,43.0,287.9,28.84,22.61,0.0,,2718.6
2024-12-16 17:00:00,0.082,21.4,3.24,42.0,66.5,23.36,22.27,0.0,RUN,576.81
2024-12-16 18:00:00,0.147,20.8,2.59,44.0,0.0,21.55,20.47,0.0,STANDBY,0.0
2024-12-16 19:00:00,0.124,19.4,2.9,43.0,0.0,19.54,19.24,0.0,STANDBY,0.0
2024-12-16 20:00:00,0.074,17.3,3.04,46.0,0.0,18.17,17.53,0.0,STANDBY,0.0
2024-12-16 21:00:00,0.08,15.1,2.8,52.0,0.0,16.7,15.97,0.0,STANDBY,-4.91
2024-12-16 22:00:00,0.084,13.2,3.05,54.0,0.0,13.7,14.28,0.0,STANDBY,0.0
2024-12-16 23:00:00,0.154,11.6,2.54,58.0,0.0,13.63,13.06,0.0,STANDBY,0.0
2024-12-17 00:00:00,0.128,12.4,3.26,53.0,0.0,11.67,12.4,0.0,STANDBY,-2.77
2024-12-17 01:00:00,0.164,12.0,3.39,54.0,0.0,11.55,10.88,0.0,STANDBY,0.0
2024-12-17 02:00:00,0.219,11.7,2.79,55.0,0.0,11.78,10.89,0.0,STANDBY,0.0
2024-12-17 03:00:00,0.239,11.7,2.42,57.0,0.0,10.64,10.23,0.0,STANDBY,0.0
2024-12-17 04:00:00,0.252,11.0,2.8,57.0,0.0,11.29,11.31,0.0,STANDBY,0.0
2024-12-17 05:00:00,0.139,12.3,2.81,53.0,0.0,10.76,11.69,0.0,STANDBY,0.0
2024-12-17 06:00:00,0.113,13.6,3.69,48.0,8.8,12.19,12.65,0.0,RUN,31.98
2024-12-17 07:00:00,0.038,15.5,4.02,47.0,154.0,19.02,13.68,0.0,RUN,1310.29
2024-12-17 08:00:00,0.073,17.0,3.33,42.0,389.6,24.97,16.16,0.0,RUN,3928.53
2024-12-17 09:00:00,0.083,18.4,3.72,41.0,627.2,32.1,17.75,0.0,RUN,6249.21
2024-12-17 10:00:00,0.059,19.9,3.12,39.0,796.1,36.76,19.3,0.0,RUN,7940.55
2024-12-17 11:00:00,0.1,21.3,3.49,36.0,884.6,40.54,20.46,0.0,RUN,8856.57
2024-12-17 12:00:00,0.117,22.4,4.04,34.0,907.2,40.55,20.97,0.0,RUN,9057.51
2024-12-17 13:00:00,0.174,23.7,3.69,35.0,864.4,40.95,22.48,0.0, RUN ,8484.46
2024-12-17 14:00:00,0.236,24.3,3.96,35.0,692.2,38.67,22.99,0.0,RUN,7192.46
2024-12-17 15:00:00,0.225,23.8,3.73,36.0,514.4,34.32,22.51,0.0,RUN,5245.19
2024-12-17 16:00:00,0.134,23.9,3.66,35.0,276.5,29.68,23.39,0.0,RUN,2716.29
2024-12-17 17:00:00,0.127,23.0,3.61,39.0,66.6,23.9,22.32,0.0,RUN,544.48
2024-12-17 18:00:00,0.098,21.8,2.9,38.0,0.0,20.8,20.89,0.0,STANDBY,0.0
2024-12-17 19:00:00,0.076,20.6,2.92,39.0,0.0,18.87,19.99,0.0,STANDBY,-7.75
2024-12-17 20:00:00,0.11,18.7,2.06,43.0,0.0,17.51,18.8,0.0,STANDBY,0.0
2024-12-17 21:00:00,0.075,16.6,2.19,42.0,0.0,17.67,16.73,0.0,STANDBY,0.0
2024-12-17 22:00:00,0.109,15.4,2.31,47.0,0.0,16.32,14.27,0.0,STANDBY,0.0
17-12-2024 23:00,0.098,13.9,2.37,50.0,0.0,13.84,14.5,0.0,STANDBY,0.0
2024-12-18 00:00:00,0.053,12.8,1.82,57.0,0.0,13.24,13.45,0.0,STANDBY,0.0
2024-12-18 01:00:00,0.122,12.4,2.14,60.0,0.0,11.39,11.93,0.0,STANDBY,0.0
2024-12-18 02:00:00,0.125,11.5,2.23,59.0,0.0,10.62,11.12,0.0,STANDBY,-5.93
2024-12-18 03:00:00,0.082,11.1,2.31,58.0,0.0,9.79,10.69,0.0,STANDBY,-4.95
2024-12-18 04:00:00,0.062,11.2,2.26,56.0,0.0,9.7,10.58,0.0,STANDBY,-6.8
2024-12-18 05:00:00,0.078,12.2,2.4,54.0,0.0,11.01,11.76,0.0,STANDBY,-4.78
2024-12-18 06:00:00,0.108,12.6,2.31,50.0,9.8,13.45,12.97,0.0,RUN,39.44
2024-12-18 07:00:00,0.073,14.0,2.29,51.0,144.5,18.47,14.23,0.0,RUN,1339.88
2024-12-18 08:00:00,0.085,15.7,2.18,45.0,391.9,26.47,15.86,0.0,RUN,3933.03
2024-12-18 09:00:00,0.074,17.4,2.34,43.0,616.8,34.07,17.46,0.0,RUN,6186.05
2024-12-18 10:00:00,0.094,18.8,2.71,41.0,783.6,38.14,19.18,0.0,RUN,7889.69
2024-12-18 11:00:00,0.126,20.6,2.84,41.0,875.7,41.81,21.11,0.0,RUN,8792.03
2024-12-18 12:00:00,0.11,22.2,3.01,38.0,955.2,41.95,22.44,0.0,run,9008.66
2024-12-18 13:00:00,0.119,23.5,3.03,34.0,847.6,43.07,22.61,0.0,RUN,8375.34
2024-12-18 14:00:00,0.187,24.6,3.62,31.0,719.1,41.4,23.42,0.0,RUN,7264.89
2024-12-18 15:00:00,0.342,24.6,3.6,28.0,544.1,36.47,23.83,0.0,RUN,5246.53
2024-12-18 16:00:00,0.322,24.3,3.82,30.0,277.2,29.11,23.12,0.0,RUN,2801.7
2024-12-18 17:00:00,0.286,23.5,4.16,32.0,67.0,24.19,22.32,0.0,RUN,571.2
2024-12-18 18:00:00,0.242,23.1,4.26,32.0,0.0,22.14,21.23,0.0,STANDBY,-2.28
2024-12-18 19:00:00,0.26,21.1,3.49,37.0,0.0,19.79,20.43,0.0,STANDBY,-2.07
2024-12-18 20:00:00,0.214,19.0,3.21,38.0,0.0,19.92,18.65,0.0,STANDBY,-8.66
2024-12-18 21:00:00,0.086,17.5,2.65,42.0,0.0,16.69,17.49,0.0, STANDBY ,-1.92
2024-12-18 22:00:00,0.066,15.3,2.43,44.0,0.0,14.52,15.16,0.0,STANDBY,-7.2
2024-12-18 23:00:00,0.106,13.6,2.05,51.0,0.0,13.03,13.94,0.0,STANDBY,-8.54
2024-12-19 00:00:00,0.153,14.4,2.96,57.0,0.0,14.51,15.89,0.0,STANDBY,0.0
2024-12-19 01:00:00,0.119,14.5,2.93,56.0,0.0,13.21,14.38,0.0,STANDBY,-6.81
19-12-2024 02:00,0.151,13.1,3.62,61.0,0.0,13.39,13.2,0.0,STANDBY,-8.47
2024-12-19 03:00:00,0.292,12.2,3.62,65.0,0.0,14.42,12.53,0.0,STANDBY,-999.0
2024-12-19 04:00:00,0.111,12.9,4.33,64.0,0.0,12.82,13.23,0.0,STANDBY,-9.73
2024-12-19 05:00:00,0.184,14.3,3.31,65.0,0.0,14.45,13.72,0.0, STANDBY ,-1.65
2024-12-19 06:00:00,0.266,15.9,3.05,57.0,4.6,14.97,14.38,0.0,RUN,89.83
2024-12-19 07:00:00,0.125,17.1,2.41,55.0,148.8,20.72,16.03,0.0,RUN,1356.39
2024-12-19 08:00:00,0.13,18.5,2.49,53.0,384.4,26.5,17.28,0.0,RUN,3842.58
2024-12-19 09:00:00,0.196,19.4,2.74,49.0,602.2,34.8,19.99,0.0,RUN,6135.56
2024-12-19 10:00:00,0.074,20.8,2.97,43.0,793.1,39.51,20.92,0.0,RUN,7791.44
2024-12-19 11:00:00,0.084,22.8,2.85,39.0,863.0,42.99,23.17,0.0,RUN,8699.51
2024-12-19 12:00:00,0.059,24.9,3.91,40.0,900.1,44.8,23.73,0.0,RUN,8999.98
2024-12-19 13:00:00,0.073,25.8,4.33,37.0,829.4,44.45,24.53,0.0,RUN,8417.63
2024-12-19 14:00:00,0.157,25.6,4.17,35.0,731.7,41.72,26.1,0.0,RUN,7159.72
2024-12-19 15:00:00,0.172,25.4,4.29,35.0,,null,NA,0.0,,
2024-12-19 16:00:00,0.112,25.5,4.09,37.0,,,null,0.0,,
2024-12-19 17:00:00,0.137,24.5,3.79,37.0,66.7,25.63,25.16,0.0,RUN,541.15
2024-12-19 18:00:00,0.1,23.7,4.46,39.0,0.0,23.22,23.6,0.0,standby,0.0
2024-12-19 19:00:00,0.07,22.1,4.09,38.0,0.0,23.79,22.08,0.0,STANDBY,-8.36
2024-12-19 20:00:00,0.071,20.2,4.06,46.0,0.0,21.4,20.74,0.0,STANDBY,0.0
2024-12-19 21:00:00,0.091,18.9,3.66,49.0,0.0,19.48,19.19,0.0,STANDBY,0.0
2024-12-19 22:00:00,0.106,16.9,3.58,52.0,0.0,16.96,17.82,0.0,STANDBY,-10.78
19-12-2024 23:00,0.121,15.8,4.12,55.0,0.0,16.7,15.75,0.0,STANDBY,0.0
2024-12-20 00:00:00,0.111,17.8,3.5,57.0,0.0,17.56,17.45,0.0,STANDBY,0.0
2024-12-20 01:00:00,0.094,16.6,3.4,55.0,0.0,15.58,16.57,0.0,STANDBY,0.0
2024-12-20 02:00:00,0.084,15.7,2.99,58.0,0.0,14.23,16.04,0.0,STANDBY,-10.49
2024-12-20 03:00:00,0.095,15.4,2.91,55.0,0.0,15.61,15.91,0.0, STANDBY ,-3.52
2024-12-20 04:00:00,0.098,16.2,2.69,54.0,0.0,15.48,15.56,0.0,STANDBY,-10.3
2024-12-20 05:00:00,0.099,16.9,2.63,57.0,0.0,16.97,16.18,0.0,STANDBY,0.0
2024-12-20 06:00:00,0.123,17.8,2.06,56.0,9.3,17.44,17.27,0.0,RUN,40.88
2024-12-20 07:00:00,0.085,19.4,2.59,56.0,147.2,22.36,18.31,0.0,RUN,1297.94
2024-12-20 08:00:00,0.071,20.5,2.96,53.0,378.3,28.61,19.58,0.0,RUN,3787.4
2024-12-20 09:00:00,0.128,22.3,2.99,51.0,616.6,35.36,22.35,0.0,RUN,6110.36
2024-12-20 10:00:00,0.226,24.4,3.14,47.0,768.6,40.06,23.34,0.0,RUN,7743.78
2024-12-20 11:00:00,0.224,26.2,3.44,43.0,881.4,43.11,25.01,0.0,RUN,8672.74
2024-12-20 12:00:00,0.217,26.7,3.55,38.0,896.7,45.58,25.71,0.0,RUN,8842.22
2024-12-20 13:00:00,0.141,27.9,2.9,35.0,852.8,45.18,27.57,0.0,,8363.67
2024-12-20 14:00:00,0.194,27.7,2.79,35.0,728.1,41.99,27.84,0.0,RUN,7104.79
2024-12-20 15:00:00,0.155,28.4,2.93,33.0,505.4,39.36,29.02,0.0,RUN,5168.64
2024-12-20 16:00:00,0.154,28.4,2.82,35.0,293.9,33.06,27.93,0.0,run,2758.75
2024-12-20 17:00:00,0.112,28.2,2.86,39.0,71.4,27.22,27.52,0.0,RUN,552.09
2024-12-20 18:00:00,0.089,27.2,2.38,42.0,0.0,28.0,25.88,0.0,STANDBY,0.0
2024-12-20 19:00:00,0.13,26.1,2.43,46.0,0.0,24.36,25.07,0.0,STANDBY,-8.72
20-12-2024 20:00,0.114,24.2,2.5,50.0,0.0,21.82,22.76,0.0,STANDBY,0.0
2024-12-20 21:00:00,0.077,22.5,2.45,45.0,0.0,20.76,21.68,0.0,STANDBY,0.0
2024-12-20 22:00:00,0.154,20.5,2.17,49.0,0.0,20.44,19.9,0.0,STANDBY,0.0
2024-12-20 23:00:00,0.205,17.7,2.23,50.0,0.0,19.64,18.14,0.0,STANDBY,-5.09
2024-12-21 00:00:00,0.057,16.8,1.38,53.0,0.0,16.66,16.03,0.0,STANDBY,0.0
2024-12-21 01:00:00,0.074,16.1,1.48,53.0,0.0,15.24,15.35,0.0,STANDBY,0.0
2024-12-21 02:00:00,0.052,16.0,1.44,55.0,0.0,14.9,14.58,0.0,STANDBY,-2.26
2024-12-21 03:00:00,0.045,15.5,1.32,56.0,0.0,14.98,14.58,0.0,STANDBY,-7.72
2024-12-21 04:00:00,0.053,15.8,1.41,61.0,0.0,16.0,15.67,0.0,standby,0.0
2024-12-21 05:00:00,0.059,16.6,1.33,60.0,0.0,15.6,15.96,0.0,STANDBY,0.0
2024-12-21 06:00:00,0.079,17.7,1.19,61.0,2.7,16.13,16.75,0.0,RUN,37.22
2024-12-21 07:00:00,0.093,19.0,1.44,59.0,135.3,22.83,18.59,0.0,RUN,1290.22
21-12-2024 08:00,0.029,20.8,1.16,53.0,389.2,30.96,19.26,0.0,RUN,3800.9
2024-12-21 09:00:00,0.032,21.9,1.22,53.0,587.7,38.99,20.83,0.0,RUN,5981.4
2024-12-21 10:00:00,0.039,23.8,1.35,48.0,800.1,42.32,23.05,0.0,run,7629.98
2024-12-21 11:00:00,0.058,25.7,1.41,47.0,899.4,47.68,-999.0,0.0,RUN,8526.33
2024-12-21 12:00:00,0.038,26.6,1.88,44.0,883.7,49.46,25.39,0.0,RUN,8752.41
2024-12-21 13:00:00,0.029,27.6,2.06,41.0,844.7,48.24,26.74,0.0, run ,8309.18
2024-12-21 14:00:00,0.027,28.5,2.03,43.0,708.7,46.4,28.01,0.0,RUN,7096.49
2024-12-21 15:00:00,0.049,28.3,2.07,42.0,526.8,39.76,27.73,0.0,RUN,5160.92
2024-12-21 16:00:00,0.045,28.5,1.97,43.0,281.5,33.86,27.19,0.0,RUN,2835.42
2024-12-21 17:00:00,0.031,27.6,2.19,44.0,69.7,26.77,26.94,0.0,RUN,603.21
2024-12-21 18:00:00,0.035,26.6,2.12,45.0,0.0,25.94,25.31,0.0,STANDBY,0.0
2024-12-21 19:00:00,0.037,25.1,1.92,47.0,0.0,24.0,24.41,0.0, STANDBY ,-9.36
2024-12-21 20:00:00,0.075,23.6,1.43,49.0,0.0,24.17,22.99,0.0,STANDBY,0.0
2024-12-21 21:00:00,0.046,22.5,1.39,52.0,0.0,20.77,20.68,0.0,STANDBY,-6.66
2024-12-21 22:00:00,0.019,20.6,1.17,57.0,0.0,18.38,-999.0,0.0,STANDBY,-7.45
2024-12-21 23:00:00,0.035,19.5,1.45,59.0,0.0,18.32,18.09,0.0,STANDBY,0.0
2024-12-22 00:00:00,0.025,19.3,2.23,56.0,0.0,17.14,17.8,0.0,STANDBY,-1.72
2024-12-22 01:00:00,0.029,18.0,2.13,60.0,0.0,17.96,15.48,0.0,STANDBY,-8.53
2024-12-22 02:00:00,0.029,17.5,2.23,62.0,0.0,15.84,16.21,0.0,STANDBY,-2.25
2024-12-22 03:00:00,0.055,17.5,2.16,62.0,0.0,15.43,14.95,0.0,standby,0.0
2024-12-22 04:00:00,0.09,17.7,2.75,65.0,0.0,15.66,15.23,0.0,STANDBY,-9.13
2024-12-22 05:00:00,0.073,18.2,2.31,65.0,0.0,15.9,16.38,0.0,STANDBY,-7.27
2024-12-22 06:00:00,0.032,19.8,2.13,60.0,4.5,18.14,17.93,0.0,RUN,71.88
2024-12-22 07:00:00,0.028,21.2,2.47,57.0,139.5,21.72,17.85,0.0,RUN,1247.66
2024-12-22 08:00:00,0.076,22.6,2.32,53.0,378.7,31.35,20.12,0.0,RUN,3764.57
2024-12-22 09:00:00,0.035,24.1,2.43,50.0,585.2,39.46,21.68,0.0,RUN,6027.4
2024-12-22 10:00:00,0.179,25.3,2.84,49.0,748.1,42.91,24.31,0.0,RUN,7633.73
2024-12-22 11:00:00,0.129,27.0,3.08,46.0,878.9,44.79,24.49,0.0,RUN,8613.19
2024-12-22 12:00:00,0.05,29.0,2.68,41.0,915.3,49.43,26.98,0.0,RUN,8766.51
2024-12-22 13:00:00,0.076,29.4,2.77,34.0,837.9,47.19,27.57,0.0,RUN,8303.76
2024-12-22 14:00:00,0.102,30.3,2.93,33.0,9999.0,44.75,28.27,0.0,RUN,7108.27
2024-12-22 15:00:00,0.198,29.3,3.46,34.0,527.8,40.99,28.72,0.0,RUN,5214.17
2024-12-22 16:00:00,0.226,28.0,2.74,33.0,279.9,33.83,27.98,0.0,RUN,2814.93
2024-12-22 17:00:00,0.162,27.6,2.37,36.0,67.5,29.2,27.32,0.0,RUN,533.24
2024-12-22 18:00:00,0.106,27.0,2.87,37.0,0.0,27.0,26.06,0.0,STANDBY,0.0
2024-12-22 19:00:00,0.096,25.7,2.57,40.0,0.0,25.17,24.52,0.0,STANDBY,-11.32
2024-12-22 20:00:00,0.127,24.7,2.32,43.0,0.0,23.36,23.2,0.0,STANDBY,-8.25
2024-12-22 21:00:00,0.111,23.2,2.55,43.0,0.0,21.1,21.73,0.0,STANDBY,-7.76
2024-12-22 22:00:00,0.093,21.3,2.94,49.0,0.0,19.63,20.1,0.0,STANDBY,0.0
2024-12-22 23:00:00,0.101,20.5,2.33,51.0,0.0,19.14,18.87,0.0,STANDBY,0.0
23-12-2024 00:00,0.071,17.2,1.78,58.0,0.0,14.61,14.9,0.0,STANDBY,-6.6
2024-12-23 01:00:00,0.082,16.4,2.03,57.0,0.0,14.13,13.68,0.0,STANDBY,-6.59
2024-12-23 02:00:00,0.086,15.4,1.73,59.0,0.0,13.43,13.27,0.0,STANDBY,-8.79
2024-12-23 04:00:00,0.126,14.3,1.61,58.0,0.0,14.73,13.55,0.0,STANDBY,-8.17
2024-12-23 05:00:00,0.124,15.0,1.64,53.0,0.0,13.8,14.97,0.0,STANDBY,0.0
2024-12-23 06:00:00,0.067,16.1,1.49,53.0,6.1,16.75,16.44,0.0,RUN,10.69
2024-12-23 07:00:00,0.055,17.9,1.46,51.0,138.5,19.56,16.55,0.0,RUN,1259.47
2024-12-23 08:00:00,0.06,19.5,1.74,42.0,375.2,28.72,19.09,0.0,RUN,3786.8
2024-12-23 09:00:00,0.041,22.3,1.47,43.0,603.5,34.04,19.78,0.0,RUN,6019.9
2024-12-23 10:00:00,0.053,23.3,1.54,37.0,805.7,39.75,22.13,0.0,RUN,7700.13
2024-12-23 11:00:00,0.045,24.8,1.5,36.0,880.9,45.24,23.58,0.0,RUN,8638.97
2024-12-23 12:00:00,0.077,26.4,1.79,35.0,897.6,45.33,24.64,0.0, RUN ,8914.58
2024-12-23 13:00:00,0.156,26.6,2.28,37.0,831.9,46.57,25.88,0.0,RUN,8419.68
2024-12-23 14:00:00,0.123,27.6,1.95,37.0,719.1,42.54,25.85,0.0,RUN,7147.87
2024-12-23 14:00:00,0.123,27.6,1.95,37.0,719.1,42.54,25.85,0.0,RUN,7147.87
2024-12-23 15:00:00,0.093,27.7,1.72,36.0,525.4,38.86,25.97,0.0,RUN,5290.01
2024-12-23 16:00:00,0.091,27.6,1.78,35.0,295.4,31.98,26.07,0.0,RUN,2792.65
2024-12-23 17:00:00,0.173,27.2,1.72,37.0,70.9,27.01,25.46,0.0,RUN,580.02
2024-12-23 18:00:00,0.184,26.3,1.81,36.0,0.0,23.65,24.29,0.0,standby,-3.94
2024-12-23 19:00:00,0.136,24.8,1.66,39.0,0.0,23.45,23.19,0.0,STANDBY,-10.42
2024-12-23 20:00:00,0.076,23.1,1.78,42.0,0.0,23.34,22.15,0.0,STANDBY,0.0
2024-12-23 21:00:00,0.065,20.9,1.49,44.0,0.0,19.25,20.18,0.0,STANDBY,-4.12
2024-12-23 22:00:00,0.087,20.1,1.74,50.0,0.0,17.12,18.48,0.0,STANDBY,0.0
2024-12-23 23:00:00,0.202,18.3,1.55,57.0,0.0,17.73,16.78,0.0,STANDBY,0.0
2024-12-24 00:00:00,0.196,16.5,1.82,57.0,0.0,14.43,16.34,0.0,STANDBY,-11.21
2024-12-24 01:00:00,0.226,15.9,1.8,62.0,0.0,14.69,14.84,0.0,STANDBY,0.0
2024-12-24 02:00:00,0.284,15.3,2.16,64.0,0.0,13.73,14.38,0.0,STANDBY,0.0
2024-12-24 03:00:00,0.19,15.1,2.04,63.0,0.0,14.8,13.87,0.0,standby,0.0
2024-12-24 04:00:00,0.136,15.7,1.98,58.0,0.0,14.1,14.66,0.0,STANDBY,-5.11
2024-12-24 05:00:00,0.164,16.5,1.97,59.0,0.0,14.8,15.44,0.0,STANDBY,-5.7
2024-12-24 06:00:00,0.175,17.7,1.56,58.0,2.8,15.85,15.77,0.0,RUN,57.22
2024-12-24 07:00:00,0.12,19.3,2.0,54.0,136.3,21.35,17.16,0.0,RUN,1242.67
2024-12-24 08:00:00,0.065,20.2,1.96,50.0,381.7,28.3,19.35,0.0,run,3767.38
2024-12-24 09:00:00,0.067,21.5,2.27,48.0,607.4,34.79,20.88,0.0,RUN,6025.49
2024-12-24 10:00:00,0.103,23.8,2.87,43.0,785.2,38.54,22.0,0.0,RUN,7761.2
2024-12-24 11:00:00,0.043,25.2,3.02,37.0,884.7,42.99,24.3,0.0,RUN,8707.84
2024-12-24 12:00:00,0.084,27.0,3.91,36.0,892.6,43.19,25.22,0.0,RUN,8900.69
2024-12-24 13:00:00,0.076,27.5,3.23,34.0,844.1,43.35,27.26,0.0,RUN,8430.5
2024-12-24 14:00:00,0.061,28.0,4.04,34.0,704.7,41.54,27.02,0.0,RUN,7178.09
2024-12-24 15:00:00,0.163,28.0,4.85,31.0,523.9,37.17,27.29,0.0,RUN,5307.43
2024-12-24 16:00:00,0.245,28.4,4.88,34.0,295.4,32.29,26.44,0.0,RUN,2890.62
2024-12-24 17:00:00,0.159,27.2,4.33,38.0,76.6,27.17,26.31,0.0,RUN,563.77
24-12-2024 18:00,0.141,26.1,3.6,39.0,0.0,24.96,25.16,0.0,STANDBY,-7.92
2024-12-24 19:00:00,0.126,25.1,3.49,44.0,0.0,24.47,23.97,0.0,STANDBY,0.0
2024-12-24 20:00:00,0.131,23.1,3.18,50.0,0.0,22.55,21.66,0.0,STANDBY,0.0
2024-12-24 21:00:00,0.106,21.3,3.11,51.0,0.0,19.31,20.5,0.0,STANDBY,-9.78
2024-12-24 22:00:00,0.155,19.2,2.42,56.0,0.0,19.05,18.92,0.0,STANDBY,0.0
2024-12-24 23:00:00,0.242,17.6,2.69,58.0,0.0,18.45,17.54,0.0,STANDBY,0.0
2024-12-25 00:00:00,0.202,18.0,3.75,64.0,0.0,17.47,16.3,0.0,STANDBY,0.0
2024-12-25 01:00:00,0.159,17.1,4.09,60.0,0.0,17.59,15.7,0.0,STANDBY,-6.1
2024-12-25 02:00:00,0.148,16.3,3.82,61.0,0.0,13.33,15.28,0.0,STANDBY,-2.96
2024-12-25 03:00:00,0.093,16.7,4.01,60.0,0.0,14.58,14.77,0.0,STANDBY,-9.1
2024-12-25 04:00:00,0.109,16.7,4.65,60.0,0.0,15.45,15.35,0.0,STANDBY,-9.5
2024-12-25 05:00:00,0.118,17.2,4.31,56.0,0.0,14.85,15.63,0.0,STANDBY,-6.97
2024-12-25 06:00:00,0.145,18.1,4.09,51.0,7.2,17.36,16.77,0.0,STANDBY,53.08
2024-12-25 07:00:00,0.109,18.9,3.77,49.0,134.3,22.04,18.03,0.0,RUN,1223.29
2024-12-25 08:00:00,0.069,20.8,4.09,47.0,363.6,27.55,19.57,0.0,run,3691.26
2024-12-25 09:00:00,0.094,22.4,4.66,43.0,592.5,34.61,21.12,0.0,RUN,5975.25
2024-12-25 10:00:00,0.101,23.7,4.59,45.0,786.7,37.79,23.28,0.0,RUN,7711.02
2024-12-25 11:00:00,0.097,25.2,5.13,43.0,867.8,41.35,24.81,0.0,RUN,8651.17
2024-12-25 12:00:00,0.131,26.5,4.74,43.0,890.3,43.86,25.71,0.0,RUN,8794.53
2024-12-25 13:00:00,0.074,28.0,5.6,43.0,836.0,43.31,27.17,0.0,RUN,8418.07
2024-12-25 14:00:00,0.102,29.0,6.11,40.0,733.6,41.59,27.6,0.0, RUN ,7132.87
2024-12-25 15:00:00,0.128,28.9,6.4,42.0,529.7,38.01,27.44,0.0,RUN,5232.61
2024-12-25 16:00:00,0.212,28.9,6.59,42.0,289.0,32.97,26.89,0.0,RUN,2779.33
2024-12-25 17:00:00,0.136,28.8,5.84,41.0,75.7,26.8,26.2,0.0,RUN,655.96
2024-12-25 18:00:00,0.306,27.7,5.15,43.0,0.0,25.43,25.78,0.0,STANDBY,-5.07
2024-12-25 19:00:00,0.199,26.7,4.39,46.0,0.0,23.66,24.02,0.0, standby ,-10.0
2024-12-25 20:00:00,0.134,25.1,4.34,49.0,0.0,22.93,22.43,0.0,standby,0.0
2024-12-25 21:00:00,0.113,23.6,3.62,53.0,0.0,21.73,21.13,0.0,standby,-7.76
2024-12-25 22:00:00,0.099,21.5,4.07,53.0,0.0,19.49,18.99,0.0,STANDBY,0.0
2024-12-25 23:00:00,0.091,20.1,3.57,54.0,0.0,18.3,17.12,0.0,STANDBY,0.0
2024-12-26 00:00:00,0.267,17.2,2.48,51.0,0.0,16.56,16.26,0.0,standby,0.0
2024-12-26 01:00:00,0.249,16.1,2.54,51.0,0.0,15.84,15.24,0.0,STANDBY,-5.77
2024-12-26 02:00:00,0.234,15.7,2.15,54.0,0.0,15.28,14.93,0.0,STANDBY,-2.02
2024-12-26 03:00:00,0.275,15.2,2.54,55.0,0.0,15.44,14.38,0.0,STANDBY,-8.5
2024-12-26 04:00:00,0.163,15.2,2.72,55.0,0.0,15.57,14.73,0.0,STANDBY,-9.0
2024-12-26 05:00:00,0.308,16.0,2.29,56.0,0.0,15.14,15.25,0.0,STANDBY,0.0
2024-12-26 06:00:00,0.376,16.3,2.73,56.0,6.1,-999.0,16.8,0.0,STANDBY,18.5
2024-12-26 07:00:00,0.272,18.3,3.05,51.0,126.5,21.44,17.28,0.0,RUN,1176.53
2024-12-26 08:00:00,0.274,20.3,2.8,48.0,363.7,26.17,19.48,0.0,run,3662.0
2024-12-26 09:00:00,0.196,21.6,2.72,44.0,574.3,33.36,21.3,0.0,RUN,5963.21
2024-12-26 10:00:00,0.263,23.2,2.96,39.0,784.7,38.07,22.79,0.0,RUN,7695.68
2024-12-26 11:00:00,0.18,24.7,3.1,39.0,866.1,41.41,23.96,0.0,RUN,8663.13
2024-12-26 12:00:00,0.221,26.1,2.94,36.0,903.6,42.32,25.26,0.0,RUN,8873.81
2024-12-26 13:00:00,0.137,26.7,3.62,27.0,857.7,44.23,26.63,0.0,run,8406.63
2024-12-26 14:00:00,0.119,27.3,3.13,26.0,718.2,39.13,26.7,0.0,run,7254.41
2024-12-26 15:00:00,0.135,28.3,3.18,24.0,539.7,36.9,27.9,0.0,RUN,5290.7
2024-12-26 16:00:00,0.195,27.5,2.78,27.0,287.7,33.53,27.29,0.0,RUN,2848.2
2024-12-26 17:00:00,0.127,26.5,2.7,31.0,76.6,27.08,26.77,0.0,RUN,646.75
2024-12-26 18:00:00,0.237,25.4,3.23,34.0,0.0,25.11,25.22,0.0,STANDBY,-10.72
2024-12-26 19:00:00,0.347,23.5,3.29,38.0,0.0,24.51,24.03,0.0,STANDBY,-8.02
2024-12-26 20:00:00,0.379,21.7,3.27,43.0,0.0,23.82,21.86,0.0,STANDBY,-11.12
2024-12-26 21:00:00,0.255,19.7,3.24,44.0,0.0,19.25,20.76,0.0,STANDBY,-11.45
2024-12-26 22:00:00,0.318,17.8,3.05,50.0,0.0,18.54,18.89,0.0,STANDBY,-5.46
2024-12-26 23:00:00,0.449,16.6,3.06,56.0,0.0,17.5,17.47,0.0,STANDBY,-8.66
2024-12-27 00:00:00,0.102,16.0,3.54,60.0,0.0,15.0,16.5,0.0,STANDBY,0.0
2024-12-27 01:00:00,0.077,15.5,3.51,63.0,0.0,14.76,14.55,0.0,STANDBY,-5.65
2024-12-27 02:00:00,0.09,15.1,3.9,64.0,0.0,14.29,14.66,0.0,STANDBY,0.0
2024-12-27 03:00:00,0.091,14.6,3.47,65.0,0.0,14.08,14.24,0.0,STANDBY,-8.63
2024-12-27 04:00:00,0.227,14.9,3.86,65.0,0.0,14.19,14.41,0.0,standby,-2.57
2024-12-27 05:00:00,0.073,15.2,3.3,63.0,0.0,16.55,14.88,0.0,STANDBY,0.0
2024-12-27 06:00:00,0.065,16.3,3.35,62.0,3.5,17.43,17.06,0.0,STANDBY,-7.0
2024-12-27 07:00:00,0.056,17.8,3.98,62.0,123.2,19.92,17.96,0.0,RUN,1181.48
2024-12-27 08:00:00,0.019,19.4,3.77,53.0,381.7,26.47,19.45,0.0, RUN ,3703.11
2024-12-27 09:00:00,0.014,20.6,4.04,48.0,565.7,31.4,21.57,0.0,RUN,6019.42
2024-12-27 11:00:00,0.033,24.8,3.83,44.0,872.6,40.05,24.37,0.0,RUN,8698.96
2024-12-27 12:00:00,0.022,26.4,3.75,43.0,895.6,42.51,26.35,0.0,RUN,8919.8
2024-12-27 13:00:00,0.044,26.6,3.58,42.0,873.1,43.06,26.38,0.0,RUN,8478.82
2024-12-27 14:00:00,0.031,26.9,3.79,38.0,726.2,40.2,27.58,0.0, RUN ,7182.85
2024-12-27 15:00:00,0.072,27.4,3.52,40.0,530.6,35.92,27.42,0.0,RUN,5361.85
2024-12-27 16:00:00,0.066,27.7,3.65,40.0,301.7,30.81,27.38,0.0,RUN,2971.06
2024-12-27 17:00:00,0.026,26.6,3.38,43.0,79.4,27.21,26.6,0.0,run,700.83
2024-12-27 18:00:00,0.014,25.5,3.64,42.0,0.0,26.08,25.45,0.0,STANDBY,-10.27
2024-12-27 19:00:00,0.015,23.9,3.02,45.0,0.0,25.75,24.25,0.0,STANDBY,-4.17
2024-12-27 20:00:00,0.028,22.4,3.15,47.0,0.0,22.34,22.33,0.0,STANDBY,-2.59
2024-12-27 21:00:00,0.034,21.0,3.18,53.0,0.0,22.65,21.31,0.0,STANDBY,0.0
2024-12-27 22:00:00,0.035,19.5,3.31,52.0,0.0,20.08,18.59,0.0,standby,0.0
2024-12-27 23:00:00,0.054,17.7,2.63,58.0,0.0,19.51,16.98,0.0,STANDBY,-7.09
2024-12-28 00:00:00,0.309,17.6,2.5,61.0,0.0,17.95,17.25,0.0,standby,-9.46
2024-12-28 01:00:00,0.339,16.8,2.74,63.0,0.0,17.79,16.44,0.0,standby,-3.89
2024-12-28 02:00:00,0.275,15.6,2.66,62.0,0.0,16.11,16.23,0.0,STANDBY,-3.91
2024-12-28 03:00:00,0.181,15.1,2.98,59.0,0.0,13.93,15.71,0.0,STANDBY,-3.52
2024-12-28 04:00:00,0.399,16.1,3.11,58.0,0.0,16.25,15.4,0.0,STANDBY,-3.24
2024-12-28 05:00:00,0.412,16.7,3.66,58.0,0.0,17.22,16.53,0.0,STANDBY,-3.07
2024-12-28 06:00:00,0.486,18.1,3.46,59.0,3.8,18.25,18.05,0.0,STANDBY,28.11
2024-12-28 07:00:00,0.344,19.6,3.66,56.0,130.9,22.45,18.84,0.0,RUN,1110.14
2024-12-28 08:00:00,0.34,20.9,3.48,51.0,371.6,26.92,20.83,0.0,RUN,3641.93
2024-12-28 09:00:00,0.446,23.1,3.5,49.0,601.3,34.7,21.73,0.0,RUN,5844.21
2024-12-28 10:00:00,0.397,25.1,4.04,43.0,755.9,40.81,23.88,0.0,RUN,7620.62
2024-12-28 11:00:00,0.318,26.5,4.01,38.0,850.3,43.23,26.15,0.0,RUN,8625.38
2024-12-28 12:00:00,0.288,28.1,4.37,35.0,867.4,44.32,27.09,0.0,RUN,8897.95
2024-12-28 13:00:00,0.333,29.2,4.28,28.0,854.3,43.69,27.97,0.0,RUN,8282.46
2024-12-28 14:00:00,0.378,29.8,4.4,27.0,730.6,42.19,28.17,0.0,RUN,7153.69
2024-12-28 15:00:00,0.273,30.7,4.32,28.0,539.4,39.62,28.19,0.0,RUN,5325.6
2024-12-28 16:00:00,0.172,30.4,4.29,34.0,302.2,34.07,28.71,0.0,RUN,2974.55
2024-12-28 17:00:00,0.106,29.8,4.09,36.0,83.9,29.94,28.23,0.0,RUN,687.73
2024-12-28 18:00:00,0.176,28.5,3.88,37.0,0.0,27.43,27.08,0.0,STANDBY,-6.36
2024-12-28 19:00:00,0.233,26.7,3.22,42.0,0.0,25.41,25.67,0.0,STANDBY,-10.86
2024-12-28 20:00:00,0.188,25.1,3.47,45.0,0.0,23.69,23.75,0.0,STANDBY,0.0
2024-12-28 21:00:00,0.214,24.0,3.3,44.0,0.0,21.89,22.23,0.0, STANDBY ,-7.91
2024-12-28 22:00:00,0.127,22.2,2.68,48.0,0.0,21.25,20.46,0.0, STANDBY ,-8.35
2024-12-28 23:00:00,0.089,20.9,3.32,52.0,0.0,19.36,18.71,0.0,STANDBY,-7.33
2024-12-29 00:00:00,0.021,17.0,2.93,58.0,0.0,-999.0,16.75,0.0,STANDBY,-3.02
2024-12-29 01:00:00,0.064,15.7,3.19,60.0,0.0,15.53,15.46,0.0,STANDBY,0.0
2024-12-29 02:00:00,0.084,14.5,3.32,65.0,0.0,14.22,15.0,0.0,STANDBY,0.0
2024-12-29 03:00:00,0.058,14.5,3.16,63.0,0.0,15.81,14.83,0.0,STANDBY,0.0
2024-12-29 04:00:00,0.046,14.8,2.91,64.0,0.0,14.95,15.14,0.0,STANDBY,-4.17
2024-12-29 05:00:00,0.075,15.6,2.76,60.0,0.0,14.95,14.88,0.0,STANDBY,-6.18
2024-12-29 06:00:00,0.095,16.2,3.03,59.0,6.8,18.18,16.95,0.0,STANDBY,9.47
2024-12-29 07:00:00,0.125,17.2,2.92,56.0,129.2,19.99,18.15,0.0,RUN,1148.51
2024-12-29 08:00:00,0.121,19.0,2.7,57.0,365.2,27.56,19.78,0.0, RUN ,3623.16
2024-12-29 09:00:00,0.132,20.5,2.97,58.0,580.7,34.59,21.86,0.0,RUN,5932.26
2024-12-29 10:00:00,0.084,22.1,3.42,53.0,768.7,39.11,23.52,0.0,RUN,7665.52
2024-12-29 11:00:00,0.055,23.9,3.85,48.0,871.3,40.82,24.71,0.0,RUN,8720.77
2024-12-29 12:00:00,0.066,25.3,4.59,46.0,904.0,43.93,26.3,0.0, RUN ,8865.53
2024-12-29 13:00:00,0.059,26.8,4.21,42.0,838.9,43.24,27.76,0.0,RUN,8437.3
29-12-2024 14:00,0.075,26.9,4.19,40.0,755.6,41.68,27.12,0.0,RUN,7241.79
2024-12-29 15:00:00,0.123,27.1,3.93,44.0,544.2,37.58,27.34,0.0,RUN,5369.71
2024-12-29 16:00:00,0.163,26.7,4.3,47.0,299.7,31.72,27.61,0.0,RUN,2946.47
2024-12-29 17:00:00,0.15,26.0,4.23,46.0,84.1,28.12,26.27,0.0,RUN,667.09
2024-12-29 18:00:00,0.089,25.0,4.02,49.0,0.0,25.41,25.07,0.0,STANDBY,0.0
2024-12-29 19:00:00,0.085,24.1,4.12,52.0,0.0,25.9,25.1,0.0,STANDBY,-6.96
2024-12-29 20:00:00,0.101,22.8,4.12,53.0,0.0,20.95,22.88,0.0,STANDBY,0.0
2024-12-29 21:00:00,0.222,20.6,3.44,63.0,0.0,22.1,22.18,0.0,STANDBY,-10.25
2024-12-29 22:00:00,0.178,18.9,3.54,65.0,0.0,18.63,19.38,0.0,STANDBY,-2.86
2024-12-29 23:00:00,0.34,17.6,3.69,68.0,0.0,19.34,18.31,0.0,STANDBY,0.0
2024-12-30 00:00:00,0.53,17.1,3.18,56.0,0.0,16.98,16.93,0.0,STANDBY,-2.08
2024-12-30 01:00:00,0.321,15.8,2.74,58.0,0.0,17.08,16.07,0.0,STANDBY,-4.34
2024-12-30 02:00:00,0.269,14.9,2.58,57.0,0.0,16.82,15.96,0.0,STANDBY,0.0
2024-12-30 03:00:00,0.231,14.8,2.58,56.0,0.0,14.8,15.8,0.0,STANDBY,-11.33
2024-12-30 04:00:00,0.289,14.5,2.45,53.0,0.0,16.4,15.32,0.0,STANDBY,-2.5
2024-12-30 05:00:00,0.52,14.7,2.25,59.0,0.0,15.8,16.03,0.0,STANDBY,-1.66
2024-12-30 06:00:00,0.366,16.2,2.23,54.0,8.1,18.36,17.47,0.0,STANDBY,3.14
2024-12-30 07:00:00,0.294,18.0,2.05,50.0,125.9,21.08,18.36,0.0,RUN,1162.5
2024-12-30 08:00:00,0.286,19.6,1.87,47.0,360.2,26.64,19.86,0.0,,3608.35
2024-12-30 09:00:00,0.171,21.3,2.0,39.0,594.7,35.87,22.51,0.0,RUN,5921.3
2024-12-30 10:00:00,0.371,23.2,2.66,41.0,763.4,40.07,23.61,0.0,RUN,7609.49
2024-12-30 11:00:00,0.439,25.1,2.73,39.0,877.1,42.52,25.27,0.0,run,8552.47
2024-12-30 12:00:00,0.559,26.2,3.06,37.0,877.5,45.08,26.71,0.0,RUN,8688.95
30-12-2024 13:00,0.333,28.0,2.98,31.0,823.5,43.78,27.19,0.0,,8409.35
2024-12-30 14:00:00,0.348,28.5,3.04,36.0,714.5,42.78,27.89,0.0,RUN,7202.29
2024-12-30 15:00:00,0.347,28.6,2.91,33.0,558.2,38.84,28.31,0.0,RUN,5303.4
2024-12-30 16:00:00,0.283,28.3,2.42,33.0,305.2,33.6,28.17,0.0,run,3023.01
2024-12-30 17:00:00,0.163,28.1,2.29,34.0,83.3,29.0,27.34,0.0,RUN,654.88
30-12-2024 18:00,0.181,27.1,2.53,37.0,0.0,27.19,26.03,0.0,STANDBY,-5.93
2024-12-30 19:00:00,0.105,25.5,2.71,40.0,0.0,25.08,25.39,0.0,STANDBY,0.0
2024-12-30 20:00:00,0.103,24.1,2.64,42.0,0.0,23.9,23.67,0.0,STANDBY,0.0
2024-12-30 21:00:00,0.131,22.6,2.83,50.0,0.0,21.93,21.86,0.0,STANDBY,0.0
2024-12-30 22:00:00,0.13,21.1,3.04,51.0,0.0,21.2,20.35,0.0,STANDBY,-6.84
2024-12-30 23:00:00,0.094,19.4,3.0,55.0,0.0,17.88,18.26,0.0,STANDBY,-11.47
31-12-2024 00:00,0.049,19.6,2.8,61.0,0.0,18.34,17.99,0.0,STANDBY,-3.53
2024-12-31 01:00:00,0.048,18.1,2.69,61.0,0.0,17.37,17.15,0.0,STANDBY,-9.89
2024-12-31 02:00:00,0.053,16.5,2.88,61.0,0.0,16.39,15.96,0.0,STANDBY,-8.85
2024-12-31 03:00:00,0.064,16.5,3.28,66.0,0.0,16.29,16.09,0.0,STANDBY,-9.67
2024-12-31 04:00:00,0.049,16.9,2.65,63.0,0.0,16.67,17.44,0.0,STANDBY,-3.08
2024-12-31 05:00:00,0.086,17.7,2.54,64.0,0.0,17.22,17.57,0.0,STANDBY,0.0
2024-12-31 06:00:00,0.154,18.9,2.31,63.0,5.0,19.22,18.83,0.0,STANDBY,35.89
2024-12-31 07:00:00,0.076,19.8,2.79,59.0,132.1,23.32,20.36,0.0,RUN,1159.36
2024-12-31 08:00:00,0.065,21.0,2.67,54.0,362.2,30.16,20.69,0.0,RUN,3590.54
2024-12-31 09:00:00,0.08,23.1,2.99,53.0,609.0,37.96,23.29,0.0,RUN,5909.3
2024-12-31 10:00:00,0.07,24.6,3.48,50.0,733.1,41.83,24.83,0.0,RUN,7504.27
2024-12-31 11:00:00,0.066,26.3,3.11,45.0,875.0,47.69,25.71,0.0,RUN,8493.77
2024-12-31 12:00:00,0.055,27.6,3.37,38.0,912.2,48.37,27.85,0.0,RUN,8767.7
2024-12-31 13:00:00,0.04,28.5,3.51,38.0,822.1,47.62,29.65,0.0,RUN,8347.55
2024-12-31 14:00:00,0.031,28.8,3.64,37.0,737.9,46.09,30.3,0.0,RUN,7174.82
2024-12-31 15:00:00,0.086,29.3,4.82,35.0,551.5,42.4,29.9,0.0,RUN,5293.76
2024-12-31 16:00:00,0.066,29.3,4.91,36.0,307.8,35.24,29.25,0.0,RUN,2970.56
2024-12-31 17:00:00,0.047,28.6,4.34,40.0,87.6,32.47,28.91,0.0,RUN,698.76
2024-12-31 18:00:00,0.046,27.6,3.1,42.0,0.0,27.26,27.99,0.0,STANDBY,-9.07
2024-12-31 19:00:00,0.036,26.5,3.27,43.0,0.0,27.36,26.85,0.0,STANDBY,0.0
2024-12-31 20:00:00,0.023,24.9,3.05,46.0,0.0,24.71,25.28,0.0,STANDBY,-5.0
2024-12-31 21:00:00,0.063,22.6,2.56,50.0,0.0,22.52,22.97,0.0,STANDBY,-6.34
2024-12-31 22:00:00,0.043,20.6,2.58,53.0,0.0,22.18,21.47,0.0,STANDBY,-7.83
2024-12-31 23:00:00,0.027,18.9,2.33,55.0,0.0,18.53,19.84,0.0,STANDBY,0.0
2025-01-01 00:00:00,0.059,18.1,0.88,52.0,0.0,18.2,18.24,0.0, STANDBY ,0.0
2025-01-01 01:00:00,0.063,17.1,0.68,53.0,0.0,16.93,18.0,0.0,,0.0
2025-01-01 02:00:00,0.093,16.3,0.92,54.0,0.0,15.85,16.08,0.0,STANDBY,0.0
2025-01-01 03:00:00,0.085,16.0,0.9,55.0,0.0,14.93,16.73,0.0,STANDBY,-9.1
2025-01-01 04:00:00,0.085,16.0,0.68,56.0,0.0,17.89,17.09,0.0,STANDBY,-9.86
2025-01-01 05:00:00,0.066,17.6,0.63,56.0,0.0,17.13,17.19,0.0,STANDBY,0.0
2025-01-01 06:00:00,0.086,18.3,0.84,57.0,4.5,19.01,18.6,0.0,STANDBY,0.0
2025-01-01 07:00:00,0.063,19.7,0.81,55.0,127.2,23.84,20.43,0.0,RUN,1103.17
2025-01-01 08:00:00,0.079,21.5,1.03,50.0,359.8,31.35,21.58,0.0,RUN,3584.24
2025-01-01 09:00:00,0.051,23.6,0.87,49.0,595.9,42.02,22.95,0.0,RUN,5850.07
2025-01-01 10:00:00,0.061,24.3,1.0,45.0,778.9,46.57,24.33,0.0,RUN,7436.37
2025-01-01 11:00:00,0.051,26.3,1.29,44.0,890.7,50.44,26.51,0.0,RUN,8447.36
2025-01-01 12:00:00,0.068,28.2,1.44,42.0,925.9,50.85,27.8,0.0,RUN,8688.74
2025-01-01 13:00:00,0.04,29.8,1.53,35.0,880.0,49.8,27.96,0.0,RUN,8251.14
2025-01-01 14:00:00,0.075,30.4,1.47,30.0,770.1,49.02,29.7,0.0,RUN,7077.41
2025-01-01 15:00:00,0.086,31.0,1.27,34.0,553.3,42.99,29.54,0.0,RUN,5333.31
2025-01-01 16:00:00,0.069,30.3,1.21,31.0,310.9,37.77,29.49,0.0,RUN,2929.57
2025-01-01 17:00:00,0.067,29.5,1.16,33.0,78.9,31.55,28.46,0.0,RUN,695.66
2025-01-01 18:00:00,0.081,28.1,1.01,34.0,0.0,28.18,27.43,0.0,STANDBY,0.0
2025-01-01 19:00:00,0.142,26.8,0.74,37.0,0.0,26.41,26.41,0.0,STANDBY,-1.52
2025-01-01 20:00:00,0.07,25.6,0.85,39.0,0.0,24.3,24.52,0.0,standby,-3.36
2025-01-01 21:00:00,0.126,23.9,0.78,41.0,0.0,22.38,22.76,0.0,STANDBY,-9.53
2025-01-01 22:00:00,0.073,22.3,0.7,44.0,0.0,20.53,21.36,0.0,STANDBY,0.0
2025-01-01 23:00:00,0.072,20.3,0.82,46.0,0.0,19.73,20.3,0.0,STANDBY,-10.7
02-01-2025 00:00,0.084,17.5,2.42,56.0,0.0,18.45,19.1,0.0,STANDBY,0.0
2025-01-02 01:00:00,0.117,16.2,2.64,61.0,0.0,17.3,17.44,0.0,STANDBY,-6.91
2025-01-02 02:00:00,0.142,15.9,3.09,65.0,0.0,17.07,17.32,0.0,STANDBY,-5.28
2025-01-02 03:00:00,0.15,15.4,3.51,71.0,0.0,15.92,16.49,0.0,STANDBY,0.0
2025-01-02 04:00:00,0.18,15.9,3.38,72.0,0.0,16.86,16.72,0.0,STANDBY,-9.89
2025-01-02 05:00:00,0.105,16.4,3.27,72.0,0.0,16.84,17.22,0.0,STANDBY,0.0
2025-01-02 06:00:00,0.123,17.4,3.47,68.0,4.9,19.18,18.56,0.0,STANDBY,-8.48
2025-01-02 07:00:00,0.089,19.5,3.48,64.0,121.3,21.89,19.95,0.0,RUN,1137.42
2025-01-02 08:00:00,0.094,21.4,3.14,62.0,359.5,32.25,22.41,0.0,RUN,3628.55
2025-01-02 09:00:00,0.072,22.8,3.81,57.0,586.4,38.8,23.16,0.0,RUN,5872.64
2025-01-02 10:00:00,0.048,24.0,3.42,53.0,790.1,45.91,25.32,0.0,RUN,7487.5
2025-01-02 11:00:00,0.024,26.1,4.69,48.0,892.4,48.75,27.28,0.0,run,8475.27
2025-01-02 12:00:00,0.055,27.5,5.47,45.0,904.8,48.06,28.88,0.0,RUN,8793.61
2025-01-02 13:00:00,0.095,28.8,4.17,43.0,872.5,48.88,28.81,0.0,RUN,8285.36
2025-01-02 14:00:00,0.078,28.8,4.21,40.0,726.0,45.7,29.27,0.0,RUN,7144.94
2025-01-02 15:00:00,0.045,29.2,4.41,43.0,540.4,41.57,30.63,0.0,RUN,5338.04
2025-01-02 16:00:00,0.035,28.9,4.96,43.0,322.2,36.4,30.05,0.0, RUN ,3042.93
2025-01-02 17:00:00,0.026,28.6,4.27,40.0,84.5,31.05,28.6,0.0,run,685.97
2025-01-02 18:00:00,0.07,27.1,3.86,47.0,0.0,27.83,28.06,0.0,STANDBY,-8.64
02-01-2025 19:00,0.1,25.4,3.2,48.0,0.0,27.63,26.76,0.0,standby,-9.6
2025-01-02 20:00:00,0.081,23.5,3.3,52.0,0.0,26.65,25.21,0.0,STANDBY,-4.29
2025-01-02 21:00:00,0.097,21.9,2.82,57.0,0.0,24.22,23.48,0.0,STANDBY,-3.93
2025-01-02 22:00:00,0.066,20.2,2.65,61.0,0.0,21.74,21.39,0.0,STANDBY,0.0
2025-01-02 23:00:00,0.053,18.5,2.81,61.0,0.0,19.31,19.35,0.0,STANDBY,-999.0
2025-01-03 00:00:00,0.092,18.0,2.77,58.0,0.0,17.51,18.14,0.0,STANDBY,-3.87
2025-01-03 01:00:00,0.149,17.4,2.91,58.0,0.0,16.66,16.76,0.0,STANDBY,-2.32
2025-01-03 02:00:00,0.096,16.6,3.17,61.0,0.0,16.68,16.5,0.0, STANDBY ,-9.07
2025-01-03 03:00:00,0.074,16.8,2.96,60.0,0.0,15.21,15.54,0.0,STANDBY,0.0
2025-01-03 04:00:00,0.131,16.3,3.38,59.0,0.0,15.36,15.47,0.0,STANDBY,0.0
2025-01-03 05:00:00,0.106,17.2,2.82,58.0,0.0,17.15,16.54,0.0,STANDBY,0.0
2025-01-03 06:00:00,0.066,18.3,2.85,55.0,0.0,18.34,18.17,0.0,STANDBY,54.66
2025-01-03 07:00:00,0.076,20.0,2.85,50.0,123.0,21.36,19.78,0.0,RUN,1131.93
2025-01-03 08:00:00,0.075,21.7,2.99,48.0,360.6,29.72,21.04,0.0,RUN,9260.1
2025-01-03 09:00:00,0.066,23.5,3.03,47.0,582.1,34.84,22.36,0.0,RUN,5862.01
2025-01-03 10:00:00,0.068,25.2,3.25,47.0,765.2,40.12,23.89,0.0,RUN,7610.91
2025-01-03 11:00:00,0.028,26.9,3.87,46.0,892.4,44.74,25.3,0.0,RUN,8629.47
2025-01-03 12:00:00,0.065,27.9,4.57,45.0,919.8,46.01,27.34,0.0,RUN,8879.43
2025-01-03 13:00:00,0.062,28.7,4.93,42.0,861.2,45.89,28.11,0.0,RUN,8434.02
2025-01-03 14:00:00,0.042,29.2,3.95,37.0,750.9,43.61,28.65,0.0,RUN,7267.1
2025-01-03 15:00:00,0.056,28.9,3.36,39.0,547.3,40.54,28.33,0.0,RUN,5453.55
2025-01-03 16:00:00,0.029,29.1,3.4,36.0,311.6,34.5,28.84,0.0,RUN,3065.24
2025-01-03 17:00:00,0.04,28.2,3.58,35.0,91.7,28.52,28.39,0.0,RUN,664.57
2025-01-03 18:00:00,0.041,27.3,3.63,35.0,0.0,26.25,26.77,0.0,STANDBY,0.0
2025-01-03 19:00:00,0.036,25.9,3.88,41.0,0.0,24.53,25.66,0.0,STANDBY,-7.84
2025-01-03 20:00:00,0.044,24.3,3.52,44.0,0.0,23.01,23.96,0.0,STANDBY,-4.67
2025-01-03 21:00:00,0.06,22.7,3.51,47.0,0.0,22.77,22.02,0.0,STANDBY,0.0
2025-01-03 22:00:00,0.032,21.4,3.78,47.0,0.0,20.66,20.33,0.0,STANDBY,-8.83
2025-01-03 23:00:00,0.058,19.8,4.34,53.0,0.0,18.04,18.83,0.0,STANDBY,-5.11
04-01-2025 00:00,0.087,16.5,2.28,55.0,0.0,17.26,15.97,0.0,STANDBY,-11.23
2025-01-04 01:00:00,0.066,16.0,2.12,55.0,0.0,15.02,15.13,0.0,STANDBY,-4.49
2025-01-04 02:00:00,0.105,14.5,1.96,58.0,0.0,14.82,14.53,0.0,STANDBY,0.0
2025-01-04 03:00:00,0.169,14.6,2.18,60.0,0.0,13.91,14.01,0.0,STANDBY,-4.84
2025-01-04 04:00:00,0.164,14.8,2.08,61.0,0.0,14.44,14.99,0.0,STANDBY,-5.72
2025-01-04 05:00:00,0.112,15.1,1.94,59.0,0.0,14.98,15.36,0.0,STANDBY,-4.07
2025-01-04 06:00:00,0.119,16.0,2.04,61.0,2.7,16.56,16.63,0.0,STANDBY,56.73
2025-01-04 07:00:00,0.143,17.5,2.19,57.0,114.5,21.07,17.81,0.0,RUN,1043.15
2025-01-04 08:00:00,0.101,19.3,2.15,51.0,367.7,28.2,19.52,0.0,RUN,3553.57
2025-01-04 09:00:00,0.049,21.2,2.04,49.0,590.9,36.07,20.48,0.0,RUN,5836.18
2025-01-04 10:00:00,0.074,22.2,2.26,50.0,750.5,41.54,23.37,0.0,RUN,7634.08
2025-01-04 11:00:00,0.178,24.5,1.9,52.0,863.0,44.14,24.84,0.0,RUN,8604.41
2025-01-04 12:00:00,0.121,25.2,2.6,45.0,890.2,45.74,26.31,0.0,RUN,8866.81
2025-01-04 13:00:00,0.126,27.1,2.1,38.0,873.3,46.71,26.68,0.0,RUN,8436.06
2025-01-04 14:00:00,0.162,27.7,1.97,37.0,751.9,44.75,26.92,0.0,RUN,7298.61
2025-01-04 15:00:00,0.109,28.5,2.4,33.0,553.3,38.12,27.58,0.0,RUN,5449.09
2025-01-04 16:00:00,0.186,28.2,2.53,35.0,324.1,33.46,27.74,0.0,RUN,3017.54
2025-01-04 17:00:00,0.172,27.5,2.38,38.0,88.5,29.18,26.79,0.0,RUN,687.94
2025-01-04 18:00:00,0.192,25.9,2.17,40.0,0.0,25.6,26.35,0.0,STANDBY,-10.91
2025-01-04 19:00:00,0.158,24.5,2.14,43.0,0.0,24.2,24.46,0.0,STANDBY,-3.26
2025-01-04 20:00:00,0.169,23.2,1.96,44.0,0.0,23.31,22.65,0.0,standby,-4.31
2025-01-04 21:00:00,0.144,21.6,2.13,47.0,0.0,21.96,20.19,0.0,STANDBY,0.0
2025-01-04 22:00:00,0.074,19.2,1.99,51.0,0.0,18.48,19.63,0.0,STANDBY,-11.42
2025-01-04 23:00:00,0.051,17.5,1.8,50.0,0.0,16.49,17.96,0.0,STANDBY,-6.07
2025-01-05 00:00:00,0.037,15.7,2.19,53.0,0.0,14.57,15.04,0.0,STANDBY,0.0
2025-01-05 01:00:00,0.086,14.0,2.28,54.0,0.0,14.45,14.15,0.0,STANDBY,0.0
2025-01-05 02:00:00,0.081,13.1,2.3,54.0,0.0,14.52,13.61,0.0,STANDBY,-11.15
2025-01-05 03:00:00,0.08,13.1,2.01,53.0,0.0,14.66,13.31,0.0,,-8.87
2025-01-05 04:00:00,0.046,13.1,2.32,50.0,0.0,12.97,13.5,0.0,STANDBY,0.0
2025-01-05 05:00:00,0.047,14.5,2.57,51.0,0.0,14.12,14.57,0.0,STANDBY,-5.17
2025-01-05 06:00:00,0.06,15.8,2.61,53.0,0.7,15.78,15.16,0.0,STANDBY,11.44
2025-01-05 07:00:00,0.061,17.6,2.01,52.0,122.6,20.47,17.58,0.0,RUN,1072.2
2025-01-05 08:00:00,0.051,19.2,1.93,47.0,348.3,27.31,18.59,0.0,RUN,3584.04
2025-01-05 09:00:00,0.052,21.0,2.04,43.0,613.9,34.75,20.3,0.0,run,5924.88
2025-01-05 10:00:00,0.063,22.7,1.92,43.0,771.7,41.87,21.88,0.0,RUN,7570.79
2025-01-05 11:00:00,0.126,24.2,2.57,38.0,863.7,43.07,23.87,0.0,RUN,8662.91
2025-01-05 12:00:00,0.105,25.6,2.78,36.0,924.2,44.79,24.63,0.0,RUN,8925.22
05-01-2025 13:00,0.042,26.7,3.43,35.0,844.0,44.38,26.32,0.0,RUN,8505.48
2025-01-05 14:00:00,0.048,26.8,2.97,31.0,729.8,42.27,26.78,0.0,RUN,7334.27
2025-01-05 15:00:00,0.033,28.0,2.84,35.0,543.1,38.05,26.95,0.0,RUN,5423.63
2025-01-05 16:00:00,0.054,27.8,3.09,33.0,322.4,32.52,26.44,0.0,RUN,3116.92
2025-01-05 17:00:00,0.029,26.9,3.13,32.0,90.4,26.69,26.21,0.0,RUN,736.32
2025-01-05 18:00:00,0.017,26.0,3.38,32.0,0.0,25.41,24.71,0.0,STANDBY,0.0
2025-01-05 19:00:00,0.064,24.7,3.38,37.0,0.0,23.17,22.54,0.0,STANDBY,0.0
2025-01-05 20:00:00,0.054,22.5,2.89,38.0,0.0,21.63,21.48,0.0,STANDBY,0.0
05-01-2025 21:00,0.064,20.8,2.71,42.0,0.0,20.59,19.83,0.0,STANDBY,0.0
2025-01-05 22:00:00,0.057,19.6,3.35,44.0,0.0,19.07,18.52,0.0,STANDBY,0.0
2025-01-05 23:00:00,0.033,17.6,3.28,49.0,0.0,16.07,17.15,0.0,STANDBY,-5.85
2025-01-06 00:00:00,0.027,16.5,2.1,52.0,0.0,17.42,16.91,0.0,STANDBY,0.0
2025-01-06 01:00:00,0.03,14.8,1.75,54.0,0.0,14.77,14.88,0.0,STANDBY,-6.99
2025-01-06 02:00:00,0.064,13.7,1.72,56.0,0.0,14.85,14.16,0.0,STANDBY,-10.9
2025-01-06 03:00:00,0.059,13.4,1.65,55.0,0.0,14.21,14.59,0.0,STANDBY,-2.24
2025-01-06 04:00:00,0.025,14.0,1.78,56.0,0.0,14.05,15.34,0.0,STANDBY,0.0
2025-01-06 05:00:00,0.072,15.6,2.06,57.0,0.0,16.38,16.17,0.0,STANDBY,-7.87
2025-01-06 06:00:00,0.076,16.9,2.07,54.0,8.2,18.36,16.59,0.0,STANDBY,45.07
2025-01-06 07:00:00,0.064,19.0,1.87,52.0,127.2,20.21,18.49,0.0,RUN,1089.04
2025-01-06 08:00:00,0.082,20.6,1.49,49.0,367.0,28.99,19.89,0.0,RUN,3541.22
2025-01-06 09:00:00,0.063,22.5,1.79,44.0,601.4,36.58,21.58,0.0,,5829.74
2025-01-06 10:00:00,0.049,24.0,1.49,40.0,774.8,42.94,22.64,0.0,RUN,7518.49
2025-01-06 11:00:00,0.106,26.2,2.14,38.0,881.5,44.62,24.86,0.0,RUN,8509.57
2025-01-06 12:00:00,0.077,27.5,2.26,35.0,904.5,49.25,25.99,0.0,RUN,8887.54
2025-01-06 13:00:00,0.081,28.2,2.09,31.0,828.3,48.44,27.3,0.0,RUN,8378.69
2025-01-06 14:00:00,0.105,28.4,2.23,32.0,728.6,45.19,28.43,0.0,run,7268.67
2025-01-06 15:00:00,0.204,28.6,2.64,35.0,563.9,39.66,27.26,0.0,RUN,5475.16
2025-01-06 16:00:00,0.104,28.5,2.36,33.0,328.0,34.62,28.14,0.0,RUN,3095.52
2025-01-06 17:00:00,0.146,27.9,1.89,37.0,95.3,29.56,27.0,0.0,RUN,843.34
2025-01-06 18:00:00,0.109,26.5,2.39,36.0,0.0,26.24,26.28,0.0,STANDBY,-10.37
2025-01-06 19:00:00,0.039,25.7,2.29,43.0,0.0,25.02,25.18,0.0,STANDBY,-9.8
2025-01-06 20:00:00,0.045,24.0,2.09,44.0,0.0,23.9,23.43,0.0,STANDBY,0.0
2025-01-06 21:00:00,0.067,22.1,1.99,46.0,0.0,20.51,21.14,0.0,STANDBY,-5.41
2025-01-06 22:00:00,0.041,20.7,1.85,49.0,0.0,19.19,19.82,0.0,STANDBY,0.0
2025-01-06 23:00:00,0.111,18.7,1.93,52.0,0.0,16.46,18.72,0.0,STANDBY,0.0
2025-01-07 00:00:00,0.243,17.0,1.84,58.0,0.0,17.01,16.39,0.0,STANDBY,0.0
07-01-2025 01:00,0.144,16.6,2.74,56.0,0.0,14.65,14.33,0.0,STANDBY,0.0
2025-01-07 02:00:00,0.223,15.9,2.47,61.0,0.0,13.83,14.89,0.0,STANDBY,0.0
07-01-2025 03:00,0.263,15.3,2.53,61.0,0.0,14.23,14.32,0.0,STANDBY,0.0
2025-01-07 04:00:00,0.145,15.7,2.1,63.0,0.0,14.66,14.94,0.0,STANDBY,-3.44
2025-01-07 05:00:00,0.112,16.8,2.04,65.0,0.0,15.68,15.19,0.0,standby,0.0
2025-01-07 06:00:00,0.126,17.9,1.7,65.0,1.8,17.3,16.1,0.0,STANDBY,0.0
2025-01-07 07:00:00,0.147,19.6,1.69,60.0,115.0,20.71,18.49,0.0,RUN,1114.2
2025-01-07 08:00:00,0.265,21.4,1.8,57.0,350.9,28.68,19.43,0.0,RUN,3734.13
2025-01-07 09:00:00,0.184,22.9,1.71,54.0,590.1,36.25,21.23,0.0,RUN,6211.51
2025-01-07 10:00:00,0.126,24.4,1.75,50.0,773.3,41.26,23.64,0.0,RUN,8047.19
2025-01-07 11:00:00,0.068,26.0,1.7,48.0,863.3,46.75,24.76,0.0,,9096.18
2025-01-07 12:00:00,0.075,27.1,1.95,46.0,889.2,47.78,26.94,0.0, RUN ,9425.59
2025-01-07 13:00:00,0.106,28.2,1.95,45.0,875.2,46.14,26.94,0.0,RUN,8950.01
2025-01-07 14:00:00,0.149,28.6,1.81,43.0,751.3,43.17,27.71,0.0,RUN,7767.71
2025-01-07 15:00:00,0.196,28.4,1.82,43.0,573.0,41.14,27.36,0.0,RUN,5841.57
2025-01-07 16:00:00,0.246,28.0,1.99,43.0,323.8,35.05,27.11,0.0,RUN,3321.47
2025-01-07 17:00:00,0.252,27.3,2.01,44.0,86.2,28.35,26.24,0.0,RUN,818.08
2025-01-07 18:00:00,0.409,26.0,1.63,47.0,0.0,25.72,26.15,0.0,STANDBY,0.0
2025-01-07 19:00:00,0.322,24.3,1.71,49.0,0.0,24.0,24.41,0.0,STANDBY,0.0
2025-01-07 20:00:00,0.315,22.9,1.9,50.0,0.0,23.86,22.2,0.0,STANDBY,0.0
2025-01-07 21:00:00,0.2,22.0,2.03,50.0,0.0,21.38,21.23,0.0,STANDBY,-8.05
2025-01-07 22:00:00,0.165,20.0,1.6,53.0,0.0,18.96,18.98,0.0,STANDBY,0.0
2025-01-07 23:00:00,0.176,18.3,1.64,61.0,0.0,18.14,17.65,0.0,STANDBY,0.0
2025-01-08 00:00:00,0.119,16.7,2.92,58.0,0.0,16.77,17.06,0.0,STANDBY,0.0
2025-01-08 01:00:00,0.109,15.8,3.29,64.0,0.0,16.62,15.3,0.0,,-9.94
2025-01-08 02:00:00,0.11,15.2,2.91,67.0,0.0,14.62,15.64,0.0,STANDBY,-7.17
2025-01-08 03:00:00,0.078,14.4,3.03,63.0,0.0,14.01,14.88,0.0,STANDBY,-9.41
2025-01-08 04:00:00,0.116,15.1,2.51,58.0,0.0,15.63,15.35,0.0,STANDBY,0.0
2025-01-08 05:00:00,0.075,15.9,2.86,58.0,0.0,17.08,16.25,0.0,STANDBY,-9.39
2025-01-08 06:00:00,0.052,16.3,3.51,57.0,2.3,18.89,17.17,0.0,STANDBY,-9.8
2025-01-08 07:00:00,0.085,17.7,2.88,57.0,121.6,21.04,18.16,0.0,RUN,1086.77
2025-01-08 08:00:00,0.106,19.3,2.98,54.0,361.7,28.2,19.9,0.0, RUN ,3726.5
2025-01-08 09:00:00,0.128,21.5,3.63,52.0,582.2,35.01,21.93,0.0,RUN,6233.05
2025-01-08 10:00:00,0.131,23.2,3.4,45.0,781.4,40.57,24.32,0.0,RUN,8061.14
2025-01-08 11:00:00,0.116,25.2,2.98,43.0,862.8,43.49,25.62,0.0,RUN,9134.7
2025-01-08 12:00:00,0.182,26.6,2.94,41.0,894.1,45.37,26.04,0.0,RUN,9466.72
2025-01-08 13:00:00,0.186,27.4,3.04,40.0,852.8,44.99,27.93,0.0,,9017.4
2025-01-08 15:00:00,0.232,28.3,3.78,35.0,565.6,39.13,28.46,0.0,RUN,5811.69
2025-01-08 16:00:00,0.15,28.6,3.72,36.0,325.4,34.22,28.71,0.0,run,3416.64
2025-01-08 17:00:00,0.146,27.5,3.61,37.0,98.0,29.29,26.77,0.0,RUN,883.62
2025-01-08 18:00:00,0.135,26.6,3.44,37.0,0.0,26.41,26.43,0.0,STANDBY,-4.94
2025-01-08 19:00:00,0.186,25.3,3.7,37.0,0.0,23.89,25.09,0.0,STANDBY,0.0
2025-01-08 20:00:00,0.256,23.8,2.95,44.0,0.0,22.94,23.87,0.0,STANDBY,0.0
2025-01-08 21:00:00,0.221,21.9,2.7,46.0,0.0,21.68,22.12,0.0,STANDBY,0.0
2025-01-08 22:00:00,0.149,21.1,2.67,45.0,0.0,21.77,19.74,0.0,STANDBY,0.0
2025-01-08 23:00:00,0.124,18.7,3.34,49.0,0.0,18.77,18.23,0.0,STANDBY,-6.47
2025-01-09 00:00:00,0.555,19.6,4.06,63.0,0.0,19.57,18.79,0.0,standby,0.0
2025-01-09 01:00:00,0.455,18.2,3.96,64.0,0.0,19.04,17.73,0.0,STANDBY,-4.42
2025-01-09 02:00:00,0.317,17.6,4.13,61.0,0.0,17.4,17.54,0.0,standby,-4.79
2025-01-09 03:00:00,0.313,17.8,4.45,60.0,0.0,18.33,16.5,0.0,STANDBY,-9.07
2025-01-09 04:00:00,0.435,17.2,4.02,59.0,0.0,18.17,17.18,0.0,STANDBY,-1.86
2025-01-09 05:00:00,0.407,17.4,4.36,60.0,0.0,18.18,17.56,0.0,STANDBY,0.0
2025-01-09 06:00:00,0.325,19.1,3.89,56.0,0.0,18.56,19.59,0.0,STANDBY,4.79
2025-01-09 07:00:00,0.457,20.7,3.69,57.0,104.4,20.87,20.39,0.0,RUN,1117.44
2025-01-09 08:00:00,0.34,22.1,2.74,52.0,347.0,30.5,22.01,0.0,RUN,3677.91
09-01-2025 09:00,0.346,24.2,2.8,49.0,577.6,35.77,24.07,0.0,RUN,6155.08
2025-01-09 10:00:00,0.395,25.5,2.99,49.0,765.2,41.16,26.05,0.0,RUN,7660.83
2025-01-09 11:00:00,0.555,26.1,3.62,46.0,798.4,44.69,27.33,0.0,RUN,8493.88
2025-01-09 12:00:00,0.696,27.4,3.6,46.0,806.4,44.91,28.55,0.0,RUN,8386.31
2025-01-09 13:00:00,0.407,28.8,3.67,45.0,841.9,46.16,29.56,0.0,RUN,8691.68
2025-01-09 14:00:00,0.412,29.4,3.4,40.0,742.4,43.38,30.52,0.0,RUN,7595.08
2025-01-09 15:00:00,0.522,29.1,3.14,44.0,491.1,39.4,30.23,0.0,run,5096.32
2025-01-09 16:00:00,0.643,28.6,3.56,45.0,261.4,34.19,28.94,0.0,RUN,2598.12
2025-01-09 17:00:00,0.599,28.6,3.76,41.0,85.2,30.18,28.99,0.0,RUN,707.45
2025-01-09 18:00:00,0.538,27.8,3.46,40.0,0.0,26.92,26.98,0.0,STANDBY,-6.43
2025-01-09 19:00:00,0.312,27.1,3.07,38.0,0.0,27.07,26.2,0.0,STANDBY,-4.55
09-01-2025 20:00,0.307,25.1,3.15,39.0,0.0,25.57,25.09,0.0,STANDBY,-9.47
2025-01-09 21:00:00,0.457,23.5,3.42,42.0,0.0,22.36,22.97,0.0,STANDBY,0.0
2025-01-09 22:00:00,0.42,21.4,3.1,46.0,0.0,22.61,21.65,0.0,STANDBY,0.0
2025-01-09 23:00:00,0.377,20.6,3.0,50.0,0.0,20.51,19.23,0.0,STANDBY,-4.04
2025-01-10 00:00:00,0.288,22.0,3.32,46.0,0.0,20.72,20.74,0.0,STANDBY,-9.28
2025-01-10 01:00:00,0.302,21.2,4.16,51.0,0.0,19.63,19.7,0.0,STANDBY,0.0
2025-01-10 02:00:00,0.291,20.6,4.27,54.0,0.0,19.11,19.56,0.0,STANDBY,0.0
2025-01-10 03:00:00,0.371,20.2,5.14,58.0,0.0,19.1,18.75,0.0,STANDBY,0.0
2025-01-10 04:00:00,0.256,20.4,4.86,55.0,0.0,19.78,19.46,0.0,STANDBY,-6.31
2025-01-10 05:00:00,0.28,21.1,4.94,55.0,0.0,20.47,20.18,0.0,STANDBY,0.0
2025-01-10 06:00:00,0.338,21.8,4.24,52.0,0.0,20.56,21.66,0.0,STANDBY,16.05
2025-01-10 07:00:00,0.474,23.0,3.86,47.0,104.2,25.9,22.18,0.0, RUN ,1018.11
2025-01-10 08:00:00,0.547,24.8,3.99,49.0,340.1,31.24,24.17,0.0,RUN,3350.15
10-01-2025 09:00,0.525,26.8,3.57,45.0,546.8,38.25,26.08,0.0,RUN,5666.08
2025-01-10 10:00:00,0.648,28.5,4.37,43.0,687.6,41.66,27.42,0.0,run,7197.02
2025-01-10 11:00:00,0.377,29.9,4.38,36.0,817.1,46.59,28.96,0.0,RUN,8915.7
2025-01-10 12:00:00,0.535,31.0,4.02,35.0,851.0,47.17,29.98,0.0,RUN,8695.14
10-01-2025 13:00,0.648,31.7,3.93,40.0,713.9,44.61,30.57,0.0,RUN,7266.34
2025-01-10 14:00:00,0.334,32.6,3.81,36.0,722.0,46.53,31.86,0.0,run,7395.07
2025-01-10 15:00:00,0.237,33.6,4.29,34.0,549.6,44.39,33.09,0.0,RUN,5809.09
2025-01-10 16:00:00,0.139,33.8,5.14,34.0,329.3,38.34,32.91,0.0,run,3354.46
2025-01-10 17:00:00,0.272,32.9,4.93,31.0,101.3,32.08,31.28,0.0,RUN,885.06
2025-01-10 18:00:00,0.317,31.7,4.31,37.0,0.0,30.61,30.32,0.0,STANDBY,0.0
2025-01-10 19:00:00,0.317,30.8,4.19,41.0,0.0,30.24,29.33,0.0,STANDBY,0.0
2025-01-10 20:00:00,0.393,28.9,4.31,45.0,0.0,27.33,27.49,0.0,STANDBY,-6.04
2025-01-10 21:00:00,0.199,26.8,4.67,46.0,0.0,25.02,25.65,0.0,standby,0.0
2025-01-10 22:00:00,0.162,24.9,4.57,48.0,0.0,23.56,23.87,0.0,STANDBY,0.0
2025-01-10 23:00:00,0.366,23.3,4.45,51.0,0.0,22.65,22.28,0.0,STANDBY,-6.53
2025-01-11 00:00:00,0.424,17.2,3.44,51.0,0.0,18.59,17.72,0.0,STANDBY,0.0
2025-01-11 01:00:00,0.329,16.4,3.03,57.0,0.0,18.13,16.96,0.0,STANDBY,-8.27
2025-01-11 02:00:00,0.408,14.7,2.93,63.0,0.0,17.01,15.3,0.0,STANDBY,-4.89
2025-01-11 03:00:00,0.278,14.1,3.32,62.0,0.0,16.13,15.71,0.0, STANDBY ,0.0
2025-01-11 04:00:00,0.259,14.7,3.04,61.0,0.0,16.11,16.22,0.0,STANDBY,-999.0
2025-01-11 05:00:00,0.231,15.3,2.33,59.0,0.0,16.61,16.82,0.0,STANDBY,0.0
2025-01-11 06:00:00,0.193,16.5,2.18,58.0,2.5,18.51,17.98,0.0,STANDBY,-3.54
2025-01-11 07:00:00,0.278,18.5,2.46,60.0,106.7,21.93,20.12,0.0,RUN,1074.5
2025-01-11 08:00:00,0.125,20.3,2.63,54.0,351.8,27.55,21.47,0.0,RUN,3693.29
2025-01-11 09:00:00,0.174,21.8,3.16,47.0,593.4,34.73,22.84,0.0,RUN,6165.62
2025-01-11 10:00:00,0.223,23.4,3.03,44.0,729.8,39.21,24.27,0.0,RUN,7778.97
2025-01-11 11:00:00,0.199,25.6,3.18,39.0,856.7,44.69,26.24,0.0,RUN,8918.74
2025-01-11 12:00:00,0.198,26.6,3.23,34.0,919.7,44.22,27.22,0.0,RUN,9291.67
2025-01-11 13:00:00,0.21,27.8,3.55,32.0,863.9,45.88,28.49,0.0,RUN,8788.14
2025-01-11 14:00:00,0.331,28.0,3.82,29.0,716.7,41.39,29.12,0.0,RUN,7397.33
2025-01-11 15:00:00,0.239,28.5,3.73,27.0,558.2,39.19,29.16,0.0,run,5829.77
2025-01-11 16:00:00,0.186,28.3,3.66,29.0,333.1,36.59,29.1,0.0,RUN,3323.14
2025-01-11 17:00:00,0.151,28.2,3.8,32.0,104.4,30.96,28.56,0.0,RUN,901.55
2025-01-11 19:00:00,0.226,25.7,3.38,37.0,0.0,26.15,25.86,0.0,STANDBY,-6.6
2025-01-11 20:00:00,0.264,23.9,3.0,40.0,0.0,25.71,24.29,0.0,standby,0.0
2025-01-11 21:00:00,0.371,21.6,2.72,42.0,0.0,22.86,23.17,0.0,STANDBY,0.0
11-01-2025 22:00,0.463,19.7,2.34,45.0,0.0,21.71,21.41,0.0,STANDBY,0.0
2025-01-11 23:00:00,0.52,17.7,2.86,49.0,0.0,19.72,18.84,0.0,STANDBY,0.0
2025-01-12 00:00:00,0.451,16.6,3.61,57.0,0.0,16.47,17.5,0.0,,0.0
2025-01-12 01:00:00,0.471,15.5,3.5,59.0,0.0,16.01,16.09,0.0,STANDBY,0.0
2025-01-12 02:00:00,0.459,14.7,3.56,61.0,0.0,14.39,15.09,0.0,STANDBY,-6.26
2025-01-12 03:00:00,0.553,14.0,3.56,62.0,0.0,15.26,15.44,0.0,STANDBY,0.0
2025-01-12 04:00:00,0.733,14.7,3.82,64.0,0.0,-999.0,15.71,0.0,standby,-9.64
2025-01-12 05:00:00,0.546,15.6,3.48,60.0,0.0,16.22,16.47,0.0,STANDBY,-8.49
2025-01-12 06:00:00,0.528,16.3,3.35,63.0,0.0,18.6,16.89,0.0,STANDBY,7.37
2025-01-12 07:00:00,0.617,17.8,3.7,60.0,104.2,21.94,18.93,0.0,RUN,1036.96
2025-01-12 08:00:00,0.579,19.8,4.16,56.0,349.6,29.33,20.49,0.0,RUN,3520.86
2025-01-12 09:00:00,0.41,21.5,4.96,51.0,572.5,33.96,22.01,0.0,RUN,6184.7
2025-01-12 10:00:00,0.513,23.9,5.45,46.0,774.6,39.54,23.76,0.0,RUN,7867.11
2025-01-12 11:00:00,0.385,25.0,5.7,44.0,859.3,42.66,25.27,0.0,RUN,9153.42
2025-01-12 12:00:00,0.479,26.0,5.09,43.0,866.5,43.67,26.42,0.0,RUN,9219.98
2025-01-12 13:00:00,0.494,26.5,5.24,40.0,851.1,44.24,27.36,0.0,RUN,8637.85
2025-01-12 14:00:00,0.59,28.0,6.05,37.0,710.7,40.84,28.09,0.0,RUN,7446.01
2025-01-12 15:00:00,0.684,27.7,6.83,34.0,521.2,38.5,27.56,0.0,RUN,5364.07
2025-01-12 16:00:00,0.569,27.2,7.63,35.0,310.6,33.65,28.51,0.0,RUN,3262.33
2025-01-12 17:00:00,0.45,26.5,6.02,37.0,109.4,28.91,28.01,0.0, RUN ,961.07
2025-01-12 18:00:00,0.401,25.4,5.66,39.0,0.0,26.64,26.92,0.0, STANDBY ,-9.96
2025-01-12 19:00:00,0.439,23.6,5.78,45.0,0.0,26.06,25.37,0.0,STANDBY,-9.37
2025-01-12 20:00:00,0.404,21.5,4.51,46.0,0.0,23.94,24.03,0.0,STANDBY,-7.92
2025-01-12 21:00:00,0.651,20.0,4.33,51.0,0.0,22.13,21.63,0.0,STANDBY,-9.51
2025-01-12 22:00:00,0.578,18.4,3.79,56.0,0.0,19.07,19.77,0.0,standby,-8.11
2025-01-12 23:00:00,0.445,17.2,4.39,53.0,0.0,16.57,19.14,0.0,standby,-1.74
2025-01-13 00:00:00,0.456,15.7,3.75,51.0,0.0,15.94,16.72,0.0,STANDBY,0.0
2025-01-13 01:00:00,0.348,14.5,4.17,49.0,0.0,14.73,15.68,0.0,STANDBY,-2.51
2025-01-13 02:00:00,0.327,14.2,3.63,50.0,0.0,16.65,15.93,0.0,standby,0.0
2025-01-13 03:00:00,0.492,14.2,3.44,51.0,0.0,15.71,14.99,0.0,STANDBY,0.0
2025-01-13 04:00:00,0.636,14.0,3.43,53.0,0.0,15.93,14.78,0.0,STANDBY,-4.94
2025-01-13 05:00:00,0.541,15.1,3.51,49.0,0.0,15.49,16.31,0.0,STANDBY,-9.46
2025-01-13 06:00:00,0.665,16.1,3.56,48.0,2.5,16.53,17.17,0.0,STANDBY,2.58
2025-01-13 07:00:00,0.723,17.3,4.03,45.0,98.0,22.18,19.38,0.0,RUN,942.43
2025-01-13 08:00:00,0.694,18.6,3.1,41.0,314.4,25.79,19.89,0.0,RUN,3347.9
2025-01-13 09:00:00,0.399,20.8,3.55,39.0,569.6,33.3,21.76,0.0,RUN,6089.1
2025-01-13 10:00:00,0.467,22.9,3.28,36.0,750.9,40.73,24.73,0.0,RUN,7899.19
2025-01-13 11:00:00,0.599,24.3,4.09,36.0,819.6,42.28,26.07,0.0,RUN,8576.11
2025-01-13 12:00:00,0.383,25.5,4.41,34.0,916.4,44.66,26.72,0.0,RUN,9406.67
2025-01-13 13:00:00,0.349,26.8,4.32,31.0,860.5,44.56,27.9,0.0,RUN,8997.16
2025-01-13 14:00:00,0.279,27.3,5.07,30.0,766.4,43.62,28.43,0.0,RUN,7821.44
2025-01-13 15:00:00,0.349,27.0,4.94,32.0,572.0,39.43,28.65,0.0,RUN,6005.83
2025-01-13 16:00:00,0.309,27.6,4.77,33.0,333.8,33.98,28.33,0.0,RUN,3457.17
2025-01-13 17:00:00,0.32,27.2,4.01,34.0,103.4,31.4,26.97,0.0,RUN,-999.0
2025-01-13 18:00:00,0.246,25.8,3.32,35.0,0.0,25.75,25.75,0.0,STANDBY,0.0
2025-01-13 19:00:00,0.365,25.4,3.62,36.0,0.0,24.66,24.6,0.0,STANDBY,-5.09
2025-01-13 20:00:00,0.528,23.3,3.34,37.0,0.0,24.12,23.91,0.0,STANDBY,0.0
13-01-2025 21:00,0.285,21.9,2.7,38.0,0.0,21.58,21.74,0.0,STANDBY,-7.22
2025-01-13 22:00:00,0.346,20.2,2.14,44.0,0.0,19.68,19.5,0.0,STANDBY,0.0
2025-01-13 23:00:00,0.56,18.1,1.94,46.0,0.0,17.31,18.56,0.0, STANDBY ,-10.72
2025-01-14 00:00:00,0.581,19.2,3.04,61.0,0.0,16.95,17.38,0.0,STANDBY,-6.21
2025-01-14 01:00:00,0.338,17.9,3.25,60.0,0.0,15.92,16.19,0.0,STANDBY,0.0
2025-01-14 02:00:00,0.252,17.0,3.84,60.0,0.0,15.95,15.88,0.0,STANDBY,0.0
2025-01-14 03:00:00,0.213,16.9,3.87,62.0,0.0,15.54,15.88,0.0,STANDBY,0.0
2025-01-14 04:00:00,0.263,17.8,3.61,61.0,0.0,14.13,15.84,0.0,STANDBY,-8.35
2025-01-14 05:00:00,0.175,18.6,4.97,60.0,0.0,15.95,17.12,0.0,STANDBY,0.0
2025-01-14 06:00:00,0.4,20.0,5.02,59.0,2.0,15.83,17.54,0.0,STANDBY,40.63
2025-01-14 07:00:00,0.546,21.4,5.65,56.0,79.3,22.62,19.03,0.0,RUN,759.33
2025-01-14 08:00:00,0.599,23.1,4.68,51.0,282.0,26.73,20.94,0.0,RUN,2809.39
2025-01-14 09:00:00,0.395,24.4,5.38,45.0,543.7,33.89,22.69,0.0,RUN,5882.57
2025-01-14 10:00:00,0.43,26.5,5.82,45.0,707.8,37.48,24.38,0.0,RUN,7499.67
2025-01-14 11:00:00,0.498,27.5,6.23,39.0,804.3,41.45,26.1,0.0,RUN,8747.92
2025-01-14 12:00:00,0.732,28.6,5.93,38.0,777.9,42.05,27.29,0.0,RUN,8229.24
2025-01-14 13:00:00,0.729,29.6,5.72,39.0,721.1,40.52,27.56,0.0,RUN,7575.65
2025-01-14 14:00:00,0.598,30.6,5.52,39.0,695.7,42.36,28.66,0.0,RUN,7268.11
2025-01-14 15:00:00,0.375,31.3,6.28,38.0,570.7,38.13,29.0,0.0,RUN,5942.66
2025-01-14 16:00:00,0.393,30.5,6.19,36.0,339.6,34.52,28.46,0.0,RUN,3412.82
2025-01-14 17:00:00,0.413,29.5,5.87,40.0,109.7,29.8,28.17,0.0,RUN,915.11
2025-01-14 18:00:00,0.297,28.6,6.25,41.0,0.0,27.19,26.65,0.0,STANDBY,0.0
2025-01-14 19:00:00,0.206,27.9,5.78,42.0,0.0,25.52,26.16,0.0,STANDBY,-1.73
2025-01-14 20:00:00,0.466,26.1,5.67,48.0,0.0,23.77,24.26,0.0,STANDBY,0.0
2025-01-14 21:00:00,0.533,24.3,4.88,52.0,0.0,21.51,22.13,0.0,standby,0.0
2025-01-14 22:00:00,0.423,22.5,5.69,56.0,0.0,21.68,20.36,0.0, STANDBY ,0.0
2025-01-14 23:00:00,0.304,20.5,5.97,58.0,0.0,18.96,19.43,0.0,STANDBY,-4.6
2025-01-15 00:00:00,0.332,18.6,2.78,48.0,0.0,16.65,16.15,0.0,STANDBY,0.0
2025-01-15 01:00:00,0.459,17.7,2.88,50.0,0.0,14.59,15.32,0.0,standby,-10.89
2025-01-15 02:00:00,0.403,17.6,2.87,49.0,0.0,15.08,15.31,0.0,STANDBY,0.0
2025-01-15 03:00:00,0.406,17.5,2.18,51.0,0.0,14.97,14.72,0.0,STANDBY,-1.51
2025-01-15 04:00:00,0.377,17.0,2.2,55.0,0.0,14.47,15.95,0.0, STANDBY ,-9.62
2025-01-15 05:00:00,0.361,17.8,2.19,56.0,0.0,16.27,16.56,0.0,STANDBY,0.0
2025-01-15 06:00:00,0.527,19.1,2.41,54.0,2.4,17.75,17.22,0.0,STANDBY,0.0
2025-01-15 07:00:00,0.405,20.0,2.79,46.0,112.2,19.69,18.25,0.0,RUN,993.18
2025-01-15 08:00:00,0.285,21.7,2.47,44.0,335.9,26.28,20.69,0.0,RUN,3622.9
2025-01-15 09:00:00,0.236,23.4,2.71,41.0,560.5,33.57,21.99,0.0,RUN,6135.7
2025-01-15 10:00:00,0.261,25.0,2.66,39.0,754.0,39.22,24.03,0.0,RUN,7961.1
2025-01-15 11:00:00,0.364,26.7,2.77,35.0,877.5,43.27,24.88,0.0,RUN,9022.0
2025-01-15 12:00:00,0.352,27.8,3.2,32.0,887.9,44.84,25.93,0.0,RUN,9255.44
2025-01-15 13:00:00,0.295,28.3,3.08,28.0,904.2,42.96,27.66,0.0,RUN,9068.99
2025-01-15 14:00:00,0.513,28.3,2.59,26.0,758.9,42.02,27.59,0.0,RUN,7694.53
2025-01-15 15:00:00,0.603,28.2,2.68,29.0,544.1,38.95,27.89,0.0,run,5713.02
2025-01-15 16:00:00,0.479,28.4,2.73,28.0,329.7,33.13,28.42,0.0,RUN,3397.84
2025-01-15 17:00:00,0.478,27.8,2.72,31.0,107.9,28.69,27.14,0.0,RUN,951.42
2025-01-15 18:00:00,0.423,26.5,2.63,34.0,0.0,27.11,26.64,0.0,,0.14
2025-01-15 19:00:00,0.43,25.2,3.01,35.0,0.0,25.66,24.56,0.0,STANDBY,-4.66
2025-01-15 20:00:00,0.516,23.9,2.71,37.0,0.0,23.95,22.77,0.0,STANDBY,0.0
2025-01-15 21:00:00,0.385,22.0,2.71,43.0,0.0,21.33,21.59,0.0,STANDBY,-8.57
2025-01-15 22:00:00,0.462,20.1,3.05,50.0,0.0,18.02,20.36,0.0,STANDBY,-4.54
2025-01-15 23:00:00,0.301,18.3,2.27,53.0,0.0,18.26,18.29,0.0,STANDBY,0.0
2025-01-16 00:00:00,0.193,17.3,2.19,57.0,0.0,18.62,18.26,0.0,STANDBY,-3.85
2025-01-16 01:00:00,0.12,15.9,2.22,56.0,0.0,16.93,17.01,0.0,,-9.73
2025-01-16 02:00:00,0.135,16.2,2.39,56.0,0.0,15.36,15.3,0.0,STANDBY,0.0
2025-01-16 03:00:00,0.157,16.0,2.33,59.0,0.0,15.43,16.56,0.0,STANDBY,-10.49
2025-01-16 04:00:00,0.209,16.6,2.05,56.0,0.0,15.79,16.28,0.0,STANDBY,0.0
2025-01-16 05:00:00,0.225,17.3,2.04,52.0,0.0,15.65,16.94,0.0,STANDBY,-5.53
2025-01-16 06:00:00,0.22,18.6,1.94,46.0,0.0,18.49,18.12,0.0,STANDBY,7.59
2025-01-16 07:00:00,0.136,20.7,1.67,43.0,108.3,22.85,19.38,0.0,RUN,1020.04
2025-01-16 08:00:00,0.165,22.3,1.51,44.0,347.2,27.69,22.04,0.0,RUN,3621.65
2025-01-16 09:00:00,0.294,23.3,1.56,41.0,569.9,33.89,23.14,0.0,RUN,6050.46
2025-01-16 10:00:00,0.146,25.0,1.93,37.0,770.3,41.37,25.34,0.0,RUN,7979.13
2025-01-16 11:00:00,0.101,26.8,2.49,33.0,844.4,44.23,26.94,0.0,,9129.61
2025-01-16 12:00:00,0.065,28.5,2.67,29.0,880.4,47.18,27.93,0.0,RUN,9471.95
2025-01-16 13:00:00,0.108,29.8,3.1,32.0,886.3,45.78,28.03,0.0,RUN,9051.3
2025-01-16 14:00:00,0.235,30.1,3.34,29.0,777.0,45.42,29.41,0.0,RUN,7780.64
2025-01-16 15:00:00,0.193,30.1,2.62,31.0,586.7,42.31,29.33,0.0,RUN,6019.0
2025-01-16 16:00:00,0.289,29.3,2.27,29.0,343.6,36.49,30.04,0.0,RUN,3481.94
2025-01-16 17:00:00,0.251,29.0,2.83,31.0,105.3,30.94,28.95,0.0,RUN,991.81
2025-01-16 18:00:00,0.301,27.9,2.74,34.0,5.2,26.76,27.4,0.0,STANDBY,26.87
2025-01-16 19:00:00,0.239,26.6,2.34,35.0,0.0,27.43,25.71,0.0,STANDBY,-8.24
16-01-2025 20:00,0.255,25.4,1.86,34.0,0.0,25.88,24.69,0.0,STANDBY,-8.55
2025-01-16 21:00:00,0.188,23.8,1.8,37.0,0.0,23.23,22.93,0.0,STANDBY,0.0
2025-01-16 22:00:00,0.384,21.8,1.56,45.0,0.0,21.05,21.41,0.0,STANDBY,-5.85
2025-01-16 23:00:00,0.374,20.4,1.78,48.0,0.0,16.89,20.46,0.0,STANDBY,-7.35
2025-01-17 00:00:00,0.493,19.8,2.65,58.0,0.0,17.79,18.69,0.0,STANDBY,-7.8
2025-01-17 01:00:00,0.412,18.7,2.68,57.0,0.0,17.83,17.98,0.0,STANDBY,0.0
2025-01-17 02:00:00,0.621,18.7,2.6,62.0,0.0,17.53,16.88,0.0,STANDBY,-3.82
2025-01-17 03:00:00,0.696,18.0,2.92,67.0,0.0,15.88,17.71,0.0,STANDBY,0.0
2025-01-17 04:00:00,0.701,18.7,3.21,66.0,0.0,17.66,17.58,0.0,STANDBY,0.0
2025-01-17 05:00:00,0.608,19.5,3.06,65.0,0.0,18.41,17.87,0.0,STANDBY,0.0
2025-01-17 06:00:00,0.466,20.5,2.89,64.0,0.0,19.18,19.67,0.0,STANDBY,0.26
2025-01-17 08:00:00,0.558,23.3,2.57,55.0,336.7,30.09,22.02,0.0,RUN,3470.56
2025-01-17 09:00:00,0.391,25.2,2.67,52.0,568.1,35.01,24.34,0.0,RUN,6056.68
2025-01-17 10:00:00,0.503,26.1,3.41,51.0,727.3,40.32,26.08,0.0,RUN,7855.98
2025-01-17 11:00:00,0.427,27.8,3.82,45.0,924.0,45.31,27.77,0.0,RUN,8998.01
2025-01-17 12:00:00,0.676,28.2,4.0,46.0,813.7,44.36,28.18,0.0,RUN,8616.74
2025-01-17 13:00:00,0.508,29.5,4.54,43.0,861.5,45.95,29.67,0.0,RUN,8679.32
2025-01-17 14:00:00,0.603,30.0,4.81,39.0,701.9,43.96,29.95,0.0,RUN,7376.42
2025-01-17 15:00:00,0.594,31.0,4.26,37.0,559.0,42.94,29.96,0.0,RUN,5765.96
2025-01-17 16:00:00,0.325,31.6,3.79,37.0,343.3,38.31,30.75,0.0,RUN,3540.76
2025-01-17 17:00:00,0.358,30.3,3.39,38.0,110.7,31.68,29.38,0.0,run,1020.6
2025-01-17 18:00:00,0.541,28.3,3.04,44.0,3.8,28.38,28.13,0.0,STANDBY,-3.52
2025-01-17 19:00:00,0.654,27.1,3.1,48.0,0.0,25.74,26.98,0.0,,0.0
2025-01-17 20:00:00,0.633,26.4,2.95,54.0,0.0,25.41,25.85,0.0,STANDBY,-11.45
2025-01-17 21:00:00,0.428,25.5,4.03,51.0,0.0,23.63,23.26,0.0,STANDBY,-3.52
2025-01-17 22:00:00,0.454,23.8,3.88,56.0,0.0,22.3,21.9,0.0,STANDBY,-3.76
2025-01-17 23:00:00,0.654,21.9,3.45,62.0,0.0,20.85,21.73,0.0,STANDBY,0.0
2025-01-18 00:00:00,0.511,20.4,3.06,62.0,0.0,20.35,19.31,0.0,STANDBY,0.0
2025-01-18 01:00:00,0.475,20.1,3.36,62.0,0.0,18.96,19.13,0.0,STANDBY,0.0
2025-01-18 02:00:00,0.495,18.4,2.91,64.0,0.0,18.27,17.93,0.0,STANDBY,0.0
2025-01-18 03:00:00,0.37,18.4,2.48,62.0,0.0,16.86,17.42,0.0,STANDBY,0.0
2025-01-18 04:00:00,0.263,18.3,2.11,63.0,0.0,16.55,17.51,0.0,STANDBY,-10.11
2025-01-18 05:00:00,0.345,19.1,2.5,59.0,0.0,18.67,18.38,0.0,STANDBY,0.0
2025-01-18 06:00:00,0.236,20.0,2.62,56.0,3.6,19.89,19.98,0.0,standby,32.3
2025-01-18 07:00:00,0.231,21.7,2.32,51.0,111.2,24.19,21.4,0.0,RUN,1019.54
2025-01-18 08:00:00,0.285,24.1,2.45,49.0,355.5,31.31,23.01,0.0,RUN,3560.34
2025-01-18 09:00:00,0.322,25.9,2.46,49.0,572.9,38.78,25.77,0.0,RUN,6076.75
18-01-2025 10:00,0.412,27.6,2.33,44.0,748.8,44.41,26.77,0.0,RUN,7814.2
2025-01-18 11:00:00,0.265,29.6,2.6,42.0,916.8,48.28,28.93,0.0,RUN,8991.42
2025-01-18 12:00:00,0.214,30.8,3.06,37.0,927.3,49.2,29.23,0.0,RUN,9397.17
2025-01-18 13:00:00,0.314,30.8,3.01,39.0,884.2,49.85,30.69,0.0,RUN,8931.95
2025-01-18 14:00:00,0.26,31.5,4.05,37.0,795.4,48.39,30.48,0.0,RUN,7811.84
2025-01-18 15:00:00,0.343,31.3,4.1,37.0,576.8,43.77,31.06,0.0,RUN,5908.8
2025-01-18 16:00:00,0.541,30.3,3.76,38.0,351.3,37.34,31.77,0.0,RUN,3457.73
2025-01-18 17:00:00,0.646,30.0,4.2,38.0,117.6,32.85,30.19,0.0,RUN,969.81
2025-01-18 18:00:00,0.518,29.2,3.67,37.0,5.9,29.14,29.32,0.0,STANDBY,0.0
2025-01-18 19:00:00,0.406,27.9,3.54,42.0,0.0,28.32,28.92,0.0,STANDBY,-2.71
2025-01-18 20:00:00,0.288,26.5,3.71,43.0,0.0,25.01,27.07,0.0,STANDBY,-8.31
2025-01-18 21:00:00,0.227,24.4,2.8,43.0,0.0,24.79,24.81,0.0,,-5.36
2025-01-18 22:00:00,0.317,22.1,2.67,47.0,0.0,23.52,22.93,0.0,STANDBY,-11.34
2025-01-18 23:00:00,0.244,20.4,2.3,51.0,0.0,22.2,21.63,0.0,STANDBY,-11.05
2025-01-19 00:00:00,0.157,16.9,2.52,50.0,0.0,17.78,17.28,0.0,STANDBY,0.0
2025-01-19 01:00:00,0.306,16.1,2.16,54.0,0.0,18.11,17.68,0.0,STANDBY,-6.37
2025-01-19 02:00:00,0.354,15.9,1.74,57.0,0.0,16.93,16.57,0.0,STANDBY,-8.21
2025-01-19 03:00:00,0.402,15.4,1.98,57.0,0.0,16.59,16.13,0.0,STANDBY,-7.35
2025-01-19 04:00:00,0.492,16.0,1.92,57.0,0.0,18.12,16.64,0.0,STANDBY,-5.06
19-01-2025 05:00,0.198,16.7,2.97,53.0,0.0,17.7,17.24,0.0,STANDBY,-4.53
2025-01-19 06:00:00,0.195,17.8,3.33,48.0,0.0,17.26,18.82,0.0,STANDBY,29.59
2025-01-19 07:00:00,0.278,19.6,3.08,47.0,112.5,22.06,19.66,0.0,RUN,1084.84
2025-01-19 08:00:00,0.198,22.0,2.8,44.0,347.2,29.52,22.06,0.0,RUN,3622.92
2025-01-19 09:00:00,0.123,23.2,2.26,42.0,586.1,37.39,22.99,0.0,RUN,6107.14
2025-01-19 10:00:00,0.14,24.7,2.82,40.0,778.9,43.98,25.37,0.0,RUN,8522.73
2025-01-19 11:00:00,0.267,26.4,2.71,37.0,896.5,48.68,26.52,0.0,RUN,9068.24
2025-01-19 12:00:00,0.486,27.7,2.54,38.0,896.4,49.6,27.89,0.0,RUN,21489.04
2025-01-19 13:00:00,0.457,28.7,3.14,34.0,872.6,48.41,29.42,0.0,RUN,8993.29
2025-01-19 14:00:00,0.379,28.8,2.59,38.0,793.8,47.49,29.56,0.0,RUN,7750.69
2025-01-19 15:00:00,0.528,29.8,2.95,41.0,572.3,41.53,29.73,0.0,RUN,5956.45
2025-01-19 16:00:00,0.199,30.5,3.46,34.0,366.7,36.92,28.84,0.0,RUN,3618.42
2025-01-19 17:00:00,0.353,29.3,3.07,38.0,121.2,31.81,28.79,0.0,RUN,1056.19
2025-01-19 18:00:00,0.366,28.4,2.93,44.0,3.0,26.86,27.87,0.0,STANDBY,-9.59
2025-01-19 19:00:00,0.407,27.1,2.51,44.0,0.0,27.3,26.43,0.0,STANDBY,-4.16
2025-01-19 20:00:00,0.402,25.5,2.27,47.0,0.0,24.8,24.82,0.0,STANDBY,0.0
2025-01-19 21:00:00,0.239,24.1,1.97,50.0,0.0,22.46,23.83,0.0,standby,-8.93
2025-01-19 22:00:00,0.173,22.3,2.27,52.0,0.0,20.97,21.74,0.0,STANDBY,-5.96
2025-01-19 23:00:00,0.225,20.1,2.3,56.0,0.0,19.68,19.76,0.0,STANDBY,0.0
2025-01-22 00:00:00,0.23,18.2,2.06,58.0,0.0,17.43,17.83,0.0,STANDBY,0.0
2025-01-22 01:00:00,0.187,16.9,2.47,56.0,0.0,17.03,16.86,0.0,STANDBY,0.0
2025-01-22 02:00:00,0.079,16.5,2.16,60.0,0.0,17.2,15.84,0.0,STANDBY,-10.0
2025-01-22 03:00:00,0.085,16.4,1.97,60.0,0.0,16.42,16.3,0.0,STANDBY,-6.81
2025-01-22 04:00:00,0.165,16.2,1.67,60.0,0.0,16.32,15.89,0.0,STANDBY,-4.59
2025-01-22 05:00:00,0.196,17.4,1.81,62.0,0.0,18.14,16.84,0.0,STANDBY,-1.62
2025-01-22 06:00:00,0.102,18.3,1.76,60.0,4.4,18.43,18.36,0.0,STANDBY,-5.67
2025-01-22 07:00:00,0.089,19.3,2.0,56.0,109.8,22.95,19.18,0.0,RUN,1023.39
2025-01-22 08:00:00,0.127,20.9,1.78,50.0,354.8,32.26,22.0,0.0,RUN,3606.98
2025-01-22 09:00:00,0.189,23.1,1.7,49.0,575.9,38.58,23.18,0.0,run,5998.08
2025-01-22 10:00:00,0.195,25.2,1.89,45.0,762.8,46.15,24.5,0.0,RUN,7831.24
2025-01-22 11:00:00,0.244,26.8,2.14,46.0,866.8,47.92,26.52,0.0,RUN,8989.81
2025-01-22 12:00:00,0.197,28.3,2.03,40.0,912.7,51.43,27.82,0.0,RUN,9308.25
2025-01-22 13:00:00,0.261,29.0,2.08,39.0,869.5,51.24,-999.0,0.0,run,8845.28
2025-01-22 14:00:00,0.151,30.2,2.27,40.0,785.4,45.97,29.77,0.0,RUN,7870.64
2025-01-22 15:00:00,0.201,30.7,2.49,39.0,574.8,44.72,29.08,0.0,RUN,6062.25
2025-01-22 16:00:00,0.128,30.5,2.6,36.0,361.7,38.27,29.52,0.0,RUN,3637.4
2025-01-22 17:00:00,0.215,30.1,2.34,35.0,127.4,31.59,28.68,0.0,RUN,1125.18
2025-01-22 18:00:00,0.143,28.3,1.92,38.0,3.1,28.04,27.3,0.0,STANDBY,44.57
2025-01-22 19:00:00,0.098,26.5,1.9,40.0,0.0,25.68,26.62,0.0,STANDBY,-8.11
2025-01-22 20:00:00,0.159,24.9,1.6,38.0,0.0,24.49,24.31,0.0,STANDBY,-3.05
2025-01-22 21:00:00,0.2,23.3,1.39,40.0,0.0,23.99,23.39,0.0, STANDBY ,0.0
2025-01-22 22:00:00,0.147,20.7,1.35,40.0,0.0,20.48,19.73,0.0,STANDBY,-4.91
2025-01-22 23:00:00,0.088,19.1,1.33,45.0,0.0,19.67,18.79,0.0,STANDBY,-3.83
2025-01-23 00:00:00,0.104,17.1,1.27,44.0,0.0,17.5,16.64,0.0,STANDBY,0.0
2025-01-23 01:00:00,0.249,16.0,1.2,54.0,0.0,16.82,15.59,0.0,STANDBY,-5.96
2025-01-23 02:00:00,0.269,14.9,1.28,58.0,0.0,16.22,14.46,0.0,STANDBY,0.0
2025-01-23 03:00:00,0.428,14.3,1.39,58.0,0.0,14.33,14.54,0.0,STANDBY,-6.73
2025-01-23 04:00:00,0.488,14.8,1.16,59.0,0.0,16.11,15.53,0.0,STANDBY,-3.76
2025-01-23 05:00:00,0.361,15.9,1.01,56.0,0.0,16.54,15.88,0.0,STANDBY,-3.88
2025-01-23 06:00:00,0.411,17.5,1.17,54.0,2.0,17.25,16.86,0.0,STANDBY,0.0
2025-01-23 07:00:00,0.453,18.9,0.95,49.0,103.8,20.43,18.13,0.0,RUN,958.89
2025-01-23 08:00:00,0.368,20.5,0.99,45.0,350.5,28.7,20.05,0.0,RUN,3481.1
2025-01-23 09:00:00,0.238,22.9,0.93,39.0,575.9,37.35,21.93,0.0,RUN,6012.57
2025-01-23 10:00:00,0.235,24.9,1.1,36.0,759.8,42.35,23.93,0.0,RUN,7846.8
2025-01-23 11:00:00,0.145,26.6,1.2,31.0,925.7,47.91,25.15,0.0,RUN,9015.4
2025-01-23 12:00:00,0.208,28.0,1.36,31.0,925.4,47.39,26.76,0.0,RUN,9360.55
2025-01-23 13:00:00,0.136,29.5,1.42,30.0,870.4,48.33,27.77,0.0,RUN,8952.42
2025-01-23 14:00:00,0.167,30.1,1.5,28.0,801.2,48.54,28.26,0.0,RUN,7925.05
2025-01-23 15:00:00,0.154,29.9,1.46,24.0,593.0,42.42,28.08,0.0,RUN,6155.11
2025-01-23 16:00:00,0.313,28.9,1.45,29.0,362.4,36.77,28.27,0.0,RUN,3620.01
2025-01-23 17:00:00,0.272,28.7,1.53,31.0,120.6,28.71,27.51,0.0,RUN,1112.29
2025-01-23 18:00:00,0.182,27.9,1.36,34.0,4.3,26.36,26.17,0.0,STANDBY,44.72
2025-01-23 19:00:00,0.287,26.6,1.45,37.0,0.0,24.48,23.84,0.0,STANDBY,0.0
2025-01-23 20:00:00,0.393,25.2,1.22,42.0,0.0,23.05,22.56,0.0,STANDBY,-4.92
2025-01-23 21:00:00,0.3,23.4,1.16,41.0,0.0,21.62,21.56,0.0,STANDBY,-6.1
2025-01-23 22:00:00,0.163,21.3,0.88,40.0,0.0,19.58,19.82,0.0,STANDBY,0.0
2025-01-23 23:00:00,0.13,19.0,0.92,44.0,0.0,17.81,18.26,0.0,STANDBY,0.0
2025-01-24 00:00:00,0.223,18.4,1.43,54.0,0.0,18.88,18.11,0.0,STANDBY,-1.59
2025-01-24 01:00:00,0.15,17.3,1.39,57.0,0.0,17.05,16.68,0.0,STANDBY,0.0
2025-01-24 02:00:00,0.173,16.4,1.49,60.0,0.0,16.22,16.83,0.0,STANDBY,-8.6
2025-01-24 03:00:00,0.254,15.9,1.57,62.0,0.0,16.2,16.62,0.0,STANDBY,0.0
2025-01-24 04:00:00,0.265,16.1,1.82,66.0,0.0,16.31,16.48,0.0,STANDBY,-3.37
2025-01-24 05:00:00,0.324,16.7,1.88,67.0,0.0,17.08,17.0,0.0,STANDBY,0.0
2025-01-24 06:00:00,0.363,18.0,1.66,63.0,0.0,18.71,18.25,0.0,STANDBY,6.72
2025-01-24 07:00:00,0.345,19.8,1.85,56.0,101.5,23.42,20.06,0.0,run,947.71
2025-01-24 08:00:00,0.301,21.0,1.75,55.0,341.3,31.27,21.42,0.0,,3480.0
2025-01-24 09:00:00,0.391,22.9,1.73,52.0,567.7,38.64,23.7,0.0,RUN,5959.64
2025-01-24 10:00:00,0.261,24.6,1.69,50.0,756.5,43.83,25.46,0.0,RUN,7750.97
2025-01-24 11:00:00,0.221,26.6,2.08,47.0,873.5,48.01,26.99,0.0,RUN,8890.71
2025-01-24 12:00:00,0.165,27.9,2.36,44.0,923.7,50.14,28.0,0.0,RUN,9239.12
2025-01-24 13:00:00,0.092,29.7,2.25,40.0,941.6,51.4,27.99,0.0,RUN,8993.59
2025-01-24 14:00:00,0.148,30.3,2.52,42.0,769.8,46.44,29.65,0.0,RUN,7916.83
2025-01-24 15:00:00,0.15,30.4,2.32,43.0,614.3,43.37,30.15,0.0,RUN,6060.59
2025-01-24 16:00:00,0.119,30.5,1.79,42.0,369.7,38.93,29.79,0.0,RUN,3695.91
2025-01-24 17:00:00,0.137,29.1,1.77,38.0,133.1,31.0,29.66,0.0,run,1128.19
2025-01-24 18:00:00,0.236,27.8,1.77,39.0,2.0,27.55,27.64,0.0,STANDBY,55.77
2025-01-24 19:00:00,0.295,26.2,1.8,40.0,0.0,26.27,26.46,0.0,STANDBY,-7.62
2025-01-24 20:00:00,0.205,24.5,1.39,37.0,0.0,25.08,24.31,0.0,STANDBY,0.0
2025-01-24 21:00:00,0.094,23.1,1.46,40.0,0.0,22.82,22.55,0.0,STANDBY,-2.79
2025-01-24 22:00:00,0.112,21.5,1.52,45.0,0.0,21.16,21.03,0.0,STANDBY,0.0
2025-01-24 23:00:00,0.177,20.4,1.68,48.0,0.0,19.71,19.24,0.0,STANDBY,-3.74
2025-01-25 00:00:00,0.426,16.8,2.08,48.0,0.0,19.21,18.6,0.0,STANDBY,-8.59
2025-01-25 02:00:00,0.215,15.1,2.16,48.0,0.0,17.32,16.02,0.0,STANDBY,-5.29
2025-01-25 03:00:00,0.238,15.5,2.08,47.0,0.0,15.56,15.81,0.0,STANDBY,-4.58
2025-01-25 04:00:00,0.191,16.7,2.48,48.0,0.0,16.58,16.34,0.0,STANDBY,-8.44
2025-01-25 05:00:00,0.125,17.2,2.81,50.0,0.0,17.93,17.13,0.0,STANDBY,0.0
2025-01-25 06:00:00,0.188,17.8,2.34,47.0,2.0,18.12,18.43,0.0,STANDBY,0.52
2025-01-25 07:00:00,0.179,19.4,2.84,43.0,107.7,23.56,19.01,0.0,RUN,1022.54
2025-01-25 08:00:00,0.177,21.5,2.26,35.0,358.8,30.7,22.04,0.0,RUN,3547.81
25-01-2025 09:00,0.214,23.7,2.65,34.0,582.4,36.65,23.82,0.0,RUN,5999.81
2025-01-25 10:00:00,0.13,25.2,2.66,34.0,774.1,44.61,25.43,0.0,RUN,7921.21
2025-01-25 11:00:00,0.193,27.0,3.2,29.0,867.2,46.58,26.82,0.0,RUN,9109.35
2025-01-25 12:00:00,0.262,27.9,2.97,29.0,953.2,49.36,28.52,0.0,RUN,9423.39
2025-01-25 13:00:00,0.369,28.3,2.64,31.0,884.5,49.15,29.27,0.0,RUN,9006.36
2025-01-25 14:00:00,0.239,28.8,2.91,28.0,778.2,48.52,29.76,0.0,RUN,7952.42
2025-01-25 15:00:00,0.143,29.1,2.47,25.0,621.3,45.18,30.14,0.0,RUN,6120.08
2025-01-25 16:00:00,0.167,29.1,2.68,23.0,375.5,38.7,29.15,0.0,RUN,3711.1
2025-01-25 17:00:00,0.141,28.2,2.92,29.0,131.5,32.76,29.1,0.0,RUN,1182.79
2025-01-25 18:00:00,0.207,26.5,2.41,31.0,3.2,27.86,27.54,0.0,STANDBY,0.0
2025-01-25 19:00:00,0.199,24.6,2.08,36.0,0.0,27.71,26.64,0.0,STANDBY,-7.9
2025-01-25 20:00:00,0.231,23.2,2.25,35.0,0.0,24.83,24.47,0.0,STANDBY,0.0
2025-01-25 21:00:00,0.101,21.3,2.23,37.0,0.0,23.66,23.31,0.0,STANDBY,-5.93
2025-01-25 22:00:00,0.234,20.3,1.94,42.0,0.0,21.65,21.34,0.0,STANDBY,0.0
2025-01-25 23:00:00,0.425,18.9,1.87,49.0,0.0,18.68,19.6,0.0,STANDBY,0.0
2025-01-26 00:00:00,0.131,19.2,1.99,48.0,0.0,18.41,18.15,0.0,STANDBY,-4.21
2025-01-26 01:00:00,0.104,18.0,1.85,51.0,0.0,17.63,17.71,0.0,STANDBY,-4.44
2025-01-26 02:00:00,0.088,17.4,1.95,50.0,0.0,17.0,16.47,0.0,STANDBY,-6.81
2025-01-26 03:00:00,0.106,17.2,2.05,51.0,0.0,15.87,16.13,0.0,STANDBY,-9.12
2025-01-26 04:00:00,0.086,17.3,1.77,54.0,0.0,17.02,16.74,0.0,STANDBY,-2.85
2025-01-26 05:00:00,0.101,18.3,1.71,50.0,0.0,16.74,17.6,0.0,STANDBY,-4.67
2025-01-26 06:00:00,0.132,19.6,1.78,45.0,8.5,19.28,18.81,0.0,STANDBY,-8.46
2025-01-26 07:00:00,0.209,20.9,1.74,45.0,111.2,23.13,20.05,0.0,RUN,937.97
2025-01-26 08:00:00,0.229,22.1,2.53,40.0,350.7,31.16,21.93,0.0,RUN,3466.5
2025-01-26 09:00:00,0.139,24.1,2.52,33.0,570.5,38.64,23.58,0.0,RUN,5959.15
2025-01-26 10:00:00,0.179,25.9,2.46,33.0,789.9,44.46,25.65,0.0,RUN,7759.43
2025-01-26 11:00:00,0.121,27.9,2.95,30.0,904.4,49.22,26.62,0.0,RUN,9016.26
2025-01-26 12:00:00,0.076,28.9,3.77,29.0,924.2,50.41,28.3,0.0,RUN,9381.41
2025-01-26 13:00:00,0.106,29.9,-999.0,31.0,903.5,50.75,29.52,0.0,RUN,8999.1
2025-01-26 15:00:00,0.077,30.4,3.67,28.0,606.6,42.77,29.94,0.0,RUN,6101.72
2025-01-26 16:00:00,0.101,30.1,3.61,26.0,380.9,40.91,29.56,0.0,RUN,3693.48
2025-01-26 17:00:00,0.056,30.0,3.13,26.0,133.6,31.52,29.69,0.0,RUN,1163.95
2025-01-26 18:00:00,0.027,29.5,3.01,29.0,7.2,30.03,27.81,0.0,standby,-4.46
2025-01-26 19:00:00,0.034,28.3,3.0,33.0,0.0,25.43,26.64,0.0,STANDBY,-3.17
2025-01-26 20:00:00,0.088,26.2,3.61,40.0,0.0,23.96,25.35,0.0,STANDBY,-6.25
2025-01-26 21:00:00,0.078,24.6,3.16,41.0,0.0,24.13,23.71,0.0,STANDBY,0.0
2025-01-26 22:00:00,0.04,22.1,2.63,42.0,0.0,22.6,22.22,0.0,STANDBY,-3.08
2025-01-26 23:00:00,0.082,20.2,2.57,45.0,0.0,20.53,20.08,0.0,STANDBY,0.0
2025-01-27 00:00:00,0.188,17.2,2.42,53.0,0.0,17.41,18.87,0.0,STANDBY,-10.67
2025-01-27 01:00:00,0.337,16.5,2.21,58.0,0.0,18.55,16.93,0.0,STANDBY,-3.2
2025-01-27 02:00:00,0.254,15.8,2.54,63.0,0.0,14.49,16.66,0.0,STANDBY,-4.82
2025-01-27 03:00:00,0.161,15.4,2.23,60.0,0.0,16.49,16.18,0.0,STANDBY,0.0
2025-01-27 04:00:00,0.143,15.4,2.15,56.0,0.0,17.56,16.77,0.0,STANDBY,0.0
2025-01-27 05:00:00,0.049,15.7,2.01,55.0,0.0,16.93,17.69,0.0,STANDBY,0.0
2025-01-27 06:00:00,0.061,17.4,2.0,55.0,,,NA,0.0,,
2025-01-27 07:00:00,0.053,18.3,2.04,55.0,,,,0.0,,
2025-01-27 08:00:00,0.051,20.0,2.83,52.0,null,,,0.0,,NA
2025-01-27 09:00:00,0.135,22.7,2.53,49.0,,NA,,0.0,,
2025-01-27 10:00:00,0.268,24.4,2.52,47.0,,NA,,0.0,,
2025-01-27 11:00:00,0.148,26.5,2.89,42.0,null,,,0.0,,
2025-01-27 12:00:00,0.12,28.2,2.85,37.0,,NA,null,0.0,,
2025-01-27 13:00:00,0.08,28.8,2.81,33.0,NA,,,0.0,,NA
2025-01-27 14:00:00,0.069,28.8,3.28,31.0,,,,0.0,,NA
2025-01-27 15:00:00,0.068,29.9,2.63,34.0,NA,null,,0.0,,null
2025-01-27 16:00:00,0.075,29.3,2.52,31.0,,null,null,0.0,,
2025-01-27 17:00:00,0.061,28.7,2.69,36.0,,,,0.0,,
2025-01-27 18:00:00,0.108,27.2,2.53,41.0,NA,NA,,0.0,,
2025-01-27 19:00:00,0.066,26.1,2.88,41.0,,,,0.0,,
2025-01-27 21:00:00,0.057,23.7,2.28,43.0,0.0,22.9,23.38,0.0,STANDBY,-10.61
2025-01-27 22:00:00,0.048,21.3,2.2,48.0,0.0,22.59,21.91,0.0,STANDBY,-1.92
2025-01-27 23:00:00,0.073,19.4,2.38,51.0,0.0,19.12,19.64,0.0,STANDBY,-1.66
2025-01-28 00:00:00,0.041,19.9,1.6,47.0,0.0,21.52,20.67,0.0,STANDBY,-2.3
2025-01-28 01:00:00,0.033,18.6,1.96,50.0,0.0,20.17,20.13,0.0,STANDBY,-7.56
2025-01-28 02:00:00,0.033,16.7,1.94,47.0,0.0,17.91,18.88,0.0,STANDBY,-1.87
2025-01-28 03:00:00,0.034,17.1,1.95,50.0,0.0,18.87,18.68,0.0,STANDBY,0.0
2025-01-28 04:00:00,0.046,17.8,2.05,53.0,0.0,18.74,19.28,0.0,STANDBY,-6.29
2025-01-28 05:00:00,0.033,19.0,2.76,49.0,0.0,19.46,20.06,0.0, STANDBY ,-7.1
2025-01-28 06:00:00,0.033,19.9,2.76,45.0,6.9,20.07,21.31,0.0,STANDBY,-11.24
2025-01-28 07:00:00,0.037,21.8,2.22,46.0,118.5,25.41,22.05,0.0,run,1048.2
2025-01-28 08:00:00,0.109,24.1,2.15,42.0,362.8,33.39,24.73,0.0,RUN,3539.33
2025-01-28 09:00:00,0.1,25.4,2.62,36.0,595.0,40.8,25.49,0.0,RUN,5956.68
2025-01-28 10:00:00,0.071,27.0,3.31,36.0,764.7,48.07,27.94,0.0,RUN,7868.91
2025-01-28 11:00:00,0.07,28.9,3.11,35.0,919.6,50.09,29.67,0.0,RUN,8949.7
2025-01-28 12:00:00,0.066,29.9,3.24,31.0,974.2,51.87,31.06,0.0,,9329.64
2025-01-28 13:00:00,0.055,31.3,2.86,28.0,959.8,52.68,32.58,0.0,RUN,8927.75
2025-01-28 14:00:00,0.091,32.0,2.54,32.0,800.1,51.0,32.89,0.0,RUN,7932.8
2025-01-28 15:00:00,0.129,32.8,2.42,29.0,612.2,46.13,33.55,0.0,RUN,6114.24
2025-01-28 16:00:00,0.124,32.3,2.47,29.0,394.1,40.04,32.78,0.0,RUN,3750.16
2025-01-28 17:00:00,0.14,30.9,2.57,31.0,133.0,34.26,31.96,0.0,RUN,1159.86
2025-01-28 18:00:00,0.126,29.5,2.73,34.0,2.1,32.51,30.88,0.0,STANDBY,34.75
2025-01-28 19:00:00,0.105,28.3,2.72,35.0,0.0,29.62,30.16,0.0,STANDBY,-8.61
2025-01-28 20:00:00,0.238,26.1,2.56,40.0,0.0,27.14,28.01,0.0,STANDBY,0.0
2025-01-28 21:00:00,0.225,24.2,2.12,42.0,0.0,25.18,24.12,0.0,STANDBY,-1.71
2025-01-28 22:00:00,0.061,22.1,1.76,47.0,0.0,25.22,24.49,0.0,STANDBY,0.0
2025-01-28 23:00:00,0.151,20.5,2.1,49.0,0.0,22.79,22.0,0.0,STANDBY,-9.01
2025-01-29 00:00:00,0.078,17.7,2.73,51.0,0.0,19.41,19.84,0.0,standby,0.0
2025-01-29 01:00:00,0.08,17.0,2.73,49.0,0.0,18.38,18.68,0.0,STANDBY,0.0
2025-01-29 02:00:00,0.122,16.5,2.97,48.0,0.0,18.26,16.95,0.0,STANDBY,0.0
2025-01-29 03:00:00,0.109,15.9,2.22,49.0,0.0,17.28,17.62,0.0,STANDBY,0.0
2025-01-29 04:00:00,0.129,16.9,1.93,50.0,0.0,17.69,17.7,0.0,standby,-8.33
2025-01-29 05:00:00,0.096,17.5,1.84,47.0,0.0,18.37,18.27,0.0,STANDBY,-8.18
2025-01-29 06:00:00,0.075,18.6,1.75,46.0,3.0,20.29,19.62,0.0,STANDBY,3.71
2025-01-29 07:00:00,0.08,20.5,1.96,44.0,116.7,24.36,21.13,0.0,RUN,1001.06
2025-01-29 08:00:00,0.179,22.9,2.12,44.0,346.0,30.54,22.62,0.0, RUN ,3644.05
2025-01-29 09:00:00,0.12,24.6,2.02,40.0,586.7,40.17,25.26,0.0,RUN,6050.97
2025-01-29 10:00:00,0.162,26.0,1.91,36.0,777.0,45.14,26.73,0.0,RUN,7972.28
2025-01-29 11:00:00,0.174,27.8,2.13,34.0,909.0,47.77,27.89,0.0,RUN,9065.94
2025-01-29 12:00:00,0.109,28.8,2.07,33.0,947.5,49.6,28.91,0.0,RUN,9526.58
2025-01-29 13:00:00,0.037,29.6,2.07,32.0,946.6,50.05,31.07,0.0,RUN,9106.23
2025-01-29 14:00:00,0.058,29.8,2.31,28.0,807.4,48.13,30.35,0.0,RUN,7978.55
2025-01-29 15:00:00,0.126,30.0,2.88,33.0,612.2,44.78,31.44,0.0,RUN,6233.67
2025-01-29 16:00:00,0.097,29.7,3.03,35.0,373.6,37.67,31.42,0.0,,3842.23
2025-01-29 17:00:00,0.133,28.8,2.43,35.0,134.2,34.47,30.08,0.0,run,1230.64
2025-01-29 18:00:00,0.122,27.8,2.25,39.0,5.4,29.84,29.8,0.0,STANDBY,-999.0
2025-01-29 19:00:00,0.125,26.2,2.48,39.0,0.0,27.92,28.0,0.0,STANDBY,-4.39
2025-01-29 20:00:00,0.062,24.1,2.19,40.0,0.0,25.29,25.98,0.0,standby,0.0
2025-01-29 21:00:00,0.063,22.6,2.33,39.0,0.0,25.47,24.52,0.0,STANDBY,0.0
2025-01-29 22:00:00,0.064,21.1,2.49,47.0,0.0,21.42,22.1,0.0,STANDBY,0.0
2025-01-29 23:00:00,0.082,19.4,2.73,46.0,0.0,19.41,20.47,0.0,STANDBY,0.0
2025-01-30 00:00:00,0.055,19.5,3.75,50.0,0.0,18.05,20.98,0.0,STANDBY,-10.36
2025-01-30 01:00:00,0.088,18.8,2.91,55.0,0.0,18.41,18.7,0.0,STANDBY,0.0
2025-01-30 02:00:00,0.076,18.9,3.35,55.0,0.0,19.42,17.98,0.0,STANDBY,0.0
2025-01-30 03:00:00,0.064,18.7,3.67,54.0,0.0,17.42,18.37,0.0,STANDBY,-5.09
2025-01-30 04:00:00,0.053,19.6,3.17,52.0,0.0,17.09,18.12,0.0,STANDBY,-7.53
2025-01-30 05:00:00,0.087,20.5,3.33,54.0,0.0,18.32,18.82,0.0,STANDBY,0.0
30-01-2025 06:00,0.161,22.8,3.68,55.0,0.0,19.54,20.89,0.0,STANDBY,43.23
2025-01-30 07:00:00,0.093,24.2,3.73,49.0,115.6,24.04,21.7,0.0,RUN,981.38
2025-01-30 08:00:00,0.105,25.7,4.0,46.0,337.9,32.62,23.78,0.0,RUN,3512.71
2025-01-30 09:00:00,0.187,27.3,4.63,47.0,577.2,38.72,24.81,0.0,RUN,5946.95
2025-01-30 10:00:00,0.153,29.3,6.23,43.0,763.9,42.72,27.01,0.0,run,7826.21
2025-01-30 11:00:00,0.088,30.7,4.95,38.0,919.0,47.84,29.06,0.0,RUN,9049.26
2025-01-30 12:00:00,0.061,32.6,5.39,33.0,960.8,49.28,29.99,0.0,RUN,9433.87
2025-01-30 13:00:00,0.069,33.2,5.84,33.0,909.9,47.86,30.86,0.0,RUN,9153.92
2025-01-30 14:00:00,0.092,33.8,5.54,34.0,781.3,47.07,32.11,0.0,RUN,8028.61
2025-01-30 15:00:00,0.076,33.9,5.71,29.0,607.3,43.42,32.26,0.0,RUN,6217.89
2025-01-30 16:00:00,0.083,33.0,5.52,30.0,391.1,39.97,31.93,0.0,RUN,3879.8
2025-01-30 17:00:00,0.101,31.8,5.37,31.0,144.2,33.23,30.85,0.0,RUN,1228.5
2025-01-30 18:00:00,0.173,30.2,5.74,36.0,4.7,29.89,29.54,0.0,,34.53
2025-01-30 19:00:00,0.137,28.4,5.4,37.0,0.0,27.8,27.97,0.0, STANDBY ,-8.02
2025-01-30 20:00:00,0.092,27.5,3.99,39.0,0.0,27.93,26.67,0.0,STANDBY,0.0
2025-01-30 21:00:00,0.105,25.9,3.9,40.0,0.0,24.41,24.95,0.0,STANDBY,-4.15
2025-01-30 22:00:00,0.112,23.7,3.5,45.0,0.0,22.8,22.51,0.0,STANDBY,-8.97
2025-01-30 23:00:00,0.06,22.3,3.33,46.0,0.0,22.2,21.87,0.0,STANDBY,-3.96
2025-01-31 00:00:00,0.086,19.1,1.83,55.0,0.0,19.01,19.06,0.0,STANDBY,0.0
2025-01-31 01:00:00,0.098,18.5,2.01,58.0,0.0,17.52,17.5,0.0,STANDBY,-8.6
2025-01-31 02:00:00,0.188,16.9,1.8,66.0,0.0,16.04,16.58,0.0,STANDBY,-6.83
2025-01-31 03:00:00,0.261,16.6,1.8,65.0,0.0,17.26,17.63,0.0,STANDBY,0.0
2025-01-31 04:00:00,0.203,16.4,1.74,65.0,0.0,16.84,16.96,0.0,STANDBY,-9.85
2025-01-31 05:00:00,0.097,17.7,1.96,62.0,0.0,17.76,17.59,0.0,STANDBY,-8.76
2025-01-31 06:00:00,0.127,19.4,1.76,62.0,0.0,18.62,18.42,0.0,STANDBY,55.45
2025-01-31 07:00:00,0.206,20.8,1.82,64.0,110.7,22.33,21.02,0.0, RUN ,962.05
2025-01-31 08:00:00,0.235,22.5,2.09,61.0,351.6,30.36,21.39,0.0,RUN,3498.08
2025-01-31 09:00:00,0.236,24.0,1.86,56.0,583.3,36.71,24.26,0.0,RUN,5942.42
2025-01-31 10:00:00,0.137,25.7,2.31,51.0,797.9,43.49,26.08,0.0,RUN,7919.64
2025-01-31 11:00:00,0.101,27.1,2.19,47.0,914.1,47.52,28.11,0.0,RUN,9051.53
2025-01-31 12:00:00,0.142,29.1,2.72,40.0,964.1,48.82,28.51,0.0,RUN,9473.32
2025-01-31 13:00:00,0.201,29.9,2.78,37.0,889.2,48.24,29.31,0.0,RUN,9053.14
2025-01-31 14:00:00,0.265,30.7,2.79,37.0,799.8,46.85,30.75,0.0,RUN,7842.62
2025-01-31 15:00:00,0.152,31.6,2.61,34.0,634.6,44.0,31.16,0.0,,6241.23
2025-01-31 16:00:00,0.098,30.9,2.96,35.0,392.7,39.13,31.47,0.0,RUN,3856.73
2025-01-31 17:00:00,0.156,30.1,2.86,34.0,140.9,33.14,30.89,0.0,RUN,1241.85
2025-01-31 18:00:00,0.198,28.8,2.83,38.0,3.7,28.79,29.08,0.0,RUN,0.0
2025-01-31 19:00:00,0.281,27.1,2.6,42.0,0.0,26.24,27.75,0.0,STANDBY,-8.5
2025-01-31 20:00:00,0.35,25.6,2.35,49.0,0.0,24.78,26.31,0.0,,0.0
2025-01-31 21:00:00,0.251,24.1,1.87,49.0,0.0,23.87,23.59,0.0,standby,-2.25
2025-01-31 22:00:00,0.249,22.4,1.89,51.0,0.0,22.18,21.65,0.0,STANDBY,-5.37
2025-01-31 23:00:00,0.218,19.9,1.98,57.0,0.0,20.18,20.18,0.0,STANDBY,0.0
2025-02-01 00:00:00,0.242,15.3,2.07,52.0,0.0,18.13,17.07,0.0,STANDBY,-4.63
2025-02-01 01:00:00,0.277,14.9,2.35,52.0,0.0,15.95,16.25,0.0,STANDBY,-8.35
2025-02-01 02:00:00,0.349,14.6,2.74,52.0,0.0,14.6,14.79,0.0,STANDBY,-8.08
2025-02-01 03:00:00,0.257,15.3,2.49,49.0,0.0,14.57,14.71,0.0,STANDBY,0.0
2025-02-01 04:00:00,0.187,15.3,2.75,47.0,0.0,14.62,16.07,0.0,STANDBY,0.0
2025-02-01 05:00:00,0.19,16.0,3.31,43.0,0.0,16.41,16.3,0.0,STANDBY,0.0
2025-02-01 06:00:00,0.109,16.9,2.78,43.0,2.8,17.03,17.46,0.0,STANDBY,0.0
2025-02-01 07:00:00,0.066,18.8,2.4,35.0,113.7,22.74,18.34,0.0,RUN,1056.84
2025-02-01 08:00:00,0.156,20.7,2.77,35.0,363.6,28.61,21.18,0.0,RUN,3564.04
2025-02-01 09:00:00,0.111,22.1,2.68,32.0,616.0,35.28,22.81,0.0,RUN,6109.32
2025-02-01 10:00:00,0.136,23.7,2.74,26.0,760.6,39.16,23.96,0.0,RUN,7964.55
2025-02-01 11:00:00,0.255,25.3,2.15,28.0,873.4,44.04,25.31,0.0,RUN,9023.5
2025-02-01 12:00:00,0.174,26.4,2.87,26.0,925.1,45.69,27.43,0.0,RUN,9602.02
2025-02-01 13:00:00,0.217,27.3,3.66,23.0,908.7,46.49,27.74,0.0,RUN,9166.77
2025-02-01 14:00:00,0.212,27.5,3.54,20.0,804.7,45.17,28.11,0.0,RUN,8041.19
2025-02-01 15:00:00,0.278,27.8,3.64,22.0,632.5,43.14,29.94,0.0,RUN,6267.51
2025-02-01 16:00:00,0.175,27.5,3.72,22.0,398.4,37.49,29.17,0.0,RUN,3805.91
2025-02-01 17:00:00,0.162,27.2,2.87,23.0,145.0,29.93,28.84,0.0,RUN,1330.11
2025-02-01 18:00:00,0.045,26.4,3.13,23.0,1.7,27.59,27.33,0.0,RUN,0.0
2025-02-01 19:00:00,0.073,24.0,2.85,28.0,0.0,24.4,26.58,0.0,STANDBY,-5.74
2025-02-01 20:00:00,0.057,22.3,2.66,32.0,0.0,23.45,23.96,0.0,STANDBY,0.0
2025-02-01 21:00:00,0.097,20.9,2.63,36.0,0.0,21.91,22.04,0.0,STANDBY,0.0
2025-02-01 22:00:00,0.146,18.8,2.77,42.0,0.0,21.24,20.7,0.0, standby ,-4.85
2025-02-01 23:00:00,0.11,17.2,2.81,42.0,0.0,18.94,17.81,0.0,STANDBY,-4.82
2025-02-02 00:00:00,0.177,16.6,3.43,52.0,0.0,16.92,16.32,0.0,STANDBY,0.0
2025-02-02 01:00:00,0.282,16.0,2.76,54.0,0.0,15.65,15.02,0.0,STANDBY,-6.96
2025-02-02 02:00:00,0.214,15.0,2.86,52.0,0.0,14.88,14.32,0.0,STANDBY,0.0
2025-02-02 03:00:00,0.199,15.1,3.05,54.0,0.0,14.16,14.74,0.0, STANDBY ,-11.11
2025-02-02 04:00:00,0.248,15.7,3.95,52.0,0.0,14.59,15.22,0.0,STANDBY,-6.77
2025-02-02 05:00:00,0.285,15.8,3.87,52.0,0.0,-999.0,16.32,0.0,STANDBY,-6.7
2025-02-02 06:00:00,0.209,17.7,3.4,51.0,4.4,16.26,17.15,0.0,STANDBY,64.57
2025-02-02 08:00:00,0.2,20.8,3.31,42.0,343.9,27.55,20.04,0.0,RUN,3464.36
2025-02-02 09:00:00,0.188,22.8,3.78,38.0,575.6,34.87,22.01,0.0,RUN,5931.34
2025-02-02 10:00:00,0.237,24.1,3.62,35.0,763.1,40.69,23.6,0.0,RUN,7737.98
2025-02-02 11:00:00,0.237,26.1,4.44,33.0,906.3,43.75,25.44,0.0,RUN,9067.18
2025-02-02 12:00:00,0.169,27.7,4.25,28.0,9999.0,45.62,26.85,0.0,RUN,9473.45
2025-02-02 13:00:00,0.069,28.9,4.85,25.0,905.2,46.15,27.63,0.0,RUN,9212.36
2025-02-02 14:00:00,0.104,28.9,4.46,25.0,798.6,44.69,28.19,0.0,RUN,8168.39
2025-02-02 15:00:00,0.129,29.3,4.0,28.0,634.1,40.56,28.09,0.0,RUN,6306.57
2025-02-02 16:00:00,0.221,29.1,3.69,30.0,388.1,36.85,28.68,0.0,RUN,3817.16
2025-02-02 17:00:00,0.259,28.9,4.26,34.0,139.0,31.03,27.67,0.0,RUN,1247.06
2025-02-02 18:00:00,0.341,27.5,4.29,35.0,5.7,24.56,25.94,0.0,RUN,65.95
2025-02-02 19:00:00,0.281,25.6,3.95,36.0,0.0,25.93,24.71,0.0,STANDBY,-10.19
2025-02-02 20:00:00,0.275,23.2,4.14,39.0,0.0,23.52,23.64,0.0,STANDBY,-999.0
2025-02-02 21:00:00,0.325,22.1,3.61,44.0,0.0,22.92,21.62,0.0,STANDBY,-9.51
2025-02-02 22:00:00,0.416,20.3,3.04,45.0,0.0,20.2,20.22,0.0,STANDBY,0.0
2025-02-02 23:00:00,0.4,18.8,3.25,47.0,0.0,18.3,18.83,0.0,STANDBY,-5.71
2025-02-03 00:00:00,0.559,16.8,1.91,55.0,0.0,17.42,17.92,0.0,STANDBY,0.0
2025-02-03 01:00:00,0.593,15.6,2.1,58.0,0.0,18.42,16.03,0.0,STANDBY,-1.74
2025-02-03 02:00:00,0.491,15.1,2.16,57.0,0.0,16.05,16.02,0.0,STANDBY,-9.78
2025-02-03 03:00:00,0.509,15.0,1.99,57.0,0.0,14.64,15.63,0.0,STANDBY,0.0
2025-02-03 04:00:00,0.629,15.8,2.15,59.0,0.0,14.85,15.72,0.0,STANDBY,0.0
2025-02-03 05:00:00,0.613,16.5,2.57,57.0,0.0,17.25,17.51,0.0,STANDBY,0.0
2025-02-03 06:00:00,0.396,16.8,2.85,57.0,4.6,18.32,18.56,0.0,STANDBY,28.13
2025-02-03 07:00:00,0.501,18.3,3.06,50.0,109.3,22.74,19.43,0.0,RUN,1046.86
2025-02-03 08:00:00,0.439,19.9,2.57,46.0,353.9,31.26,21.26,0.0,run,3521.11
2025-02-03 09:00:00,0.389,21.5,2.6,43.0,577.1,37.74,23.47,0.0,run,5901.23
2025-02-03 10:00:00,0.401,23.4,3.19,35.0,773.2,45.51,24.49,0.0,RUN,7893.58
2025-02-03 11:00:00,0.236,25.2,2.97,31.0,921.2,47.74,25.95,0.0,RUN,9033.93
2025-02-03 12:00:00,0.407,26.8,3.37,32.0,955.1,50.67,27.22,0.0,run,9315.03
2025-02-03 13:00:00,0.349,27.5,3.19,31.0,934.8,51.0,28.83,0.0,RUN,9101.88
2025-02-03 14:00:00,0.473,27.6,2.91,31.0,809.4,48.02,29.36,0.0,RUN,7600.7
2025-02-03 15:00:00,0.448,27.9,3.33,30.0,589.0,42.25,29.63,0.0,RUN,5994.59
2025-02-03 16:00:00,0.355,28.1,3.21,31.0,406.8,39.92,29.79,0.0,RUN,3826.47
2025-02-03 17:00:00,0.385,28.0,2.98,30.0,148.7,33.03,28.96,0.0,RUN,1342.81
2025-02-03 18:00:00,0.386,27.4,2.71,35.0,11.4,26.86,27.78,0.0,RUN,89.3
2025-02-03 19:00:00,0.325,26.8,2.82,40.0,0.0,26.92,26.35,0.0,STANDBY,0.0
2025-02-03 20:00:00,0.391,24.4,2.4,43.0,0.0,24.49,25.25,0.0,STANDBY,-9.33
2025-02-03 21:00:00,0.352,23.2,2.19,41.0,0.0,23.22,22.96,0.0,STANDBY,0.0
2025-02-03 22:00:00,0.268,21.3,2.45,44.0,0.0,20.7,20.54,0.0,STANDBY,0.0
2025-02-03 23:00:00,0.278,19.5,1.99,49.0,0.0,20.74,19.62,0.0,standby,-11.48
2025-02-04 00:00:00,0.478,19.1,2.5,55.0,0.0,17.53,18.16,0.0,STANDBY,-9.53
2025-02-04 01:00:00,0.419,17.7,2.27,56.0,0.0,17.76,17.56,0.0,STANDBY,-10.81
04-02-2025 02:00,0.447,16.5,1.65,56.0,0.0,18.16,16.83,0.0,STANDBY,-8.92
2025-02-04 03:00:00,0.626,16.2,1.79,60.0,0.0,16.88,17.07,0.0,STANDBY,0.0
2025-02-04 04:00:00,0.521,16.0,2.45,57.0,0.0,17.16,16.58,0.0, STANDBY ,-11.14
2025-02-04 05:00:00,0.233,16.5,2.85,55.0,0.0,17.52,17.55,0.0,STANDBY,-9.88
2025-02-04 06:00:00,0.302,17.3,2.58,52.0,3.3,19.55,18.85,0.0,STANDBY,0.0
2025-02-04 07:00:00,0.152,19.2,2.57,47.0,120.4,23.51,20.65,0.0,RUN,1030.2
04-02-2025 08:00,0.228,21.4,2.58,42.0,360.5,29.79,22.17,0.0,RUN,3557.26
2025-02-04 09:00:00,0.388,23.9,2.22,44.0,598.0,37.56,24.33,0.0,RUN,5904.3
2025-02-04 10:00:00,0.359,25.9,2.37,43.0,761.0,43.12,25.15,0.0,RUN,7740.36
2025-02-04 11:00:00,0.477,27.4,3.18,44.0,850.9,44.12,26.69,0.0,RUN,8175.03
2025-02-04 12:00:00,0.45,29.0,3.02,40.0,824.8,46.01,28.33,0.0,RUN,-999.0
2025-02-04 13:00:00,0.509,29.5,3.63,41.0,795.9,45.43,29.53,0.0,RUN,7878.28
2025-02-04 14:00:00,0.685,29.3,4.23,36.0,617.6,43.49,30.23,0.0,RUN,6505.66
2025-02-04 15:00:00,0.756,29.4,3.31,38.0,457.6,38.69,30.12,0.0, RUN ,4600.98
2025-02-04 16:00:00,0.76,28.8,2.94,40.0,276.9,34.87,29.32,0.0,RUN,2805.44
2025-02-04 17:00:00,0.714,28.0,2.66,40.0,108.6,31.23,29.01,0.0,RUN,935.38
2025-02-04 18:00:00,0.579,27.0,2.65,43.0,8.8,28.63,28.34,0.0,RUN,23.18
2025-02-04 19:00:00,0.43,25.7,2.85,41.0,0.0,27.46,27.5,0.0,STANDBY,-10.77
2025-02-04 20:00:00,0.416,24.2,2.64,46.0,0.0,25.03,25.11,0.0,STANDBY,0.0
2025-02-04 21:00:00,0.531,22.1,2.88,45.0,0.0,25.13,23.88,0.0,STANDBY,-5.42
2025-02-04 22:00:00,0.567,20.4,2.72,47.0,0.0,20.4,21.82,0.0,STANDBY,-2.23
2025-02-04 23:00:00,0.694,18.1,2.76,50.0,0.0,20.17,20.09,0.0,STANDBY,0.0
2025-02-05 00:00:00,0.426,18.2,2.27,52.0,0.0,18.36,18.72,0.0,STANDBY,0.0
2025-02-05 04:00:00,0.412,16.9,2.3,56.0,0.0,17.57,17.76,0.0,STANDBY,-6.82
2025-02-05 05:00:00,0.277,17.8,2.04,54.0,0.0,17.38,18.24,0.0,STANDBY,0.0
2025-02-05 06:00:00,0.5,19.5,2.84,51.0,3.9,19.87,19.17,0.0,STANDBY,24.79
2025-02-05 07:00:00,0.492,20.9,2.77,49.0,101.7,22.32,20.58,0.0,run,921.18
2025-02-05 08:00:00,0.495,22.2,2.88,47.0,299.2,29.74,22.9,0.0,RUN,3043.28
2025-02-05 09:00:00,0.425,24.2,3.34,40.0,539.9,40.22,25.21,0.0,RUN,5565.11
2025-02-05 10:00:00,0.22,25.3,3.62,38.0,785.9,44.8,26.01,0.0,run,7807.55
2025-02-05 11:00:00,0.289,26.7,3.59,35.0,871.5,49.24,27.29,0.0,RUN,8825.34
2025-02-05 12:00:00,0.204,28.5,4.29,33.0,983.0,51.63,28.65,0.0,RUN,9407.66
2025-02-05 13:00:00,0.375,29.5,3.8,36.0,873.8,49.91,28.94,0.0,run,8468.7
05-02-2025 14:00,0.411,30.4,4.33,36.0,740.9,45.85,30.17,0.0,RUN,7256.11
2025-02-05 15:00:00,0.306,31.3,3.61,34.0,601.0,45.0,30.68,0.0,RUN,5876.99
2025-02-05 16:00:00,0.448,31.2,3.84,39.0,359.1,37.92,29.75,0.0,RUN,3485.1
2025-02-05 17:00:00,0.371,30.7,3.19,42.0,127.2,33.06,29.84,0.0,RUN,1160.23
2025-02-05 18:00:00,0.25,29.8,2.8,42.0,9.9,29.65,29.41,0.0,RUN,5.92
2025-02-05 19:00:00,0.294,28.6,2.49,43.0,0.0,27.24,27.81,0.0,STANDBY,-3.94
2025-02-05 20:00:00,0.182,26.2,2.02,43.0,0.0,24.78,26.52,0.0,STANDBY,-1.64
2025-02-05 21:00:00,0.26,24.8,1.87,48.0,0.0,23.81,24.38,0.0,,-4.47
2025-02-05 22:00:00,0.341,22.7,2.21,51.0,0.0,22.38,22.44,0.0,STANDBY,-4.39
2025-02-05 23:00:00,0.422,21.4,2.14,56.0,0.0,21.07,20.03,0.0,standby,-7.17
2025-02-06 00:00:00,0.255,19.9,2.06,60.0,0.0,18.56,18.73,0.0,STANDBY,-4.49
06-02-2025 01:00,0.341,19.0,2.47,63.0,0.0,18.51,18.21,0.0,STANDBY,0.0
2025-02-06 02:00:00,0.435,18.2,2.36,62.0,0.0,16.1,17.6,0.0,STANDBY,-10.66
2025-02-06 03:00:00,0.347,18.3,2.28,61.0,0.0,16.69,17.04,0.0,standby,-8.18
2025-02-06 04:00:00,0.258,18.6,2.14,62.0,0.0,18.15,17.07,0.0, standby ,0.0
2025-02-06 05:00:00,0.141,19.9,2.65,57.0,0.0,17.98,19.06,0.0,STANDBY,-10.65
2025-02-06 05:00:00,0.141,19.9,2.65,57.0,0.0,17.98,19.06,0.0,STANDBY,-11.18
2025-02-06 06:00:00,0.201,21.4,2.33,54.0,3.8,18.43,19.62,0.0,STANDBY,15.3
2025-02-06 07:00:00,0.269,22.8,2.72,55.0,114.8,23.75,20.72,0.0, run ,1028.77
2025-02-06 08:00:00,0.319,24.8,2.8,53.0,330.2,30.9,23.1,0.0,RUN,3280.83
2025-02-06 09:00:00,0.356,26.3,2.78,51.0,536.5,36.17,24.62,0.0,RUN,5331.88
2025-02-06 10:00:00,0.299,27.0,2.92,49.0,758.4,43.55,26.09,0.0,RUN,7624.46
2025-02-06 11:00:00,0.348,28.2,3.03,45.0,835.4,45.06,27.37,0.0,run,8392.9
2025-02-06 12:00:00,0.395,29.4,3.22,46.0,849.2,47.54,29.69,0.0,RUN,8527.92
2025-02-06 13:00:00,0.19,30.8,3.88,42.0,888.3,48.36,29.92,0.0,RUN,9007.01
2025-02-06 14:00:00,0.18,31.3,3.78,39.0,786.8,48.1,30.9,0.0,RUN,8048.62
2025-02-06 15:00:00,0.216,31.2,3.6,38.0,656.7,45.78,31.59,0.0,RUN,6216.68
06-02-2025 16:00,0.144,31.2,3.67,37.0,403.7,39.21,31.65,0.0,RUN,3915.54
2025-02-06 17:00:00,0.207,30.2,4.2,41.0,148.2,33.95,30.13,0.0,RUN,1308.7
2025-02-06 18:00:00,0.183,28.8,3.13,42.0,7.1,28.87,28.53,0.0,RUN,104.95
2025-02-06 19:00:00,0.191,27.5,3.58,46.0,0.0,27.13,27.87,0.0,standby,0.0
2025-02-06 20:00:00,0.289,25.9,3.39,46.0,0.0,25.27,26.13,0.0,STANDBY,-7.99
2025-02-06 21:00:00,0.216,24.2,3.44,47.0,0.0,24.19,24.24,0.0,STANDBY,-9.19
2025-02-06 22:00:00,0.252,22.7,3.57,50.0,0.0,21.84,22.54,0.0,STANDBY,0.0
06-02-2025 23:00,0.261,20.6,3.0,55.0,0.0,19.93,21.26,0.0,STANDBY,0.0
2025-02-07 00:00:00,0.259,16.4,3.91,54.0,0.0,18.01,18.91,0.0, STANDBY ,0.0
2025-02-07 01:00:00,0.387,15.6,3.96,57.0,0.0,16.5,17.74,0.0,STANDBY,-8.44
2025-02-07 02:00:00,0.365,15.7,4.15,60.0,0.0,17.94,16.3,0.0,STANDBY,-10.89
07-02-2025 03:00,0.363,15.7,3.77,60.0,0.0,16.39,17.11,0.0,,0.0
2025-02-07 04:00:00,0.407,15.8,3.68,58.0,0.0,17.03,17.7,0.0,STANDBY,-3.74
2025-02-07 05:00:00,0.268,16.7,3.51,56.0,0.0,18.91,18.46,0.0,STANDBY,-4.55
2025-02-07 06:00:00,0.304,17.6,3.09,52.0,0.0,20.2,19.3,0.0,STANDBY,23.59
2025-02-07 07:00:00,0.252,19.4,3.54,48.0,113.5,23.43,20.69,0.0,RUN,982.68
2025-02-07 08:00:00,0.204,21.3,2.29,42.0,356.3,30.74,22.37,0.0,RUN,3590.58
07-02-2025 09:00,0.155,23.1,2.89,38.0,586.6,37.31,23.66,0.0,RUN,6199.09
2025-02-07 10:00:00,0.121,25.1,3.23,35.0,798.6,43.02,26.41,0.0,RUN,8003.38
2025-02-07 11:00:00,0.213,26.7,3.73,33.0,926.9,45.76,27.3,0.0,RUN,9160.66
2025-02-07 12:00:00,0.289,27.5,4.16,31.0,924.1,48.79,29.07,0.0,RUN,9563.43
2025-02-07 13:00:00,0.229,28.6,4.18,32.0,893.1,47.27,30.61,0.0,RUN,9209.13
2025-02-07 14:00:00,0.237,29.1,4.79,30.0,766.7,46.3,30.39,0.0,RUN,7938.65
2025-02-07 15:00:00,0.1,29.4,4.35,27.0,671.2,45.08,30.7,0.0,RUN,6334.06
2025-02-07 16:00:00,0.118,28.9,4.16,26.0,413.4,40.07,30.34,0.0,RUN,3973.86
07-02-2025 17:00,0.127,28.0,3.8,27.0,157.2,33.14,30.05,0.0,RUN,1396.71
2025-02-07 18:00:00,0.217,27.0,3.8,32.0,12.0,28.08,29.79,0.0, RUN ,0.0
2025-02-07 19:00:00,0.25,25.5,3.83,34.0,0.0,28.37,27.24,0.0,standby,-2.38
2025-02-07 20:00:00,0.135,24.1,3.79,37.0,0.0,24.99,25.96,0.0, STANDBY ,-7.95
2025-02-07 21:00:00,0.118,22.0,3.42,40.0,0.0,22.59,23.59,0.0,STANDBY,-9.71
2025-02-07 22:00:00,0.102,20.8,3.43,46.0,0.0,19.66,21.75,0.0,STANDBY,0.0
2025-02-07 23:00:00,0.332,19.7,2.94,48.0,0.0,21.68,20.1,0.0,STANDBY,0.0
2025-02-08 00:00:00,0.146,18.2,2.53,51.0,0.0,19.06,19.82,0.0,STANDBY,0.0
2025-02-08 01:00:00,0.117,17.2,2.57,53.0,0.0,18.45,18.64,0.0,STANDBY,-7.35
2025-02-08 02:00:00,0.24,15.9,2.63,56.0,0.0,16.27,17.58,0.0,STANDBY,0.0
08-02-2025 03:00,0.15,15.4,3.08,54.0,0.0,16.67,17.44,0.0,STANDBY,0.0
2025-02-08 04:00:00,0.232,16.2,2.8,57.0,0.0,17.14,17.47,0.0,STANDBY,0.0
2025-02-08 05:00:00,0.143,16.8,2.84,51.0,0.0,18.96,18.89,0.0,STANDBY,-7.49
2025-02-08 06:00:00,0.093,17.9,3.04,48.0,0.0,21.57,19.41,0.0,STANDBY,36.99
2025-02-08 07:00:00,0.049,19.8,3.09,43.0,117.7,24.74,20.95,0.0,RUN,1010.24
2025-02-08 08:00:00,0.057,21.1,3.44,39.0,370.4,32.96,22.7,0.0,RUN,3642.29
2025-02-08 09:00:00,0.108,23.4,2.9,42.0,588.0,38.08,24.61,0.0,RUN,5984.57
2025-02-08 10:00:00,0.184,25.5,2.5,40.0,765.0,44.52,25.58,0.0,RUN,7752.21
2025-02-08 11:00:00,0.152,27.0,2.83,37.0,910.9,47.52,28.39,0.0,run,8972.58
2025-02-08 12:00:00,0.147,28.1,2.65,34.0,963.2,48.06,29.87,0.0,RUN,9414.86
2025-02-08 13:00:00,0.132,29.9,2.65,36.0,913.8,50.08,30.4,0.0,RUN,9081.58
2025-02-08 14:00:00,0.091,30.7,2.84,33.0,834.0,47.42,31.09,0.0,RUN,8077.94
2025-02-08 15:00:00,0.048,30.7,3.45,32.0,643.5,45.5,31.61,0.0,RUN,6339.27
2025-02-08 16:00:00,0.054,30.1,3.0,34.0,412.2,40.59,31.1,0.0,RUN,3950.91
2025-02-08 17:00:00,0.037,29.4,3.48,31.0,157.9,32.48,30.91,0.0,RUN,1416.48
2025-02-08 18:00:00,0.152,27.5,3.25,38.0,8.3,28.95,29.27,0.0,RUN,93.79
2025-02-08 19:00:00,0.112,26.4,3.29,40.0,0.0,29.08,27.53,0.0,STANDBY,0.0
2025-02-08 20:00:00,0.047,25.2,3.3,41.0,0.0,27.32,26.16,0.0,STANDBY,0.0
2025-02-08 21:00:00,0.052,22.5,2.72,46.0,0.0,25.05,24.57,0.0,STANDBY,0.0
2025-02-08 22:00:00,0.075,20.7,2.67,50.0,0.0,21.43,23.22,0.0,STANDBY,0.0
2025-02-08 23:00:00,0.078,19.6,2.82,48.0,0.0,20.23,20.97,0.0,STANDBY,-1.81
2025-02-09 00:00:00,0.085,20.0,3.95,49.0,0.0,19.26,20.22,0.0,STANDBY,-2.82
2025-02-09 01:00:00,0.103,18.4,3.06,54.0,0.0,19.08,18.16,0.0, STANDBY ,0.0
2025-02-09 02:00:00,0.106,18.1,3.28,57.0,0.0,17.68,17.71,0.0,STANDBY,-5.22
2025-02-09 03:00:00,0.088,17.9,3.08,59.0,0.0,17.42,17.56,0.0,STANDBY,-8.71
2025-02-09 04:00:00,0.14,18.8,3.05,58.0,0.0,17.65,18.76,0.0,STANDBY,0.0
2025-02-09 05:00:00,0.108,19.2,2.92,54.0,0.0,19.57,18.23,0.0,STANDBY,-1.65
2025-02-09 06:00:00,0.077,20.7,2.78,51.0,5.0,21.71,19.85,0.0,STANDBY,21.59
2025-02-09 07:00:00,0.099,22.7,2.83,49.0,122.6,25.35,21.7,0.0,RUN,1057.56
2025-02-09 08:00:00,0.149,24.6,2.91,44.0,360.5,32.96,23.72,0.0,RUN,3612.41
2025-02-09 09:00:00,0.112,25.9,3.04,42.0,612.3,39.76,25.12,0.0,RUN,6066.13
2025-02-09 10:00:00,0.096,27.9,3.28,37.0,808.3,45.78,26.85,0.0,RUN,7922.05
2025-02-09 11:00:00,0.112,29.1,3.27,37.0,902.1,49.54,28.98,0.0,run,9082.83
2025-02-09 12:00:00,0.046,30.9,3.47,31.0,973.9,51.64,30.4,0.0,RUN,-999.0
2025-02-09 13:00:00,0.075,31.8,3.91,30.0,929.9,52.17,31.31,0.0,RUN,9155.21
2025-02-09 14:00:00,0.085,32.6,4.51,30.0,818.3,49.62,32.16,0.0,RUN,-999.0
2025-02-09 15:00:00,0.081,31.7,3.56,26.0,647.5,46.51,31.96,0.0,RUN,6335.82
2025-02-09 16:00:00,0.051,31.0,3.69,28.0,399.2,40.49,31.78,0.0,run,3969.22
2025-02-09 17:00:00,0.058,30.5,4.53,26.0,151.7,35.08,31.79,0.0,RUN,1386.07
2025-02-09 18:00:00,0.047,28.7,4.8,31.0,7.2,30.16,30.84,0.0,RUN,0.0
2025-02-09 19:00:00,0.047,27.7,3.69,31.0,0.0,28.92,28.41,0.0,STANDBY,0.0
2025-02-09 20:00:00,0.089,25.9,3.35,36.0,0.0,26.46,26.49,0.0,STANDBY,0.0
2025-02-09 21:00:00,0.145,24.4,3.2,41.0,0.0,25.64,24.96,0.0,STANDBY,-8.31
2025-02-09 22:00:00,0.114,23.0,2.73,36.0,0.0,23.73,24.15,0.0,STANDBY,-3.22
2025-02-09 23:00:00,0.148,21.5,2.61,44.0,0.0,21.15,21.22,0.0,STANDBY,0.0
2025-02-10 00:00:00,0.169,19.8,2.62,43.0,0.0,19.15,21.26,0.0,STANDBY,-8.53
2025-02-10 01:00:00,0.113,18.8,2.6,43.0,0.0,19.24,20.16,0.0,STANDBY,0.0
2025-02-10 02:00:00,0.06,17.8,2.49,44.0,0.0,19.22,18.88,0.0,STANDBY,0.0
2025-02-10 03:00:00,0.056,17.7,2.56,46.0,0.0,17.69,18.63,0.0,STANDBY,-10.62
2025-02-10 04:00:00,0.096,18.0,3.37,44.0,0.0,20.49,19.96,0.0,STANDBY,-11.38
2025-02-10 05:00:00,0.158,18.8,3.19,45.0,0.0,21.05,20.34,0.0,STANDBY,-3.32
2025-02-10 06:00:00,0.051,19.8,3.35,45.0,2.9,20.83,21.06,0.0,STANDBY,-999.0
2025-02-10 07:00:00,0.065,20.9,2.98,43.0,121.9,25.5,22.39,0.0,RUN,1076.37
2025-02-10 08:00:00,0.055,22.7,2.84,35.0,367.6,33.25,25.01,0.0,RUN,3566.83
2025-02-10 09:00:00,0.049,24.7,2.95,33.0,606.9,39.87,26.32,0.0,RUN,6093.89
2025-02-10 10:00:00,0.093,26.4,3.54,31.0,783.4,44.2,28.44,0.0,RUN,7924.62
2025-02-10 11:00:00,0.063,28.0,3.89,25.0,866.9,49.95,30.76,0.0,RUN,9150.68
2025-02-10 12:00:00,0.033,29.9,3.99,28.0,963.5,50.61,31.36,0.0,RUN,9479.34
2025-02-10 13:00:00,0.032,31.1,4.32,25.0,951.8,50.73,33.04,0.0,RUN,9231.63
2025-02-10 14:00:00,0.035,31.7,4.53,22.0,841.3,50.03,33.01,0.0,RUN,8099.9
2025-02-10 15:00:00,0.034,32.4,5.01,25.0,643.8,45.72,33.47,0.0,RUN,6293.51
2025-02-10 16:00:00,0.142,32.1,4.66,26.0,420.1,41.25,33.38,0.0,RUN,3922.25
2025-02-10 17:00:00,0.158,32.1,4.95,29.0,158.0,36.37,32.32,0.0,run,1397.47
2025-02-10 18:00:00,0.198,30.8,4.6,29.0,6.0,33.31,30.83,0.0,RUN,29.36
2025-02-10 19:00:00,0.192,28.7,4.1,31.0,0.0,30.65,29.74,0.0,STANDBY,-7.23
2025-02-10 20:00:00,0.181,27.3,3.77,33.0,0.0,26.74,27.85,0.0,STANDBY,-2.71
2025-02-10 21:00:00,0.263,26.2,4.52,36.0,0.0,27.9,25.24,0.0,STANDBY,-3.95
2025-02-10 22:00:00,0.205,24.2,3.85,36.0,0.0,25.24,24.64,0.0,STANDBY,-5.69
10-02-2025 23:00,0.082,22.2,3.35,39.0,0.0,23.87,22.33,0.0,STANDBY,-4.3
2025-02-11 00:00:00,0.078,22.0,2.41,39.0,0.0,21.72,21.16,0.0,standby,-4.37
2025-02-11 01:00:00,0.131,21.2,2.33,43.0,0.0,19.52,19.74,0.0,STANDBY,0.0
2025-02-11 02:00:00,0.166,20.0,2.52,47.0,0.0,18.73,19.74,0.0,STANDBY,-10.93
11-02-2025 03:00,0.104,19.3,2.55,45.0,0.0,17.69,18.75,0.0,,0.0
2025-02-11 04:00:00,0.097,19.5,2.66,50.0,0.0,18.54,19.12,0.0,STANDBY,0.0
2025-02-11 05:00:00,0.259,20.4,2.98,50.0,0.0,19.8,19.39,0.0,STANDBY,0.0
2025-02-11 06:00:00,0.166,21.1,2.39,41.0,1.2,20.26,21.58,0.0,STANDBY,-10.32
2025-02-11 07:00:00,0.158,22.7,2.62,40.0,117.6,25.09,22.72,0.0,RUN,1104.02
2025-02-11 07:00:00,0.158,22.7,2.62,40.0,117.6,25.09,22.72,0.0,RUN,1104.02
2025-02-11 08:00:00,0.185,24.7,2.31,38.0,370.9,32.54,24.33,0.0,RUN,3591.03
2025-02-11 09:00:00,0.14,26.4,2.49,35.0,610.2,39.65,27.56,0.0,RUN,6051.23
2025-02-11 10:00:00,0.094,28.3,2.43,32.0,820.0,43.03,28.52,0.0,RUN,7987.89
2025-02-11 11:00:00,0.082,30.5,2.77,30.0,915.3,48.41,30.69,0.0,RUN,9106.36
2025-02-11 12:00:00,0.086,32.0,2.63,25.0,959.0,49.6,31.31,0.0,RUN,9498.34
2025-02-11 13:00:00,0.069,33.2,2.69,25.0,925.0,51.41,32.22,0.0,RUN,9210.41
11-02-2025 14:00,0.031,33.5,2.54,23.0,833.3,49.41,33.98,0.0,RUN,8124.73
2025-02-11 15:00:00,0.054,32.9,2.27,18.0,636.5,45.08,34.12,0.0,RUN,6302.29
2025-02-11 16:00:00,0.085,32.7,2.35,18.0,404.9,40.4,33.28,0.0,RUN,3977.49
11-02-2025 17:00,0.041,32.1,2.44,21.0,161.9,35.73,33.09,0.0,RUN,1411.31
2025-02-11 18:00:00,0.072,31.1,2.56,21.0,10.7,31.79,31.34,0.0,RUN,13.61
2025-02-11 19:00:00,0.047,30.1,2.76,27.0,0.0,28.79,30.5,0.0,STANDBY,-8.33
2025-02-11 20:00:00,0.039,27.4,3.01,36.0,0.0,28.58,28.45,0.0,STANDBY,0.0
2025-02-11 21:00:00,0.059,25.2,2.66,37.0,0.0,28.17,26.23,0.0,STANDBY,-4.66
2025-02-11 22:00:00,0.138,24.0,2.42,40.0,0.0,24.9,24.91,0.0,STANDBY,-8.63
2025-02-11 23:00:00,0.223,21.5,2.53,44.0,0.0,22.6,22.68,0.0,STANDBY,-6.07
2025-02-12 00:00:00,0.16,21.0,3.34,46.0,0.0,21.87,22.34,0.0,STANDBY,-1.56
12-02-2025 01:00,0.083,20.5,3.35,46.0,0.0,20.46,20.44,0.0,STANDBY,0.0
2025-02-12 02:00:00,0.096,20.0,3.37,47.0,0.0,19.11,19.84,0.0,STANDBY,0.0
2025-02-12 03:00:00,0.14,19.4,3.24,50.0,0.0,19.63,19.73,0.0,STANDBY,0.0
2025-02-12 04:00:00,0.234,19.7,3.02,53.0,0.0,21.8,19.73,0.0,STANDBY,-5.29
12-02-2025 05:00,0.097,20.5,2.78,51.0,0.0,22.0,21.19,0.0,STANDBY,0.0
2025-02-12 06:00:00,0.111,22.0,3.12,47.0,0.2,20.44,22.02,0.0,STANDBY,14.05
2025-02-12 07:00:00,0.127,24.4,2.9,41.0,123.3,26.87,23.38,0.0,RUN,1054.95
2025-02-12 08:00:00,0.265,26.2,3.09,35.0,368.8,31.33,25.26,0.0,RUN,3602.6
2025-02-12 09:00:00,0.324,27.7,2.64,30.0,602.7,38.44,27.27,0.0,RUN,6089.99
2025-02-12 10:00:00,0.154,28.6,2.85,27.0,808.0,43.36,29.07,0.0,RUN,8007.85
2025-02-12 11:00:00,0.155,30.7,2.93,28.0,908.3,47.18,30.99,0.0,RUN,9182.51
2025-02-12 12:00:00,0.142,31.6,2.77,26.0,1003.7,50.75,32.54,0.0,RUN,9517.83
2025-02-12 13:00:00,0.16,32.2,3.95,25.0,936.9,50.02,33.79,0.0,RUN,9162.3
2025-02-12 14:00:00,0.121,32.8,4.19,23.0,829.8,48.06,34.26,0.0,RUN,8154.73
2025-02-12 15:00:00,0.099,34.0,4.06,23.0,650.1,44.7,34.45,0.0,RUN,6416.48
2025-02-12 16:00:00,0.078,33.6,4.54,22.0,399.7,42.23,34.36,0.0,RUN,4056.37
2025-02-12 17:00:00,0.134,32.6,4.22,26.0,162.8,35.58,33.52,0.0,RUN,1392.03
2025-02-12 18:00:00,0.141,32.4,4.3,30.0,11.5,32.15,32.27,0.0,RUN,52.85
2025-02-12 19:00:00,0.069,30.8,4.0,31.0,0.0,32.17,30.41,0.0,STANDBY,0.0
2025-02-12 20:00:00,0.067,29.0,3.21,35.0,0.0,28.51,29.34,0.0,standby,0.0
2025-02-12 21:00:00,0.048,27.5,3.08,33.0,0.0,28.27,26.97,0.0,STANDBY,0.0
2025-02-12 22:00:00,0.046,25.6,3.7,36.0,0.0,25.08,24.41,0.0,,-4.83
2025-02-12 23:00:00,0.057,24.1,3.42,40.0,0.0,23.32,22.62,0.0,STANDBY,0.0
2025-02-13 00:00:00,0.194,23.4,2.62,51.0,0.0,21.77,23.16,0.0,,-9.31
2025-02-13 01:00:00,0.319,22.2,2.75,55.0,0.0,21.69,21.31,0.0,STANDBY,0.0
13-02-2025 02:00,0.315,21.5,2.94,54.0,0.0,19.43,20.44,0.0,STANDBY,-7.9
2025-02-13 03:00:00,0.468,21.4,2.71,54.0,0.0,20.13,21.37,0.0,STANDBY,0.0
13-02-2025 04:00,0.543,20.9,2.88,52.0,0.0,20.67,20.95,0.0,STANDBY,-4.24
2025-02-13 05:00:00,0.437,21.1,2.86,54.0,0.0,21.08,21.4,0.0,STANDBY,0.0
2025-02-13 06:00:00,0.594,22.3,2.93,52.0,1.6,22.93,22.45,0.0,STANDBY,40.46
2025-02-13 07:00:00,0.586,24.6,2.97,46.0,115.0,27.79,24.64,0.0,RUN,1028.18
2025-02-13 08:00:00,0.427,26.3,3.24,43.0,361.9,32.72,25.73,0.0,RUN,3610.89
2025-02-13 09:00:00,0.488,28.2,3.02,43.0,606.7,40.32,28.18,0.0, RUN ,6070.02
2025-02-13 10:00:00,0.53,29.6,3.44,41.0,789.8,46.01,30.39,0.0,RUN,7887.75
2025-02-13 11:00:00,0.461,31.4,3.08,41.0,886.0,50.84,31.72,0.0,RUN,9057.29
13-02-2025 12:00,0.517,33.7,3.42,38.0,989.9,51.58,32.77,0.0,RUN,9250.69
2025-02-13 13:00:00,0.347,34.7,3.64,32.0,893.5,52.47,33.51,0.0, RUN ,9020.66
2025-02-13 14:00:00,0.428,34.8,3.67,33.0,776.1,50.13,35.41,0.0,RUN,7904.84
2025-02-13 15:00:00,0.4,35.7,3.1,32.0,632.4,46.09,34.41,0.0,RUN,6091.42
2025-02-13 16:00:00,0.355,35.2,3.13,33.0,410.0,42.31,34.99,0.0,RUN,3936.5
2025-02-13 17:00:00,0.298,34.4,3.21,34.0,163.8,36.46,33.4,0.0,RUN,1391.83
2025-02-13 18:00:00,0.214,33.9,3.13,31.0,9.1,33.29,32.53,0.0,RUN,68.59
2025-02-13 19:00:00,0.124,32.4,2.66,32.0,0.0,32.4,31.57,0.0,STANDBY,-4.32
2025-02-13 20:00:00,0.101,30.1,2.67,34.0,0.0,28.08,29.45,0.0,,0.0
2025-02-13 21:00:00,0.206,28.6,2.63,43.0,0.0,28.13,27.75,0.0,STANDBY,-10.25
2025-02-13 22:00:00,0.141,26.2,2.77,45.0,0.0,25.73,26.46,0.0,STANDBY,-6.16
2025-02-13 23:00:00,0.238,24.8,2.39,49.0,0.0,24.34,24.4,0.0, STANDBY ,0.0
2025-02-14 00:00:00,0.256,22.6,3.13,53.0,0.0,23.09,22.83,0.0,STANDBY,0.0
2025-02-14 01:00:00,0.123,21.5,3.12,50.0,0.0,21.72,22.06,0.0,STANDBY,0.0
2025-02-14 02:00:00,0.115,20.9,3.25,47.0,0.0,21.12,20.73,0.0,STANDBY,0.0
2025-02-14 03:00:00,0.183,20.3,3.22,53.0,0.0,19.62,20.91,0.0,STANDBY,-2.11
2025-02-14 04:00:00,0.236,20.1,3.49,50.0,0.0,20.96,21.05,0.0,STANDBY,0.0
2025-02-14 05:00:00,0.261,21.2,3.28,50.0,0.0,22.29,22.51,0.0,STANDBY,-1.51
2025-02-14 06:00:00,0.236,22.8,2.98,48.0,0.0,24.91,23.09,0.0,standby,0.0
2025-02-14 07:00:00,0.179,24.5,3.02,44.0,128.6,28.25,25.39,0.0,RUN,1095.92
2025-02-14 08:00:00,0.162,26.7,3.11,40.0,368.7,34.3,26.42,0.0,RUN,3680.4
2025-02-14 09:00:00,0.3,28.5,3.1,37.0,613.8,42.46,28.38,0.0,RUN,6032.47
2025-02-14 10:00:00,0.461,30.5,3.48,34.0,772.9,48.17,29.98,0.0,RUN,7656.47
2025-02-14 11:00:00,0.388,32.0,3.5,32.0,906.3,49.7,32.11,0.0,RUN,8696.67
14-02-2025 12:00,0.409,33.1,3.84,28.0,912.0,52.23,33.13,0.0,run,9087.49
2025-02-14 13:00:00,0.236,35.1,3.61,25.0,912.6,53.48,34.07,0.0,RUN,9094.36
2025-02-14 14:00:00,0.247,35.2,3.92,27.0,832.5,51.24,34.92,0.0,RUN,7955.15
2025-02-14 15:00:00,0.181,34.9,3.53,23.0,634.8,49.4,35.92,0.0,RUN,6336.54
2025-02-14 16:00:00,0.244,34.7,3.78,22.0,425.3,42.31,35.43,0.0,RUN,3942.15
2025-02-14 17:00:00,0.103,34.1,3.72,22.0,161.5,37.01,33.88,0.0,RUN,1437.61
2025-02-14 18:00:00,0.104,32.9,4.04,27.0,7.2,32.41,33.37,0.0,RUN,48.74
2025-02-14 19:00:00,0.128,31.9,3.37,29.0,0.0,31.06,31.9,0.0,STANDBY,0.0
2025-02-14 20:00:00,0.149,30.9,3.33,32.0,0.0,30.83,29.71,0.0,STANDBY,-6.64
2025-02-14 21:00:00,0.144,28.6,3.0,36.0,0.0,29.71,28.0,0.0,STANDBY,-3.6
2025-02-14 22:00:00,0.092,26.4,3.27,41.0,0.0,28.01,25.69,0.0,STANDBY,0.0
2025-02-14 23:00:00,0.045,24.6,3.1,46.0,0.0,24.03,24.12,0.0,standby,-9.45
2025-02-15 00:00:00,0.057,23.4,2.02,44.0,0.0,23.41,23.15,0.0,STANDBY,0.0
2025-02-15 01:00:00,0.066,21.9,2.46,45.0,0.0,21.04,21.2,0.0,STANDBY,-10.61
2025-02-15 02:00:00,0.106,20.7,2.76,47.0,0.0,21.57,20.52,0.0,STANDBY,-2.12
2025-02-15 03:00:00,0.083,20.0,2.63,43.0,0.0,20.09,20.89,0.0,STANDBY,-9.79
2025-02-15 04:00:00,0.079,20.5,2.68,44.0,0.0,20.37,21.26,0.0,STANDBY,-6.3
2025-02-15 05:00:00,0.056,20.9,3.02,40.0,0.0,20.16,21.29,0.0,STANDBY,0.0
2025-02-15 06:00:00,0.147,22.0,3.51,45.0,0.3,21.77,22.83,0.0,,2.86
2025-02-15 07:00:00,0.141,23.8,3.02,42.0,127.9,27.27,24.44,0.0,RUN,1062.04
2025-02-15 08:00:00,0.188,25.8,2.61,42.0,372.6,34.44,26.46,0.0,RUN,3617.42
2025-02-15 09:00:00,0.243,27.5,2.56,39.0,626.3,40.75,28.92,0.0,RUN,6023.28
2025-02-15 10:00:00,0.222,29.5,2.57,31.0,822.7,48.22,29.36,0.0,RUN,7814.23
2025-02-15 11:00:00,0.26,30.4,2.46,26.0,943.3,51.61,32.18,0.0,RUN,8939.12
2025-02-15 12:00:00,0.147,32.5,2.57,26.0,988.7,53.97,32.52,0.0,RUN,9420.66
2025-02-15 13:00:00,0.253,33.8,2.29,26.0,932.8,55.06,34.33,0.0,RUN,8913.36
15-02-2025 14:00,0.278,34.2,2.99,26.0,836.5,51.54,34.75,0.0,RUN,7762.5
2025-02-15 15:00:00,0.489,34.0,2.79,33.0,596.2,46.74,34.43,0.0, RUN ,5613.46
2025-02-15 16:00:00,0.336,34.8,2.74,28.0,396.8,43.25,34.33,0.0,RUN,3832.41
2025-02-15 17:00:00,0.17,34.4,2.87,29.0,155.0,37.6,34.75,0.0,RUN,1403.46
2025-02-15 18:00:00,0.09,33.2,2.59,27.0,6.7,32.83,32.55,0.0,RUN,57.05
2025-02-15 19:00:00,0.079,31.2,2.18,30.0,0.0,32.1,32.1,0.0,STANDBY,0.0
15-02-2025 20:00,0.133,29.5,2.27,33.0,0.0,28.62,29.3,0.0,standby,0.0
2025-02-15 21:00:00,0.161,27.4,2.4,35.0,0.0,27.68,27.86,0.0,STANDBY,-9.02
2025-02-15 22:00:00,0.136,25.8,2.91,41.0,0.0,24.52,26.53,0.0,STANDBY,0.0
2025-02-15 23:00:00,0.15,24.3,2.39,45.0,0.0,23.87,24.07,0.0,STANDBY,0.0
2025-02-16 00:00:00,0.078,22.3,2.7,51.0,0.0,21.26,21.1,0.0,STANDBY,-2.9
2025-02-16 01:00:00,0.109,21.5,2.08,54.0,0.0,19.67,20.03,0.0,STANDBY,-9.43
2025-02-16 02:00:00,0.093,20.9,1.92,53.0,0.0,18.36,19.45,0.0,,-10.4
2025-02-16 03:00:00,0.065,20.6,2.22,49.0,0.0,16.8,19.23,0.0,standby,-11.47
2025-02-16 04:00:00,0.048,20.8,2.01,51.0,0.0,20.44,18.72,0.0,STANDBY,0.0
2025-02-16 05:00:00,0.029,21.0,2.04,47.0,0.0,19.71,20.23,0.0,STANDBY,0.0
2025-02-16 06:00:00,0.028,22.3,1.71,45.0,1.1,22.47,20.74,0.0,STANDBY,0.0
2025-02-16 07:00:00,0.056,23.7,2.05,45.0,130.2,25.46,23.15,0.0,RUN,1123.45
2025-02-16 08:00:00,0.035,25.3,2.5,41.0,384.1,32.38,25.49,0.0,RUN,3722.9
2025-02-16 09:00:00,0.035,27.1,2.49,38.0,612.8,38.82,26.57,0.0,RUN,6104.32
2025-02-16 10:00:00,0.048,29.3,3.1,36.0,831.9,45.46,28.98,0.0,RUN,7973.33
2025-02-16 11:00:00,0.045,31.1,2.91,36.0,914.7,47.58,30.03,0.0,RUN,9185.71
2025-02-16 12:00:00,0.041,32.6,2.65,32.0,1004.3,50.13,32.06,0.0,RUN,9541.65
2025-02-16 13:00:00,0.036,34.3,2.4,31.0,929.3,51.44,33.47,0.0,RUN,9192.54
2025-02-16 14:00:00,0.052,34.4,2.45,30.0,836.1,50.5,34.58,0.0,RUN,8126.42
2025-02-16 15:00:00,0.034,34.9,2.91,29.0,646.3,46.18,33.87,0.0,RUN,6407.83
2025-02-16 16:00:00,0.029,35.6,2.93,30.0,432.2,41.04,33.66,0.0,RUN,4072.57
2025-02-16 17:00:00,0.032,34.7,3.3,35.0,166.0,36.89,32.95,0.0,RUN,1405.84
2025-02-16 18:00:00,0.033,33.2,3.31,36.0,5.3,31.12,31.6,0.0,RUN,54.57
2025-02-16 19:00:00,0.049,31.4,2.61,34.0,0.0,28.66,30.21,0.0,STANDBY,-9.21
2025-02-16 20:00:00,0.041,29.7,2.13,39.0,0.0,27.71,28.57,0.0, STANDBY ,0.0
2025-02-16 21:00:00,0.031,27.5,1.82,39.0,0.0,26.41,25.82,0.0,STANDBY,-7.66
2025-02-16 22:00:00,0.036,25.7,1.44,45.0,0.0,24.29,24.49,0.0,STANDBY,0.0
2025-02-16 23:00:00,0.049,23.5,1.73,50.0,0.0,23.49,22.02,0.0,STANDBY,-4.22
2025-02-17 00:00:00,0.023,21.5,1.38,48.0,0.0,23.53,22.26,0.0,STANDBY,0.0
2025-02-17 01:00:00,0.017,19.7,1.51,50.0,0.0,22.72,21.24,0.0,STANDBY,0.0
2025-02-17 02:00:00,0.023,19.0,1.54,48.0,0.0,19.75,20.5,0.0,STANDBY,0.0
2025-02-17 03:00:00,0.034,19.3,1.93,50.0,0.0,19.37,20.83,0.0,STANDBY,0.0
2025-02-17 04:00:00,0.07,20.6,2.0,49.0,0.0,21.77,20.14,0.0,standby,0.0
2025-02-17 05:00:00,0.066,21.6,2.14,44.0,0.0,21.15,21.27,0.0,STANDBY,0.0
2025-02-17 06:00:00,0.063,22.7,2.47,41.0,0.1,21.45,23.58,0.0,STANDBY,52.45
2025-02-17 07:00:00,0.076,24.3,2.49,40.0,129.8,26.26,24.21,0.0,RUN,1065.96
2025-02-17 08:00:00,0.1,26.3,2.51,35.0,385.3,32.73,26.37,0.0,RUN,3635.74
2025-02-17 09:00:00,0.052,28.3,2.45,31.0,620.9,41.04,27.16,0.0,RUN,6149.38
2025-02-17 10:00:00,0.081,29.8,2.43,26.0,839.1,46.65,30.13,0.0,RUN,7939.82
2025-02-17 11:00:00,0.08,30.7,2.58,24.0,947.4,50.03,31.78,0.0,run,9113.32
2025-02-17 12:00:00,0.056,32.0,2.57,20.0,974.6,52.42,32.67,0.0,RUN,9453.74
2025-02-17 13:00:00,0.031,33.3,2.57,19.0,921.5,52.19,34.04,0.0,RUN,9156.8
2025-02-17 14:00:00,0.022,33.7,2.93,16.0,829.3,51.03,35.21,0.0,RUN,8042.81
2025-02-17 15:00:00,0.026,33.9,2.97,13.0,656.6,47.07,35.05,0.0,run,6348.0
2025-02-17 16:00:00,0.038,33.6,2.96,15.0,408.5,41.62,34.8,0.0,RUN,4017.43
2025-02-17 17:00:00,0.045,32.6,3.6,17.0,162.8,37.27,33.92,0.0,RUN,1464.78
2025-02-17 18:00:00,0.057,31.3,3.23,23.0,12.3,32.94,32.64,0.0,RUN,37.75
2025-02-17 19:00:00,0.041,30.1,3.03,26.0,0.0,32.82,30.31,0.0,STANDBY,0.0
2025-02-17 20:00:00,0.068,28.4,3.15,28.0,0.0,29.51,29.94,0.0,STANDBY,-8.69
2025-02-17 21:00:00,0.033,26.6,3.13,34.0,0.0,27.26,27.87,0.0,STANDBY,-2.89
2025-02-17 22:00:00,0.037,25.2,3.3,34.0,0.0,25.51,25.97,0.0,STANDBY,0.0
2025-02-17 23:00:00,0.029,23.5,3.82,36.0,0.0,23.45,24.1,0.0,STANDBY,0.0
2025-02-18 00:00:00,0.051,20.2,6.26,44.0,0.0,20.22,20.58,0.0,STANDBY,-2.99
2025-02-18 01:00:00,0.041,18.8,6.95,48.0,0.0,19.87,19.58,0.0,STANDBY,0.0
2025-02-18 02:00:00,0.021,17.6,6.49,52.0,0.0,19.19,19.03,0.0,STANDBY,-7.2
2025-02-18 03:00:00,0.046,17.2,6.05,54.0,0.0,18.78,18.17,0.0,STANDBY,-11.27
2025-02-18 04:00:00,0.052,17.8,5.74,55.0,0.0,19.65,18.44,0.0,STANDBY,0.0
2025-02-18 05:00:00,0.033,19.6,5.43,53.0,0.0,17.51,19.54,0.0,STANDBY,0.0
2025-02-18 06:00:00,0.028,20.4,5.4,51.0,7.3,19.98,21.0,0.0,STANDBY,-8.89
2025-02-18 07:00:00,0.023,22.2,5.11,49.0,132.8,25.01,22.44,0.0,RUN,1107.67
2025-02-18 08:00:00,0.012,23.8,5.7,42.0,379.9,32.51,23.76,0.0,RUN,3734.88
2025-02-18 09:00:00,0.012,25.7,4.73,39.0,612.6,39.27,26.47,0.0,RUN,6162.42
2025-02-18 10:00:00,0.028,27.2,4.34,36.0,810.6,44.2,28.15,0.0,RUN,8044.26
2025-02-18 11:00:00,0.02,28.6,5.44,33.0,924.2,48.17,29.8,0.0,RUN,9222.98
2025-02-18 12:00:00,0.032,30.1,6.48,27.0,974.2,50.17,31.27,0.0,RUN,9630.16
2025-02-18 13:00:00,0.035,30.7,6.78,25.0,962.9,49.49,33.05,0.0,RUN,9265.66
2025-02-18 14:00:00,0.032,30.9,7.6,24.0,844.7,48.24,33.07,0.0,RUN,8197.2
2025-02-18 15:00:00,0.03,30.9,6.67,26.0,671.9,44.37,33.22,0.0,RUN,6393.12
2025-02-18 16:00:00,0.035,30.7,5.66,26.0,427.4,40.7,33.8,0.0,RUN,4037.51
2025-02-18 17:00:00,0.036,30.0,4.56,26.0,174.2,35.65,32.14,0.0,RUN,1460.18
2025-02-18 18:00:00,0.034,29.3,4.94,29.0,15.1,31.33,30.67,0.0,RUN,47.83
2025-02-18 19:00:00,0.035,27.7,5.44,34.0,0.0,29.0,29.78,0.0,STANDBY,0.0
2025-02-18 20:00:00,0.019,26.0,4.63,32.0,0.0,28.3,27.28,0.0,STANDBY,-10.89
2025-02-18 21:00:00,0.051,24.1,4.37,38.0,0.0,25.2,26.1,0.0,STANDBY,0.0
2025-02-18 22:00:00,0.085,22.5,3.34,38.0,0.0,23.62,23.79,0.0,STANDBY,0.0
2025-02-18 23:00:00,0.097,21.2,3.67,44.0,0.0,23.78,21.46,0.0,STANDBY,-6.48
2025-02-19 00:00:00,0.222,19.7,1.82,43.0,0.0,20.44,21.19,0.0,standby,-7.44
2025-02-19 01:00:00,0.115,19.1,2.49,44.0,0.0,20.79,19.53,0.0,STANDBY,-6.7
2025-02-19 02:00:00,0.045,17.9,2.08,44.0,0.0,19.59,19.79,0.0,STANDBY,0.0
2025-02-19 03:00:00,0.042,17.3,2.05,45.0,0.0,20.29,18.84,0.0,standby,-7.63
19-02-2025 04:00,0.152,18.6,2.79,45.0,0.0,19.19,19.51,0.0,STANDBY,-11.5
2025-02-19 05:00:00,0.163,19.6,2.2,44.0,0.0,21.29,19.91,0.0,STANDBY,-2.0
2025-02-19 06:00:00,0.194,20.6,2.44,43.0,2.2,21.16,21.15,0.0,standby,0.0
2025-02-19 07:00:00,0.213,22.2,2.38,41.0,122.9,26.24,22.34,0.0,RUN,1078.08
2025-02-19 08:00:00,0.16,23.8,2.84,37.0,388.4,32.54,24.24,0.0,RUN,3688.81
2025-02-19 09:00:00,0.06,25.8,2.73,31.0,648.5,40.98,26.7,0.0,RUN,6113.35
2025-02-19 10:00:00,0.145,27.0,3.17,28.0,817.2,46.33,28.92,0.0,RUN,7911.84
2025-02-19 11:00:00,0.167,29.5,3.25,25.0,926.8,50.93,29.97,0.0,RUN,9055.4
2025-02-19 12:00:00,0.104,31.2,3.43,25.0,978.4,54.15,31.47,0.0,run,9450.66
2025-02-19 13:00:00,0.101,32.6,3.54,25.0,957.1,55.88,33.1,0.0,RUN,9088.18
2025-02-19 14:00:00,0.175,33.1,3.47,27.0,836.6,51.93,33.29,0.0,RUN,8063.34
2025-02-19 15:00:00,0.238,33.2,3.22,24.0,641.0,47.12,33.54,0.0,RUN,6331.53
2025-02-19 16:00:00,0.173,33.2,2.84,23.0,439.6,42.85,33.26,0.0,RUN,4023.42
2025-02-19 17:00:00,0.144,32.1,2.98,22.0,178.1,36.42,32.37,0.0,RUN,1492.72
2025-02-19 18:00:00,0.116,31.4,2.62,26.0,17.1,32.0,31.56,0.0,RUN,-3.77
2025-02-19 19:00:00,0.09,29.3,2.91,26.0,0.0,30.4,30.38,0.0,STANDBY,-4.01
2025-02-19 20:00:00,0.081,27.7,2.99,29.0,0.0,27.01,28.16,0.0,STANDBY,0.0
2025-02-19 21:00:00,0.126,25.0,2.52,34.0,0.0,26.47,25.92,0.0,STANDBY,0.0
2025-02-19 22:00:00,0.097,23.3,2.65,39.0,0.0,25.46,24.2,0.0,STANDBY,-7.47
2025-02-19 23:00:00,0.15,22.4,2.43,43.0,0.0,22.97,22.82,0.0,STANDBY,-4.32
2025-02-20 00:00:00,0.087,19.4,3.33,44.0,0.0,19.87,19.93,0.0,STANDBY,-8.38
2025-02-20 01:00:00,0.06,18.5,3.62,45.0,0.0,17.79,18.58,0.0,STANDBY,0.0
2025-02-20 02:00:00,0.028,17.4,2.94,46.0,0.0,19.12,17.2,0.0,STANDBY,-4.08
2025-02-20 03:00:00,0.046,17.5,2.72,47.0,0.0,16.94,17.96,0.0,standby,-4.2
2025-02-20 04:00:00,0.069,18.6,2.44,45.0,0.0,17.43,18.38,0.0,STANDBY,0.0
20-02-2025 05:00,0.039,18.9,2.77,44.0,0.0,17.66,18.89,0.0,STANDBY,0.0
2025-02-20 06:00:00,0.027,19.5,2.86,41.0,3.7,20.5,19.61,0.0,STANDBY,24.45
2025-02-20 07:00:00,0.037,21.3,3.12,38.0,136.5,25.75,20.4,0.0,RUN,1172.96
2025-02-20 08:00:00,0.056,22.7,3.47,38.0,389.5,32.94,23.8,0.0,RUN,3780.3
2025-02-20 09:00:00,0.067,24.6,2.51,34.0,632.2,39.75,24.79,0.0,RUN,6117.3
2025-02-20 10:00:00,0.065,26.3,2.85,32.0,820.0,45.11,26.71,0.0,RUN,8042.19
2025-02-20 11:00:00,0.03,28.0,3.36,29.0,929.6,48.22,28.75,0.0,RUN,9164.11
2025-02-20 12:00:00,0.043,29.4,3.57,23.0,998.1,50.98,30.07,0.0,RUN,9626.22
2025-02-20 13:00:00,0.048,30.6,3.44,21.0,955.0,50.17,31.04,0.0,RUN,9258.15
2025-02-20 14:00:00,0.029,31.1,3.3,20.0,841.1,49.03,32.67,0.0,RUN,8156.39
2025-02-20 15:00:00,0.072,31.4,4.12,22.0,676.5,44.81,32.36,0.0,RUN,6464.34
20-02-2025 16:00,0.041,31.4,3.76,24.0,428.0,41.93,31.74,0.0,RUN,4057.13
2025-02-20 17:00:00,0.077,30.5,3.57,26.0,164.7,34.3,31.19,0.0,RUN,1525.63
2025-02-20 18:00:00,0.105,29.8,3.86,24.0,11.4,29.77,30.19,0.0,RUN,60.58
2025-02-20 19:00:00,0.036,28.4,3.1,24.0,0.0,28.3,29.29,0.0,STANDBY,0.0
2025-02-20 20:00:00,0.02,26.6,3.71,28.0,0.0,26.45,26.57,0.0,STANDBY,-3.03
2025-02-20 21:00:00,0.032,24.6,3.93,30.0,0.0,24.36,23.95,0.0,STANDBY,0.0
2025-02-20 22:00:00,0.043,22.8,3.79,35.0,0.0,22.34,22.86,0.0,STANDBY,-2.14
2025-02-20 23:00:00,0.046,20.9,3.45,38.0,0.0,21.5,20.78,0.0,STANDBY,-6.15
2025-02-21 00:00:00,0.059,21.8,3.55,47.0,0.0,19.73,20.0,0.0,STANDBY,-2.61
2025-02-21 01:00:00,0.032,20.5,3.16,52.0,0.0,21.37,20.36,0.0,STANDBY,0.0
2025-02-21 02:00:00,0.044,20.0,3.49,54.0,0.0,18.59,19.58,0.0,STANDBY,0.0
2025-02-21 03:00:00,0.027,19.3,2.99,52.0,0.0,20.06,18.7,0.0,STANDBY,0.0
2025-02-21 04:00:00,0.051,20.3,3.13,51.0,0.0,18.81,18.67,0.0,STANDBY,0.0
2025-02-21 05:00:00,0.059,21.0,3.35,50.0,0.0,19.6,19.47,0.0,STANDBY,0.0
2025-02-21 06:00:00,0.035,22.8,2.9,51.0,4.0,20.99,21.1,0.0,STANDBY,-4.97
2025-02-21 07:00:00,0.044,24.2,3.51,47.0,132.4,25.93,22.64,0.0,RUN,1215.84
2025-02-21 08:00:00,0.067,26.2,3.15,42.0,395.6,31.59,25.01,0.0,RUN,3822.95
2025-02-21 09:00:00,0.038,28.1,2.85,40.0,656.9,39.11,27.16,0.0,RUN,6227.82
2025-02-21 10:00:00,0.025,30.0,3.3,34.0,826.0,43.97,28.4,0.0, RUN ,8098.36
2025-02-21 11:00:00,0.044,31.9,2.67,34.0,972.0,49.0,29.92,0.0,RUN,9229.88
2025-02-21 12:00:00,0.077,33.6,2.85,31.0,988.7,50.42,32.18,0.0,RUN,9589.62
2025-02-21 13:00:00,0.068,34.9,3.35,30.0,962.1,50.4,32.74,0.0,RUN,9226.18
2025-02-21 14:00:00,0.052,35.6,3.03,27.0,855.1,49.14,33.31,0.0,RUN,8139.0
2025-02-21 15:00:00,0.045,35.3,3.21,27.0,653.0,45.43,33.78,0.0,RUN,6405.29
2025-02-21 16:00:00,0.028,34.9,3.22,24.0,434.6,40.31,34.23,0.0,RUN,4048.94
21-02-2025 17:00,0.038,34.0,3.51,27.0,171.0,35.47,32.91,0.0, RUN ,-999.0
2025-02-21 18:00:00,0.038,32.8,3.41,28.0,9.7,33.02,31.09,0.0, RUN ,41.75
2025-02-21 19:00:00,0.04,31.2,3.3,30.0,0.0,30.07,30.01,0.0,STANDBY,0.0
2025-02-21 20:00:00,0.035,30.0,3.65,36.0,0.0,28.22,28.14,0.0,STANDBY,0.0
2025-02-21 21:00:00,0.112,28.3,3.74,36.0,0.0,26.8,26.02,0.0,STANDBY,0.0
2025-02-21 22:00:00,0.241,26.2,3.91,41.0,0.0,24.77,23.84,0.0,STANDBY,0.0
2025-02-21 23:00:00,0.109,24.0,4.16,49.0,0.0,23.37,23.04,0.0,STANDBY,-6.54
2025-02-22 00:00:00,0.071,21.9,3.47,51.0,0.0,21.37,20.23,0.0,STANDBY,0.0
2025-02-22 01:00:00,0.075,21.2,2.6,51.0,0.0,18.45,18.72,0.0,STANDBY,-5.33
2025-02-22 02:00:00,0.054,20.8,2.61,54.0,0.0,19.51,18.74,0.0,STANDBY,-10.18
2025-02-22 03:00:00,0.06,20.8,2.36,54.0,0.0,19.35,18.33,0.0,STANDBY,0.0
2025-02-22 04:00:00,0.062,20.9,2.73,54.0,0.0,17.9,17.61,0.0,STANDBY,-10.45
2025-02-22 05:00:00,0.024,20.6,2.81,51.0,0.0,20.56,19.24,0.0,STANDBY,-5.49
2025-02-22 06:00:00,0.045,21.7,2.49,49.0,0.0,20.38,20.98,0.0,STANDBY,34.94
2025-02-22 07:00:00,0.078,23.4,2.54,48.0,133.5,25.22,22.16,0.0,RUN,1155.16
2025-02-22 08:00:00,0.146,26.0,2.59,50.0,383.8,32.12,23.55,0.0,RUN,3745.14
2025-02-22 09:00:00,0.106,27.8,3.19,42.0,639.3,39.75,26.29,0.0, RUN ,6208.23
2025-02-22 10:00:00,0.134,29.3,3.5,40.0,815.5,46.0,27.4,0.0,RUN,8023.6
2025-02-22 11:00:00,0.134,31.0,3.03,37.0,921.0,50.4,29.41,0.0,RUN,9194.92
2025-02-22 12:00:00,0.053,33.0,3.33,32.0,985.3,51.03,31.2,0.0,run,9590.19
2025-02-22 13:00:00,0.081,33.9,3.52,30.0,921.3,51.32,32.42,0.0,RUN,9226.99
2025-02-22 14:00:00,0.097,34.0,3.88,27.0,839.1,50.46,32.33,0.0,RUN,8157.18
2025-02-22 15:00:00,0.077,34.2,3.22,29.0,679.6,46.57,33.08,0.0,RUN,6448.68
2025-02-22 16:00:00,0.054,33.6,3.47,29.0,426.3,41.13,33.04,0.0,run,4029.83
2025-02-22 17:00:00,0.058,32.8,4.32,32.0,169.9,36.02,32.31,0.0,RUN,1503.84
2025-02-22 18:00:00,0.065,32.0,3.44,38.0,11.9,31.09,30.58,0.0,RUN,81.88
2025-02-22 19:00:00,0.061,30.6,3.36,39.0,0.0,28.2,29.59,0.0, STANDBY ,0.0
2025-02-22 20:00:00,0.058,28.3,2.88,41.0,0.0,27.35,27.33,0.0,STANDBY,-5.18
2025-02-22 21:00:00,0.074,27.0,3.03,43.0,0.0,27.31,25.75,0.0,STANDBY,-4.95
2025-02-22 22:00:00,0.066,25.6,2.5,46.0,0.0,23.68,24.11,0.0,STANDBY,-8.09
2025-02-22 23:00:00,0.06,23.1,2.22,48.0,0.0,20.63,22.02,0.0,STANDBY,0.0
2025-02-23 00:00:00,0.055,20.6,2.6,44.0,0.0,21.68,21.12,0.0,STANDBY,0.0
2025-02-23 01:00:00,0.044,19.7,2.35,45.0,0.0,19.73,20.15,0.0,STANDBY,-8.95
2025-02-23 02:00:00,0.027,18.9,2.39,44.0,0.0,18.91,19.09,0.0,STANDBY,0.0
2025-02-23 03:00:00,0.029,19.1,2.33,42.0,0.0,18.76,18.97,0.0,STANDBY,0.0
2025-02-23 04:00:00,0.03,19.2,2.75,42.0,0.0,18.98,19.95,0.0,STANDBY,-2.9
2025-02-23 05:00:00,0.03,19.9,2.75,43.0,0.0,20.27,19.9,0.0,STANDBY,0.0
2025-02-23 06:00:00,0.027,21.3,2.48,42.0,1.2,21.62,21.3,0.0,STANDBY,19.04
2025-02-23 07:00:00,0.023,22.4,2.24,38.0,136.1,27.67,23.1,0.0,RUN,1145.43
2025-02-23 08:00:00,0.015,24.6,2.54,37.0,381.3,33.98,24.59,0.0,RUN,3793.32
2025-02-23 09:00:00,0.016,26.8,2.41,33.0,629.6,40.51,26.02,0.0,RUN,6277.58
2025-02-23 10:00:00,0.018,28.5,3.17,29.0,846.3,45.8,28.42,0.0,RUN,8009.92
2025-02-23 11:00:00,0.02,30.4,2.5,27.0,935.1,48.21,30.1,0.0,RUN,9176.14
2025-02-23 12:00:00,0.033,32.5,2.86,24.0,1001.5,50.55,31.91,0.0,RUN,26905.99
2025-02-23 13:00:00,0.031,33.4,2.92,22.0,915.3,51.54,32.72,0.0,RUN,9192.7
2025-02-23 14:00:00,0.037,33.3,2.61,21.0,885.5,49.89,33.48,0.0,RUN,8135.84
2025-02-23 15:00:00,0.03,33.5,3.02,21.0,689.2,47.13,33.23,0.0,run,6421.52
2025-02-23 16:00:00,0.037,32.8,3.02,21.0,431.0,42.26,33.82,0.0,RUN,4039.05
2025-02-23 17:00:00,0.022,32.2,2.77,22.0,175.1,35.93,32.05,0.0,RUN,1491.48
2025-02-23 18:00:00,0.025,30.8,2.63,24.0,14.0,32.67,30.91,0.0,RUN,3.65
2025-02-23 19:00:00,0.029,29.0,2.59,28.0,0.0,30.37,30.16,0.0,STANDBY,-8.87
2025-02-23 20:00:00,0.065,28.3,2.39,29.0,0.0,27.47,28.13,0.0,STANDBY,-4.18
2025-02-23 21:00:00,0.08,25.5,2.1,33.0,0.0,24.75,26.48,0.0,STANDBY,-6.66
2025-02-23 22:00:00,0.09,23.0,2.17,38.0,0.0,24.18,25.27,0.0,STANDBY,-4.68
2025-02-23 23:00:00,0.103,21.9,2.22,38.0,0.0,22.57,22.43,0.0,STANDBY,-5.21
2025-02-24 00:00:00,0.16,19.5,2.97,37.0,0.0,20.49,19.98,0.0,STANDBY,0.0
2025-02-24 01:00:00,0.102,18.1,2.97,40.0,0.0,18.97,18.28,0.0,STANDBY,-7.91
2025-02-24 02:00:00,0.064,17.8,3.36,41.0,0.0,17.9,18.67,0.0,standby,0.0
2025-02-24 03:00:00,0.035,17.4,3.98,42.0,0.0,18.14,18.27,0.0, STANDBY ,-10.78
2025-02-24 04:00:00,0.049,18.7,4.1,40.0,0.0,19.12,18.23,0.0,STANDBY,0.0
2025-02-24 05:00:00,0.072,19.7,3.94,38.0,0.0,20.29,18.66,0.0,STANDBY,-5.21
2025-02-24 06:00:00,0.14,21.0,4.11,42.0,1.1,21.05,20.71,0.0, STANDBY ,4.97
2025-02-24 07:00:00,0.174,22.3,4.24,39.0,141.2,24.61,22.1,0.0,RUN,1266.85
2025-02-24 08:00:00,0.292,23.7,4.3,37.0,385.8,29.99,23.85,0.0,RUN,3742.08
2025-02-24 09:00:00,0.159,25.7,3.61,34.0,646.7,38.2,25.88,0.0,RUN,6238.19
2025-02-24 10:00:00,0.157,27.3,3.89,30.0,847.2,43.05,27.48,0.0,RUN,8105.9
2025-02-24 11:00:00,0.119,29.2,4.12,26.0,921.7,46.6,28.72,0.0,RUN,9204.67
2025-02-24 12:00:00,0.045,30.1,3.59,24.0,956.6,49.11,30.57,0.0,RUN,9686.71
2025-02-24 13:00:00,0.055,31.3,3.31,25.0,959.3,48.59,32.06,0.0,RUN,9294.36
2025-02-24 14:00:00,0.051,31.9,3.29,22.0,850.9,47.32,33.07,0.0,RUN,8202.28
2025-02-24 15:00:00,0.125,32.6,3.97,23.0,666.0,45.31,31.87,0.0,RUN,6457.17
2025-02-24 16:00:00,0.088,31.8,4.12,23.0,428.2,39.48,32.14,0.0,RUN,4167.41
2025-02-24 17:00:00,0.114,31.1,4.17,19.0,168.4,35.45,31.5,0.0,RUN,1517.36
2025-02-24 18:00:00,0.157,29.9,3.99,20.0,18.8,30.79,29.55,0.0,RUN,44.65
2025-02-24 19:00:00,0.134,28.4,3.62,28.0,0.0,28.52,29.01,0.0,STANDBY,0.0
2025-02-24 20:00:00,0.078,26.3,3.99,27.0,0.0,28.16,27.14,0.0,STANDBY,-8.87
2025-02-24 21:00:00,0.062,25.0,4.13,31.0,0.0,25.71,24.83,0.0,STANDBY,-2.78
2025-02-24 22:00:00,0.097,23.5,4.28,34.0,0.0,22.61,23.23,0.0,standby,0.0
2025-02-24 23:00:00,0.062,21.4,4.69,36.0,0.0,21.68,21.3,0.0,STANDBY,0.0
2025-02-25 00:00:00,0.019,18.2,4.95,42.0,0.0,18.65,18.83,0.0,STANDBY,0.0
2025-02-25 01:00:00,0.014,16.7,3.93,44.0,0.0,17.63,17.03,0.0,STANDBY,-5.13
2025-02-25 02:00:00,0.029,16.3,3.91,49.0,0.0,17.32,16.22,0.0,STANDBY,0.0
2025-02-25 03:00:00,0.028,16.0,3.2,53.0,0.0,16.72,16.27,0.0,STANDBY,-5.02
2025-02-25 04:00:00,0.02,15.9,2.73,53.0,0.0,17.31,16.77,0.0,STANDBY,-3.1
2025-02-25 05:00:00,0.016,17.0,3.57,50.0,0.0,18.25,16.65,0.0,STANDBY,0.0
2025-02-25 06:00:00,0.013,18.3,3.9,47.0,10.8,18.96,18.64,0.0, STANDBY ,-8.51
2025-02-25 07:00:00,0.017,19.6,3.35,45.0,141.3,22.29,20.11,0.0,RUN,1198.14
2025-02-25 08:00:00,0.01,21.8,3.55,39.0,407.3,30.03,22.36,0.0,RUN,3849.59
2025-02-25 09:00:00,0.011,24.4,3.61,38.0,641.3,35.79,24.2,0.0,RUN,6301.83
2025-02-25 10:00:00,0.011,26.2,3.14,40.0,840.5,43.35,26.14,0.0,RUN,8173.21
2025-02-25 11:00:00,0.009,27.8,3.84,33.0,947.0,45.0,27.61,0.0,RUN,9284.01
2025-02-25 12:00:00,0.012,29.3,4.62,31.0,1012.9,48.14,29.4,0.0,RUN,9729.62
2025-02-25 13:00:00,0.023,30.5,5.41,32.0,915.9,48.2,30.61,0.0,RUN,9258.14
2025-02-25 14:00:00,0.034,31.2,5.17,29.0,857.0,45.93,30.52,0.0,RUN,8274.77
2025-02-25 15:00:00,0.024,32.0,5.19,31.0,678.6,43.22,31.39,0.0, RUN ,6461.79
2025-02-25 16:00:00,0.021,31.8,5.34,29.0,441.7,38.99,31.11,0.0,RUN,4128.07
2025-02-25 17:00:00,0.032,30.8,5.28,30.0,172.0,34.02,30.52,0.0,RUN,1531.43
2025-02-25 18:00:00,0.059,29.0,5.86,30.0,16.6,30.21,28.26,0.0,RUN,118.71
2025-02-25 19:00:00,0.058,27.6,5.83,32.0,0.0,28.42,27.14,0.0,STANDBY,0.0
2025-02-25 20:00:00,0.022,25.5,5.23,38.0,0.0,26.32,25.87,0.0,STANDBY,-8.33
2025-02-25 21:00:00,0.02,22.7,4.57,41.0,0.0,24.51,22.79,0.0,STANDBY,0.0
2025-02-25 22:00:00,0.011,20.9,4.8,49.0,0.0,22.16,21.11,0.0,STANDBY,0.0
2025-02-25 23:00:00,0.008,19.1,4.47,49.0,0.0,19.95,20.2,0.0,STANDBY,-11.29
2025-02-26 00:00:00,0.108,15.4,3.39,45.0,0.0,18.07,17.06,0.0,STANDBY,0.0
2025-02-26 01:00:00,0.235,14.1,3.11,50.0,0.0,15.41,17.58,0.0,STANDBY,-2.22
2025-02-26 02:00:00,0.169,13.4,2.91,51.0,0.0,13.8,15.01,0.0,STANDBY,-3.28
2025-02-26 03:00:00,0.172,13.9,3.22,50.0,0.0,14.46,14.96,0.0, STANDBY ,0.0
2025-02-26 04:00:00,0.215,14.1,3.44,50.0,0.0,15.7,16.0,0.0,standby,-4.07
2025-02-26 05:00:00,0.329,14.5,3.47,50.0,0.0,16.76,16.78,0.0,STANDBY,-3.04
2025-02-26 06:00:00,0.247,15.2,4.18,45.0,3.9,16.67,17.24,0.0,RUN,27.12
2025-02-26 07:00:00,0.128,17.0,3.89,39.0,151.3,22.0,20.24,0.0,RUN,1217.61
2025-02-26 08:00:00,0.154,19.3,4.43,35.0,389.9,28.26,21.05,0.0,RUN,3893.72
2025-02-26 09:00:00,0.129,21.1,3.66,31.0,633.2,35.69,22.88,0.0,RUN,6356.28
2025-02-26 11:00:00,0.213,24.4,4.58,24.0,937.6,45.31,25.74,0.0,RUN,9333.94
2025-02-26 12:00:00,0.14,26.3,4.51,21.0,998.2,47.33,28.04,0.0,RUN,9707.83
2025-02-26 13:00:00,0.104,27.1,5.01,17.0,972.9,48.13,29.64,0.0,RUN,9355.91
2025-02-26 14:00:00,0.087,27.9,5.06,18.0,-999.0,45.79,29.52,0.0,RUN,8290.11
2025-02-26 15:00:00,0.18,28.0,5.0,19.0,669.6,41.49,29.97,0.0,RUN,6508.58
2025-02-26 16:00:00,0.16,27.5,3.95,18.0,435.7,37.1,29.37,0.0,RUN,4103.19
2025-02-26 17:00:00,0.196,27.2,3.67,20.0,170.6,31.33,29.12,0.0,RUN,1541.28
2025-02-26 18:00:00,0.161,25.7,2.99,22.0,14.6,28.05,27.65,0.0,RUN,103.7
2025-02-26 19:00:00,0.171,24.0,2.63,24.0,0.0,25.88,26.43,0.0,STANDBY,-8.39
2025-02-26 20:00:00,0.221,22.5,2.73,30.0,0.0,24.12,24.4,0.0,STANDBY,0.0
26-02-2025 21:00,0.124,22.0,2.23,32.0,0.0,22.78,22.04,0.0,STANDBY,0.0
2025-02-26 22:00:00,0.12,20.0,2.24,34.0,0.0,19.44,20.01,0.0,STANDBY,-2.83
2025-02-26 23:00:00,0.095,18.2,2.14,38.0,0.0,19.12,19.06,0.0,STANDBY,-2.49
2025-02-27 00:00:00,0.177,14.3,3.39,47.0,0.0,16.26,16.31,0.0,PARTIAL,-11.35
2025-02-27 01:00:00,0.241,13.7,3.45,51.0,0.0,14.78,14.86,0.0,PARTIAL,-10.96
2025-02-27 02:00:00,0.145,13.3,3.77,56.0,0.0,15.17,13.85,0.0,PARTIAL,0.0
2025-02-27 03:00:00,0.263,13.1,4.16,55.0,0.0,14.09,14.09,0.0,PARTIAL,0.0
2025-02-27 04:00:00,0.118,13.0,3.77,48.0,0.0,13.46,13.91,0.0,partial,0.0
2025-02-27 05:00:00,0.21,13.2,3.36,47.0,0.0,14.53,15.17,0.0,PARTIAL,0.0
2025-02-27 06:00:00,0.185,14.4,3.91,49.0,9.9,14.87,16.65,0.0,partial,15.01
2025-02-27 07:00:00,0.132,16.4,4.39,46.0,146.4,21.17,17.33,0.0,PARTIAL,1023.26
2025-02-27 08:00:00,0.247,18.7,5.14,44.0,392.7,28.67,19.63,0.0,PARTIAL,3098.69
2025-02-27 09:00:00,0.386,20.2,5.96,41.0,625.8,34.89,21.81,0.0,PARTIAL,5049.92
2025-02-27 10:00:00,0.269,22.7,6.95,36.0,810.2,40.26,23.79,0.0, PARTIAL ,6571.85
2025-02-27 11:00:00,0.296,24.1,5.97,36.0,950.7,45.25,25.41,0.0,PARTIAL,7418.17
2025-02-27 12:00:00,0.263,24.7,6.09,31.0,1015.4,47.89,26.64,0.0,PARTIAL,7776.68
2025-02-27 13:00:00,0.274,26.3,7.09,33.0,980.7,47.55,27.96,0.0,PARTIAL,7501.14
2025-02-27 14:00:00,0.405,26.4,6.97,28.0,857.6,45.99,29.03,0.0,PARTIAL,6691.67
2025-02-27 15:00:00,0.422,26.1,5.86,25.0,662.2,42.55,28.21,0.0,PARTIAL,5203.66
2025-02-27 16:00:00,0.714,25.6,6.01,30.0,413.3,36.12,27.72,0.0,PARTIAL,3202.05
2025-02-27 17:00:00,0.708,24.7,5.74,27.0,170.9,30.51,27.31,0.0,PARTIAL,1185.18
2025-02-27 18:00:00,0.518,23.9,5.87,28.0,12.9,26.18,26.24,0.0,PARTIAL,92.65
2025-02-27 19:00:00,0.279,22.6,5.93,30.0,0.0,25.88,25.19,0.0,PARTIAL,-2.11
2025-02-27 20:00:00,0.131,21.3,4.64,32.0,0.0,22.57,23.21,0.0,PARTIAL,0.0
2025-02-27 21:00:00,0.295,19.6,5.01,35.0,0.0,20.17,20.84,0.0,PARTIAL,0.0
27-02-2025 22:00,0.228,18.1,4.73,41.0,0.0,20.4,18.77,0.0,PARTIAL,-3.41
2025-02-27 23:00:00,0.176,16.3,4.97,48.0,0.0,18.74,17.2,0.0,PARTIAL,-5.96
2025-02-28 00:00:00,0.018,16.6,3.8,44.0,0.0,15.68,16.13,0.0,PARTIAL,-9.07
2025-02-28 01:00:00,0.011,15.3,3.7,50.0,0.0,14.89,15.27,0.0,PARTIAL,-7.96
2025-02-28 02:00:00,0.018,14.5,4.84,50.0,0.0,14.52,14.85,0.0,partial,0.0
2025-02-28 03:00:00,0.013,14.0,4.27,52.0,0.0,14.25,14.48,0.0,PARTIAL,0.0
2025-02-28 04:00:00,0.024,14.5,4.39,50.0,0.0,13.6,14.92,0.0,PARTIAL,0.0
28-02-2025 05:00,0.026,14.8,4.02,46.0,0.0,15.33,15.28,0.0,PARTIAL,-8.36
2025-02-28 06:00:00,0.019,15.4,4.06,44.0,9.4,16.89,16.18,0.0,partial,21.83
2025-02-28 07:00:00,0.01,18.0,4.2,42.0,138.5,21.1,17.2,0.0,PARTIAL,1020.52
2025-02-28 08:00:00,0.01,20.6,4.16,37.0,403.1,28.01,19.85,0.0,PARTIAL,3174.59
2025-02-28 09:00:00,0.012,22.6,3.65,32.0,614.6,33.86,21.83,0.0, PARTIAL ,5128.25
2025-02-28 10:00:00,0.011,24.4,3.61,27.0,818.5,38.15,23.55,0.0,PARTIAL,6645.45
2025-02-28 11:00:00,0.019,26.0,3.92,26.0,931.9,43.92,26.1,0.0,PARTIAL,7541.13
2025-02-28 12:00:00,0.019,27.0,3.92,25.0,988.9,43.26,27.1,0.0,PARTIAL,7819.64
2025-02-28 13:00:00,0.013,28.1,3.97,21.0,922.4,44.19,28.52,0.0,PARTIAL,7544.88
2025-02-28 14:00:00,0.023,28.6,4.01,23.0,851.3,43.64,28.36,0.0, PARTIAL ,6654.85
2025-02-28 15:00:00,0.015,28.7,4.35,23.0,695.9,41.44,28.91,0.0, PARTIAL ,5265.72
2025-02-28 16:00:00,0.012,28.2,4.19,23.0,433.0,36.13,28.78,0.0,PARTIAL,3284.71
2025-02-28 18:00:00,0.021,26.9,3.75,27.0,8.1,27.67,25.85,0.0,PARTIAL,78.28
2025-02-28 19:00:00,0.021,25.5,3.46,27.0,0.0,23.76,25.77,0.0,PARTIAL,-5.32
2025-02-28 20:00:00,0.031,22.7,3.9,29.0,0.0,24.0,23.17,0.0,PARTIAL,0.0
2025-02-28 21:00:00,0.039,21.3,3.45,33.0,0.0,21.88,22.16,0.0,PARTIAL,-11.05
2025-02-28 22:00:00,0.037,19.4,3.35,34.0,0.0,19.3,19.27,0.0,PARTIAL,-7.86
2025-02-28 23:00:00,0.03,17.4,3.8,35.0,0.0,17.22,17.86,0.0,PARTIAL,0.0
2025-03-01 00:00:00,0.08,17.7,2.24,33.0,0.0,18.44,16.82,0.0,STANDBY,-9.99
2025-03-01 01:00:00,0.117,16.2,2.47,37.0,0.0,15.7,15.91,0.0,,-10.79
2025-03-01 02:00:00,0.098,15.2,2.12,39.0,0.0,14.53,16.17,0.0,STANDBY,-2.46
2025-03-01 03:00:00,0.142,14.8,2.16,41.0,0.0,15.2,15.53,0.0,STANDBY,-6.79
2025-03-01 04:00:00,0.087,15.3,2.1,41.0,0.0,16.24,16.74,0.0,STANDBY,-9.16
2025-03-01 05:00:00,0.231,16.0,2.12,39.0,0.0,16.13,16.8,0.0,STANDBY,0.0
2025-03-01 06:00:00,0.303,17.7,1.81,35.0,5.0,19.14,17.26,0.0, RUN ,0.0
2025-03-01 07:00:00,0.161,19.2,2.38,36.0,141.3,20.68,19.48,0.0,RUN,1286.15
2025-03-01 08:00:00,0.1,20.8,2.24,34.0,400.0,31.73,21.75,0.0,RUN,3897.81
2025-03-01 09:00:00,0.135,22.8,2.8,32.0,636.4,39.21,23.36,0.0,RUN,6364.87
2025-03-01 10:00:00,0.095,25.0,3.87,28.0,823.2,42.05,24.64,0.0,RUN,8249.0
2025-03-01 11:00:00,0.069,27.2,3.56,27.0,938.1,46.03,26.62,0.0,RUN,9308.22
2025-03-01 12:00:00,0.066,28.1,3.25,24.0,1003.0,49.04,27.98,0.0,RUN,9732.05
2025-03-01 13:00:00,0.114,28.9,3.02,22.0,909.9,49.19,28.79,0.0, RUN ,9346.53
2025-03-01 14:00:00,0.18,30.0,3.0,20.0,856.2,47.87,30.86,0.0,RUN,8290.18
2025-03-01 15:00:00,0.189,30.5,3.03,20.0,663.9,44.33,30.5,0.0,RUN,6506.91
2025-03-01 16:00:00,0.078,30.0,2.59,21.0,421.9,37.94,29.75,0.0,RUN,4111.31
2025-03-01 17:00:00,0.088,29.3,2.63,23.0,174.3,32.76,29.34,0.0,RUN,1509.52
2025-03-01 18:00:00,0.095,28.5,2.61,24.0,10.3,28.89,27.68,0.0,RUN,68.54
2025-03-01 19:00:00,0.04,27.2,2.41,26.0,0.0,26.46,26.85,0.0,STANDBY,-10.58
2025-03-01 20:00:00,0.063,25.9,2.42,29.0,0.0,23.56,25.17,0.0,STANDBY,-7.98
2025-03-01 21:00:00,0.06,23.7,2.35,31.0,0.0,23.98,23.23,0.0,STANDBY,-4.28
2025-03-01 22:00:00,0.071,21.8,2.34,31.0,0.0,20.48,20.8,0.0,STANDBY,-7.09
2025-03-01 23:00:00,0.157,19.8,2.53,35.0,0.0,18.35,19.43,0.0,STANDBY,0.0
2025-03-02 00:00:00,0.364,14.0,3.01,47.0,0.0,15.13,14.74,0.0,STANDBY,0.0
2025-03-02 01:00:00,0.362,12.9,2.25,51.0,0.0,13.87,13.78,0.0,STANDBY,-3.0
2025-03-02 02:00:00,0.227,12.3,2.23,49.0,0.0,12.09,12.63,0.0,STANDBY,0.0
2025-03-02 03:00:00,0.276,12.1,2.27,49.0,0.0,12.49,13.26,0.0,STANDBY,-6.93
2025-03-02 04:00:00,0.204,12.7,2.52,47.0,0.0,13.88,12.99,0.0,STANDBY,-6.36
2025-03-02 05:00:00,0.147,13.2,2.79,45.0,0.0,13.76,12.96,0.0,STANDBY,-11.02
2025-03-02 06:00:00,0.183,14.2,2.98,45.0,8.0,14.82,15.33,0.0,RUN,27.67
2025-03-02 07:00:00,0.435,15.3,2.87,44.0,154.0,19.53,16.36,0.0,RUN,1341.08
2025-03-02 08:00:00,0.389,17.2,2.53,39.0,402.1,27.6,17.96,0.0,RUN,3961.85
2025-03-02 09:00:00,0.362,19.5,2.57,36.0,648.0,36.37,19.6,0.0,RUN,6408.45
2025-03-02 10:00:00,0.377,21.5,2.63,32.0,841.7,40.37,22.02,0.0,RUN,8229.34
2025-03-02 11:00:00,0.337,23.1,2.52,30.0,947.9,44.54,24.59,0.0,RUN,9448.95
2025-03-02 12:00:00,0.212,25.4,3.25,27.0,1023.6,47.84,25.75,0.0,RUN,9773.52
2025-03-02 13:00:00,0.175,26.3,3.85,24.0,944.1,46.71,26.9,0.0,RUN,9385.62
2025-03-02 14:00:00,0.21,27.3,3.86,19.0,856.3,43.56,27.15,0.0,RUN,8305.9
2025-03-02 15:00:00,0.193,28.1,3.94,22.0,671.1,40.7,27.44,0.0, run ,6530.53
2025-03-02 16:00:00,0.117,27.3,4.44,21.0,434.9,36.19,26.5,0.0,run,4188.86
2025-03-02 17:00:00,0.047,27.0,3.56,20.0,177.5,29.93,27.33,0.0,RUN,1524.66
2025-03-02 18:00:00,0.154,25.7,3.46,25.0,13.1,-999.0,24.75,0.0,RUN,64.78
2025-03-02 20:00:00,0.1,22.0,3.05,34.0,0.0,21.82,21.64,0.0,STANDBY,0.0
2025-03-02 21:00:00,0.178,20.0,2.37,39.0,0.0,19.38,19.8,0.0,STANDBY,0.0
2025-03-02 22:00:00,0.25,17.5,2.48,46.0,0.0,18.02,18.76,0.0,,-1.6
2025-03-02 23:00:00,0.267,15.9,3.13,45.0,0.0,17.06,15.64,0.0,STANDBY,-999.0
2025-03-03 00:00:00,0.166,16.9,3.78,48.0,0.0,17.73,17.41,0.0,STANDBY,-2.46
2025-03-03 01:00:00,0.223,15.1,3.47,48.0,0.0,15.13,15.11,0.0,STANDBY,0.0
2025-03-03 02:00:00,0.144,13.9,4.23,52.0,0.0,13.68,14.75,0.0,STANDBY,-3.56
03-03-2025 03:00,0.069,14.2,3.79,52.0,0.0,14.24,14.98,0.0,STANDBY,0.0
2025-03-03 04:00:00,0.075,13.7,3.23,51.0,0.0,14.45,14.58,0.0,STANDBY,0.0
2025-03-03 05:00:00,0.124,15.0,3.23,53.0,0.0,16.85,15.54,0.0,STANDBY,-8.85
2025-03-03 06:00:00,0.09,16.6,3.81,46.0,7.4,15.7,17.25,0.0,RUN,11.83
2025-03-03 07:00:00,0.04,18.3,3.87,45.0,148.3,22.13,18.35,0.0,RUN,1315.38
2025-03-03 08:00:00,0.051,20.1,3.18,43.0,402.3,30.8,20.77,0.0,RUN,3960.7
2025-03-03 09:00:00,0.046,21.9,3.86,39.0,639.6,36.85,22.36,0.0,RUN,6429.47
2025-03-03 10:00:00,0.066,23.4,5.34,36.0,858.2,41.78,24.27,0.0,RUN,8211.55
2025-03-03 11:00:00,0.12,25.0,5.08,34.0,972.0,46.82,25.47,0.0,RUN,9310.53
2025-03-03 12:00:00,0.144,26.8,4.75,27.0,1017.3,49.51,27.28,0.0,RUN,9714.96
2025-03-03 13:00:00,0.115,28.0,4.78,24.0,919.2,48.93,28.02,0.0,RUN,9298.5
2025-03-03 14:00:00,0.072,29.2,4.97,20.0,861.7,44.97,28.85,0.0,RUN,8305.44
2025-03-03 15:00:00,0.103,29.2,4.91,20.0,659.6,42.07,28.66,0.0,RUN,6557.04
2025-03-03 16:00:00,0.144,29.4,4.43,20.0,437.2,38.79,28.92,0.0,RUN,4112.33
2025-03-03 17:00:00,0.267,28.1,5.04,22.0,184.6,33.17,27.95,0.0,RUN,1568.46
2025-03-03 18:00:00,0.18,26.7,4.63,22.0,14.1,27.7,26.13,0.0,RUN,67.02
2025-03-03 19:00:00,0.192,24.6,4.19,27.0,0.0,25.96,25.68,0.0,STANDBY,-11.29
2025-03-03 20:00:00,0.11,22.5,3.56,32.0,0.0,23.0,23.68,0.0,standby,-10.79
2025-03-03 21:00:00,0.201,20.5,2.46,34.0,0.0,20.95,21.56,0.0,STANDBY,-2.98
2025-03-03 22:00:00,0.178,18.6,2.47,43.0,0.0,19.34,19.83,0.0,STANDBY,0.0
2025-03-03 23:00:00,0.135,16.6,2.84,45.0,0.0,18.47,18.1,0.0,,-6.67
2025-03-04 00:00:00,0.074,15.4,2.07,43.0,0.0,14.79,15.68,0.0, STANDBY ,-10.43
2025-03-04 01:00:00,0.082,14.3,1.74,47.0,0.0,14.58,14.75,0.0,STANDBY,0.0
2025-03-04 02:00:00,0.086,14.1,1.85,51.0,0.0,14.21,13.7,0.0,STANDBY,-9.56
2025-03-04 03:00:00,0.127,13.8,1.89,53.0,0.0,14.04,13.83,0.0,STANDBY,0.0
2025-03-04 04:00:00,0.071,14.0,1.88,45.0,0.0,13.76,13.41,0.0,STANDBY,0.0
2025-03-04 05:00:00,0.077,15.7,1.9,45.0,0.0,14.78,14.78,0.0,STANDBY,-3.75
2025-03-04 06:00:00,0.076,16.8,1.94,44.0,7.8,16.66,15.48,0.0,RUN,7.25
2025-03-04 07:00:00,0.104,18.1,2.07,42.0,153.2,20.22,17.44,0.0,RUN,1372.07
2025-03-04 08:00:00,0.151,20.5,2.17,39.0,406.5,28.5,19.22,0.0, RUN ,4007.37
04-03-2025 09:00,0.065,22.5,2.02,35.0,621.5,36.73,20.65,0.0,RUN,6469.79
2025-03-04 10:00:00,0.059,24.0,2.32,31.0,834.9,41.14,22.82,0.0,RUN,8256.55
2025-03-04 11:00:00,0.076,25.3,3.17,28.0,960.1,43.77,25.18,0.0,run,9435.5
2025-03-04 12:00:00,0.065,26.8,3.44,24.0,1002.5,46.91,26.38,0.0,RUN,9709.56
2025-03-04 13:00:00,0.133,27.6,3.81,22.0,973.8,48.28,27.24,0.0,run,9399.68
2025-03-04 14:00:00,0.098,27.8,3.86,20.0,862.3,43.18,27.56,0.0,RUN,8362.3
2025-03-04 15:00:00,0.052,28.5,3.68,19.0,667.1,41.21,28.65,0.0,RUN,6561.9
2025-03-04 16:00:00,0.039,28.4,3.33,19.0,437.2,36.0,27.72,0.0,RUN,4184.6
2025-03-04 17:00:00,0.067,28.1,3.44,22.0,180.4,31.61,27.41,0.0,RUN,1555.33
2025-03-04 18:00:00,0.094,26.6,3.37,22.0,10.8,25.45,26.28,0.0,RUN,11.54
2025-03-04 19:00:00,0.061,24.9,2.94,24.0,0.0,24.4,24.31,0.0,STANDBY,-11.16
2025-03-04 20:00:00,0.063,23.4,3.02,27.0,0.0,22.03,22.73,0.0,STANDBY,-6.48
2025-03-04 21:00:00,0.05,21.0,2.55,29.0,0.0,19.73,21.1,0.0,STANDBY,-8.36
2025-03-04 22:00:00,0.043,19.1,2.15,32.0,0.0,19.72,18.99,0.0,STANDBY,-4.37
2025-03-04 23:00:00,0.063,17.0,2.26,38.0,0.0,17.32,16.77,0.0,STANDBY,0.0
2025-03-05 00:00:00,0.209,15.4,1.47,48.0,0.0,15.01,15.51,0.0,STANDBY,-6.5
2025-03-05 01:00:00,0.19,14.3,1.48,51.0,0.0,13.72,14.16,0.0,STANDBY,0.0
2025-03-05 02:00:00,0.134,13.8,1.21,48.0,0.0,11.9,14.18,0.0,STANDBY,-4.21
2025-03-05 03:00:00,0.165,13.4,1.35,51.0,0.0,13.43,13.64,0.0,STANDBY,-4.45
2025-03-05 04:00:00,0.144,14.0,1.7,49.0,0.0,13.17,13.15,0.0,STANDBY,0.0
2025-03-05 05:00:00,0.296,15.0,1.76,48.0,0.0,14.2,13.89,0.0,STANDBY,0.0
2025-03-05 06:00:00,0.325,16.4,1.9,46.0,12.6,15.22,15.56,0.0,RUN,43.08
2025-03-05 07:00:00,0.346,17.9,1.73,43.0,163.5,21.78,16.98,0.0,RUN,1339.92
2025-03-05 08:00:00,0.415,20.3,1.69,40.0,414.1,28.31,19.28,0.0,RUN,4023.22
2025-03-05 09:00:00,0.118,22.4,1.4,35.0,647.1,39.4,20.92,0.0,RUN,6405.61
2025-03-05 10:00:00,0.284,23.2,1.7,35.0,849.7,43.44,22.55,0.0,RUN,8216.67
2025-03-05 11:00:00,0.13,25.7,2.32,30.0,976.5,47.64,25.67,0.0,RUN,9357.6
2025-03-05 12:00:00,0.109,27.0,2.66,23.0,977.9,48.26,26.8,0.0,RUN,9681.53
2025-03-05 13:00:00,0.114,27.8,3.11,23.0,988.5,48.04,27.49,0.0,RUN,9375.77
2025-03-05 14:00:00,0.186,28.4,2.77,24.0,847.3,46.61,27.89,0.0,run,8230.16
2025-03-05 15:00:00,0.118,28.6,2.46,27.0,677.6,42.55,27.56,0.0,RUN,6547.6
2025-03-05 16:00:00,0.11,28.5,2.31,26.0,440.3,37.58,28.35,0.0,RUN,4184.54
2025-03-05 17:00:00,0.081,27.7,2.42,26.0,182.3,31.96,27.6,0.0,RUN,1658.8
2025-03-05 18:00:00,0.159,26.6,2.62,30.0,18.5,26.67,26.81,0.0,RUN,72.78
2025-03-05 19:00:00,0.254,24.7,2.57,28.0,0.0,24.96,23.89,0.0,STANDBY,0.0
2025-03-05 20:00:00,0.253,22.6,1.96,32.0,0.0,23.75,22.21,0.0,STANDBY,-4.48
2025-03-05 21:00:00,0.17,20.6,2.0,34.0,0.0,20.62,21.07,0.0,STANDBY,0.0
2025-03-05 22:00:00,0.226,19.7,2.04,41.0,0.0,18.59,18.6,0.0,STANDBY,-5.54
2025-03-05 23:00:00,0.206,17.6,1.63,41.0,0.0,15.94,17.51,0.0,STANDBY,0.0
2025-03-06 00:00:00,0.118,17.6,2.36,45.0,0.0,17.08,18.17,0.0, STANDBY ,-2.82
2025-03-06 01:00:00,0.084,17.3,2.54,49.0,0.0,16.26,15.95,0.0,STANDBY,0.0
06-03-2025 02:00,0.151,15.6,2.53,48.0,0.0,16.0,16.15,0.0,STANDBY,0.0
2025-03-06 03:00:00,0.136,16.0,2.89,50.0,0.0,16.08,15.33,0.0,STANDBY,-9.4
2025-03-06 04:00:00,0.104,15.8,2.77,47.0,0.0,17.47,16.13,0.0,,0.0
2025-03-06 05:00:00,0.079,16.4,2.88,45.0,0.0,15.92,16.69,0.0,STANDBY,-7.55
2025-03-06 06:00:00,0.098,17.4,2.54,44.0,11.4,17.83,17.98,0.0,RUN,57.63
2025-03-06 07:00:00,0.166,19.4,3.09,40.0,9999.0,23.57,19.08,0.0,RUN,1378.16
2025-03-06 08:00:00,0.185,21.1,3.0,38.0,420.3,28.37,21.58,0.0,RUN,4006.02
2025-03-06 09:00:00,0.095,22.4,3.04,32.0,639.1,36.01,23.6,0.0,RUN,6525.43
2025-03-06 10:00:00,0.117,24.6,3.86,30.0,852.8,43.07,25.35,0.0,RUN,8254.17
2025-03-06 11:00:00,0.319,26.8,3.83,27.0,934.4,45.77,26.11,0.0,RUN,9395.64
2025-03-06 12:00:00,0.515,28.1,3.72,26.0,1001.6,48.19,27.69,0.0,run,9525.19
2025-03-06 13:00:00,0.448,29.2,4.14,24.0,951.3,46.36,28.81,0.0,RUN,9193.65
2025-03-06 14:00:00,0.22,30.1,4.04,22.0,866.1,46.34,29.39,0.0,RUN,8275.12
2025-03-06 15:00:00,0.177,30.7,3.76,19.0,654.8,41.95,30.02,0.0,RUN,6475.29
2025-03-06 16:00:00,0.174,29.9,4.29,21.0,414.9,40.1,30.1,0.0,RUN,4083.62
2025-03-06 17:00:00,0.087,29.4,4.0,20.0,175.8,32.46,29.06,0.0, RUN ,1568.02
2025-03-06 18:00:00,0.066,27.9,3.44,27.0,19.2,27.27,28.26,0.0, RUN ,59.33
2025-03-06 19:00:00,0.045,26.8,3.8,28.0,0.0,26.01,26.61,0.0,STANDBY,0.0
2025-03-06 20:00:00,0.096,25.2,3.5,33.0,0.0,24.69,25.25,0.0,STANDBY,-8.23
2025-03-06 21:00:00,0.17,23.4,3.11,36.0,0.0,23.41,22.2,0.0,STANDBY,0.0
2025-03-06 22:00:00,0.125,21.5,2.92,38.0,0.0,20.83,21.01,0.0,STANDBY,0.0
2025-03-06 23:00:00,0.057,19.5,2.59,41.0,9999.0,18.51,19.26,0.0,standby,-9.63
2025-03-07 00:00:00,0.174,19.9,3.05,43.0,0.0,19.13,19.41,0.0,STANDBY,-9.15
2025-03-07 01:00:00,0.198,18.6,2.43,45.0,0.0,18.37,19.04,0.0,STANDBY,0.0
2025-03-07 02:00:00,0.198,17.6,2.46,48.0,0.0,16.72,17.97,0.0,STANDBY,-1.82
2025-03-07 03:00:00,0.19,18.0,3.12,51.0,0.0,16.79,16.97,0.0,STANDBY,-8.52
2025-03-07 04:00:00,0.164,17.6,2.47,47.0,0.0,16.91,17.76,0.0,STANDBY,-7.26
2025-03-07 05:00:00,0.183,18.8,2.25,52.0,0.0,18.85,17.87,0.0,STANDBY,-1.5
2025-03-07 06:00:00,0.231,20.1,1.88,48.0,8.1,19.66,20.48,0.0,RUN,45.46
2025-03-07 07:00:00,0.156,21.5,1.93,43.0,162.2,24.52,21.71,0.0,RUN,1415.58
2025-03-07 08:00:00,0.121,23.5,2.05,38.0,398.1,32.18,24.14,0.0,RUN,3927.06
2025-03-07 09:00:00,0.067,25.9,1.82,34.0,650.1,39.76,24.86,0.0,RUN,6418.66
2025-03-07 10:00:00,0.077,27.5,1.74,29.0,869.9,45.91,27.43,0.0,RUN,8169.62
2025-03-07 11:00:00,0.082,29.2,2.44,27.0,978.8,48.16,29.35,0.0,RUN,9281.53
2025-03-07 12:00:00,0.144,30.2,2.68,25.0,1021.9,50.69,29.25,0.0,RUN,9608.7
2025-03-07 13:00:00,0.152,31.5,2.47,21.0,929.1,51.27,30.21,0.0,RUN,9210.95
2025-03-07 14:00:00,0.119,32.3,2.75,21.0,850.0,48.72,32.26,0.0,RUN,8179.23
2025-03-07 15:00:00,0.094,32.6,2.92,21.0,696.0,45.71,32.71,0.0,RUN,6441.74
2025-03-07 16:00:00,0.163,32.7,3.06,22.0,420.0,41.6,31.81,0.0,RUN,-999.0
2025-03-07 17:00:00,0.158,32.4,3.1,22.0,180.5,34.87,31.7,0.0,RUN,1498.76
2025-03-07 18:00:00,0.309,31.2,3.01,24.0,17.0,30.49,29.47,0.0,RUN,70.9
2025-03-07 19:00:00,0.281,29.7,3.21,31.0,0.0,27.98,28.25,0.0,STANDBY,0.0
2025-03-07 20:00:00,0.286,27.8,2.77,37.0,0.0,26.66,26.36,0.0,STANDBY,0.0
2025-03-07 21:00:00,0.282,25.7,2.65,41.0,0.0,24.5,25.39,0.0,STANDBY,-8.2
2025-03-07 22:00:00,0.259,23.7,2.32,41.0,0.0,23.35,23.04,0.0,STANDBY,-8.5
2025-03-07 23:00:00,0.161,21.9,2.71,48.0,0.0,20.8,21.02,0.0,STANDBY,0.0
2025-03-08 00:00:00,0.254,19.4,1.28,40.0,0.0,17.39,18.41,0.0,STANDBY,0.0
2025-03-08 01:00:00,0.239,18.1,1.23,42.0,0.0,17.07,17.71,0.0,STANDBY,-10.33
2025-03-08 02:00:00,0.262,17.5,1.27,41.0,0.0,17.14,16.75,0.0,STANDBY,-8.9
2025-03-08 03:00:00,0.335,17.2,1.25,43.0,0.0,17.27,16.42,0.0,standby,-4.17
2025-03-08 04:00:00,0.264,18.3,1.61,38.0,0.0,16.22,17.44,0.0,STANDBY,-4.13
2025-03-08 05:00:00,0.286,18.5,1.62,34.0,0.0,17.37,18.14,0.0,STANDBY,-11.24
2025-03-08 06:00:00,0.475,19.0,1.43,36.0,7.6,20.59,19.63,0.0,RUN,58.7
2025-03-08 07:00:00,0.369,21.5,1.52,34.0,160.2,25.24,20.07,0.0,RUN,1366.31
2025-03-08 08:00:00,0.207,23.0,1.17,30.0,413.0,35.31,22.26,0.0,RUN,3988.81
2025-03-08 09:00:00,0.19,25.2,1.27,28.0,653.0,43.61,23.69,0.0,RUN,6341.76
2025-03-08 10:00:00,0.176,26.7,1.58,23.0,866.2,50.89,26.69,0.0,RUN,8084.09
2025-03-08 11:00:00,0.425,28.5,1.69,26.0,1005.2,54.11,28.42,0.0,RUN,9072.79
2025-03-08 12:00:00,0.329,29.9,1.58,20.0,1017.3,55.67,29.66,0.0,RUN,9476.56
2025-03-08 13:00:00,0.254,30.9,2.05,18.0,943.6,54.93,30.42,0.0,RUN,9145.18
2025-03-08 14:00:00,0.218,31.3,1.99,17.0,850.8,52.92,30.37,0.0,RUN,8124.9
2025-03-08 15:00:00,0.213,31.8,1.82,15.0,678.5,48.0,32.35,0.0,RUN,6367.89
2025-03-08 16:00:00,0.275,31.2,1.71,13.0,435.6,42.04,31.24,0.0,RUN,4100.55
2025-03-08 17:00:00,0.151,30.8,1.74,15.0,179.0,35.9,30.42,0.0,RUN,1598.18
2025-03-08 18:00:00,0.114,29.6,1.65,20.0,15.4,30.58,29.18,0.0,RUN,90.33
2025-03-08 19:00:00,0.122,28.1,1.63,25.0,0.0,27.29,27.45,0.0,STANDBY,0.0
2025-03-08 20:00:00,0.214,26.4,1.37,32.0,0.0,24.76,25.28,0.0,STANDBY,-7.68
08-03-2025 21:00,0.204,24.7,1.05,32.0,0.0,24.07,23.59,0.0,STANDBY,-3.27
2025-03-08 22:00:00,0.14,22.9,1.24,35.0,0.0,22.2,21.03,0.0,STANDBY,-3.42
2025-03-08 23:00:00,0.133,20.8,0.9,34.0,0.0,20.17,20.4,0.0,STANDBY,0.0
2025-03-09 00:00:00,0.114,18.9,1.57,46.0,0.0,19.64,18.65,0.0,STANDBY,-7.47
2025-03-09 01:00:00,0.077,17.7,1.61,48.0,0.0,18.86,18.51,0.0,STANDBY,0.0
2025-03-09 02:00:00,0.125,16.6,1.76,45.0,0.0,15.64,16.97,0.0,STANDBY,0.0
2025-03-09 03:00:00,0.148,16.3,1.87,47.0,0.0,16.71,16.3,0.0,,-2.46
2025-03-09 04:00:00,0.139,16.5,1.88,47.0,0.0,16.86,17.3,0.0,STANDBY,0.0
2025-03-09 05:00:00,0.125,17.3,2.12,45.0,0.0,16.39,19.12,0.0,STANDBY,0.0
2025-03-09 06:00:00,0.15,18.0,2.66,45.0,3.0,21.11,19.24,0.0,RUN,66.88
2025-03-09 07:00:00,0.099,19.9,2.11,39.0,159.9,24.78,20.68,0.0,RUN,1504.07
2025-03-09 08:00:00,0.14,21.9,2.35,36.0,414.8,32.8,22.97,0.0,RUN,4300.79
2025-03-09 09:00:00,0.066,23.7,2.2,31.0,656.1,39.42,24.76,0.0,RUN,6857.28
2025-03-09 10:00:00,0.121,25.8,1.99,31.0,828.5,46.7,26.43,0.0,RUN,8709.64
2025-03-09 11:00:00,0.139,27.9,2.67,27.0,996.9,50.26,28.23,0.0,RUN,9796.14
2025-03-09 12:00:00,0.17,29.1,2.62,25.0,1049.5,51.88,29.94,0.0,RUN,9998.33
2025-03-09 13:00:00,0.111,30.7,3.29,21.0,998.9,50.67,31.1,0.0,RUN,9807.17
2025-03-09 14:00:00,0.054,31.3,3.35,21.0,855.4,49.45,31.71,0.0,RUN,8687.49
2025-03-09 15:00:00,0.077,31.6,3.53,21.0,681.1,44.84,31.9,0.0,RUN,6833.6
2025-03-09 16:00:00,0.148,31.3,3.62,24.0,417.1,40.16,31.02,0.0,run,4350.45
2025-03-09 17:00:00,0.12,30.6,3.91,24.0,177.6,33.83,30.74,0.0,RUN,1661.66
2025-03-09 18:00:00,0.108,29.3,3.65,27.0,16.8,28.75,29.48,0.0,RUN,61.07
2025-03-09 19:00:00,0.117,27.6,2.89,28.0,0.0,27.72,28.28,0.0,STANDBY,-3.82
2025-03-09 20:00:00,0.163,25.8,2.25,31.0,0.0,27.48,26.48,0.0,STANDBY,-10.05
2025-03-09 21:00:00,0.112,23.7,2.24,31.0,0.0,24.84,24.71,0.0,STANDBY,-11.44
2025-03-09 22:00:00,0.099,21.4,2.15,35.0,0.0,21.03,22.36,0.0,STANDBY,-8.12
09-03-2025 23:00,0.084,19.6,1.72,35.0,0.0,20.56,20.8,0.0,STANDBY,-8.69
2025-03-10 00:00:00,0.046,19.0,2.48,36.0,0.0,20.17,19.83,0.0,STANDBY,-2.59
2025-03-10 01:00:00,0.048,17.8,2.52,38.0,0.0,19.27,18.63,0.0,standby,0.0
2025-03-10 02:00:00,0.07,17.3,2.61,39.0,0.0,19.0,17.96,0.0,standby,-11.26
2025-03-10 03:00:00,0.161,17.4,2.27,45.0,0.0,17.74,16.59,0.0,STANDBY,-6.65
2025-03-10 04:00:00,0.149,18.1,2.51,46.0,0.0,17.71,18.21,0.0,STANDBY,-5.26
2025-03-10 05:00:00,0.094,18.9,2.67,44.0,0.0,19.41,19.53,0.0,standby,0.0
2025-03-10 06:00:00,0.072,21.0,2.95,41.0,17.4,20.33,20.23,0.0,RUN,0.7
2025-03-10 07:00:00,0.033,22.4,2.85,38.0,159.0,25.29,21.24,0.0, RUN ,1590.23
2025-03-10 08:00:00,0.036,24.1,2.56,37.0,418.7,-999.0,23.53,0.0, RUN ,4410.43
2025-03-10 09:00:00,0.055,26.2,2.65,34.0,672.8,38.1,25.62,0.0,RUN,6888.94
2025-03-10 10:00:00,0.063,27.9,2.99,29.0,848.2,43.18,26.65,0.0,RUN,8785.87
2025-03-10 11:00:00,0.04,29.1,3.49,23.0,967.1,47.16,28.16,0.0,RUN,9874.35
2025-03-10 12:00:00,0.03,31.2,3.94,19.0,1008.2,49.83,30.73,0.0,RUN,10027.91
2025-03-10 13:00:00,0.036,32.1,4.39,18.0,989.9,49.54,31.79,0.0,RUN,9864.59
2025-03-10 14:00:00,0.041,32.8,4.19,23.0,820.6,48.45,32.57,0.0,RUN,8809.02
2025-03-10 15:00:00,0.057,32.1,4.48,23.0,680.1,46.17,32.41,0.0,RUN,6877.51
2025-03-10 16:00:00,0.042,32.6,4.35,21.0,455.5,40.42,32.18,0.0,RUN,4353.46
2025-03-10 17:00:00,0.08,31.6,3.61,24.0,175.2,35.14,31.66,0.0,RUN,1634.84
2025-03-10 18:00:00,0.09,30.8,4.06,24.0,17.9,30.45,29.98,0.0,RUN,38.08
2025-03-10 19:00:00,0.08,29.8,3.31,26.0,0.0,28.45,28.13,0.0,STANDBY,0.0
2025-03-10 20:00:00,0.179,27.4,-999.0,29.0,0.0,26.91,27.06,0.0,STANDBY,0.0
10-03-2025 21:00,0.181,25.9,4.12,35.0,0.0,23.4,25.3,0.0,STANDBY,-11.11
2025-03-10 22:00:00,0.176,23.7,3.55,38.0,0.0,23.06,21.96,0.0,STANDBY,0.0
2025-03-10 23:00:00,0.099,22.0,2.61,41.0,0.0,21.51,20.69,0.0,STANDBY,0.0
11-03-2025 00:00,0.332,20.0,2.73,53.0,0.0,19.91,19.99,0.0,STANDBY,-10.38
2025-03-11 01:00:00,0.231,18.6,2.95,55.0,0.0,18.88,18.77,0.0,standby,-4.64
2025-03-11 02:00:00,0.2,18.5,3.5,57.0,0.0,18.48,18.18,0.0,STANDBY,-3.03
2025-03-11 03:00:00,0.144,18.3,3.52,56.0,0.0,17.67,17.1,0.0,STANDBY,-8.98
2025-03-11 04:00:00,0.106,18.0,3.7,59.0,0.0,18.33,18.09,0.0,STANDBY,-2.21
2025-03-11 05:00:00,0.124,19.0,3.96,56.0,0.0,19.2,18.92,0.0,STANDBY,-8.29
2025-03-11 06:00:00,0.211,19.8,3.62,53.0,8.4,20.82,20.49,0.0,RUN,17.79
2025-03-11 07:00:00,0.285,21.4,3.8,54.0,176.0,25.17,21.99,0.0,RUN,1560.34
2025-03-11 08:00:00,0.374,23.2,3.67,49.0,400.1,31.45,23.33,0.0,RUN,4243.88
2025-03-11 09:00:00,0.183,24.8,3.06,42.0,660.3,37.32,-999.0,0.0,RUN,6859.05
2025-03-11 10:00:00,0.091,26.9,3.42,39.0,865.5,44.03,28.04,0.0,RUN,8803.52
2025-03-11 11:00:00,0.124,29.7,3.43,36.0,970.8,46.46,29.5,0.0,RUN,9860.89
2025-03-11 12:00:00,0.181,30.9,3.55,37.0,1032.2,49.16,29.78,0.0,RUN,10040.74
2025-03-11 13:00:00,0.149,31.8,3.8,32.0,973.1,47.37,31.61,0.0,RUN,9910.17
2025-03-11 14:00:00,0.091,32.7,4.25,30.0,840.6,46.64,32.4,0.0,run,8788.03
2025-03-11 15:00:00,0.07,33.2,4.41,28.0,675.9,44.91,32.4,0.0,RUN,6825.76
2025-03-11 16:00:00,0.142,31.8,4.06,33.0,429.4,38.13,31.98,0.0,RUN,4308.16
2025-03-11 17:00:00,0.069,31.7,4.92,27.0,180.3,35.01,31.17,0.0,RUN,1629.07
2025-03-11 18:00:00,0.074,30.4,5.35,34.0,12.7,29.84,29.42,0.0,RUN,83.13
2025-03-11 19:00:00,0.066,29.0,5.44,40.0,0.0,29.34,28.43,0.0,STANDBY,-10.64
2025-03-11 20:00:00,0.102,27.1,5.94,45.0,0.0,26.73,26.25,0.0,STANDBY,0.0
2025-03-11 21:00:00,0.105,25.4,5.57,49.0,0.0,25.48,25.2,0.0,STANDBY,-3.61
2025-03-11 22:00:00,0.112,23.4,4.78,49.0,0.0,22.99,23.14,0.0,STANDBY,0.0
2025-03-11 23:00:00,0.186,21.4,4.46,50.0,0.0,21.88,21.3,0.0,STANDBY,0.0
2025-03-12 00:00:00,0.303,18.9,4.1,42.0,0.0,18.5,18.0,0.0,STANDBY,-7.7
2025-03-12 01:00:00,0.203,17.8,3.32,46.0,0.0,17.46,16.5,0.0,STANDBY,0.0
2025-03-12 02:00:00,0.347,17.1,3.55,48.0,0.0,18.41,16.23,0.0,STANDBY,-6.54
2025-03-12 03:00:00,0.507,17.1,3.81,51.0,0.0,15.71,15.61,0.0,STANDBY,-9.85
2025-03-12 04:00:00,0.278,17.3,3.41,46.0,0.0,17.24,16.85,0.0,STANDBY,0.0
2025-03-12 05:00:00,0.22,17.8,2.86,43.0,0.0,16.18,17.3,0.0,STANDBY,-7.68
2025-03-12 06:00:00,0.097,18.6,2.39,42.0,14.8,19.42,18.84,0.0,run,16.56
2025-03-12 07:00:00,0.217,19.6,2.53,40.0,169.0,22.57,20.14,0.0,RUN,1642.2
2025-03-12 08:00:00,0.211,21.4,2.55,41.0,422.1,29.6,21.27,0.0,RUN,4381.52
2025-03-12 09:00:00,0.35,23.6,2.8,36.0,656.8,37.61,24.19,0.0,RUN,6880.39
2025-03-12 10:00:00,0.371,25.0,2.88,31.0,828.2,42.44,25.69,0.0,RUN,8825.72
2025-03-12 11:00:00,0.314,27.1,3.74,26.0,991.9,45.09,27.67,0.0,RUN,9898.92
2025-03-12 12:00:00,0.228,28.7,4.31,23.0,983.9,46.05,28.56,0.0,RUN,9991.49
2025-03-12 13:00:00,0.257,29.9,4.31,17.0,932.1,46.54,29.38,0.0,RUN,9891.37
2025-03-12 14:00:00,0.414,30.1,4.67,18.0,811.2,44.9,30.22,0.0,RUN,8553.98
2025-03-12 15:00:00,0.241,30.3,4.94,20.0,666.0,41.5,30.16,0.0,RUN,6754.29
2025-03-12 16:00:00,0.202,30.5,4.96,18.0,444.8,36.35,29.51,0.0,RUN,4444.44
2025-03-12 17:00:00,0.205,29.3,4.29,20.0,182.9,32.9,29.82,0.0,RUN,1629.47
2025-03-12 18:00:00,0.37,27.7,4.55,21.0,21.8,30.19,27.54,0.0,RUN,92.49
2025-03-12 19:00:00,0.401,26.5,3.95,24.0,0.0,27.64,26.34,0.0,STANDBY,-9.55
2025-03-12 20:00:00,0.215,24.9,3.14,25.0,0.0,25.72,24.87,0.0,standby,-9.15
2025-03-12 21:00:00,0.262,23.0,2.8,29.0,0.0,23.16,23.08,0.0,STANDBY,-3.25
2025-03-12 22:00:00,0.222,21.8,2.39,33.0,0.0,21.93,21.52,0.0,STANDBY,-7.33
2025-03-12 23:00:00,0.18,19.9,2.49,31.0,0.0,20.86,20.03,0.0,STANDBY,-2.84
2025-03-13 00:00:00,0.273,18.1,3.15,40.0,0.0,19.7,18.66,0.0,STANDBY,0.0
2025-03-13 01:00:00,0.345,17.3,2.91,45.0,0.0,18.46,18.88,0.0,STANDBY,0.0
2025-03-13 02:00:00,0.491,15.9,3.09,50.0,0.0,17.68,17.4,0.0,STANDBY,0.0
2025-03-13 03:00:00,0.599,15.8,3.76,52.0,0.0,16.69,17.21,0.0,STANDBY,0.0
2025-03-13 04:00:00,0.51,16.2,3.61,51.0,0.0,18.23,17.72,0.0,STANDBY,-10.54
2025-03-13 05:00:00,0.66,17.2,3.38,44.0,0.0,17.36,19.16,0.0,standby,-8.7
2025-03-13 06:00:00,0.551,18.6,3.61,41.0,8.6,20.98,20.47,0.0,RUN,36.69
2025-03-13 07:00:00,0.535,19.9,4.01,38.0,165.0,22.86,20.89,0.0,RUN,1560.43
2025-03-13 08:00:00,0.4,21.2,3.48,31.0,410.4,31.76,23.03,0.0,RUN,4367.0
2025-03-13 09:00:00,0.5,23.3,4.21,27.0,637.3,36.32,25.97,0.0,RUN,6734.2
2025-03-13 10:00:00,0.536,25.7,4.34,28.0,776.9,40.78,26.06,0.0,RUN,8426.45
2025-03-13 11:00:00,0.308,28.0,5.01,25.0,976.9,45.8,28.54,0.0,run,9885.48
2025-03-13 12:00:00,0.215,29.7,5.1,27.0,1024.7,46.65,30.34,0.0,RUN,10066.11
2025-03-13 13:00:00,0.216,30.5,5.02,27.0,975.5,47.31,31.84,0.0,RUN,9864.89
2025-03-13 14:00:00,0.209,30.6,4.64,26.0,,NA,NA,0.0,,NA
2025-03-13 15:00:00,0.354,30.2,5.11,27.0,,,,0.0,,
2025-03-13 16:00:00,0.416,29.7,4.9,26.0,,,,0.0,,null
2025-03-13 17:00:00,0.479,29.2,5.29,30.0,null,,,0.0,,
2025-03-13 18:00:00,0.344,27.5,4.93,27.0,,NA,,0.0,,
2025-03-13 20:00:00,0.208,24.4,4.87,31.0,,null,,0.0,,
2025-03-13 21:00:00,0.325,22.4,4.18,36.0,0.0,25.57,24.34,0.0,STANDBY,0.0
2025-03-13 22:00:00,0.386,20.8,3.75,38.0,0.0,23.17,22.48,0.0,STANDBY,0.0
2025-03-13 23:00:00,0.376,19.5,3.83,41.0,0.0,20.32,21.68,0.0,STANDBY,-999.0
2025-03-14 00:00:00,0.236,18.7,3.72,41.0,0.0,18.85,18.49,0.0,STANDBY,0.0
2025-03-14 01:00:00,0.404,17.3,3.59,43.0,0.0,16.7,17.33,0.0,STANDBY,-11.36
14-03-2025 02:00,0.5,16.9,3.56,44.0,0.0,17.33,17.05,0.0,STANDBY,-8.3
2025-03-14 03:00:00,0.546,16.4,3.95,44.0,0.0,17.87,16.54,0.0,STANDBY,0.0
2025-03-14 04:00:00,0.63,16.6,3.64,48.0,0.0,17.4,16.75,0.0,STANDBY,0.0
2025-03-14 05:00:00,0.478,17.3,3.54,45.0,0.0,18.35,18.11,0.0,STANDBY,-7.45
2025-03-14 06:00:00,0.485,18.1,3.2,42.0,14.7,20.13,18.99,0.0,RUN,60.21
2025-03-14 07:00:00,0.304,18.9,2.29,38.0,173.4,23.39,20.92,0.0,RUN,1658.81
2025-03-14 08:00:00,0.173,20.7,2.43,32.0,423.6,30.51,22.78,0.0,RUN,4414.9
2025-03-14 09:00:00,0.289,22.9,2.44,29.0,670.1,38.24,24.5,0.0,run,6897.17
2025-03-14 10:00:00,0.331,25.3,2.65,32.0,851.2,41.76,25.73,0.0,RUN,8865.42
2025-03-14 11:00:00,0.288,27.8,2.87,30.0,966.5,46.86,27.73,0.0,RUN,9860.23
2025-03-14 12:00:00,0.304,28.8,3.08,29.0,999.5,47.56,29.06,0.0,RUN,9968.51
2025-03-14 13:00:00,0.273,29.8,3.76,27.0,947.2,47.76,29.2,0.0,RUN,9811.83
2025-03-14 14:00:00,0.175,30.6,4.6,24.0,863.8,45.01,30.31,0.0,RUN,8774.62
2025-03-14 15:00:00,0.198,31.3,3.69,25.0,643.7,41.2,31.15,0.0,,6841.53
2025-03-14 16:00:00,0.162,31.6,4.09,21.0,425.7,39.82,30.82,0.0,RUN,4325.73
2025-03-14 17:00:00,0.196,30.4,4.08,23.0,171.6,34.37,30.32,0.0,RUN,1662.91
2025-03-14 18:00:00,0.113,29.6,4.39,23.0,18.0,29.69,28.81,0.0,RUN,66.5
2025-03-14 19:00:00,0.154,28.1,3.92,27.0,0.0,26.44,27.37,0.0,STANDBY,-9.32
2025-03-14 20:00:00,0.145,26.7,3.22,32.0,0.0,26.8,25.67,0.0,STANDBY,0.0
2025-03-14 21:00:00,0.175,24.5,2.73,33.0,0.0,22.74,23.79,0.0,STANDBY,-8.09
2025-03-14 22:00:00,0.131,23.1,2.73,35.0,0.0,21.96,22.08,0.0,STANDBY,-7.87
2025-03-14 23:00:00,0.252,21.6,3.4,35.0,0.0,19.75,19.85,0.0,STANDBY,-2.72
2025-03-15 00:00:00,0.301,22.5,3.56,42.0,0.0,21.7,21.91,0.0,standby,-8.1
2025-03-15 01:00:00,0.177,21.2,3.21,43.0,0.0,20.23,20.59,0.0,STANDBY,-3.53
2025-03-15 02:00:00,0.255,20.1,2.96,45.0,0.0,20.1,20.02,0.0,STANDBY,-7.98
2025-03-15 03:00:00,0.337,19.8,3.27,51.0,0.0,19.14,19.77,0.0,STANDBY,-4.71
2025-03-15 04:00:00,0.392,19.8,3.77,51.0,0.0,19.37,19.79,0.0,standby,-3.32
2025-03-15 05:00:00,0.283,20.4,4.15,51.0,0.0,19.87,21.44,0.0,STANDBY,-4.91
2025-03-15 06:00:00,0.326,21.7,4.54,49.0,15.4,22.68,21.72,0.0,RUN,80.47
2025-03-15 07:00:00,0.504,23.2,4.88,46.0,162.8,26.99,23.81,0.0,RUN,1495.87
2025-03-15 08:00:00,0.417,24.9,4.59,43.0,413.9,32.88,25.01,0.0,RUN,4266.07
2025-03-15 09:00:00,0.33,26.4,4.93,41.0,636.7,39.14,26.94,0.0,RUN,6613.45
2025-03-15 10:00:00,0.32,28.4,5.54,40.0,772.4,44.44,28.47,0.0,RUN,8091.01
2025-03-15 11:00:00,0.257,30.1,5.54,35.0,886.8,47.34,30.59,0.0,RUN,9048.17
2025-03-15 12:00:00,0.328,30.5,5.75,30.0,868.7,47.98,31.74,0.0,RUN,8955.32
2025-03-15 13:00:00,0.235,32.1,4.68,29.0,951.9,50.67,33.03,0.0,RUN,9312.58
2025-03-15 14:00:00,0.482,31.9,5.99,27.0,678.0,46.74,33.23,0.0,RUN,7000.21
2025-03-15 15:00:00,0.421,32.2,5.65,26.0,574.6,43.98,33.82,0.0,RUN,5874.44
2025-03-15 16:00:00,0.228,33.4,6.1,26.0,423.3,42.1,33.3,0.0,RUN,4213.06
2025-03-15 17:00:00,0.203,32.3,6.38,28.0,181.2,36.42,32.99,0.0,RUN,1547.42
2025-03-15 18:00:00,0.28,31.3,5.65,29.0,15.9,31.05,31.84,0.0,RUN,7.13
2025-03-15 19:00:00,0.318,30.6,4.84,31.0,0.0,31.89,30.38,0.0,STANDBY,-7.04
2025-03-15 20:00:00,0.572,29.3,4.55,39.0,0.0,28.79,27.9,0.0, standby ,-2.08
2025-03-15 21:00:00,0.533,27.5,3.45,41.0,0.0,26.28,27.04,0.0,STANDBY,-4.45
2025-03-15 22:00:00,0.477,26.0,4.79,43.0,0.0,24.77,24.7,0.0,STANDBY,-7.42
2025-03-15 23:00:00,0.282,23.4,4.39,45.0,0.0,22.58,23.35,0.0,standby,-8.35
2025-03-16 00:00:00,0.483,22.1,2.99,54.0,0.0,23.2,21.59,0.0,STANDBY,-10.25
2025-03-16 01:00:00,0.509,21.5,3.46,53.0,0.0,20.8,20.69,0.0,STANDBY,-10.92
2025-03-16 02:00:00,0.646,20.6,2.99,55.0,0.0,20.2,19.87,0.0,STANDBY,0.0
2025-03-16 03:00:00,0.718,20.5,2.87,59.0,0.0,18.52,20.36,0.0,STANDBY,0.0
2025-03-16 04:00:00,0.802,21.6,2.88,60.0,0.0,19.73,20.27,0.0,STANDBY,0.0
2025-03-16 05:00:00,0.735,21.6,2.9,60.0,0.0,20.88,20.57,0.0,standby,-7.36
2025-03-16 06:00:00,0.676,22.8,3.22,58.0,9.6,21.62,22.25,0.0,RUN,37.66
2025-03-16 07:00:00,0.502,24.2,3.57,52.0,157.1,29.09,23.77,0.0,RUN,1438.7
2025-03-16 08:00:00,0.394,25.5,2.88,49.0,413.1,34.12,25.78,0.0,RUN,4195.02
2025-03-16 09:00:00,0.482,27.4,2.42,43.0,602.2,40.92,27.41,0.0,RUN,6290.0
2025-03-16 10:00:00,0.462,29.1,2.58,38.0,771.8,46.88,29.74,0.0,RUN,8124.22
2025-03-16 11:00:00,0.452,31.5,2.8,38.0,937.9,49.07,30.01,0.0,RUN,-999.0
2025-03-16 12:00:00,0.345,32.2,2.86,33.0,1011.7,51.58,32.34,0.0,RUN,9881.8
2025-03-16 13:00:00,0.495,33.4,3.36,30.0,904.5,50.9,32.55,0.0,RUN,9238.66
2025-03-16 14:00:00,0.536,33.8,-999.0,25.0,751.2,48.15,34.13,0.0,run,7752.1
2025-03-16 15:00:00,0.433,34.6,3.66,24.0,660.8,47.2,33.64,0.0,RUN,6439.13
2025-03-16 16:00:00,0.487,34.0,3.87,27.0,401.5,41.98,33.23,0.0,RUN,3934.13
2025-03-16 17:00:00,0.572,32.6,4.22,30.0,158.2,36.03,32.77,0.0,RUN,1521.1
2025-03-16 18:00:00,0.633,31.4,3.85,37.0,12.1,31.69,31.42,0.0,,93.46
2025-03-16 19:00:00,0.627,30.1,3.49,38.0,0.0,29.76,30.87,0.0,STANDBY,-5.52
2025-03-16 20:00:00,0.27,29.0,3.54,40.0,0.0,27.54,27.9,0.0,STANDBY,-4.66
2025-03-16 21:00:00,0.313,26.6,2.61,41.0,9999.0,26.79,27.2,0.0,STANDBY,-8.33
2025-03-16 22:00:00,0.45,24.5,2.79,45.0,0.0,22.83,24.77,0.0,STANDBY,-6.14
2025-03-16 23:00:00,0.604,23.0,2.74,53.0,0.0,23.12,23.44,0.0,STANDBY,0.0
2025-03-17 00:00:00,0.354,21.0,4.06,48.0,0.0,22.3,22.05,0.0,standby,0.0
2025-03-17 01:00:00,0.353,19.7,4.6,52.0,0.0,20.06,20.37,0.0,STANDBY,0.0
2025-03-17 02:00:00,0.244,19.2,4.98,51.0,0.0,21.83,20.63,0.0,STANDBY,-10.93
2025-03-17 03:00:00,0.235,19.2,4.79,52.0,0.0,19.41,19.24,0.0,STANDBY,0.0
2025-03-17 04:00:00,0.197,19.9,5.46,51.0,0.0,20.41,20.69,0.0,STANDBY,0.0
2025-03-17 05:00:00,0.285,19.7,4.95,49.0,0.0,20.68,21.49,0.0,STANDBY,-9.62
2025-03-17 06:00:00,0.315,21.5,5.09,45.0,19.7,23.08,22.39,0.0,RUN,10.38
17-03-2025 07:00,0.352,23.7,5.19,42.0,172.3,28.6,24.26,0.0,RUN,1710.38
2025-03-17 08:00:00,0.366,25.3,5.03,38.0,426.0,34.28,25.16,0.0,RUN,4319.52
2025-03-17 09:00:00,0.293,27.5,5.4,34.0,661.2,38.67,27.8,0.0,RUN,6893.96
2025-03-17 10:00:00,0.492,29.0,6.04,36.0,809.6,45.69,30.06,0.0,RUN,8356.01
2025-03-17 11:00:00,0.505,30.7,5.51,31.0,9999.0,47.47,30.63,0.0,RUN,9334.72
2025-03-17 12:00:00,0.305,32.3,5.88,25.0,1003.7,50.62,32.74,0.0,RUN,9944.31
2025-03-17 13:00:00,0.255,32.9,6.37,21.0,942.5,50.74,33.4,0.0,RUN,9744.98
2025-03-17 14:00:00,0.2,33.9,6.08,19.0,866.1,48.98,34.69,0.0,RUN,8609.82
2025-03-17 15:00:00,0.305,33.6,5.89,24.0,681.7,44.52,35.43,0.0,RUN,6690.71
2025-03-17 16:00:00,0.374,33.1,6.28,22.0,416.5,41.18,34.17,0.0,RUN,4158.58
2025-03-17 17:00:00,0.247,32.7,5.88,23.0,179.3,36.99,33.44,0.0,RUN,1651.91
2025-03-17 18:00:00,0.288,31.5,5.25,26.0,15.8,33.6,32.15,0.0,RUN,49.83
2025-03-17 19:00:00,0.227,29.4,5.02,28.0,0.0,30.07,30.42,0.0,STANDBY,-8.5
2025-03-17 20:00:00,0.211,28.0,4.27,32.0,0.0,28.77,30.06,0.0,STANDBY,0.0
2025-03-17 21:00:00,0.276,26.5,4.09,38.0,0.0,26.87,27.65,0.0,STANDBY,-9.08
2025-03-17 22:00:00,0.366,24.8,4.61,42.0,0.0,27.44,25.85,0.0,STANDBY,-10.19
2025-03-17 23:00:00,0.308,22.9,5.16,49.0,0.0,23.39,23.81,0.0,STANDBY,0.0
2025-03-18 00:00:00,0.182,24.4,3.14,46.0,0.0,23.2,24.55,0.0,STANDBY,-8.0
2025-03-18 01:00:00,0.192,23.4,3.87,43.0,0.0,24.99,23.22,0.0,STANDBY,0.0
2025-03-18 02:00:00,0.251,22.7,4.29,47.0,0.0,24.21,23.07,0.0,standby,-11.11
2025-03-18 03:00:00,0.138,22.2,4.33,46.0,0.0,21.94,23.04,0.0,STANDBY,-5.97
2025-03-18 04:00:00,0.146,22.2,4.04,44.0,0.0,23.29,22.47,0.0,standby,0.0
2025-03-18 05:00:00,0.151,23.0,3.72,44.0,0.0,23.22,23.29,0.0,STANDBY,-6.25
2025-03-18 06:00:00,0.186,23.6,4.03,43.0,16.9,25.71,24.85,0.0,RUN,96.29
2025-03-18 07:00:00,0.267,25.5,3.74,41.0,183.7,30.19,25.45,0.0,RUN,1694.62
2025-03-18 08:00:00,0.375,27.7,4.74,40.0,416.5,38.03,28.18,0.0,run,4171.54
2025-03-18 09:00:00,0.418,29.8,6.05,34.0,654.4,44.93,29.93,0.0,RUN,6558.72
2025-03-18 10:00:00,0.253,31.9,6.6,31.0,-999.0,49.26,31.9,0.0,RUN,8589.1
2025-03-18 11:00:00,0.22,33.6,5.74,27.0,988.9,54.47,33.81,0.0,RUN,9620.06
2025-03-18 12:00:00,0.216,35.5,6.09,25.0,1001.9,55.81,34.61,0.0,RUN,9990.36
2025-03-18 13:00:00,0.251,36.5,6.6,26.0,981.1,57.04,35.48,0.0,RUN,9615.26
2025-03-18 14:00:00,0.187,37.5,7.12,28.0,833.9,54.5,36.38,0.0,RUN,8508.51
2025-03-18 15:00:00,0.205,38.3,6.5,25.0,661.5,48.99,36.53,0.0,RUN,6651.41
2025-03-18 16:00:00,0.155,37.9,5.48,23.0,434.5,45.87,36.95,0.0,RUN,4235.45
2025-03-18 17:00:00,0.107,37.4,5.15,21.0,182.8,39.11,36.16,0.0,RUN,1595.92
2025-03-18 18:00:00,0.105,35.8,6.45,22.0,9999.0,35.65,35.41,0.0,RUN,61.9
2025-03-18 19:00:00,0.091,34.2,5.13,21.0,0.0,32.79,32.96,0.0,STANDBY,0.0
2025-03-18 20:00:00,0.133,32.4,5.16,23.0,0.0,31.4,31.29,0.0,STANDBY,-3.41
2025-03-18 21:00:00,0.164,31.0,5.71,28.0,0.0,29.92,29.79,0.0,STANDBY,0.0
2025-03-18 22:00:00,0.175,28.4,4.97,32.0,0.0,27.96,27.09,0.0,STANDBY,-4.04
2025-03-18 23:00:00,0.098,26.8,4.74,31.0,0.0,25.31,25.93,0.0,STANDBY,-10.3
2025-03-19 00:00:00,0.367,22.7,4.39,50.0,0.0,23.78,23.27,0.0,STANDBY,0.0
2025-03-19 01:00:00,0.409,21.7,5.17,50.0,0.0,21.44,21.0,0.0,STANDBY,0.0
2025-03-19 02:00:00,0.425,21.5,3.8,55.0,0.0,21.68,20.77,0.0,STANDBY,0.0
2025-03-19 03:00:00,0.625,21.3,3.93,54.0,0.0,21.05,20.71,0.0,STANDBY,-11.35
2025-03-19 04:00:00,0.645,21.5,3.37,53.0,0.0,20.95,21.57,0.0,STANDBY,-5.5
2025-03-19 05:00:00,0.686,22.1,3.78,56.0,0.0,21.59,20.79,0.0,STANDBY,-2.71
2025-03-19 06:00:00,0.64,23.8,3.7,51.0,21.2,22.61,22.87,0.0,RUN,42.11
2025-03-19 07:00:00,0.544,24.4,3.33,53.0,183.9,27.9,24.4,0.0,RUN,1687.29
2025-03-19 08:00:00,0.658,26.1,3.36,52.0,420.9,34.74,25.91,0.0,RUN,4304.42
2025-03-19 09:00:00,0.399,28.1,3.98,44.0,676.6,41.49,27.56,0.0,RUN,6895.59
2025-03-19 10:00:00,0.275,30.0,3.46,43.0,813.4,45.97,29.86,0.0,RUN,8709.19
2025-03-19 11:00:00,0.246,31.7,3.31,43.0,986.2,51.39,31.84,0.0,RUN,9802.86
2025-03-19 12:00:00,0.12,33.1,3.13,40.0,1013.6,51.72,33.11,0.0,RUN,10026.53
2025-03-19 13:00:00,0.267,34.3,3.09,33.0,957.2,52.36,33.61,0.0,RUN,9720.07
2025-03-19 14:00:00,0.527,34.1,3.19,33.0,9999.0,50.33,33.98,0.0,RUN,8376.68
2025-03-19 15:00:00,0.52,34.7,2.9,34.0,672.5,45.46,34.38,0.0,RUN,6581.74
2025-03-19 16:00:00,0.457,34.2,2.99,32.0,431.7,41.37,34.0,0.0,RUN,4283.57
2025-03-19 17:00:00,0.376,33.5,3.39,30.0,179.8,36.72,34.59,0.0,RUN,1656.63
2025-03-19 18:00:00,0.443,32.1,2.91,36.0,17.0,33.42,31.85,0.0,RUN,-5.62
2025-03-19 19:00:00,0.397,30.8,2.84,38.0,0.0,31.26,31.48,0.0,standby,0.0
2025-03-19 20:00:00,0.298,29.8,3.29,40.0,0.0,28.65,29.02,0.0,STANDBY,0.0
2025-03-19 21:00:00,0.38,28.0,3.51,46.0,0.0,27.59,27.33,0.0,STANDBY,0.0
2025-03-19 22:00:00,0.415,26.5,3.67,51.0,0.0,26.82,24.91,0.0,STANDBY,-9.85
2025-03-19 23:00:00,0.341,25.3,2.99,53.0,0.0,23.79,23.17,0.0,STANDBY,0.0
2025-03-20 00:00:00,0.356,25.5,4.71,47.0,0.0,25.07,25.09,0.0,STANDBY,-10.2
2025-03-20 01:00:00,0.317,24.2,4.41,50.0,0.0,23.31,22.99,0.0,STANDBY,0.0
2025-03-20 02:00:00,0.276,23.3,4.39,49.0,0.0,21.85,22.47,0.0, STANDBY ,-10.58
2025-03-20 03:00:00,0.236,23.1,4.12,49.0,0.0,21.83,22.74,0.0,STANDBY,0.0
2025-03-20 04:00:00,0.22,23.8,4.44,48.0,0.0,24.72,23.38,0.0,STANDBY,0.0
2025-03-20 05:00:00,0.334,24.8,4.07,45.0,0.0,23.2,24.52,0.0,STANDBY,-4.37
2025-03-20 06:00:00,0.259,26.0,4.61,41.0,14.3,25.47,24.77,0.0,run,66.92
2025-03-20 07:00:00,0.267,27.4,4.61,41.0,186.9,29.28,26.82,0.0,RUN,1706.61
2025-03-20 08:00:00,0.291,30.2,4.58,40.0,448.2,37.28,28.39,0.0,RUN,4436.89
2025-03-20 09:00:00,0.272,31.8,5.38,37.0,660.3,44.64,30.73,0.0,RUN,6772.89
2025-03-20 10:00:00,0.24,33.4,5.39,34.0,843.7,49.35,32.37,0.0,RUN,8632.94
2025-03-20 11:00:00,0.157,35.1,5.21,30.0,958.1,50.33,33.55,0.0,RUN,9751.88
2025-03-20 12:00:00,0.389,35.7,4.77,32.0,1007.1,54.53,35.65,0.0,RUN,9950.45
2025-03-20 13:00:00,0.402,36.1,5.19,31.0,960.9,52.93,36.01,0.0,RUN,9584.34
2025-03-20 14:00:00,0.46,36.1,6.25,27.0,855.1,51.02,36.38,0.0,RUN,8433.9
2025-03-20 15:00:00,0.528,36.7,6.01,27.0,652.2,47.94,37.14,0.0, RUN ,6591.44
2025-03-20 16:00:00,0.437,36.5,6.39,26.0,443.7,46.29,37.09,0.0,RUN,4230.15
2025-03-20 17:00:00,0.523,35.5,5.79,30.0,183.2,39.57,35.94,0.0,RUN,1590.1
2025-03-20 18:00:00,0.442,34.2,5.21,30.0,14.9,34.87,34.67,0.0,RUN,62.85
2025-03-20 19:00:00,0.395,32.4,5.7,31.0,0.0,33.02,34.7,0.0,STANDBY,-2.1
2025-03-20 20:00:00,0.421,30.9,5.03,36.0,0.0,32.07,32.28,0.0,STANDBY,0.0
2025-03-20 21:00:00,0.363,29.5,4.38,34.0,0.0,30.13,30.92,0.0,STANDBY,-1.56
2025-03-20 22:00:00,0.465,27.7,4.15,39.0,0.0,26.53,28.69,0.0,STANDBY,0.0
2025-03-20 23:00:00,0.421,26.4,4.45,44.0,0.0,25.45,26.24,0.0,STANDBY,0.0
2025-03-21 00:00:00,0.606,25.0,4.92,45.0,0.0,25.92,25.06,0.0,STANDBY,0.0
2025-03-21 01:00:00,0.395,24.7,5.25,42.0,0.0,25.07,24.61,0.0,STANDBY,0.0
2025-03-21 02:00:00,0.337,24.1,5.67,46.0,0.0,23.82,24.14,0.0,STANDBY,-3.98
2025-03-21 03:00:00,0.389,23.8,5.63,48.0,0.0,23.83,24.5,0.0,standby,-9.83
2025-03-21 04:00:00,0.295,24.0,5.85,44.0,0.0,23.33,24.65,0.0,STANDBY,-7.23
2025-03-21 05:00:00,0.379,25.2,6.39,44.0,0.0,24.18,24.15,0.0,STANDBY,-8.77
2025-03-21 06:00:00,0.474,25.3,5.55,41.0,18.1,26.4,25.79,0.0,RUN,135.69
2025-03-21 07:00:00,0.388,26.5,5.25,39.0,186.2,30.59,28.22,0.0,RUN,1749.54
2025-03-21 08:00:00,0.373,28.7,4.94,40.0,431.8,37.26,29.91,0.0,RUN,4389.52
2025-03-21 09:00:00,0.336,30.7,5.47,33.0,672.0,45.14,31.33,0.0,RUN,6798.4
2025-03-21 10:00:00,0.407,32.5,5.07,33.0,843.0,48.78,33.16,0.0,RUN,8597.86
2025-03-21 11:00:00,0.645,34.3,5.15,36.0,960.7,51.19,34.0,0.0,RUN,9401.81
2025-03-21 12:00:00,0.733,35.2,5.71,34.0,910.2,50.35,35.33,0.0,RUN,9415.38
2025-03-21 13:00:00,0.569,36.5,5.6,33.0,920.3,51.78,36.69,0.0,RUN,9410.73
2025-03-21 14:00:00,0.673,36.9,6.52,31.0,840.0,51.62,37.46,0.0,RUN,8224.55
2025-03-21 15:00:00,0.619,37.5,6.48,30.0,665.8,48.78,37.68,0.0,RUN,6448.95
2025-03-21 16:00:00,0.53,37.2,7.95,28.0,412.0,44.28,37.4,0.0,RUN,4229.66
2025-03-21 17:00:00,0.369,36.5,7.21,28.0,181.1,38.76,38.07,0.0,RUN,1595.74
2025-03-21 18:00:00,0.499,35.5,6.49,32.0,14.7,36.79,35.31,0.0,run,53.22
2025-03-21 19:00:00,0.482,33.9,5.62,37.0,0.0,34.18,33.71,0.0,standby,-3.22
2025-03-21 20:00:00,0.494,32.4,5.51,34.0,0.0,33.11,32.58,0.0,STANDBY,-2.27
2025-03-21 21:00:00,0.414,30.3,5.8,37.0,0.0,32.61,30.05,0.0,standby,-8.18
2025-03-21 22:00:00,0.387,28.4,5.95,39.0,0.0,28.92,28.97,0.0,standby,0.0
2025-03-21 23:00:00,0.409,26.5,5.53,46.0,0.0,26.78,27.5,0.0,STANDBY,0.0
22-03-2025 00:00,0.271,23.2,3.53,47.0,0.0,25.52,24.28,0.0,STANDBY,-4.68
2025-03-22 01:00:00,0.221,22.5,3.71,48.0,0.0,23.42,23.55,0.0,STANDBY,-6.5
2025-03-22 02:00:00,0.214,21.7,3.67,49.0,0.0,21.94,21.95,0.0,STANDBY,-1.83
2025-03-22 03:00:00,0.25,21.6,3.53,50.0,0.0,23.0,22.44,0.0,STANDBY,0.0
2025-03-22 04:00:00,0.195,22.1,3.15,45.0,0.0,23.83,22.52,0.0,STANDBY,0.0
2025-03-22 05:00:00,0.225,23.0,4.18,47.0,0.0,22.91,23.5,0.0,standby,-8.35
2025-03-22 06:00:00,0.201,23.6,4.03,44.0,20.2,24.0,24.81,0.0,RUN,65.82
2025-03-22 07:00:00,0.227,25.9,3.93,41.0,197.0,31.01,26.55,0.0, RUN ,1785.86
2025-03-22 08:00:00,0.146,27.5,3.75,36.0,445.7,36.91,28.29,0.0,RUN,4479.72
2025-03-22 09:00:00,0.131,29.5,4.37,35.0,685.5,42.22,29.8,0.0,RUN,6870.16
2025-03-22 10:00:00,0.101,31.0,4.84,31.0,847.4,47.6,32.11,0.0,RUN,8705.09
2025-03-22 11:00:00,0.078,33.1,5.08,27.0,983.7,50.76,33.37,0.0, RUN ,9772.28
2025-03-22 12:00:00,0.145,34.6,4.43,26.0,984.1,50.04,34.4,0.0,RUN,9985.94
2025-03-22 13:00:00,0.124,35.2,4.12,21.0,985.0,52.44,36.06,0.0,RUN,9637.7
22-03-2025 14:00,0.182,35.7,4.65,18.0,829.4,51.23,36.77,0.0,RUN,8436.2
22-03-2025 15:00,0.205,35.7,5.1,20.0,661.4,47.35,35.54,0.0,RUN,6598.79
2025-03-22 16:00:00,0.14,35.9,5.34,22.0,429.8,43.5,37.03,0.0,RUN,4202.82
2025-03-22 17:00:00,0.131,35.7,5.6,24.0,179.5,37.05,35.58,0.0,RUN,1557.29
2025-03-22 18:00:00,0.148,34.4,5.8,25.0,19.2,35.09,34.66,0.0,RUN,81.46
2025-03-22 19:00:00,0.163,32.4,5.32,32.0,0.0,32.61,33.62,0.0,standby,0.0
2025-03-22 20:00:00,0.124,30.7,5.18,32.0,0.0,31.11,30.78,0.0,STANDBY,-8.97
2025-03-22 21:00:00,0.127,29.3,4.82,31.0,0.0,28.32,29.5,0.0,STANDBY,-11.28
2025-03-22 22:00:00,0.122,27.8,4.64,37.0,0.0,27.53,27.1,0.0,standby,0.0
2025-03-22 23:00:00,0.21,25.6,4.96,45.0,0.0,24.79,25.98,0.0,STANDBY,0.0
23-03-2025 00:00,0.148,23.4,4.44,48.0,0.0,22.2,21.85,0.0,STANDBY,0.0
2025-03-23 01:00:00,0.203,22.6,4.63,52.0,0.0,21.03,20.38,0.0,STANDBY,-7.59
2025-03-23 03:00:00,0.129,20.7,4.2,54.0,0.0,20.32,20.27,0.0,STANDBY,0.0
2025-03-23 04:00:00,0.117,20.6,4.72,50.0,0.0,21.22,21.23,0.0,STANDBY,-4.51
2025-03-23 05:00:00,0.143,21.0,4.03,52.0,0.0,22.41,21.17,0.0,STANDBY,0.0
2025-03-23 06:00:00,0.093,22.5,3.81,47.0,20.9,25.07,23.16,0.0,run,88.97
2025-03-23 07:00:00,0.078,24.5,3.81,45.0,186.3,28.72,24.79,0.0,RUN,1863.24
2025-03-23 08:00:00,0.199,25.5,3.51,40.0,432.7,32.4,26.55,0.0,RUN,4526.13
2025-03-23 09:00:00,0.184,26.9,3.44,33.0,683.4,39.24,27.46,0.0,RUN,6886.67
2025-03-23 10:00:00,0.096,29.8,3.31,29.0,882.7,44.54,29.76,0.0,RUN,8803.53
2025-03-23 11:00:00,0.123,31.9,3.99,27.0,984.3,46.61,30.68,0.0,RUN,9818.05
2025-03-23 12:00:00,0.296,33.0,4.43,27.0,993.7,47.82,32.15,0.0,RUN,9950.01
2025-03-23 13:00:00,0.293,33.9,4.67,28.0,947.4,48.12,33.69,0.0,RUN,9446.96
2025-03-23 14:00:00,0.196,34.9,5.48,26.0,846.1,48.99,34.44,0.0, RUN ,8431.86
2025-03-23 15:00:00,0.164,35.4,5.61,31.0,668.0,44.97,34.85,0.0,RUN,6616.47
2025-03-23 16:00:00,0.144,35.3,5.16,31.0,408.8,41.46,34.56,0.0,RUN,4182.37
2025-03-23 17:00:00,0.384,34.0,4.13,31.0,169.3,36.58,33.23,0.0, RUN ,1471.39
2025-03-23 18:00:00,0.322,32.9,3.72,30.0,15.6,33.12,32.11,0.0,RUN,46.62
2025-03-23 19:00:00,0.248,31.7,3.41,32.0,0.0,31.1,31.21,0.0,STANDBY,0.0
2025-03-23 20:00:00,0.273,30.0,3.52,32.0,0.0,30.03,29.15,0.0, STANDBY ,-5.4
2025-03-23 21:00:00,0.318,28.3,3.36,37.0,0.0,27.55,27.68,0.0,STANDBY,0.0
2025-03-23 22:00:00,0.416,26.2,3.45,41.0,0.0,24.47,25.68,0.0, STANDBY ,-4.2
2025-03-23 23:00:00,0.331,24.5,3.41,41.0,0.0,24.01,23.39,0.0,STANDBY,-7.28
2025-03-24 00:00:00,0.218,21.8,3.62,49.0,0.0,21.27,20.79,0.0,standby,0.0
2025-03-24 01:00:00,0.267,20.3,3.74,51.0,0.0,19.35,19.73,0.0,STANDBY,-3.78
2025-03-24 02:00:00,0.219,19.7,3.25,57.0,0.0,19.49,18.96,0.0,STANDBY,-7.51
2025-03-24 03:00:00,0.226,19.8,3.43,59.0,0.0,19.13,19.03,0.0,STANDBY,0.0
2025-03-24 04:00:00,0.221,19.8,4.56,58.0,0.0,19.04,19.33,0.0,STANDBY,0.0
2025-03-24 05:00:00,0.336,20.3,4.2,57.0,0.0,21.09,20.3,0.0,STANDBY,-7.17
2025-03-24 06:00:00,0.302,21.6,4.03,58.0,20.1,23.18,21.76,0.0,RUN,100.36
2025-03-24 07:00:00,0.327,23.5,3.61,55.0,179.5,25.9,22.39,0.0, RUN ,1790.48
2025-03-24 08:00:00,0.267,25.2,3.72,51.0,442.6,33.19,24.6,0.0,RUN,4517.46
2025-03-24 09:00:00,0.16,27.1,3.63,43.0,698.5,38.41,27.56,0.0,run,6961.28
2025-03-24 10:00:00,0.084,29.0,5.15,38.0,857.8,43.05,28.41,0.0,run,8798.71
2025-03-24 11:00:00,0.129,30.0,4.95,32.0,952.2,46.99,29.71,0.0, RUN ,9869.17
2025-03-24 12:00:00,0.406,30.4,5.66,36.0,901.0,46.48,30.73,0.0,RUN,9342.98
2025-03-24 13:00:00,0.4,31.5,4.7,31.0,906.2,48.16,31.24,0.0,RUN,9308.75
2025-03-24 14:00:00,0.239,33.0,4.73,27.0,850.1,47.41,32.5,0.0,RUN,8559.23
2025-03-24 15:00:00,0.181,32.9,4.39,25.0,665.4,44.11,32.76,0.0,RUN,6684.18
2025-03-24 16:00:00,0.139,32.8,4.82,25.0,433.0,39.15,31.89,0.0,RUN,4182.77
2025-03-24 17:00:00,0.086,32.5,5.03,28.0,173.7,34.59,32.23,0.0,RUN,1606.33
2025-03-24 18:00:00,0.137,30.9,4.52,28.0,16.3,31.0,31.01,0.0,RUN,-999.0
2025-03-24 19:00:00,0.193,29.6,4.64,33.0,0.0,28.78,28.4,0.0,STANDBY,0.0
2025-03-24 20:00:00,0.13,28.4,3.97,31.0,0.0,28.02,27.64,0.0,STANDBY,0.0
2025-03-24 21:00:00,0.256,26.5,3.99,37.0,0.0,25.69,24.88,0.0,STANDBY,-10.6
2025-03-24 22:00:00,0.349,24.8,3.89,43.0,0.0,24.44,24.03,0.0,STANDBY,0.0
2025-03-24 23:00:00,0.5,22.6,4.03,52.0,0.0,22.03,22.87,0.0,STANDBY,0.0
2025-03-25 00:00:00,0.303,19.2,4.34,41.0,0.0,22.93,20.48,0.0,STANDBY,0.0
2025-03-25 01:00:00,0.243,18.2,4.02,39.0,0.0,20.35,19.45,0.0,STANDBY,0.0
2025-03-25 02:00:00,0.165,18.0,3.89,38.0,0.0,17.8,18.6,0.0,STANDBY,-9.72
2025-03-25 03:00:00,0.127,18.4,4.02,44.0,0.0,20.1,18.78,0.0,STANDBY,0.0
2025-03-25 04:00:00,0.115,18.4,3.81,42.0,0.0,18.63,19.29,0.0,STANDBY,0.0
2025-03-25 05:00:00,0.107,19.8,3.8,42.0,0.0,19.99,19.76,0.0,STANDBY,0.0
2025-03-25 06:00:00,0.073,21.3,3.0,40.0,25.7,22.61,21.24,0.0,RUN,98.35
2025-03-25 07:00:00,0.109,22.6,3.19,39.0,202.0,26.26,22.96,0.0,run,1819.82
2025-03-25 08:00:00,0.162,24.7,3.79,37.0,431.6,33.26,23.59,0.0,RUN,4534.76
2025-03-25 09:00:00,0.316,27.0,3.88,29.0,659.0,40.08,25.89,0.0,RUN,6939.49
2025-03-25 10:00:00,0.194,28.7,4.31,24.0,848.9,44.14,27.77,0.0,RUN,8731.17
2025-03-25 11:00:00,0.238,29.4,4.38,24.0,949.7,49.37,29.5,0.0,RUN,9828.47
2025-03-25 12:00:00,0.205,30.8,3.94,18.0,998.2,49.46,30.98,0.0,RUN,10011.14
2025-03-25 13:00:00,0.181,31.4,3.92,20.0,967.0,49.8,32.01,0.0,RUN,9670.39
2025-03-25 14:00:00,0.175,32.2,3.93,19.0,858.5,47.52,32.66,0.0,RUN,8506.6
2025-03-25 15:00:00,0.113,32.3,4.01,17.0,684.0,43.92,33.45,0.0,,6655.25
2025-03-25 16:00:00,0.202,31.9,4.25,18.0,416.3,40.55,32.24,0.0,RUN,4194.89
2025-03-25 17:00:00,0.382,31.6,4.53,19.0,174.0,34.08,31.68,0.0,RUN,1546.26
2025-03-25 18:00:00,0.555,29.9,4.41,25.0,16.6,32.3,30.98,0.0,RUN,78.44
2025-03-25 19:00:00,0.294,28.0,3.96,28.0,0.0,29.21,29.75,0.0,STANDBY,-999.0
2025-03-25 20:00:00,0.186,27.1,3.41,33.0,0.0,26.56,27.41,0.0,STANDBY,0.0
2025-03-25 21:00:00,0.104,25.3,3.58,30.0,0.0,25.94,25.84,0.0,STANDBY,0.0
2025-03-25 22:00:00,0.1,23.1,3.35,33.0,0.0,23.41,25.0,0.0,STANDBY,0.0
2025-03-25 23:00:00,0.152,21.4,3.3,34.0,0.0,22.43,22.07,0.0,STANDBY,-4.23
2025-03-26 00:00:00,0.245,22.1,1.91,44.0,0.0,23.54,23.41,0.0,STANDBY,0.0
2025-03-26 01:00:00,0.217,20.6,2.05,49.0,0.0,24.01,21.37,0.0,STANDBY,0.0
2025-03-26 02:00:00,0.251,19.7,2.24,49.0,0.0,23.07,21.71,0.0,STANDBY,-3.97
2025-03-26 03:00:00,0.333,19.6,2.5,52.0,0.0,20.41,21.54,0.0,STANDBY,0.0
2025-03-26 04:00:00,0.277,19.9,2.25,54.0,0.0,21.18,22.15,0.0,STANDBY,-5.67
2025-03-26 05:00:00,0.194,20.3,1.92,53.0,0.0,24.37,22.9,0.0,STANDBY,-10.23
2025-03-26 06:00:00,0.258,21.4,2.38,48.0,21.6,24.28,24.07,0.0,RUN,123.15
2025-03-26 07:00:00,0.257,23.1,2.36,48.0,201.2,29.54,24.91,0.0,RUN,1812.99
26-03-2025 08:00,0.159,24.7,2.2,43.0,447.3,37.87,26.17,0.0,RUN,4468.74
2025-03-26 09:00:00,0.156,27.0,2.03,42.0,677.4,42.28,28.68,0.0,RUN,6860.65
2025-03-26 10:00:00,0.137,29.2,2.44,36.0,893.4,46.96,30.14,0.0,RUN,8614.77
2025-03-26 11:00:00,0.164,30.8,2.61,34.0,980.1,50.78,32.47,0.0,RUN,9692.54
2025-03-26 12:00:00,0.242,32.1,2.8,35.0,963.7,50.96,33.07,0.0,RUN,9795.18
2025-03-26 13:00:00,0.309,33.3,2.86,34.0,923.9,51.44,34.18,0.0,RUN,9277.08
2025-03-26 14:00:00,0.222,33.6,3.08,30.0,849.7,48.39,35.09,0.0,RUN,8365.2
2025-03-26 15:00:00,0.172,33.8,3.05,27.0,657.3,47.85,34.92,0.0,RUN,6540.19
2025-03-26 16:00:00,0.279,33.1,2.86,32.0,423.2,42.66,35.02,0.0,RUN,4192.48
2025-03-26 17:00:00,0.345,32.3,2.6,36.0,173.6,38.19,34.13,0.0,RUN,1566.25
26-03-2025 18:00,0.317,31.5,2.93,38.0,17.6,33.5,33.44,0.0,RUN,37.54
2025-03-26 19:00:00,0.181,30.6,2.92,37.0,0.0,32.63,31.49,0.0,STANDBY,-8.22
2025-03-26 20:00:00,0.256,29.6,2.64,39.0,0.0,29.94,29.94,0.0,STANDBY,-8.46
2025-03-26 21:00:00,0.247,27.2,3.23,43.0,0.0,27.52,28.23,0.0,STANDBY,-11.46
2025-03-26 22:00:00,0.29,25.8,2.8,47.0,0.0,26.46,26.47,0.0,STANDBY,-8.42
2025-03-26 23:00:00,0.139,24.3,3.02,46.0,0.0,23.4,24.87,0.0,STANDBY,0.0
2025-03-27 00:00:00,0.252,24.0,3.73,42.0,0.0,23.02,23.46,0.0,STANDBY,-4.94
2025-03-27 01:00:00,0.289,22.6,3.27,46.0,0.0,21.82,22.1,0.0,STANDBY,0.0
2025-03-27 02:00:00,0.284,21.6,3.06,46.0,0.0,18.96,21.23,0.0,STANDBY,-5.18
2025-03-27 03:00:00,0.264,21.7,3.07,47.0,0.0,20.08,21.35,0.0,STANDBY,-9.37
2025-03-27 04:00:00,0.196,22.2,2.75,43.0,0.0,21.56,21.76,0.0, STANDBY ,-10.46
2025-03-27 05:00:00,0.103,23.3,2.77,47.0,0.0,22.64,22.62,0.0,STANDBY,-10.98
2025-03-27 06:00:00,0.138,24.4,3.05,44.0,18.5,23.59,23.85,0.0,RUN,161.85
2025-03-27 07:00:00,0.22,25.9,3.57,43.0,194.4,28.8,24.83,0.0,RUN,1812.84
2025-03-27 08:00:00,0.24,27.8,3.65,42.0,455.8,35.32,26.24,0.0,RUN,4458.15
2025-03-27 09:00:00,0.285,29.7,4.19,39.0,660.5,42.74,28.81,0.0,RUN,6779.31
2025-03-27 10:00:00,0.486,30.9,4.2,35.0,830.6,45.18,29.87,0.0,RUN,8267.1
2025-03-27 11:00:00,0.463,32.5,4.39,34.0,911.1,49.73,31.59,0.0,RUN,9238.04
2025-03-27 12:00:00,0.219,33.9,5.7,26.0,1009.1,52.26,32.82,0.0,RUN,9999.84
2025-03-27 13:00:00,0.239,35.7,4.58,26.0,959.9,52.76,34.45,0.0,RUN,9502.78
2025-03-27 14:00:00,0.146,36.2,4.16,24.0,882.2,50.84,34.01,0.0,RUN,8360.52
2025-03-27 15:00:00,0.144,36.7,3.77,23.0,650.9,47.33,34.86,0.0,RUN,6567.8
2025-03-27 16:00:00,0.183,37.0,4.09,24.0,423.5,42.71,34.68,0.0,RUN,4165.42
2025-03-27 17:00:00,0.371,35.5,3.69,25.0,182.6,37.17,33.36,0.0,run,1471.54
27-03-2025 17:00,0.371,35.5,3.69,25.0,182.6,37.17,33.36,0.0,run,1471.54
2025-03-27 18:00:00,0.35,33.8,3.78,27.0,21.0,33.68,32.81,0.0,RUN,-999.0
2025-03-27 19:00:00,0.256,32.0,3.49,27.0,0.0,31.64,31.41,0.0,standby,-2.59
2025-03-27 20:00:00,0.245,30.7,3.7,32.0,0.0,30.71,29.76,0.0,STANDBY,0.0
2025-03-27 21:00:00,0.302,29.5,3.54,33.0,0.0,29.34,28.09,0.0,STANDBY,-2.74
2025-03-27 22:00:00,0.39,26.9,3.68,39.0,0.0,25.43,26.18,0.0,standby,-8.1
2025-03-27 23:00:00,0.364,25.2,3.0,44.0,0.0,23.65,24.95,0.0,STANDBY,0.0
2025-03-28 00:00:00,0.371,24.8,2.2,55.0,0.0,21.5,23.18,0.0,STANDBY,-10.95
2025-03-28 01:00:00,0.456,23.7,2.42,56.0,0.0,21.55,22.43,0.0,STANDBY,0.0
2025-03-28 02:00:00,0.285,22.7,2.63,54.0,0.0,-999.0,20.47,0.0,STANDBY,0.0
2025-03-28 03:00:00,0.196,22.0,2.83,56.0,0.0,19.16,20.82,0.0,STANDBY,-8.48
2025-03-28 04:00:00,0.203,22.0,2.71,58.0,0.0,20.43,20.48,0.0,STANDBY,0.0
2025-03-28 05:00:00,0.302,22.8,3.07,57.0,0.0,20.61,21.95,0.0,STANDBY,-4.52
2025-03-28 06:00:00,0.259,23.9,2.99,54.0,22.4,24.44,23.04,0.0,RUN,88.6
2025-03-28 07:00:00,0.22,25.8,3.54,47.0,212.6,30.37,24.24,0.0,RUN,1886.37
2025-03-28 08:00:00,0.365,27.3,3.8,44.0,465.1,36.36,25.77,0.0,RUN,4541.31
2025-03-28 09:00:00,0.379,29.8,3.47,40.0,676.1,41.67,28.2,0.0,RUN,6833.52
2025-03-28 10:00:00,0.321,31.6,2.99,40.0,828.3,48.68,30.16,0.0,RUN,8563.29
2025-03-28 11:00:00,0.228,33.7,3.24,38.0,962.6,51.0,31.26,0.0,RUN,9686.53
2025-03-28 12:00:00,0.406,34.5,2.86,36.0,981.4,52.36,32.77,0.0,,9723.05
2025-03-28 13:00:00,0.32,35.4,3.22,33.0,918.4,50.93,33.28,0.0,RUN,9218.91
2025-03-28 14:00:00,0.218,36.1,3.98,30.0,848.8,49.78,34.62,0.0,RUN,8391.07
2025-03-28 15:00:00,0.259,36.3,3.25,26.0,648.2,46.58,34.66,0.0,RUN,6502.41
28-03-2025 16:00,0.244,35.9,3.76,26.0,423.3,42.73,34.19,0.0,,4113.51
2025-03-28 17:00:00,0.226,35.6,3.47,28.0,170.6,37.1,33.26,0.0,RUN,1527.54
2025-03-28 18:00:00,0.134,34.9,3.08,28.0,13.7,31.28,32.87,0.0,run,5.37
2025-03-28 19:00:00,0.165,33.3,3.37,34.0,0.0,30.77,30.69,0.0,STANDBY,-8.72
2025-03-28 20:00:00,0.216,31.6,3.17,40.0,0.0,29.12,28.61,0.0,STANDBY,0.0
2025-03-28 21:00:00,0.26,30.8,2.46,41.0,0.0,28.82,28.05,0.0,STANDBY,0.0
2025-03-28 22:00:00,0.192,28.6,2.99,45.0,0.0,25.84,25.52,0.0,STANDBY,-3.27
2025-03-28 23:00:00,0.253,26.8,3.43,52.0,0.0,23.84,23.82,0.0,STANDBY,0.0
2025-03-29 00:00:00,0.219,25.8,6.06,49.0,0.0,25.34,24.68,0.0,STANDBY,0.0
2025-03-29 01:00:00,0.08,24.9,6.1,48.0,0.0,22.53,23.81,0.0,STANDBY,-7.54
2025-03-29 02:00:00,0.069,23.5,5.44,48.0,0.0,22.08,23.43,0.0,STANDBY,-6.91
2025-03-29 03:00:00,0.158,22.9,6.17,49.0,0.0,23.03,22.63,0.0,STANDBY,-10.51
2025-03-29 04:00:00,0.243,22.9,6.74,52.0,0.0,24.17,22.92,0.0,STANDBY,0.0
2025-03-29 05:00:00,0.16,23.8,6.9,50.0,0.0,21.43,24.23,0.0,STANDBY,-2.23
2025-03-29 06:00:00,0.252,24.4,5.41,46.0,24.8,25.12,24.81,0.0,RUN,75.19
2025-03-29 07:00:00,0.256,25.8,6.52,42.0,204.5,30.55,25.61,0.0,RUN,1883.74
2025-03-29 08:00:00,0.229,27.9,6.74,38.0,463.5,36.0,27.38,0.0,RUN,4576.06
2025-03-29 09:00:00,0.239,29.5,4.66,32.0,682.4,40.54,30.13,0.0,RUN,6888.32
2025-03-29 10:00:00,0.168,30.6,5.0,31.0,875.2,46.55,30.91,0.0,RUN,8671.86
2025-03-29 11:00:00,0.151,32.1,5.38,26.0,990.0,49.79,33.23,0.0,RUN,-999.0
2025-03-29 12:00:00,0.208,33.6,5.03,27.0,1004.6,51.09,35.67,0.0,RUN,9997.96
2025-03-29 13:00:00,0.192,34.5,6.12,26.0,978.9,51.49,36.07,0.0,RUN,9559.43
2025-03-29 14:00:00,0.241,34.7,6.74,27.0,828.3,49.34,36.92,0.0,RUN,8368.51
2025-03-29 15:00:00,0.256,35.0,7.96,26.0,662.4,46.53,36.54,0.0,RUN,6431.35
2025-03-29 16:00:00,0.156,35.3,6.61,24.0,435.6,43.69,36.23,0.0,RUN,4119.38
2025-03-29 17:00:00,0.11,35.1,6.75,27.0,170.7,39.26,35.36,0.0,RUN,1540.64
2025-03-29 18:00:00,0.241,33.4,7.3,31.0,13.6,33.92,34.61,0.0,RUN,39.32
29-03-2025 19:00,0.213,33.0,6.88,31.0,0.0,33.0,32.62,0.0,STANDBY,0.0
2025-03-29 20:00:00,0.291,31.8,5.73,38.0,0.0,30.81,31.73,0.0,STANDBY,0.0
2025-03-29 21:00:00,0.252,29.5,5.72,41.0,0.0,30.22,29.27,0.0,STANDBY,0.0
2025-03-29 22:00:00,0.188,28.1,5.7,40.0,0.0,26.72,28.56,0.0,STANDBY,-7.23
2025-03-29 23:00:00,0.296,26.1,4.82,45.0,0.0,25.49,26.24,0.0,STANDBY,-9.97
2025-03-30 00:00:00,0.44,25.2,5.09,46.0,0.0,24.62,25.79,0.0,STANDBY,-2.73
2025-03-30 01:00:00,0.231,24.3,5.05,48.0,0.0,23.76,24.26,0.0,STANDBY,-3.94
2025-03-30 02:00:00,0.245,23.9,5.55,48.0,0.0,23.88,23.86,0.0,STANDBY,0.0
2025-03-30 03:00:00,0.288,23.5,5.54,50.0,0.0,24.59,23.68,0.0,STANDBY,-4.49
2025-03-30 04:00:00,0.254,23.8,5.14,52.0,0.0,22.68,23.88,0.0,STANDBY,-6.04
2025-03-30 05:00:00,0.336,24.4,3.95,52.0,0.0,24.83,24.51,0.0,,-9.37
2025-03-30 06:00:00,0.186,25.6,4.37,50.0,28.2,27.64,25.94,0.0,RUN,118.46
2025-03-30 07:00:00,0.247,27.3,4.32,45.0,192.3,31.16,26.75,0.0,RUN,1933.41
2025-03-30 08:00:00,0.169,28.8,5.27,40.0,461.8,38.48,28.98,0.0,RUN,4507.73
2025-03-30 09:00:00,0.178,30.6,5.67,37.0,665.7,44.49,31.1,0.0,RUN,6865.51
2025-03-30 10:00:00,0.315,32.5,5.81,35.0,842.0,47.93,32.63,0.0,RUN,8629.04
2025-03-30 11:00:00,0.362,34.2,5.16,33.0,971.3,51.09,-999.0,0.0,RUN,9577.69
2025-03-30 12:00:00,0.393,35.4,5.5,30.0,970.8,52.67,35.76,0.0,RUN,9822.08
2025-03-30 13:00:00,0.27,36.6,5.89,27.0,941.0,52.35,36.48,0.0,RUN,9446.52
2025-03-30 14:00:00,0.224,38.3,6.9,25.0,835.4,50.78,37.14,0.0,RUN,8261.64
2025-03-30 15:00:00,0.206,38.3,6.75,24.0,654.9,47.47,37.36,0.0,RUN,6529.25
2025-03-30 16:00:00,0.184,38.0,6.59,24.0,426.3,44.08,36.49,0.0,RUN,4066.33
2025-03-30 17:00:00,0.29,36.9,5.66,24.0,176.8,40.4,36.45,0.0,RUN,1510.16
2025-03-30 18:00:00,0.161,35.1,5.61,24.0,15.3,36.3,35.35,0.0,RUN,-10.03
2025-03-30 19:00:00,0.373,33.6,6.42,27.0,0.0,-999.0,33.48,0.0,STANDBY,0.0
2025-03-30 20:00:00,0.367,32.2,5.07,30.0,0.0,31.92,32.47,0.0,STANDBY,-11.21
2025-03-30 21:00:00,0.188,30.4,4.56,31.0,0.0,31.64,30.53,0.0,standby,-3.5
2025-03-30 22:00:00,0.23,28.7,4.12,36.0,0.0,28.7,28.67,0.0,STANDBY,0.0
30-03-2025 23:00,0.266,27.4,4.1,39.0,0.0,25.93,26.34,0.0,STANDBY,-2.05
2025-03-31 00:00:00,0.38,26.0,4.71,33.0,0.0,25.6,25.97,0.0,STANDBY,-7.05
2025-03-31 01:00:00,0.425,24.8,5.14,39.0,0.0,25.59,24.74,0.0,STANDBY,0.0
2025-03-31 02:00:00,0.338,23.9,4.53,40.0,0.0,24.71,25.17,0.0,STANDBY,0.0
31-03-2025 03:00,0.301,23.9,4.12,42.0,0.0,25.72,23.58,0.0,STANDBY,0.0
2025-03-31 04:00:00,0.339,25.4,3.99,39.0,0.0,23.32,23.68,0.0,STANDBY,-2.64
2025-03-31 05:00:00,0.376,25.4,4.93,39.0,0.0,25.9,24.44,0.0,STANDBY,0.0
2025-03-31 06:00:00,0.449,26.3,4.33,40.0,28.4,26.01,25.91,0.0,RUN,194.59
2025-03-31 07:00:00,0.256,28.1,3.57,33.0,203.8,31.74,27.97,0.0,RUN,1866.8
2025-03-31 08:00:00,0.179,29.4,3.61,35.0,461.5,38.93,29.08,0.0,RUN,4527.81
2025-03-31 09:00:00,0.353,30.9,3.58,30.0,689.0,44.25,31.25,0.0,RUN,6858.98
2025-03-31 10:00:00,0.372,32.4,3.94,25.0,882.4,48.98,32.92,0.0,RUN,8571.98
2025-03-31 11:00:00,0.462,34.0,4.91,24.0,987.5,52.61,34.2,0.0,RUN,9638.14
2025-03-31 12:00:00,0.343,35.8,4.22,17.0,1040.0,53.62,36.79,0.0,RUN,9884.97
2025-03-31 13:00:00,0.343,37.0,4.6,16.0,945.5,53.95,37.07,0.0,RUN,9444.35
2025-03-31 14:00:00,0.402,37.6,4.74,19.0,839.2,53.23,38.18,0.0,RUN,8222.03
2025-03-31 15:00:00,0.531,37.4,4.92,16.0,634.0,47.88,37.26,0.0,run,6327.08
2025-03-31 16:00:00,0.45,36.6,5.37,15.0,397.6,45.4,37.77,0.0,RUN,4080.5
2025-03-31 17:00:00,0.385,36.2,5.28,16.0,170.8,40.06,36.75,0.0,RUN,1451.09
2025-03-31 18:00:00,0.397,34.9,4.39,21.0,15.1,36.82,35.49,0.0,RUN,66.94
2025-03-31 19:00:00,0.513,33.8,5.07,27.0,0.0,33.83,34.49,0.0,STANDBY,-1.63
2025-03-31 20:00:00,0.604,32.1,4.25,30.0,0.0,30.69,32.65,0.0,STANDBY,0.0
2025-03-31 21:00:00,0.532,30.7,3.9,36.0,0.0,31.24,30.29,0.0,STANDBY,0.0
2025-03-31 22:00:00,0.458,29.1,4.21,38.0,0.0,29.25,29.5,0.0,standby,0.0
2025-03-31 23:00:00,0.395,27.1,3.52,43.0,0.0,27.35,27.35,0.0,STANDBY,-5.82
2025-04-01 00:00:00,0.267,25.7,4.88,56.0,0.0,24.85,25.12,0.0,STANDBY,-8.2
01-04-2025 01:00,0.187,24.2,4.82,55.0,0.0,23.97,23.77,0.0,STANDBY,0.0
2025-04-01 02:00:00,0.364,23.4,4.0,56.0,0.0,23.39,22.46,0.0,STANDBY,0.0
2025-04-01 03:00:00,0.485,23.5,4.2,57.0,0.0,23.0,22.24,0.0,STANDBY,-2.95
01-04-2025 04:00,0.691,23.6,4.2,53.0,0.0,23.72,23.0,0.0,STANDBY,0.0
2025-04-01 05:00:00,0.61,24.6,4.23,55.0,0.0,25.36,23.88,0.0,STANDBY,-8.09
2025-04-01 06:00:00,0.585,25.5,4.96,55.0,27.9,25.32,25.38,0.0,RUN,85.47
2025-04-01 07:00:00,0.423,26.9,5.52,49.0,218.5,30.84,26.19,0.0,run,1944.11
2025-04-01 08:00:00,0.379,29.2,5.29,46.0,463.3,37.54,27.87,0.0,RUN,4528.0
2025-04-01 09:00:00,0.752,30.8,5.1,46.0,623.9,40.59,30.0,0.0,RUN,6274.9
2025-04-01 10:00:00,0.641,32.9,4.94,42.0,806.4,46.41,32.23,0.0,RUN,8179.6
2025-04-01 11:00:00,0.409,35.0,5.79,38.0,954.0,50.69,33.92,0.0,RUN,9604.33
2025-04-01 11:00:00,0.409,35.0,5.79,38.0,954.0,50.69,33.92,0.0,RUN,9604.33
2025-04-01 12:00:00,0.338,36.7,6.58,35.0,1023.8,51.68,34.99,0.0,RUN,9982.84
2025-04-01 13:00:00,0.353,38.0,7.21,33.0,925.5,51.9,35.03,0.0,run,9352.92
2025-04-01 14:00:00,0.413,37.9,7.73,31.0,827.8,48.89,36.03,0.0,run,8198.16
01-04-2025 15:00,0.253,37.9,6.36,31.0,665.0,45.92,36.06,0.0,run,6424.41
01-04-2025 16:00,0.268,37.3,6.28,33.0,407.7,45.16,35.38,0.0,RUN,3972.4
2025-04-01 17:00:00,0.24,36.7,5.56,32.0,168.0,38.64,35.33,0.0,RUN,4343.46
01-04-2025 18:00,0.228,35.4,5.37,34.0,11.6,33.83,34.52,0.0,RUN,20.19
2025-04-01 19:00:00,0.284,34.2,5.38,39.0,0.0,34.14,32.83,0.0,STANDBY,-5.3
2025-04-01 20:00:00,0.307,32.8,5.0,41.0,0.0,31.78,30.91,0.0,STANDBY,0.0
2025-04-01 21:00:00,0.21,30.9,4.62,44.0,0.0,28.98,29.03,0.0,standby,-5.98
2025-04-01 22:00:00,0.31,29.0,4.45,47.0,0.0,27.79,28.92,0.0,STANDBY,-3.78
2025-04-01 23:00:00,0.28,26.8,4.15,52.0,0.0,26.38,25.83,0.0,STANDBY,-999.0
2025-04-02 00:00:00,0.278,24.5,3.29,49.0,0.0,24.27,23.93,0.0,STANDBY,0.0
2025-04-02 01:00:00,0.391,24.0,3.6,53.0,0.0,22.06,23.25,0.0,STANDBY,-2.78
2025-04-02 02:00:00,0.297,23.4,3.39,55.0,0.0,22.8,22.14,0.0,STANDBY,0.0
2025-04-02 03:00:00,0.347,23.7,3.25,56.0,0.0,22.68,22.23,0.0,STANDBY,-4.3
2025-04-02 04:00:00,0.444,23.6,3.87,53.0,0.0,22.67,22.18,0.0,STANDBY,-9.23
2025-04-02 05:00:00,0.412,24.8,3.7,52.0,0.0,25.01,23.01,0.0,STANDBY,-4.05
2025-04-02 06:00:00,0.393,25.9,4.03,44.0,28.0,24.41,24.49,0.0,RUN,117.72
2025-04-02 07:00:00,0.263,27.6,3.13,43.0,214.4,31.07,26.14,0.0,RUN,1981.92
2025-04-02 08:00:00,0.421,29.3,3.68,37.0,459.7,35.45,26.96,0.0,RUN,4569.65
2025-04-02 09:00:00,0.418,30.3,3.56,38.0,657.2,42.46,28.88,0.0,RUN,6837.39
2025-04-02 10:00:00,0.541,32.5,3.61,37.0,845.0,46.69,31.22,0.0,RUN,8537.36
2025-04-02 11:00:00,0.458,34.0,3.88,35.0,917.1,50.04,32.41,0.0,RUN,9608.91
2025-04-02 12:00:00,0.299,35.4,3.47,30.0,986.0,51.96,34.38,0.0,RUN,9974.17
2025-04-02 13:00:00,0.281,36.3,3.98,27.0,960.4,50.92,35.64,0.0,RUN,9484.08
2025-04-02 14:00:00,0.338,36.5,3.95,30.0,822.0,51.05,34.96,0.0,RUN,8258.43
2025-04-02 15:00:00,0.447,36.0,5.06,27.0,663.6,47.12,35.81,0.0,RUN,6416.81
2025-04-02 16:00:00,0.627,35.2,4.99,32.0,419.3,39.46,35.76,0.0,RUN,3934.25
2025-04-02 17:00:00,0.561,35.3,4.25,31.0,166.1,37.27,34.46,0.0,RUN,1484.81
2025-04-02 18:00:00,0.529,34.9,4.38,34.0,19.3,33.59,33.43,0.0,RUN,56.63
2025-04-02 19:00:00,0.47,33.1,3.85,38.0,0.0,32.19,32.63,0.0,STANDBY,-5.28
2025-04-02 20:00:00,0.535,32.0,3.8,41.0,0.0,30.56,30.41,0.0,STANDBY,0.0
2025-04-02 21:00:00,0.36,30.5,3.72,39.0,0.0,28.76,28.45,0.0, STANDBY ,-5.31
2025-04-02 22:00:00,0.505,28.8,3.78,44.0,0.0,28.12,26.68,0.0,STANDBY,0.0
2025-04-02 23:00:00,0.509,27.1,4.47,46.0,0.0,26.14,26.1,0.0,STANDBY,-1.97
2025-04-03 00:00:00,0.31,24.0,3.94,42.0,0.0,23.49,24.25,0.0,STANDBY,0.0
2025-04-03 01:00:00,0.422,22.2,4.23,46.0,0.0,21.84,23.22,0.0,STANDBY,-2.67
2025-04-03 02:00:00,0.523,22.2,5.3,46.0,0.0,23.73,22.62,0.0,STANDBY,-4.21
2025-04-03 03:00:00,0.382,21.9,5.32,45.0,0.0,20.35,22.24,0.0, STANDBY ,-8.98
2025-04-03 04:00:00,0.443,22.3,4.72,49.0,0.0,23.78,22.71,0.0,STANDBY,0.0
2025-04-03 05:00:00,0.535,22.8,4.19,45.0,0.0,23.71,22.77,0.0,STANDBY,-5.27
2025-04-03 06:00:00,0.482,24.7,4.12,45.0,31.8,25.33,23.99,0.0,RUN,192.47
2025-04-03 07:00:00,0.484,26.8,4.35,40.0,204.1,30.62,26.12,0.0,RUN,1946.4
2025-04-03 08:00:00,0.433,28.1,3.81,38.0,444.6,36.54,28.37,0.0,run,4431.88
2025-04-03 09:00:00,0.307,29.5,3.36,36.0,693.6,43.64,29.19,0.0,RUN,6825.86
2025-04-03 10:00:00,0.351,31.3,3.2,34.0,842.9,48.64,31.22,0.0,run,8580.73
2025-04-03 11:00:00,0.283,32.5,3.06,30.0,979.1,52.91,33.04,0.0,RUN,9542.04
2025-04-03 12:00:00,0.361,33.7,2.98,25.0,1015.2,52.72,34.05,0.0,RUN,9763.42
2025-04-03 13:00:00,0.427,34.7,3.58,21.0,964.8,52.61,34.83,0.0,RUN,9229.58
2025-04-03 14:00:00,0.587,35.1,3.34,22.0,808.8,50.21,35.71,0.0, RUN ,8009.17
2025-04-03 15:00:00,0.6,35.3,3.98,26.0,638.9,47.04,35.66,0.0,RUN,6155.17
2025-04-03 16:00:00,0.571,34.8,3.53,26.0,389.0,43.88,35.03,0.0,RUN,3838.17
2025-04-03 17:00:00,0.539,34.2,3.15,28.0,157.1,38.2,34.97,0.0,RUN,1391.88
2025-04-03 18:00:00,0.33,33.2,3.15,25.0,13.2,34.2,33.29,0.0,RUN,39.59
2025-04-03 19:00:00,0.207,31.7,2.94,27.0,0.0,34.26,32.84,0.0,standby,0.0
2025-04-03 20:00:00,0.186,29.7,2.69,29.0,0.0,31.88,30.39,0.0,STANDBY,-3.03
2025-04-03 21:00:00,0.258,27.1,3.02,32.0,0.0,27.56,29.06,0.0,STANDBY,0.0
2025-04-03 22:00:00,0.188,25.1,2.96,34.0,0.0,27.21,27.75,0.0,STANDBY,0.0
2025-04-03 23:00:00,0.188,24.2,2.33,39.0,0.0,26.44,25.29,0.0,STANDBY,-8.17
2025-04-04 00:00:00,0.274,20.4,2.36,50.0,0.0,22.28,22.77,0.0,STANDBY,0.0
04-04-2025 01:00,0.42,19.9,2.35,54.0,0.0,19.2,21.93,0.0,STANDBY,0.0
2025-04-04 02:00:00,0.415,19.8,2.65,52.0,0.0,21.25,20.7,0.0,STANDBY,-2.5
2025-04-04 03:00:00,0.523,20.0,2.57,53.0,0.0,19.79,20.69,0.0,STANDBY,-3.29
2025-04-04 04:00:00,0.692,20.6,2.39,53.0,0.0,19.69,20.71,0.0,STANDBY,-3.73
2025-04-04 05:00:00,0.323,21.3,2.57,49.0,0.0,22.11,21.25,0.0,STANDBY,0.0
2025-04-04 06:00:00,0.296,23.0,2.33,46.0,31.6,24.94,22.7,0.0,RUN,110.36
2025-04-04 07:00:00,0.326,24.5,2.31,46.0,211.3,29.41,24.02,0.0,RUN,1967.24
2025-04-04 08:00:00,0.668,25.4,2.43,48.0,416.3,34.37,25.73,0.0,RUN,4235.75
2025-04-04 09:00:00,0.606,27.4,1.96,41.0,635.4,43.34,27.29,0.0,RUN,6559.78
2025-04-04 10:00:00,0.581,29.1,2.46,38.0,831.5,48.46,29.18,0.0,RUN,8100.61
04-04-2025 11:00,0.394,30.7,2.28,34.0,939.9,50.97,31.29,0.0,RUN,9391.15
04-04-2025 12:00,0.3,31.3,3.15,31.0,1014.4,53.22,32.65,0.0,RUN,9826.56
2025-04-04 13:00:00,0.401,32.0,3.03,29.0,952.0,52.66,33.86,0.0,RUN,9310.15
2025-04-04 14:00:00,0.565,32.1,2.66,29.0,862.8,50.77,33.69,0.0,RUN,8016.35
2025-04-04 15:00:00,0.405,32.7,3.32,25.0,651.1,45.07,33.87,0.0,RUN,6414.96
2025-04-04 16:00:00,0.451,32.7,3.3,27.0,417.5,41.51,33.53,0.0,RUN,4012.91
2025-04-04 17:00:00,0.427,31.5,3.13,34.0,173.6,36.6,33.76,0.0,RUN,1529.72
2025-04-04 18:00:00,0.449,31.0,2.81,34.0,14.7,31.8,32.58,0.0,RUN,34.75
2025-04-04 19:00:00,0.536,29.8,2.92,36.0,0.0,31.23,30.7,0.0,STANDBY,0.0
2025-04-04 20:00:00,0.429,27.9,2.42,40.0,0.0,29.65,28.73,0.0,STANDBY,-8.56
2025-04-04 21:00:00,0.467,26.3,2.48,45.0,0.0,27.14,27.62,0.0,STANDBY,-10.25
2025-04-04 22:00:00,0.467,24.4,2.61,43.0,0.0,27.22,26.17,0.0,STANDBY,-1.55
2025-04-04 23:00:00,0.388,23.2,2.37,45.0,0.0,24.71,23.58,0.0,STANDBY,-7.95
2025-04-05 00:00:00,0.194,25.8,4.14,51.0,0.0,25.41,24.46,0.0,STANDBY,0.0
2025-04-05 01:00:00,0.3,25.0,5.5,56.0,0.0,24.54,24.03,0.0,STANDBY,0.0
2025-04-05 02:00:00,0.31,24.1,4.45,52.0,0.0,23.91,23.55,0.0,STANDBY,-5.62
2025-04-05 03:00:00,0.262,23.9,4.66,48.0,0.0,24.09,22.47,0.0,STANDBY,-7.31
2025-04-05 04:00:00,0.259,24.2,4.9,50.0,0.0,23.85,23.52,0.0,STANDBY,-8.08
2025-04-05 05:00:00,0.281,24.7,4.44,48.0,0.0,23.9,24.86,0.0,STANDBY,0.0
2025-04-05 06:00:00,0.414,25.5,4.3,46.0,33.7,26.12,25.78,0.0,run,126.51
2025-04-05 07:00:00,0.371,27.8,4.21,45.0,217.0,31.13,26.96,0.0,RUN,1995.8
2025-04-05 08:00:00,0.391,29.4,4.2,40.0,462.3,38.34,28.75,0.0,RUN,4585.8
2025-04-05 09:00:00,0.437,31.1,4.31,39.0,673.4,43.47,30.64,0.0,RUN,6883.01
2025-04-05 10:00:00,0.261,32.8,4.89,34.0,881.4,49.63,32.51,0.0,RUN,8584.53
2025-04-05 11:00:00,0.444,35.1,5.24,35.0,966.8,51.1,33.67,0.0,RUN,9427.85
2025-04-05 13:00:00,0.369,36.9,4.12,30.0,944.5,52.8,36.17,0.0,RUN,9248.81
2025-04-05 14:00:00,0.458,36.8,4.43,29.0,817.4,50.43,37.18,0.0,RUN,8101.91
2025-04-05 15:00:00,0.63,37.2,5.68,33.0,638.3,47.26,36.38,0.0,RUN,6160.84
2025-04-05 16:00:00,0.566,36.8,6.75,30.0,392.7,43.3,36.54,0.0,RUN,3868.77
2025-04-05 17:00:00,0.255,36.9,6.49,27.0,170.4,38.72,35.52,0.0,RUN,1463.12
2025-04-05 18:00:00,0.266,36.0,6.53,26.0,14.0,36.21,34.83,0.0,RUN,-9.12
2025-04-05 19:00:00,0.134,34.7,6.25,30.0,0.0,32.6,33.26,0.0,STANDBY,0.0
2025-04-05 20:00:00,0.193,33.2,6.07,36.0,0.0,31.79,32.59,0.0,STANDBY,0.0
2025-04-05 21:00:00,0.256,31.4,5.78,40.0,0.0,31.05,29.84,0.0,STANDBY,0.0
2025-04-05 22:00:00,0.4,30.4,5.35,46.0,0.0,28.49,28.86,0.0,STANDBY,-3.43
2025-04-05 23:00:00,0.309,28.5,5.23,50.0,0.0,28.08,27.51,0.0,STANDBY,0.0
2025-04-06 00:00:00,0.239,25.8,3.72,50.0,0.0,24.56,24.52,0.0,STANDBY,0.0
2025-04-06 01:00:00,0.489,24.7,4.64,55.0,0.0,25.15,23.53,0.0,STANDBY,0.0
2025-04-06 02:00:00,0.519,23.3,4.06,57.0,0.0,24.02,23.22,0.0,STANDBY,-8.55
2025-04-06 03:00:00,0.576,23.7,3.93,61.0,0.0,23.55,23.23,0.0,STANDBY,-5.05
2025-04-06 04:00:00,0.445,23.9,3.85,59.0,0.0,24.42,23.97,0.0,STANDBY,0.0
2025-04-06 05:00:00,0.577,25.0,2.95,56.0,0.0,24.01,24.5,0.0,STANDBY,0.0
2025-04-06 06:00:00,0.546,25.2,3.71,55.0,31.8,26.1,25.71,0.0,RUN,135.71
2025-04-06 07:00:00,0.595,27.4,3.49,53.0,206.2,29.49,26.29,0.0,RUN,1870.68
2025-04-06 07:00:00,0.595,27.4,3.49,53.0,206.2,29.49,26.29,0.0,RUN,1977.1
2025-04-06 08:00:00,0.712,28.4,3.56,48.0,405.1,36.28,28.32,0.0,RUN,4117.58
2025-04-06 09:00:00,0.701,30.1,2.87,44.0,611.6,40.63,30.08,0.0,run,6212.52
2025-04-06 10:00:00,0.524,32.2,3.04,37.0,811.4,47.08,32.18,0.0,RUN,8147.41
2025-04-06 11:00:00,0.713,33.1,3.57,37.0,855.3,48.48,32.6,0.0,RUN,8478.1
2025-04-06 12:00:00,0.656,34.6,4.25,39.0,893.2,49.97,33.89,0.0,run,8832.01
2025-04-06 13:00:00,0.586,35.8,4.47,29.0,9999.0,49.47,35.3,0.0,RUN,8610.98
2025-04-06 14:00:00,0.494,37.0,4.47,27.0,824.7,50.19,36.78,0.0,RUN,7971.3
2025-04-06 15:00:00,0.569,36.9,5.11,27.0,587.2,45.83,36.36,0.0, RUN ,5916.0
2025-04-06 16:00:00,0.627,36.2,5.59,30.0,362.0,41.66,35.47,0.0,RUN,3512.24
2025-04-06 17:00:00,0.556,35.6,4.19,32.0,162.8,37.49,35.19,0.0,RUN,1392.61
2025-04-06 18:00:00,0.634,34.8,4.14,36.0,16.3,34.59,34.17,0.0,RUN,71.5
2025-04-06 19:00:00,0.588,33.3,3.89,35.0,0.0,33.83,32.86,0.0,STANDBY,-4.12
2025-04-06 20:00:00,0.744,31.4,3.36,41.0,0.0,31.13,30.93,0.0,STANDBY,0.0
2025-04-06 21:00:00,0.516,30.1,3.25,44.0,0.0,30.25,29.58,0.0,STANDBY,-7.14
2025-04-06 22:00:00,0.491,28.4,2.83,47.0,0.0,28.14,27.89,0.0,STANDBY,0.0
2025-04-06 23:00:00,0.519,26.4,2.77,51.0,0.0,27.88,25.89,0.0,STANDBY,-9.21
2025-04-07 00:00:00,0.156,24.7,1.98,50.0,0.0,24.29,25.22,0.0,STANDBY,-3.69
2025-04-07 01:00:00,0.22,24.2,2.15,51.0,0.0,23.31,23.85,0.0,STANDBY,0.0
2025-04-07 02:00:00,0.318,24.0,2.2,53.0,0.0,22.53,22.58,0.0,STANDBY,0.0
07-04-2025 03:00,0.266,23.0,2.2,50.0,0.0,21.05,23.06,0.0,STANDBY,0.0
2025-04-07 04:00:00,0.174,23.7,2.01,51.0,0.0,22.58,23.33,0.0,STANDBY,-6.2
2025-04-07 05:00:00,0.264,23.7,2.11,51.0,0.0,23.35,24.09,0.0,STANDBY,-2.22
2025-04-07 06:00:00,0.256,24.7,2.41,51.0,30.3,25.82,25.34,0.0,RUN,206.71
2025-04-07 07:00:00,0.231,26.6,2.29,47.0,227.0,31.12,26.98,0.0,RUN,2083.56
2025-04-07 08:00:00,0.189,28.1,2.51,44.0,466.0,38.55,27.9,0.0,RUN,4603.85
2025-04-07 09:00:00,0.151,30.1,2.71,41.0,null,,NA,0.0,,null
2025-04-07 10:00:00,0.147,32.1,2.74,32.0,,,null,0.0,,NA
2025-04-07 11:00:00,0.116,33.2,2.96,32.0,,,NA,0.0,,
2025-04-07 12:00:00,0.159,34.7,3.44,31.0,NA,,,0.0,,
07-04-2025 13:00,0.165,35.6,3.32,30.0,null,-999.0,NA,0.0,,
2025-04-07 14:00:00,0.249,36.2,4.75,29.0,,null,NA,0.0,,null
2025-04-07 15:00:00,0.226,36.6,4.55,29.0,,,,0.0,,
2025-04-07 16:00:00,0.207,36.1,4.47,32.0,,NA,,0.0,,
2025-04-07 17:00:00,0.157,35.5,4.05,33.0,null,,NA,0.0,,
2025-04-07 18:00:00,0.208,34.9,3.99,34.0,,NA,,0.0,,
2025-04-07 19:00:00,0.281,33.4,3.45,35.0,0.0,33.6,32.96,0.0,STANDBY,-11.04
2025-04-07 20:00:00,0.238,32.6,3.09,39.0,0.0,31.9,31.34,0.0,STANDBY,0.0
07-04-2025 21:00,0.267,30.2,3.48,46.0,0.0,30.18,30.03,0.0,STANDBY,0.0
2025-04-07 22:00:00,0.116,28.7,3.19,46.0,0.0,26.85,27.53,0.0,STANDBY,0.0
2025-04-07 23:00:00,0.136,27.2,3.14,49.0,0.0,26.05,26.16,0.0,STANDBY,-1.64
2025-04-08 00:00:00,0.402,26.5,3.03,48.0,0.0,25.08,25.45,0.0,STANDBY,-2.67
2025-04-08 01:00:00,0.451,26.0,3.41,49.0,0.0,23.25,24.63,0.0,STANDBY,-2.93
2025-04-08 02:00:00,0.313,24.9,3.1,46.0,0.0,23.15,23.75,0.0,STANDBY,-8.69
2025-04-08 03:00:00,0.476,24.2,3.73,48.0,0.0,24.85,24.58,0.0,STANDBY,-10.79
2025-04-08 04:00:00,0.405,23.6,3.67,47.0,0.0,24.79,23.71,0.0,STANDBY,0.0
2025-04-08 05:00:00,0.397,24.6,3.41,47.0,0.0,25.15,24.86,0.0,STANDBY,-5.33
2025-04-08 06:00:00,0.487,26.0,3.48,49.0,33.2,27.23,26.19,0.0,RUN,162.33
2025-04-08 07:00:00,0.384,27.8,2.88,46.0,217.6,31.14,27.7,0.0,RUN,1921.12
2025-04-08 08:00:00,0.36,29.5,3.19,45.0,438.4,39.73,28.74,0.0,RUN,4408.91
2025-04-08 09:00:00,0.378,30.8,2.86,38.0,665.9,45.8,31.12,0.0,RUN,6657.33
2025-04-08 10:00:00,0.319,32.5,2.82,34.0,857.2,50.25,32.97,0.0,RUN,8401.7
2025-04-08 11:00:00,0.245,34.3,2.77,31.0,941.4,52.39,34.22,0.0,RUN,9441.91
2025-04-08 12:00:00,0.274,35.2,3.5,32.0,949.1,54.88,35.1,0.0,RUN,9579.05
2025-04-08 13:00:00,0.237,36.5,4.22,28.0,939.3,54.25,36.05,0.0,RUN,9201.5
2025-04-08 14:00:00,0.295,37.3,4.29,24.0,838.1,51.71,37.09,0.0,RUN,8057.07
2025-04-08 15:00:00,0.409,37.5,3.92,27.0,626.9,49.42,36.98,0.0,RUN,6160.2
2025-04-08 16:00:00,0.437,36.3,4.61,30.0,412.5,43.97,37.08,0.0,RUN,3833.7
2025-04-08 17:00:00,0.503,35.7,4.19,34.0,163.6,39.44,35.81,0.0,,1421.29
2025-04-08 18:00:00,0.487,34.4,3.44,36.0,18.2,35.26,35.11,0.0,RUN,9.49
2025-04-08 19:00:00,0.454,32.7,3.57,37.0,0.0,35.14,33.68,0.0,STANDBY,-9.93
2025-04-08 20:00:00,0.476,31.4,3.2,41.0,0.0,32.64,31.69,0.0,STANDBY,-10.62
2025-04-08 21:00:00,0.295,29.7,3.75,45.0,0.0,30.3,30.4,0.0,STANDBY,0.0
2025-04-08 22:00:00,0.279,28.5,3.46,48.0,0.0,27.53,28.61,0.0,STANDBY,0.0
2025-04-08 23:00:00,0.489,26.7,3.09,50.0,0.0,28.99,27.45,0.0,STANDBY,0.0
2025-04-09 00:00:00,0.234,24.7,2.73,56.0,0.0,25.24,25.96,0.0,,-6.06
2025-04-09 01:00:00,0.142,23.9,2.72,57.0,0.0,24.02,24.05,0.0,standby,-5.41
2025-04-09 02:00:00,0.147,23.0,2.56,56.0,0.0,22.9,23.33,0.0,STANDBY,-8.84
2025-04-09 03:00:00,0.204,22.8,3.04,57.0,0.0,22.89,23.42,0.0,STANDBY,-3.51
2025-04-09 04:00:00,0.211,23.1,3.14,56.0,0.0,22.57,23.71,0.0,STANDBY,0.0
2025-04-09 05:00:00,0.322,24.0,2.89,55.0,0.0,24.02,24.93,0.0,STANDBY,-4.54
2025-04-09 06:00:00,0.253,24.9,3.14,51.0,40.1,25.68,24.99,0.0,RUN,119.76
2025-04-09 07:00:00,0.159,26.3,3.41,44.0,225.6,32.56,27.28,0.0,RUN,2053.71
2025-04-09 08:00:00,0.242,28.2,3.11,45.0,465.7,38.35,28.62,0.0,RUN,4605.62
2025-04-09 09:00:00,0.104,29.9,3.59,41.0,692.0,44.46,30.01,0.0,RUN,6889.41
2025-04-09 10:00:00,0.139,31.5,3.81,37.0,874.9,50.01,31.72,0.0,RUN,8500.1
2025-04-09 11:00:00,0.116,33.2,3.75,37.0,988.9,52.52,34.22,0.0,RUN,9467.22
2025-04-09 12:00:00,0.165,34.9,3.4,35.0,972.8,52.82,34.91,0.0,RUN,9650.7
2025-04-09 13:00:00,0.13,36.4,3.51,33.0,951.9,54.04,36.02,0.0,RUN,9154.16
2025-04-09 14:00:00,0.126,37.5,3.35,33.0,821.2,51.15,37.03,0.0,RUN,7943.3
2025-04-09 15:00:00,0.312,36.6,3.99,35.0,610.6,47.52,36.52,0.0,run,5833.92
2025-04-09 16:00:00,0.277,36.7,3.45,34.0,394.5,44.15,36.17,0.0,RUN,3718.77
2025-04-09 17:00:00,0.214,37.0,3.16,33.0,168.3,39.55,35.13,0.0,RUN,1406.45
2025-04-09 18:00:00,0.125,35.9,2.95,32.0,16.8,36.6,33.91,0.0,RUN,-5.23
2025-04-09 19:00:00,0.246,34.0,3.0,34.0,0.0,33.22,33.16,0.0,STANDBY,0.0
2025-04-09 20:00:00,0.322,32.5,3.02,41.0,0.0,30.68,30.57,0.0,STANDBY,-5.88
2025-04-09 21:00:00,0.246,30.7,2.88,43.0,0.0,29.1,29.79,0.0,STANDBY,0.0
2025-04-09 22:00:00,0.31,29.1,2.67,49.0,0.0,29.42,27.98,0.0,STANDBY,0.0
2025-04-09 23:00:00,0.256,27.3,3.15,54.0,0.0,28.32,27.53,0.0,STANDBY,0.0
2025-04-10 00:00:00,0.118,25.8,3.41,50.0,0.0,25.69,24.99,0.0,STANDBY,0.0
2025-04-10 01:00:00,0.095,25.0,3.38,52.0,0.0,25.32,24.07,0.0,STANDBY,-2.91
2025-04-10 02:00:00,0.1,24.0,3.51,55.0,0.0,22.32,23.37,0.0,STANDBY,-11.06
2025-04-10 03:00:00,0.072,24.0,3.16,52.0,0.0,23.7,23.51,0.0,STANDBY,-8.86
2025-04-10 04:00:00,0.079,24.2,2.47,52.0,0.0,23.56,23.95,0.0,STANDBY,-9.33
2025-04-10 05:00:00,0.042,24.5,2.35,54.0,0.0,24.74,24.27,0.0,STANDBY,0.0
2025-04-10 06:00:00,0.021,25.8,2.46,51.0,39.4,26.08,25.37,0.0,RUN,161.49
2025-04-10 07:00:00,0.044,27.3,2.52,47.0,233.6,30.87,27.1,0.0,RUN,2108.77
2025-04-10 08:00:00,0.071,29.5,2.43,44.0,461.5,36.5,28.57,0.0,RUN,4641.05
2025-04-10 09:00:00,0.169,30.6,2.33,40.0,672.6,45.29,29.91,0.0,RUN,6805.0
10-04-2025 10:00,0.156,32.5,2.24,35.0,874.4,49.95,31.9,0.0,RUN,8539.65
2025-04-10 11:00:00,0.085,34.2,3.13,32.0,971.3,52.6,33.8,0.0,RUN,9481.48
2025-04-10 12:00:00,0.084,36.3,4.28,29.0,1000.7,53.63,34.77,0.0,RUN,9746.63
2025-04-10 13:00:00,0.044,36.9,4.88,26.0,944.6,52.64,35.74,0.0,RUN,9236.95
2025-04-10 14:00:00,0.049,37.0,5.88,28.0,846.4,-999.0,36.59,0.0,RUN,8064.25
2025-04-10 15:00:00,0.059,36.9,5.42,24.0,645.3,47.49,36.29,0.0,,6232.08
2025-04-10 16:00:00,0.201,36.4,5.14,29.0,408.2,43.23,35.69,0.0,RUN,3851.94
2025-04-10 17:00:00,0.129,35.8,4.17,32.0,175.8,37.72,36.26,0.0,RUN,1461.57
2025-04-10 18:00:00,0.226,34.4,4.44,34.0,18.9,33.98,34.82,0.0,RUN,21.89
2025-04-10 19:00:00,0.246,33.2,3.92,38.0,0.0,34.0,33.52,0.0,STANDBY,-1.98
2025-04-10 20:00:00,0.117,32.1,3.49,41.0,0.0,32.35,32.02,0.0,STANDBY,-2.28
2025-04-10 21:00:00,0.098,30.5,3.04,41.0,0.0,29.76,30.76,0.0,STANDBY,-4.06
2025-04-10 22:00:00,0.092,28.2,3.0,46.0,0.0,29.33,28.16,0.0,STANDBY,0.0
2025-04-10 23:00:00,0.087,26.2,2.62,47.0,0.0,26.5,26.81,0.0,STANDBY,0.0
2025-04-11 00:00:00,0.06,24.9,3.86,48.0,0.0,22.24,24.05,0.0,STANDBY,-3.5
2025-04-11 01:00:00,0.058,23.5,4.02,49.0,0.0,23.26,23.17,0.0,STANDBY,-2.46
2025-04-11 02:00:00,0.072,23.1,4.67,52.0,0.0,23.0,21.33,0.0,STANDBY,-7.13
2025-04-11 03:00:00,0.06,23.7,4.78,51.0,0.0,23.58,21.6,0.0,STANDBY,-3.22
2025-04-11 04:00:00,0.046,24.1,4.33,52.0,0.0,23.68,21.66,0.0,STANDBY,0.0
2025-04-11 05:00:00,0.039,25.0,4.61,51.0,0.0,22.85,23.0,0.0,STANDBY,0.0
2025-04-11 06:00:00,0.026,26.2,4.65,50.0,42.8,24.85,23.98,0.0,RUN,160.45
2025-04-11 07:00:00,0.054,28.1,4.55,47.0,233.6,30.56,25.45,0.0,RUN,2085.5
2025-04-11 08:00:00,0.055,29.9,5.25,43.0,477.1,36.12,27.81,0.0,run,4705.82
2025-04-11 09:00:00,0.049,32.1,4.84,37.0,684.7,43.4,28.36,0.0,RUN,6930.88
2025-04-11 10:00:00,0.066,33.0,4.7,35.0,870.2,45.97,30.04,0.0,RUN,8580.36
2025-04-11 11:00:00,0.064,34.6,4.43,33.0,949.0,50.73,32.0,0.0,,9558.32
2025-04-11 12:00:00,0.06,35.5,4.07,31.0,1028.3,50.88,33.99,0.0,RUN,9817.83
2025-04-11 13:00:00,0.048,36.5,4.39,29.0,939.4,50.32,33.81,0.0,RUN,9247.34
2025-04-11 14:00:00,0.025,37.3,5.93,29.0,828.6,50.7,35.52,0.0,RUN,8026.42
2025-04-11 16:00:00,0.067,36.3,5.99,25.0,414.9,41.89,34.85,0.0,RUN,3847.35
2025-04-11 17:00:00,0.096,35.7,5.79,28.0,170.0,37.1,34.08,0.0,RUN,1424.67
2025-04-11 18:00:00,0.085,34.0,5.07,30.0,18.6,33.69,33.68,0.0,RUN,-4.65
2025-04-11 19:00:00,0.069,33.5,4.85,34.0,0.0,33.25,32.06,0.0,STANDBY,-2.79
2025-04-11 20:00:00,0.055,32.3,5.78,39.0,0.0,30.36,29.99,0.0,STANDBY,0.0
2025-04-11 21:00:00,0.093,31.0,6.49,39.0,0.0,28.8,29.32,0.0,standby,0.0
2025-04-11 22:00:00,0.071,28.8,7.41,41.0,0.0,27.22,28.18,0.0,STANDBY,0.0
2025-04-11 23:00:00,0.147,26.9,6.43,45.0,0.0,25.52,25.19,0.0,STANDBY,-3.9
12-04-2025 00:00,0.083,22.9,4.64,54.0,0.0,22.93,22.66,0.0,STANDBY,0.0
2025-04-12 01:00:00,0.025,21.5,4.55,53.0,0.0,21.53,22.06,0.0,STANDBY,-7.17
2025-04-12 02:00:00,0.033,20.9,4.59,50.0,0.0,22.01,21.33,0.0,STANDBY,-4.56
2025-04-12 03:00:00,0.057,20.3,3.48,51.0,0.0,22.45,20.75,0.0,STANDBY,0.0
2025-04-12 04:00:00,0.058,21.6,3.76,53.0,0.0,23.18,21.58,0.0,STANDBY,0.0
2025-04-12 05:00:00,0.056,22.4,3.54,54.0,0.0,21.91,22.09,0.0,STANDBY,0.0
2025-04-12 06:00:00,0.018,23.1,4.14,47.0,39.7,24.7,23.77,0.0,RUN,188.97
2025-04-12 07:00:00,0.034,24.8,4.91,44.0,225.3,29.27,25.0,0.0,RUN,2148.62
2025-04-12 08:00:00,0.095,27.4,4.41,43.0,469.5,36.75,26.96,0.0,RUN,4703.47
2025-04-12 09:00:00,0.102,29.0,4.69,40.0,704.0,44.08,28.35,0.0,RUN,6875.09
2025-04-12 10:00:00,0.084,30.3,5.05,36.0,827.8,48.54,30.09,0.0,RUN,8511.26
2025-04-12 11:00:00,0.059,32.2,4.75,34.0,982.7,51.12,31.86,0.0,RUN,9442.72
2025-04-12 12:00:00,0.07,33.3,5.55,33.0,1027.6,54.1,33.2,0.0,RUN,9739.42
2025-04-12 13:00:00,0.04,34.1,4.95,29.0,970.0,52.21,34.07,0.0,RUN,9189.41
2025-04-12 14:00:00,0.029,34.8,6.4,31.0,847.3,50.1,35.15,0.0,RUN,7998.12
2025-04-12 15:00:00,0.042,34.5,5.61,29.0,621.4,47.38,35.96,0.0,RUN,6240.59
2025-04-12 16:00:00,0.027,34.3,4.68,27.0,408.7,44.28,34.43,0.0,RUN,3901.77
2025-04-12 17:00:00,0.033,33.9,4.4,29.0,168.8,36.92,33.93,0.0,RUN,1437.12
2025-04-12 18:00:00,0.032,32.9,3.65,30.0,20.4,33.19,33.27,0.0,RUN,0.16
2025-04-12 19:00:00,0.051,31.4,3.26,36.0,0.0,31.69,31.88,0.0, STANDBY ,-3.79
2025-04-12 20:00:00,0.068,29.9,3.28,36.0,0.0,28.59,28.93,0.0,standby,0.0
2025-04-12 21:00:00,0.049,28.3,3.3,42.0,0.0,27.61,28.21,0.0,STANDBY,0.0
2025-04-12 23:00:00,0.026,24.9,3.63,50.0,0.0,24.22,24.62,0.0,STANDBY,0.0
2025-04-13 00:00:00,0.037,21.3,2.95,57.0,0.0,22.64,21.92,0.0,standby,-3.88
2025-04-13 01:00:00,0.04,21.3,3.01,57.0,0.0,20.88,20.94,0.0,STANDBY,-2.45
2025-04-13 02:00:00,0.071,20.8,3.44,57.0,0.0,21.24,20.41,0.0,STANDBY,0.0
2025-04-13 03:00:00,0.121,20.4,2.86,61.0,0.0,21.0,21.26,0.0,STANDBY,-10.5
2025-04-13 04:00:00,0.053,20.8,2.64,60.0,0.0,21.1,21.53,0.0,STANDBY,-11.18
2025-04-13 05:00:00,0.087,20.5,2.52,58.0,0.0,22.74,21.42,0.0,STANDBY,-3.18
2025-04-13 06:00:00,0.076,21.8,2.43,54.0,43.9,24.87,22.99,0.0,RUN,241.76
2025-04-13 07:00:00,0.17,24.0,2.91,51.0,235.5,30.55,23.89,0.0,run,2121.19
2025-04-13 08:00:00,0.208,25.8,2.55,51.0,478.1,36.66,26.15,0.0,RUN,4705.24
2025-04-13 09:00:00,0.066,26.7,2.52,45.0,678.1,45.54,27.81,0.0, RUN ,6844.39
2025-04-13 10:00:00,0.135,27.8,2.6,42.0,852.3,48.54,30.88,0.0,RUN,8495.45
2025-04-13 11:00:00,0.171,30.0,2.65,39.0,994.7,52.19,30.57,0.0,RUN,9443.69
2025-04-13 12:00:00,0.113,30.9,3.68,37.0,991.0,53.99,31.82,0.0,RUN,9658.04
2025-04-13 13:00:00,0.15,31.8,3.77,36.0,949.7,52.33,32.79,0.0,RUN,9215.09
2025-04-13 14:00:00,0.172,32.8,3.72,33.0,827.3,50.3,33.89,0.0,RUN,8046.98
2025-04-13 15:00:00,0.364,33.0,3.52,35.0,621.4,46.93,33.67,0.0,RUN,6215.99
2025-04-13 16:00:00,0.232,32.7,3.81,36.0,421.1,41.07,33.44,0.0,run,3931.26
2025-04-13 17:00:00,0.2,31.9,3.72,39.0,164.7,36.23,32.84,0.0,RUN,1410.37
2025-04-13 18:00:00,0.221,30.9,3.16,35.0,19.4,32.83,32.51,0.0,RUN,0.0
2025-04-13 19:00:00,0.156,29.9,3.36,38.0,0.0,31.36,30.51,0.0,STANDBY,0.0
2025-04-13 20:00:00,0.132,28.4,2.92,45.0,0.0,29.76,28.83,0.0,STANDBY,-3.18
2025-04-13 21:00:00,0.15,26.7,2.62,49.0,0.0,27.5,26.03,0.0,STANDBY,-7.78
2025-04-13 22:00:00,0.144,23.8,3.19,52.0,0.0,25.73,25.24,0.0,STANDBY,-10.76
2025-04-13 23:00:00,0.126,22.2,2.86,53.0,0.0,23.47,24.73,0.0,STANDBY,-10.23
2025-04-14 00:00:00,0.26,24.0,3.68,50.0,0.0,23.52,24.53,0.0,STANDBY,-4.58
2025-04-14 01:00:00,0.45,22.8,3.26,52.0,0.0,22.75,23.26,0.0,STANDBY,0.0
2025-04-14 02:00:00,0.343,22.4,3.47,53.0,0.0,22.39,22.43,0.0,STANDBY,-2.04
2025-04-14 03:00:00,0.488,22.1,2.96,51.0,0.0,22.92,22.1,0.0,standby,-6.78
2025-04-14 04:00:00,0.273,21.8,3.0,47.0,0.0,22.07,22.91,0.0,STANDBY,0.0
2025-04-14 05:00:00,0.293,22.4,3.28,51.0,0.0,24.84,22.5,0.0,STANDBY,0.0
2025-04-14 06:00:00,0.239,23.7,3.07,46.0,47.3,25.57,25.18,0.0,RUN,170.43
2025-04-14 07:00:00,0.567,25.1,2.86,46.0,229.3,32.25,26.26,0.0,run,2140.4
2025-04-14 08:00:00,0.572,27.3,2.73,45.0,476.3,39.71,27.7,0.0,RUN,4598.51
2025-04-14 09:00:00,0.619,28.5,2.6,45.0,657.3,45.07,30.01,0.0,RUN,6483.98
2025-04-14 10:00:00,0.511,30.5,2.71,44.0,827.1,48.83,30.79,0.0,RUN,8241.04
2025-04-14 11:00:00,0.628,32.3,3.13,46.0,926.8,52.32,31.52,0.0,RUN,8914.63
2025-04-14 12:00:00,0.568,34.0,3.6,35.0,999.4,54.41,33.28,0.0,RUN,9466.9
2025-04-14 13:00:00,0.438,35.0,3.21,38.0,930.8,54.29,35.05,0.0,RUN,9094.01
2025-04-14 14:00:00,0.528,34.9,2.89,42.0,839.2,51.47,35.56,0.0,RUN,7858.45
2025-04-14 15:00:00,0.511,35.1,2.74,37.0,632.3,46.98,34.58,0.0, RUN ,6081.13
2025-04-14 16:00:00,0.56,35.1,2.37,39.0,403.5,42.23,34.9,0.0,RUN,3828.13
2025-04-14 17:00:00,0.767,34.2,2.4,43.0,163.4,34.86,33.87,0.0,RUN,1305.74
2025-04-14 18:00:00,0.739,32.8,2.27,51.0,14.8,34.76,33.45,0.0,RUN,33.82
2025-04-14 19:00:00,0.674,31.3,2.73,51.0,0.0,32.29,32.28,0.0,STANDBY,0.0
2025-04-14 20:00:00,0.626,29.6,2.73,50.0,0.0,30.25,30.87,0.0,standby,0.0
2025-04-14 21:00:00,0.687,28.1,2.88,57.0,0.0,29.08,28.74,0.0,STANDBY,-3.18
2025-04-14 22:00:00,0.606,26.7,3.18,58.0,0.0,27.61,26.78,0.0,STANDBY,-6.25
2025-04-14 23:00:00,0.487,24.8,3.24,60.0,0.0,24.89,25.5,0.0,STANDBY,0.0
2025-04-15 00:00:00,0.062,20.1,4.43,52.0,0.0,21.17,21.19,0.0,STANDBY,0.0
2025-04-15 01:00:00,0.055,19.2,4.6,53.0,0.0,20.42,20.81,0.0,STANDBY,-8.57
2025-04-15 02:00:00,0.039,18.1,4.5,48.0,0.0,20.47,19.38,0.0,STANDBY,0.0
2025-04-15 03:00:00,0.039,18.3,5.17,49.0,0.0,19.28,20.01,0.0,STANDBY,-5.67
2025-04-15 04:00:00,0.064,18.9,4.49,51.0,0.0,19.72,19.86,0.0,STANDBY,-8.22
2025-04-15 05:00:00,0.044,19.9,4.6,48.0,0.0,21.53,20.13,0.0,STANDBY,0.0
2025-04-15 06:00:00,0.059,20.4,3.71,48.0,45.4,22.76,21.61,0.0,RUN,212.95
2025-04-15 07:00:00,0.087,21.9,3.05,43.0,233.7,27.62,23.64,0.0,RUN,2137.68
2025-04-15 08:00:00,0.038,24.0,3.13,41.0,495.5,33.55,25.08,0.0,RUN,4712.39
2025-04-15 09:00:00,0.078,25.9,3.16,40.0,690.4,40.15,25.82,0.0,RUN,6900.22
2025-04-15 10:00:00,0.073,27.7,3.99,40.0,867.3,44.61,27.5,0.0,RUN,8584.42
2025-04-15 11:00:00,0.077,29.7,4.52,39.0,965.3,48.42,30.19,0.0,RUN,9497.94
2025-04-15 12:00:00,0.057,31.4,4.78,36.0,1023.3,49.79,30.85,0.0,RUN,9736.08
2025-04-15 14:00:00,0.103,32.0,4.12,33.0,797.6,45.88,32.06,0.0,RUN,7972.53
2025-04-15 15:00:00,0.048,32.4,3.86,26.0,634.7,44.43,32.74,0.0,RUN,6202.19
2025-04-15 16:00:00,0.088,32.1,3.97,29.0,398.7,38.66,31.55,0.0,RUN,3886.51
2025-04-15 17:00:00,0.122,31.8,4.26,29.0,169.5,34.51,31.42,0.0,RUN,1401.99
2025-04-15 18:00:00,0.083,30.5,4.84,30.0,12.4,31.94,30.99,0.0,RUN,0.0
2025-04-15 19:00:00,0.084,29.3,4.6,32.0,0.0,30.02,29.36,0.0,STANDBY,-10.37
2025-04-15 20:00:00,0.131,27.7,4.82,39.0,0.0,28.02,27.79,0.0,STANDBY,-9.72
2025-04-15 21:00:00,0.07,25.5,5.08,41.0,0.0,25.99,26.08,0.0,STANDBY,0.0
2025-04-15 22:00:00,0.055,23.5,4.5,43.0,0.0,25.25,23.86,0.0,STANDBY,0.0
2025-04-15 23:00:00,0.025,22.3,4.92,45.0,0.0,22.15,22.31,0.0,STANDBY,0.0
2025-04-16 00:00:00,0.288,20.8,4.38,47.0,0.0,22.0,21.51,0.0,STANDBY,0.0
2025-04-16 01:00:00,0.421,19.5,3.27,52.0,0.0,20.24,19.47,0.0,STANDBY,-3.1
2025-04-16 02:00:00,0.558,18.0,3.45,53.0,0.0,20.26,19.81,0.0,STANDBY,0.0
2025-04-16 03:00:00,0.525,18.5,4.22,51.0,0.0,21.21,19.49,0.0,STANDBY,-10.29
2025-04-16 04:00:00,0.552,19.1,4.14,49.0,0.0,19.76,19.63,0.0,STANDBY,0.0
2025-04-16 05:00:00,0.638,20.2,4.46,50.0,0.0,19.06,20.93,0.0,STANDBY,0.0
2025-04-16 06:00:00,0.763,20.8,4.62,49.0,33.9,23.36,21.17,0.0,RUN,164.5
2025-04-16 07:00:00,0.731,22.6,4.9,44.0,201.2,27.45,23.17,0.0,RUN,1920.83
2025-04-16 08:00:00,0.535,25.0,4.99,43.0,451.9,35.57,24.8,0.0,RUN,4335.92
2025-04-16 09:00:00,0.535,26.7,4.48,42.0,657.2,40.06,25.76,0.0,RUN,6459.84
2025-04-16 10:00:00,0.566,27.6,4.84,40.0,786.4,43.13,27.57,0.0,RUN,7647.52
2025-04-16 11:00:00,0.515,28.2,5.25,36.0,940.1,47.72,29.39,0.0,RUN,9122.3
2025-04-16 12:00:00,0.503,29.0,5.01,35.0,935.6,48.23,30.45,0.0,RUN,9247.15
2025-04-16 13:00:00,0.534,30.2,4.5,33.0,892.9,47.06,30.88,0.0,RUN,8673.47
2025-04-16 14:00:00,0.547,30.5,4.21,30.0,790.5,46.98,32.22,0.0,RUN,7746.31
2025-04-16 15:00:00,0.538,30.5,4.54,32.0,603.4,43.25,31.75,0.0,RUN,5917.03
2025-04-16 16:00:00,0.525,30.6,4.73,32.0,363.6,38.67,32.05,0.0,RUN,3497.19
2025-04-16 17:00:00,0.664,30.3,4.86,38.0,152.7,34.83,30.93,0.0,RUN,1222.39
2025-04-16 18:00:00,0.669,29.9,5.04,37.0,10.9,30.16,30.44,0.0,RUN,-9.6
2025-04-16 19:00:00,0.531,29.1,3.79,38.0,0.0,29.34,29.23,0.0,STANDBY,-8.77
2025-04-16 20:00:00,0.612,27.6,3.66,43.0,0.0,28.15,27.64,0.0,STANDBY,0.0
2025-04-16 21:00:00,0.571,25.6,3.72,44.0,0.0,25.43,25.74,0.0,STANDBY,0.0
2025-04-16 22:00:00,0.568,24.3,3.51,47.0,0.0,24.7,23.87,0.0, STANDBY ,0.0
2025-04-16 23:00:00,0.506,22.8,4.24,50.0,0.0,22.42,23.12,0.0,STANDBY,0.0
2025-04-17 00:00:00,0.182,23.8,4.64,53.0,0.0,23.55,23.24,0.0,STANDBY,0.0
2025-04-17 01:00:00,0.21,22.5,4.6,52.0,0.0,21.93,21.9,0.0,STANDBY,-4.93
2025-04-17 02:00:00,0.254,21.1,5.17,54.0,0.0,19.98,21.34,0.0,STANDBY,-11.42
2025-04-17 03:00:00,0.379,21.2,4.65,56.0,0.0,21.68,20.56,0.0,STANDBY,0.0
2025-04-17 04:00:00,0.177,21.9,4.49,53.0,0.0,20.77,21.31,0.0,STANDBY,0.0
2025-04-17 05:00:00,0.159,23.2,4.13,52.0,0.0,21.21,22.54,0.0,STANDBY,0.0
2025-04-17 06:00:00,0.138,24.4,4.42,44.0,46.8,23.16,23.18,0.0,,227.58
2025-04-17 07:00:00,0.186,25.5,3.9,44.0,243.4,29.0,24.29,0.0,RUN,2130.62
2025-04-17 08:00:00,0.088,27.4,3.5,41.0,476.7,36.0,25.87,0.0,RUN,4719.16
2025-04-17 09:00:00,0.092,29.7,3.82,41.0,690.6,43.86,27.21,0.0,RUN,6878.54
2025-04-17 10:00:00,0.064,30.6,3.54,33.0,859.5,47.34,28.78,0.0,RUN,8478.03
2025-04-17 11:00:00,0.07,31.9,3.5,33.0,951.9,48.13,31.11,0.0,RUN,9408.21
2025-04-17 12:00:00,0.101,33.1,3.67,26.0,938.2,50.0,31.86,0.0,RUN,9643.64
2025-04-17 13:00:00,0.136,34.0,5.44,31.0,936.4,49.83,32.82,0.0,RUN,9090.16
2025-04-17 14:00:00,0.139,34.4,5.14,30.0,820.2,49.95,33.67,0.0,RUN,7921.57
2025-04-17 15:00:00,0.266,34.3,4.93,29.0,624.3,46.09,33.18,0.0,RUN,5960.54
2025-04-17 16:00:00,0.161,34.2,5.2,24.0,402.7,41.41,33.54,0.0, RUN ,3798.86
2025-04-17 17:00:00,0.217,32.3,4.96,34.0,179.5,35.82,32.22,0.0,RUN,1383.59
2025-04-17 18:00:00,0.187,31.4,4.2,34.0,14.7,32.22,31.46,0.0,RUN,16.18
2025-04-17 19:00:00,0.115,29.5,4.54,37.0,0.0,30.31,30.48,0.0,STANDBY,-9.46
2025-04-17 20:00:00,0.279,28.7,3.84,41.0,0.0,26.87,29.09,0.0,STANDBY,-10.19
2025-04-17 21:00:00,0.197,27.7,3.65,46.0,0.0,28.23,26.91,0.0,STANDBY,-8.33
2025-04-17 22:00:00,0.173,25.9,3.99,48.0,0.0,25.38,25.69,0.0,STANDBY,-5.14
2025-04-17 23:00:00,0.117,24.0,4.34,50.0,0.0,25.45,23.54,0.0,STANDBY,0.0
2025-04-18 00:00:00,0.082,21.1,2.82,57.0,0.0,23.08,22.03,0.0,STANDBY,-5.92
2025-04-18 01:00:00,0.069,20.8,2.84,59.0,0.0,21.88,22.18,0.0,STANDBY,0.0
2025-04-18 02:00:00,0.059,20.3,2.73,60.0,0.0,21.3,21.69,0.0,STANDBY,0.0
2025-04-18 03:00:00,0.08,20.2,2.42,60.0,0.0,20.62,20.72,0.0,STANDBY,0.0
2025-04-18 04:00:00,0.119,20.2,2.4,57.0,0.0,20.24,21.38,0.0,STANDBY,0.0
2025-04-18 05:00:00,0.087,20.7,2.27,55.0,0.0,21.95,21.26,0.0,STANDBY,-4.64
2025-04-18 06:00:00,0.185,21.5,2.48,54.0,45.7,24.52,22.94,0.0,RUN,230.68
2025-04-18 07:00:00,0.216,22.9,2.24,51.0,239.4,29.86,23.98,0.0,RUN,2158.57
2025-04-18 08:00:00,0.16,23.9,2.3,49.0,481.3,36.32,25.47,0.0,RUN,4674.89
2025-04-18 09:00:00,0.134,26.1,2.69,40.0,678.0,41.48,27.07,0.0,RUN,6846.12
2025-04-18 10:00:00,0.077,28.1,2.87,38.0,869.7,48.51,28.43,0.0,RUN,8427.42
2025-04-18 11:00:00,0.067,30.0,3.28,35.0,946.2,49.02,30.29,0.0,RUN,9424.37
2025-04-18 12:00:00,0.06,31.3,2.91,35.0,1006.5,51.7,31.85,0.0,RUN,9667.51
2025-04-18 13:00:00,0.298,31.9,2.66,38.0,905.1,49.16,32.31,0.0,RUN,8939.4
2025-04-18 14:00:00,0.351,32.7,2.9,37.0,824.9,49.22,33.3,0.0,RUN,7733.62
2025-04-18 15:00:00,0.182,33.1,3.38,33.0,607.5,46.36,32.93,0.0,RUN,6159.47
2025-04-18 16:00:00,0.216,32.5,3.33,35.0,397.2,41.5,32.6,0.0,run,3771.8
2025-04-18 17:00:00,0.352,31.7,3.38,35.0,162.3,34.11,31.4,0.0,RUN,1354.28
2025-04-18 18:00:00,0.355,30.8,3.81,36.0,16.2,30.49,31.07,0.0,RUN,21.91
2025-04-18 19:00:00,0.283,29.0,3.52,39.0,0.0,29.93,30.27,0.0,STANDBY,0.0
18-04-2025 20:00,0.139,27.7,3.09,42.0,0.0,29.21,28.47,0.0,STANDBY,-11.14
2025-04-18 21:00:00,0.19,25.8,3.09,46.0,0.0,28.0,26.68,0.0,STANDBY,-6.14
2025-04-18 22:00:00,0.178,23.5,3.13,45.0,0.0,25.19,25.13,0.0,STANDBY,-6.51
2025-04-18 23:00:00,0.143,22.5,2.55,49.0,0.0,22.08,23.76,0.0,STANDBY,-9.03
2025-04-19 00:00:00,0.258,21.3,3.2,49.0,0.0,21.57,21.72,0.0,STANDBY,-10.66
2025-04-19 01:00:00,0.237,20.5,3.36,54.0,0.0,21.72,20.92,0.0,STANDBY,0.0
2025-04-19 02:00:00,0.321,19.6,3.23,53.0,0.0,19.47,20.28,0.0,STANDBY,-8.3
2025-04-19 03:00:00,0.196,19.3,3.1,55.0,0.0,20.73,19.98,0.0,STANDBY,-4.22
2025-04-19 04:00:00,0.282,19.4,2.68,55.0,0.0,20.16,20.33,0.0,STANDBY,0.0
2025-04-19 05:00:00,0.292,19.6,2.99,52.0,0.0,20.18,20.75,0.0,STANDBY,0.0
2025-04-19 06:00:00,0.211,21.0,3.25,46.0,48.3,23.14,22.24,0.0,RUN,241.8
2025-04-19 07:00:00,0.147,22.6,3.2,46.0,247.8,30.59,23.7,0.0,RUN,2282.12
2025-04-19 08:00:00,0.148,24.7,3.37,43.0,480.3,34.78,24.74,0.0,RUN,4710.46
2025-04-19 09:00:00,0.135,26.3,3.16,42.0,678.9,41.87,26.82,0.0,RUN,6808.95
2025-04-19 10:00:00,0.147,28.0,3.5,34.0,864.9,45.88,28.87,0.0,RUN,-999.0
2025-04-19 11:00:00,0.159,28.8,4.57,31.0,9999.0,49.49,29.64,0.0,RUN,9350.93
2025-04-19 12:00:00,0.174,30.8,4.83,30.0,955.1,52.33,30.78,0.0, RUN ,9530.95
2025-04-19 13:00:00,0.18,32.3,5.74,28.0,951.9,50.6,31.74,0.0, RUN ,9052.36
2025-04-19 14:00:00,0.198,32.3,6.34,27.0,798.5,48.29,33.43,0.0,RUN,7866.49
2025-04-19 15:00:00,0.133,32.8,5.51,26.0,623.8,45.2,32.75,0.0,RUN,6043.91
2025-04-19 16:00:00,0.19,32.2,5.07,30.0,402.9,39.34,31.82,0.0,RUN,3826.53
2025-04-19 17:00:00,0.205,31.0,5.3,29.0,171.9,34.45,31.77,0.0,RUN,1367.96
2025-04-19 18:00:00,0.32,30.5,4.82,31.0,17.3,31.23,30.29,0.0,RUN,25.49
2025-04-19 19:00:00,0.308,29.1,5.0,34.0,0.0,29.33,29.77,0.0,STANDBY,-8.07
2025-04-19 20:00:00,0.241,27.3,4.01,38.0,0.0,28.25,27.42,0.0,STANDBY,-5.58
2025-04-19 21:00:00,0.134,25.7,4.39,43.0,0.0,25.55,26.74,0.0,STANDBY,-5.16
2025-04-19 22:00:00,0.171,23.8,5.42,45.0,0.0,24.81,25.09,0.0,STANDBY,0.0
2025-04-19 23:00:00,0.191,23.0,4.65,48.0,0.0,23.06,22.95,0.0,STANDBY,0.0
2025-04-20 00:00:00,0.201,22.5,3.45,61.0,0.0,23.69,23.37,0.0,STANDBY,-10.07
2025-04-20 01:00:00,0.347,21.4,4.18,65.0,0.0,23.06,23.61,0.0,STANDBY,0.0
2025-04-20 02:00:00,0.475,20.5,3.62,67.0,0.0,22.04,22.18,0.0,STANDBY,0.0
2025-04-20 03:00:00,0.443,20.9,4.38,67.0,0.0,20.83,21.95,0.0,STANDBY,-3.29
2025-04-20 04:00:00,0.4,21.5,4.18,68.0,0.0,21.23,22.35,0.0,STANDBY,-3.6
2025-04-20 05:00:00,0.282,22.2,3.35,68.0,0.0,23.52,22.92,0.0,STANDBY,-8.1
2025-04-20 06:00:00,0.219,23.0,3.21,60.0,52.0,25.54,23.41,0.0,RUN,188.98
2025-04-20 07:00:00,0.295,24.3,3.05,59.0,242.2,30.54,26.12,0.0,RUN,2163.97
2025-04-20 08:00:00,0.296,25.8,3.71,59.0,472.5,38.73,26.71,0.0,RUN,4523.72
2025-04-20 09:00:00,0.389,27.7,3.53,58.0,658.5,44.45,28.77,0.0,RUN,6437.53
2025-04-20 10:00:00,0.273,29.2,4.46,53.0,848.0,51.81,29.99,0.0,RUN,8201.64
2025-04-20 11:00:00,0.426,30.9,3.77,56.0,900.3,53.14,31.97,0.0,RUN,8592.22
2025-04-20 12:00:00,0.275,32.5,4.88,50.0,952.9,55.28,32.86,0.0,RUN,9215.37
2025-04-20 13:00:00,0.183,33.2,5.28,43.0,934.8,54.59,33.94,0.0,RUN,-999.0
2025-04-20 14:00:00,0.189,33.7,4.37,44.0,820.7,50.66,34.78,0.0,RUN,7695.04
2025-04-20 15:00:00,0.184,33.7,4.35,45.0,609.4,47.83,33.75,0.0,RUN,5889.97
2025-04-20 16:00:00,0.256,33.4,4.36,44.0,400.6,44.29,35.29,0.0,RUN,3677.29
2025-04-20 17:00:00,0.356,32.5,4.05,45.0,159.8,36.74,33.75,0.0,RUN,1312.11
2025-04-20 18:00:00,0.278,31.5,4.32,48.0,18.3,32.91,33.35,0.0,RUN,0.0
2025-04-20 19:00:00,0.214,30.9,4.12,48.0,0.0,31.77,30.7,0.0,STANDBY,0.0
2025-04-20 20:00:00,0.323,29.0,4.53,49.0,0.0,29.96,29.34,0.0,STANDBY,-7.62
2025-04-20 22:00:00,0.245,25.4,2.63,50.0,0.0,27.03,26.64,0.0,STANDBY,0.0
2025-04-20 23:00:00,0.473,24.7,2.34,59.0,0.0,26.09,25.33,0.0,STANDBY,-1.91
2025-04-21 00:00:00,0.346,23.4,1.82,51.0,0.0,23.77,23.1,0.0,STANDBY,-3.37
2025-04-21 01:00:00,0.27,21.9,2.25,54.0,0.0,21.92,22.28,0.0,STANDBY,0.0
2025-04-21 02:00:00,0.344,21.7,2.0,56.0,0.0,21.76,22.1,0.0,STANDBY,-5.64
2025-04-21 03:00:00,0.436,21.7,1.87,62.0,0.0,22.04,21.94,0.0,STANDBY,0.0
2025-04-21 04:00:00,0.424,21.0,1.94,59.0,0.0,20.81,21.78,0.0,STANDBY,-9.03
2025-04-21 05:00:00,0.42,22.1,2.5,63.0,0.0,21.65,22.43,0.0,STANDBY,0.0
2025-04-21 06:00:00,0.378,23.0,2.45,57.0,50.3,24.93,-999.0,0.0,RUN,195.99
2025-04-21 07:00:00,0.42,23.4,2.38,53.0,214.7,30.06,24.72,0.0,RUN,1955.06
2025-04-21 08:00:00,0.552,25.5,2.88,47.0,391.7,34.69,26.5,0.0,RUN,3883.4
2025-04-21 09:00:00,0.458,27.3,2.87,42.0,636.5,42.54,27.94,0.0,RUN,6155.97
2025-04-21 10:00:00,0.419,29.3,3.1,40.0,805.8,48.75,29.54,0.0,RUN,7711.68
2025-04-21 11:00:00,0.577,30.7,3.39,36.0,836.5,49.16,30.87,0.0,RUN,8016.33
2025-04-21 12:00:00,0.393,32.5,4.13,32.0,950.5,52.39,31.5,0.0,RUN,9085.45
2025-04-21 13:00:00,0.401,32.9,3.76,30.0,878.9,52.8,32.45,0.0,RUN,8501.64
2025-04-21 14:00:00,0.322,33.2,3.46,28.0,778.7,48.98,33.47,0.0,RUN,7350.88
2025-04-21 15:00:00,0.205,33.2,3.76,27.0,627.8,47.58,34.02,0.0,RUN,5875.08
2025-04-21 16:00:00,0.169,33.5,2.86,24.0,415.2,40.58,33.32,0.0,RUN,3640.01
2025-04-21 17:00:00,0.224,33.0,2.74,30.0,162.2,35.43,32.97,0.0,RUN,1301.83
2025-04-21 18:00:00,0.511,31.9,2.58,37.0,10.9,32.54,31.7,0.0,RUN,45.92
2025-04-21 19:00:00,0.573,30.7,2.8,40.0,0.0,30.96,30.59,0.0,STANDBY,0.0
21-04-2025 20:00,0.435,29.5,2.79,41.0,0.0,29.63,29.31,0.0,STANDBY,0.0
2025-04-21 21:00:00,0.424,27.4,2.75,46.0,0.0,26.84,27.91,0.0,STANDBY,-9.71
2025-04-21 22:00:00,0.387,25.5,2.79,49.0,0.0,26.65,25.73,0.0,standby,0.0
2025-04-21 23:00:00,0.343,24.0,2.18,52.0,0.0,24.65,24.22,0.0,STANDBY,-9.5
2025-04-22 00:00:00,0.489,23.1,3.68,56.0,0.0,22.02,22.83,0.0,STANDBY,0.0
2025-04-22 01:00:00,0.323,22.1,3.38,55.0,0.0,21.61,22.35,0.0,STANDBY,-7.17
2025-04-22 02:00:00,0.328,21.0,3.56,58.0,0.0,22.14,21.94,0.0,STANDBY,0.0
2025-04-22 03:00:00,0.424,20.3,3.59,57.0,0.0,21.14,21.69,0.0,STANDBY,0.0
2025-04-22 04:00:00,0.347,20.5,4.56,58.0,0.0,21.23,22.19,0.0,STANDBY,-10.74
2025-04-22 05:00:00,0.409,21.0,4.17,54.0,0.0,21.58,22.02,0.0,standby,-6.91
2025-04-22 06:00:00,0.333,21.9,4.44,54.0,52.8,24.09,24.05,0.0,RUN,190.65
2025-04-22 07:00:00,0.255,23.3,4.12,52.0,247.2,29.85,24.94,0.0,RUN,2269.16
2025-04-22 08:00:00,0.235,24.6,4.08,51.0,473.7,36.04,27.26,0.0,RUN,4687.23
2025-04-22 09:00:00,0.241,26.8,3.9,50.0,695.9,42.23,28.4,0.0,RUN,6868.93
2025-04-22 10:00:00,0.321,28.5,3.85,50.0,846.2,46.72,29.35,0.0,RUN,8399.95
2025-04-22 11:00:00,0.378,30.3,4.12,48.0,969.6,50.44,31.93,0.0,RUN,9230.91
2025-04-22 12:00:00,0.35,30.9,4.03,46.0,980.3,50.95,32.67,0.0,RUN,9385.72
2025-04-22 13:00:00,0.32,31.6,5.6,40.0,917.0,49.71,32.37,0.0,RUN,8778.25
2025-04-22 14:00:00,0.141,33.0,5.19,34.0,811.7,47.84,34.15,0.0,RUN,7786.31
2025-04-22 15:00:00,0.192,33.0,4.96,32.0,626.0,44.85,33.69,0.0,RUN,5999.29
2025-04-22 16:00:00,0.257,32.7,4.95,34.0,396.1,41.07,33.87,0.0,RUN,3710.31
2025-04-22 17:00:00,0.251,32.0,4.49,37.0,169.6,35.86,33.81,0.0,RUN,1323.38
2025-04-22 18:00:00,0.173,30.7,4.55,39.0,15.1,33.29,31.82,0.0,RUN,39.67
2025-04-22 19:00:00,0.171,30.1,3.88,44.0,0.0,31.55,30.53,0.0,STANDBY,0.0
2025-04-22 20:00:00,0.159,28.7,4.62,46.0,0.0,29.26,29.73,0.0,STANDBY,-10.07
2025-04-22 21:00:00,0.086,26.6,4.1,45.0,0.0,27.27,28.13,0.0,STANDBY,0.0
2025-04-22 22:00:00,0.165,25.1,3.8,53.0,0.0,26.22,26.04,0.0,STANDBY,0.0
2025-04-22 23:00:00,0.309,24.0,2.88,55.0,0.0,24.35,24.15,0.0,STANDBY,0.0
2025-04-23 00:00:00,0.319,23.7,2.86,58.0,0.0,24.33,23.51,0.0,STANDBY,0.0
2025-04-23 01:00:00,0.387,22.1,2.83,61.0,0.0,23.36,21.97,0.0,STANDBY,0.0
2025-04-23 02:00:00,0.468,21.5,2.9,61.0,0.0,21.02,23.24,0.0,STANDBY,-5.73
2025-04-23 03:00:00,0.368,21.5,2.59,60.0,0.0,23.09,22.41,0.0,STANDBY,-2.94
2025-04-23 04:00:00,0.404,21.6,2.62,59.0,0.0,21.48,22.37,0.0,STANDBY,-4.34
2025-04-23 05:00:00,0.497,22.3,2.56,60.0,0.0,22.99,22.73,0.0,STANDBY,-6.71
2025-04-23 06:00:00,0.395,24.2,2.64,57.0,44.4,26.07,23.38,0.0,RUN,209.68
2025-04-23 07:00:00,0.376,26.0,2.59,56.0,225.9,31.46,24.54,0.0,RUN,2112.16
2025-04-23 08:00:00,0.456,27.8,2.55,56.0,447.5,37.05,27.14,0.0,RUN,4277.46
2025-04-23 09:00:00,0.414,29.2,2.82,52.0,625.7,41.42,27.82,0.0,RUN,6220.32
2025-04-23 10:00:00,0.325,30.2,3.27,46.0,831.6,45.4,30.11,0.0,RUN,8165.21
2025-04-23 11:00:00,0.464,31.4,3.04,47.0,881.8,47.55,30.79,0.0,RUN,8569.22
23-04-2025 12:00,0.541,32.3,3.52,49.0,896.4,48.91,32.4,0.0,RUN,8515.29
2025-04-23 13:00:00,0.468,33.1,2.88,43.0,794.0,48.08,33.41,0.0,run,8040.33
2025-04-23 14:00:00,0.573,32.9,3.37,45.0,720.1,48.25,32.52,0.0,RUN,6963.61
2025-04-23 15:00:00,0.558,33.1,4.15,44.0,530.3,42.45,33.7,0.0,RUN,5335.67
2025-04-23 16:00:00,0.44,32.8,3.99,41.0,380.0,41.89,33.66,0.0,RUN,3538.38
2025-04-23 17:00:00,0.326,33.0,3.62,38.0,163.8,36.44,33.09,0.0,RUN,1287.59
2025-04-23 18:00:00,0.318,32.6,3.54,43.0,13.9,32.54,32.27,0.0,RUN,26.22
2025-04-23 19:00:00,0.309,31.5,3.38,46.0,0.0,32.37,30.8,0.0,STANDBY,0.0
2025-04-23 20:00:00,0.306,29.9,2.58,49.0,0.0,29.01,29.43,0.0,STANDBY,-10.97
2025-04-23 21:00:00,0.249,28.5,2.1,49.0,0.0,29.02,27.45,0.0,STANDBY,-10.12
2025-04-23 22:00:00,0.343,26.4,2.34,51.0,0.0,25.54,26.17,0.0,STANDBY,-2.72
2025-04-23 23:00:00,0.284,25.2,3.06,51.0,0.0,24.31,25.41,0.0,STANDBY,0.0
2025-04-24 00:00:00,0.302,27.2,4.61,55.0,0.0,26.91,25.68,0.0,STANDBY,-3.4
2025-04-24 01:00:00,0.34,26.1,4.54,57.0,0.0,23.86,25.36,0.0,STANDBY,-4.14
2025-04-24 02:00:00,0.187,25.8,4.87,59.0,0.0,24.97,23.88,0.0,STANDBY,-3.75
2025-04-24 03:00:00,0.163,25.7,4.87,59.0,0.0,24.37,24.82,0.0,STANDBY,0.0
2025-04-24 04:00:00,0.162,25.8,3.87,61.0,0.0,23.38,24.24,0.0,STANDBY,-6.96
2025-04-24 05:00:00,0.117,26.4,3.85,61.0,0.0,25.18,26.03,0.0,STANDBY,-9.87
2025-04-24 06:00:00,0.12,26.7,3.24,57.0,49.1,27.28,26.91,0.0,RUN,248.34
2025-04-24 07:00:00,0.07,28.0,3.03,58.0,248.1,32.47,26.78,0.0,RUN,2184.88
2025-04-24 08:00:00,0.215,29.2,3.25,58.0,454.8,37.1,28.49,0.0,RUN,4438.04
2025-04-24 09:00:00,0.314,30.9,3.19,55.0,640.5,42.16,31.14,0.0,run,6364.48
2025-04-24 10:00:00,0.19,32.8,3.78,45.0,824.6,45.76,32.15,0.0,RUN,8311.82
2025-04-24 11:00:00,0.216,34.9,4.65,45.0,933.7,49.44,33.74,0.0,RUN,9125.7
2025-04-24 12:00:00,0.179,36.5,5.01,42.0,960.4,50.73,34.48,0.0,RUN,9326.76
24-04-2025 13:00,0.117,37.5,5.04,38.0,958.2,50.82,36.27,0.0,RUN,8884.03
2025-04-24 14:00:00,0.104,37.6,5.79,35.0,841.0,48.77,36.57,0.0,RUN,7684.27
2025-04-24 15:00:00,0.124,37.6,5.39,39.0,601.7,46.22,35.93,0.0, RUN ,5902.71
2025-04-24 16:00:00,0.128,37.7,4.48,41.0,403.6,42.44,36.04,0.0,RUN,3676.13
2025-04-24 17:00:00,0.214,36.0,4.83,43.0,166.6,37.51,35.86,0.0,RUN,1352.62
2025-04-24 18:00:00,0.085,35.0,4.77,43.0,12.1,34.56,34.8,0.0,RUN,9.45
2025-04-24 19:00:00,0.074,34.7,5.29,44.0,0.0,33.23,33.22,0.0,standby,0.0
2025-04-24 20:00:00,0.119,33.2,4.47,50.0,0.0,31.54,31.88,0.0,STANDBY,0.0
2025-04-24 21:00:00,0.109,31.6,4.42,49.0,0.0,28.51,30.1,0.0,STANDBY,-8.45
2025-04-24 22:00:00,0.088,29.5,4.17,53.0,0.0,27.89,28.29,0.0,STANDBY,-6.97
2025-04-24 23:00:00,0.082,27.8,3.87,55.0,0.0,27.5,27.15,0.0,standby,-4.88
2025-04-25 00:00:00,0.19,23.5,3.88,55.0,0.0,24.16,23.4,0.0,STANDBY,0.0
2025-04-25 01:00:00,0.254,23.5,3.51,60.0,0.0,24.24,23.06,0.0,STANDBY,-4.0
2025-04-25 02:00:00,0.3,23.8,4.22,61.0,0.0,21.98,21.66,0.0,STANDBY,0.0
2025-04-25 03:00:00,0.233,22.9,3.68,57.0,0.0,22.58,22.14,0.0,STANDBY,0.0
2025-04-25 04:00:00,0.317,23.0,3.25,57.0,0.0,22.1,22.46,0.0,STANDBY,0.0
2025-04-25 05:00:00,0.309,22.7,3.1,58.0,0.0,22.06,23.82,0.0,STANDBY,0.0
2025-04-25 06:00:00,0.285,24.2,3.3,57.0,54.2,26.32,24.27,0.0,RUN,267.98
2025-04-25 07:00:00,0.258,25.6,3.44,54.0,244.3,30.77,25.54,0.0,RUN,2210.89
2025-04-25 08:00:00,0.255,26.9,3.49,53.0,478.0,36.54,27.43,0.0,RUN,4667.75
2025-04-25 09:00:00,0.199,28.6,4.09,50.0,671.1,40.99,28.54,0.0,RUN,6780.72
25-04-2025 10:00,0.333,30.8,4.38,43.0,858.2,47.43,29.23,0.0,RUN,8343.3
2025-04-25 11:00:00,0.336,32.2,3.74,44.0,943.6,48.11,31.45,0.0,run,9094.89
2025-04-25 12:00:00,0.317,33.9,3.95,39.0,962.6,50.17,32.92,0.0, RUN ,9335.67
2025-04-25 13:00:00,0.356,34.3,4.41,37.0,931.4,49.73,33.08,0.0,RUN,8892.5
25-04-2025 14:00,0.419,34.3,4.08,38.0,805.3,48.0,34.67,0.0,run,7585.44
2025-04-25 15:00:00,0.393,34.7,3.52,38.0,587.2,45.71,34.43,0.0,RUN,5784.39
2025-04-25 16:00:00,0.278,35.4,3.73,34.0,394.9,40.34,34.34,0.0,RUN,3637.96
2025-04-25 17:00:00,0.19,35.1,3.64,32.0,172.4,36.65,33.4,0.0,RUN,1385.56
2025-04-25 18:00:00,0.218,33.5,3.48,36.0,19.3,32.31,32.54,0.0,RUN,13.65
2025-04-25 19:00:00,0.193,31.6,3.35,39.0,0.0,32.95,31.55,0.0,STANDBY,0.0
2025-04-25 20:00:00,0.162,29.5,3.43,44.0,0.0,29.42,29.47,0.0,STANDBY,0.0
2025-04-25 21:00:00,0.157,27.8,3.99,48.0,0.0,28.19,28.6,0.0,STANDBY,-9.86
2025-04-25 22:00:00,0.236,25.8,3.87,51.0,0.0,25.94,26.77,0.0,STANDBY,0.0
2025-04-25 23:00:00,0.161,24.6,3.57,55.0,0.0,25.82,25.05,0.0,STANDBY,0.0
2025-04-26 00:00:00,0.029,25.7,3.72,56.0,0.0,24.74,24.81,0.0,standby,-10.74
2025-04-26 01:00:00,0.05,24.9,3.53,58.0,0.0,23.67,23.7,0.0, STANDBY ,-3.11
2025-04-26 02:00:00,0.055,23.9,3.61,57.0,0.0,24.87,23.08,0.0,STANDBY,0.0
2025-04-26 03:00:00,0.061,23.5,3.51,56.0,0.0,24.82,22.12,0.0,STANDBY,0.0
2025-04-26 04:00:00,0.037,23.5,4.22,52.0,0.0,24.03,22.97,0.0,standby,0.0
2025-04-26 05:00:00,0.041,23.6,3.98,53.0,0.0,24.16,24.11,0.0,standby,0.0
2025-04-26 06:00:00,0.026,25.2,4.25,49.0,56.9,27.01,25.58,0.0,RUN,312.22
2025-04-26 07:00:00,0.018,26.7,4.16,48.0,249.8,33.1,26.49,0.0,RUN,2260.8
2025-04-26 08:00:00,0.033,28.0,4.56,45.0,461.1,36.77,28.44,0.0,run,4675.5
2025-04-26 09:00:00,0.053,30.3,5.24,45.0,683.7,41.71,29.16,0.0,RUN,6784.39
2025-04-26 10:00:00,0.057,32.2,4.37,41.0,868.3,46.78,32.7,0.0,RUN,8294.69
2025-04-26 11:00:00,0.104,33.4,4.62,36.0,974.4,49.11,32.83,0.0,RUN,9189.68
2025-04-26 12:00:00,0.115,34.2,4.74,35.0,966.6,50.61,33.93,0.0,RUN,9396.72
2025-04-26 13:00:00,0.132,35.7,4.8,36.0,945.4,51.53,34.38,0.0,RUN,8829.15
2025-04-26 14:00:00,0.117,36.2,4.91,33.0,804.0,49.6,35.64,0.0,run,7685.3
2025-04-26 15:00:00,0.104,36.7,6.13,32.0,627.7,46.96,35.61,0.0,RUN,5888.32
2025-04-26 16:00:00,0.055,36.2,5.73,30.0,394.8,42.75,35.96,0.0,RUN,3635.98
2025-04-26 17:00:00,0.11,35.4,5.49,30.0,168.7,37.22,35.58,0.0,RUN,1309.53
2025-04-26 18:00:00,0.132,33.7,5.57,39.0,15.4,35.08,33.9,0.0,RUN,32.39
2025-04-26 19:00:00,0.089,32.4,5.5,37.0,-999.0,33.07,32.32,0.0,STANDBY,0.0
2025-04-26 20:00:00,0.082,31.1,4.54,42.0,0.0,31.54,31.48,0.0,STANDBY,0.0
2025-04-26 21:00:00,0.069,29.8,5.12,44.0,0.0,29.45,29.16,0.0,STANDBY,-8.62
2025-04-26 22:00:00,0.066,28.6,5.14,50.0,0.0,28.14,28.31,0.0,STANDBY,0.0
2025-04-26 23:00:00,0.087,27.8,5.08,53.0,0.0,26.46,25.97,0.0,STANDBY,-8.5
2025-04-27 00:00:00,0.09,24.8,4.06,52.0,0.0,24.11,24.17,0.0,STANDBY,-8.08
2025-04-27 01:00:00,0.087,23.8,3.56,58.0,0.0,25.13,23.5,0.0,STANDBY,-4.25
2025-04-27 02:00:00,0.038,23.1,4.07,55.0,0.0,23.55,22.2,0.0,standby,-4.86
2025-04-27 03:00:00,0.039,22.6,3.71,54.0,0.0,22.38,21.85,0.0,STANDBY,-10.29
2025-04-27 04:00:00,0.068,22.8,4.8,54.0,0.0,21.72,23.06,0.0,STANDBY,0.0
2025-04-27 05:00:00,0.061,22.8,3.54,54.0,0.0,23.58,23.16,0.0,STANDBY,-8.0
27-04-2025 06:00,0.088,23.8,3.8,55.0,57.4,25.86,-999.0,0.0,RUN,276.74
2025-04-27 07:00:00,0.136,25.5,3.69,51.0,247.9,31.28,25.91,0.0,RUN,2228.05
2025-04-27 08:00:00,0.074,26.8,3.62,45.0,480.5,36.28,27.47,0.0,RUN,4648.69
2025-04-27 09:00:00,0.06,27.9,3.15,39.0,720.6,42.73,28.88,0.0,RUN,6802.81
2025-04-27 10:00:00,0.123,29.6,3.3,38.0,886.7,46.72,30.43,0.0,RUN,8311.33
2025-04-27 11:00:00,0.074,31.4,3.1,36.0,955.3,49.4,32.87,0.0,RUN,9184.51
2025-04-27 12:00:00,0.029,32.9,3.38,29.0,952.4,50.82,33.66,0.0,RUN,9357.92
2025-04-27 13:00:00,0.044,33.9,3.77,32.0,941.1,49.6,34.28,0.0,RUN,8844.12
2025-04-27 14:00:00,0.08,34.3,4.28,30.0,817.9,46.84,34.73,0.0,RUN,7694.67
2025-04-27 15:00:00,0.126,35.1,4.92,30.0,631.8,46.14,34.93,0.0,RUN,5888.35
2025-04-27 16:00:00,0.089,34.7,4.69,31.0,398.4,41.72,35.08,0.0,RUN,3637.86
2025-04-27 17:00:00,0.206,33.9,5.31,33.0,162.2,36.45,34.51,0.0,RUN,1332.56
2025-04-27 18:00:00,0.145,32.8,4.78,34.0,17.6,32.15,33.01,0.0,RUN,-9.44
2025-04-27 19:00:00,0.158,31.9,4.76,34.0,0.0,30.63,31.65,0.0,STANDBY,-10.09
2025-04-27 20:00:00,0.163,30.5,4.13,38.0,0.0,30.56,30.68,0.0,STANDBY,-7.78
2025-04-27 21:00:00,0.121,29.7,3.01,45.0,0.0,29.0,29.38,0.0,STANDBY,-8.16
2025-04-27 22:00:00,0.156,27.4,3.16,46.0,0.0,27.72,27.52,0.0,standby,-10.42
2025-04-27 23:00:00,0.091,25.6,3.45,49.0,0.0,25.11,25.73,0.0,STANDBY,-4.09
2025-04-28 00:00:00,0.047,24.6,2.66,51.0,0.0,22.72,23.28,0.0,STANDBY,-2.99
2025-04-28 01:00:00,0.057,23.8,2.42,48.0,0.0,22.3,21.63,0.0,STANDBY,-6.15
2025-04-28 02:00:00,0.114,23.2,2.71,51.0,0.0,22.08,21.25,0.0,STANDBY,-5.64
2025-04-28 03:00:00,0.104,22.6,2.21,53.0,0.0,22.86,21.57,0.0,STANDBY,-4.21
2025-04-28 04:00:00,0.07,22.5,2.77,52.0,0.0,22.31,21.79,0.0,STANDBY,0.0
2025-04-28 05:00:00,0.075,23.1,2.41,49.0,0.0,22.85,22.77,0.0,STANDBY,0.0
2025-04-28 06:00:00,0.055,24.4,2.49,44.0,57.4,25.33,24.23,0.0,RUN,356.67
2025-04-28 07:00:00,0.049,25.8,2.68,44.0,254.5,29.82,24.82,0.0,RUN,2247.64
2025-04-28 08:00:00,0.043,28.0,2.72,41.0,462.0,36.91,26.79,0.0,RUN,4700.84
2025-04-28 09:00:00,0.042,29.2,2.5,36.0,691.7,43.54,28.25,0.0,RUN,6725.92
2025-04-28 10:00:00,0.036,30.5,2.39,33.0,853.4,48.76,29.64,0.0,RUN,8267.95
2025-04-28 11:00:00,0.045,32.2,2.99,29.0,929.0,51.25,31.17,0.0,RUN,9097.38
2025-04-28 12:00:00,0.031,33.3,3.11,26.0,975.3,53.19,32.33,0.0,run,9261.42
2025-04-28 13:00:00,0.06,34.0,3.19,25.0,932.8,50.97,34.01,0.0,RUN,8779.31
2025-04-28 14:00:00,0.082,34.8,3.98,23.0,817.6,49.25,33.97,0.0,RUN,7627.33
2025-04-28 15:00:00,0.124,34.9,4.41,24.0,610.1,44.96,33.82,0.0,RUN,5868.73
2025-04-28 16:00:00,0.186,34.8,3.53,29.0,384.5,41.73,33.37,0.0,RUN,3660.07
2025-04-28 17:00:00,0.165,33.7,3.1,27.0,161.5,36.85,33.79,0.0,RUN,1334.03
2025-04-28 18:00:00,0.126,32.9,3.06,32.0,17.7,31.67,32.39,0.0,run,-5.79
2025-04-28 19:00:00,0.125,31.9,3.34,36.0,0.0,30.65,30.5,0.0,STANDBY,-3.99
2025-04-28 20:00:00,0.096,30.2,2.99,39.0,0.0,30.45,29.55,0.0,STANDBY,0.0
2025-04-28 21:00:00,0.095,28.4,3.15,44.0,0.0,27.51,28.03,0.0,STANDBY,0.0
2025-04-28 22:00:00,0.075,27.2,3.03,45.0,0.0,25.07,25.85,0.0,STANDBY,-3.05
2025-04-28 23:00:00,0.04,25.4,3.08,46.0,0.0,24.16,24.14,0.0,STANDBY,-1.65
2025-04-29 00:00:00,0.148,22.5,5.51,56.0,0.0,22.13,22.2,0.0,STANDBY,-6.81
2025-04-29 01:00:00,0.14,20.9,4.91,56.0,0.0,19.81,20.15,0.0,standby,-6.73
2025-04-29 02:00:00,0.159,20.2,5.14,56.0,0.0,20.57,20.28,0.0,STANDBY,0.0
2025-04-29 04:00:00,0.097,21.0,4.23,57.0,0.0,18.45,19.67,0.0, STANDBY ,-4.39
2025-04-29 05:00:00,0.052,20.9,4.16,57.0,0.0,21.55,21.08,0.0,STANDBY,-9.79
2025-04-29 06:00:00,0.081,22.5,4.05,55.0,60.5,21.85,22.32,0.0,RUN,268.81
2025-04-29 07:00:00,0.084,24.3,4.47,52.0,246.2,28.66,23.12,0.0,RUN,2285.8
2025-04-29 08:00:00,0.101,26.2,4.73,49.0,459.6,35.28,24.76,0.0,RUN,4712.7
2025-04-29 09:00:00,0.053,27.9,4.19,44.0,689.2,41.61,27.12,0.0,RUN,6786.46
2025-04-29 10:00:00,0.116,29.9,4.68,42.0,877.2,45.01,28.14,0.0,RUN,8365.74
2025-04-29 11:00:00,0.108,30.7,6.27,41.0,973.6,47.75,29.91,0.0,RUN,9215.12
2025-04-29 12:00:00,0.162,31.6,6.15,39.0,1000.3,49.12,31.41,0.0,RUN,9332.51
2025-04-29 13:00:00,0.108,32.4,5.18,41.0,911.0,49.1,31.6,0.0,RUN,8887.12
2025-04-29 14:00:00,0.081,32.9,4.96,34.0,802.2,45.98,32.27,0.0,RUN,7712.95
2025-04-29 15:00:00,0.043,33.1,5.07,36.0,611.3,42.4,32.84,0.0,run,5951.92
2025-04-29 16:00:00,0.04,33.0,4.93,35.0,403.0,40.48,32.71,0.0,RUN,3693.13
2025-04-29 17:00:00,0.043,32.4,5.33,36.0,169.3,36.01,32.33,0.0,RUN,1274.03
2025-04-29 18:00:00,0.074,31.9,5.61,39.0,18.7,31.26,31.16,0.0,RUN,-3.39
2025-04-29 19:00:00,0.104,30.4,4.81,42.0,0.0,29.74,30.04,0.0,STANDBY,-10.71
2025-04-29 20:00:00,0.13,29.2,5.15,44.0,0.0,28.5,27.29,0.0,STANDBY,0.0
2025-04-29 21:00:00,0.136,26.5,5.02,47.0,0.0,27.44,26.36,0.0,STANDBY,-9.95
2025-04-29 22:00:00,0.081,25.0,4.85,51.0,0.0,24.0,24.66,0.0,standby,0.0
2025-04-29 23:00:00,0.091,23.4,4.08,54.0,0.0,24.28,23.38,0.0,STANDBY,-10.53
2025-04-30 00:00:00,0.206,24.0,2.4,49.0,0.0,25.3,23.67,0.0, STANDBY ,-11.49
2025-04-30 01:00:00,0.165,22.7,2.55,53.0,0.0,23.97,23.47,0.0,standby,0.0
2025-04-30 02:00:00,0.211,22.2,2.42,58.0,0.0,22.27,23.0,0.0,STANDBY,0.0
2025-04-30 03:00:00,0.282,21.6,2.29,57.0,0.0,22.24,22.45,0.0,STANDBY,-3.47
2025-04-30 04:00:00,0.271,22.1,2.36,53.0,0.0,23.9,22.43,0.0,STANDBY,0.0
2025-04-30 05:00:00,0.266,22.9,2.57,50.0,0.0,24.37,23.65,0.0,STANDBY,0.0
30-04-2025 06:00,0.363,24.6,2.22,50.0,58.3,25.39,23.67,0.0,run,215.32
2025-04-30 07:00:00,0.319,25.7,2.49,49.0,254.6,32.45,25.69,0.0,RUN,2305.1
2025-04-30 08:00:00,0.393,27.5,2.41,46.0,491.0,38.48,27.32,0.0,RUN,4603.7
2025-04-30 09:00:00,0.545,29.2,2.88,42.0,670.7,46.57,29.22,0.0,RUN,6617.88
2025-04-30 10:00:00,0.414,31.0,3.05,39.0,847.8,49.72,31.16,0.0,RUN,8183.34
2025-04-30 11:00:00,0.376,32.1,3.16,37.0,982.5,52.63,32.08,0.0,RUN,9012.94
2025-04-30 12:00:00,0.284,33.4,4.3,31.0,942.2,52.48,33.09,0.0,RUN,9201.0
2025-04-30 13:00:00,0.411,34.2,3.95,32.0,900.6,52.02,34.18,0.0,RUN,8671.23
2025-04-30 14:00:00,0.53,34.2,4.05,38.0,766.5,49.94,34.59,0.0,RUN,7331.42
2025-04-30 15:00:00,0.451,34.7,4.63,35.0,593.2,47.39,34.51,0.0,RUN,5757.48
2025-04-30 16:00:00,0.37,35.1,3.76,37.0,385.7,43.81,34.76,0.0,RUN,3585.56
30-04-2025 17:00,0.501,33.7,4.21,40.0,161.2,36.89,33.35,0.0,run,1279.57
2025-04-30 18:00:00,0.423,32.6,3.73,41.0,9.6,32.44,32.96,0.0,RUN,3.68
2025-04-30 19:00:00,0.472,31.2,2.86,43.0,0.0,31.47,31.68,0.0,STANDBY,0.0
2025-04-30 20:00:00,0.738,29.6,2.84,48.0,0.0,30.43,30.08,0.0,STANDBY,0.0
2025-04-30 21:00:00,0.563,28.3,2.41,49.0,0.0,28.46,29.21,0.0,STANDBY,-6.69
2025-04-30 22:00:00,0.366,27.1,2.36,45.0,0.0,27.58,26.98,0.0,STANDBY,0.0
2025-04-30 23:00:00,0.253,25.7,2.21,50.0,0.0,26.68,25.44,0.0,STANDBY,-6.9
2025-05-01 00:00:00,0.094,25.9,2.83,66.0,0.0,24.63,25.01,0.0,STANDBY,-3.66
2025-05-01 01:00:00,0.222,24.8,2.95,72.0,0.0,23.68,24.24,0.0,STANDBY,0.0
2025-05-01 02:00:00,0.066,24.3,2.48,68.0,0.0,23.14,23.57,0.0,STANDBY,-2.77
2025-05-01 03:00:00,0.06,23.5,2.7,68.0,0.0,22.49,24.08,0.0,STANDBY,0.0
2025-05-01 04:00:00,0.093,23.6,2.99,70.0,0.0,23.27,23.93,0.0,STANDBY,0.0
2025-05-01 05:00:00,0.104,24.5,3.27,68.0,0.0,25.53,23.59,0.0,STANDBY,0.0
2025-05-01 06:00:00,0.27,24.9,3.58,66.0,63.0,25.83,25.72,0.0,RUN,276.1
2025-05-01 07:00:00,0.368,26.3,3.03,66.0,255.8,31.68,26.71,0.0,RUN,2204.23
2025-05-01 08:00:00,0.335,27.6,2.95,64.0,454.6,38.9,28.52,0.0,RUN,4516.26
2025-05-01 09:00:00,0.219,29.4,2.65,55.0,681.6,44.15,29.74,0.0,RUN,6599.48
2025-05-01 10:00:00,0.174,30.9,2.53,51.0,842.8,48.08,32.15,0.0,RUN,8096.85
2025-05-01 11:00:00,0.236,32.4,2.59,51.0,921.6,50.58,32.58,0.0,RUN,8894.28
2025-05-01 12:00:00,0.205,33.8,2.53,46.0,938.1,52.16,33.56,0.0,run,9193.58
2025-05-01 13:00:00,0.13,35.0,2.6,43.0,894.8,52.01,35.16,0.0,RUN,8714.86
2025-05-01 14:00:00,0.062,35.6,2.92,40.0,798.8,50.63,36.21,0.0,run,7534.24
2025-05-01 15:00:00,0.049,35.1,3.31,40.0,626.9,47.6,35.96,0.0,RUN,5834.76
2025-05-01 16:00:00,0.032,35.2,3.49,39.0,391.6,42.5,36.04,0.0,RUN,3611.15
2025-05-01 17:00:00,0.045,34.5,3.3,44.0,170.6,38.27,35.02,0.0,RUN,1261.91
2025-05-01 18:00:00,0.122,33.3,3.04,44.0,18.7,34.19,34.13,0.0,RUN,23.43
2025-05-01 19:00:00,0.196,32.4,3.47,47.0,0.0,33.0,32.19,0.0,STANDBY,-2.52
2025-05-01 20:00:00,0.211,31.4,2.91,50.0,0.0,30.96,31.28,0.0,STANDBY,0.0
2025-05-01 21:00:00,0.281,30.0,3.69,56.0,0.0,30.08,29.52,0.0,STANDBY,-8.21
2025-05-01 22:00:00,0.267,28.1,3.33,60.0,0.0,28.83,28.03,0.0,STANDBY,0.0
2025-05-01 23:00:00,0.192,26.0,3.15,62.0,0.0,27.27,26.05,0.0,STANDBY,-4.24
2025-05-02 00:00:00,0.286,23.5,3.61,50.0,0.0,24.01,24.88,0.0,STANDBY,-4.48
2025-05-02 01:00:00,0.207,22.7,3.6,56.0,0.0,24.49,24.2,0.0,STANDBY,-6.95
2025-05-02 02:00:00,0.156,22.3,2.87,56.0,0.0,24.7,23.52,0.0,STANDBY,-10.51
02-05-2025 03:00,0.135,21.5,3.15,58.0,0.0,25.63,23.5,0.0,STANDBY,0.0
2025-05-02 04:00:00,0.151,22.2,2.97,58.0,0.0,23.25,23.58,0.0,STANDBY,-5.58
02-05-2025 05:00,0.115,22.2,3.18,56.0,0.0,24.18,24.98,0.0,STANDBY,0.0
2025-05-02 05:00:00,0.115,22.2,3.18,56.0,0.0,24.18,24.98,0.0,STANDBY,0.0
2025-05-02 06:00:00,0.09,23.7,3.13,54.0,56.1,26.87,24.9,0.0,RUN,275.09
2025-05-02 07:00:00,0.074,24.9,3.78,53.0,257.7,31.18,26.5,0.0,RUN,2284.43
2025-05-02 08:00:00,0.077,26.7,3.77,46.0,474.1,38.19,27.64,0.0,RUN,4602.62
2025-05-02 09:00:00,0.067,28.5,3.83,45.0,694.8,45.41,28.89,0.0,RUN,6676.38
2025-05-02 10:00:00,0.084,30.6,3.86,42.0,850.6,48.04,30.87,0.0,RUN,8142.33
2025-05-02 11:00:00,0.167,31.7,4.73,41.0,939.6,51.03,32.65,0.0,RUN,9051.73
2025-05-02 12:00:00,0.096,33.5,4.59,38.0,979.3,51.4,34.34,0.0,run,9228.47
2025-05-02 13:00:00,0.112,34.4,5.61,39.0,912.1,52.41,35.4,0.0,run,8709.86
2025-05-02 14:00:00,0.076,35.5,5.84,35.0,803.2,50.67,35.6,0.0,RUN,7580.51
2025-05-02 15:00:00,0.119,35.3,6.51,35.0,611.7,47.42,36.03,0.0,run,5784.32
2025-05-02 16:00:00,0.17,35.3,5.65,36.0,384.4,42.98,35.24,0.0,RUN,3619.75
2025-05-02 17:00:00,0.29,34.5,4.56,37.0,167.9,37.14,35.18,0.0,RUN,1274.57
2025-05-02 18:00:00,0.159,33.4,3.57,38.0,18.5,33.37,33.83,0.0,RUN,36.33
2025-05-02 19:00:00,0.263,31.7,3.88,45.0,0.0,33.45,32.97,0.0,STANDBY,-3.91
2025-05-02 20:00:00,0.311,30.4,3.27,51.0,0.0,30.78,31.34,0.0,STANDBY,-3.21
2025-05-02 21:00:00,0.368,28.3,3.03,53.0,0.0,30.08,28.99,0.0,STANDBY,0.0
2025-05-02 22:00:00,0.162,27.3,3.16,50.0,0.0,28.98,28.15,0.0, STANDBY ,0.0
02-05-2025 23:00,0.139,25.6,3.27,55.0,0.0,26.39,26.28,0.0,STANDBY,-4.25
2025-05-03 00:00:00,0.137,26.8,2.88,55.0,0.0,27.82,26.5,0.0,STANDBY,-7.61
2025-05-03 01:00:00,0.219,25.9,2.63,56.0,0.0,24.69,25.88,0.0,STANDBY,-3.29
2025-05-03 02:00:00,0.34,25.0,2.65,56.0,0.0,25.1,25.05,0.0,STANDBY,-2.2
2025-05-03 03:00:00,0.278,24.4,2.59,58.0,0.0,23.66,24.81,0.0,STANDBY,-7.87
2025-05-03 04:00:00,0.229,24.7,2.81,57.0,0.0,23.91,25.22,0.0,STANDBY,-10.44
2025-05-03 05:00:00,0.371,25.8,2.98,60.0,0.0,24.87,25.51,0.0,STANDBY,-7.11
2025-05-03 06:00:00,0.397,26.8,2.65,56.0,59.9,26.86,26.62,0.0,RUN,254.6
2025-05-03 07:00:00,0.17,28.1,3.46,51.0,256.2,32.74,27.78,0.0,RUN,2280.45
2025-05-03 08:00:00,0.165,30.1,3.67,45.0,470.1,38.52,29.53,0.0,RUN,4604.11
2025-05-03 09:00:00,0.171,31.8,3.73,44.0,695.7,42.56,31.03,0.0,RUN,6649.41
2025-05-03 10:00:00,0.244,32.9,3.12,42.0,807.1,48.74,31.97,0.0,RUN,8194.42
2025-05-03 11:00:00,0.121,33.9,4.46,38.0,966.1,49.82,34.52,0.0,RUN,9009.51
2025-05-03 12:00:00,0.134,35.5,4.78,36.0,943.5,53.23,35.16,0.0,RUN,9168.74
2025-05-03 13:00:00,0.109,36.5,5.35,36.0,881.3,51.65,36.66,0.0,RUN,8682.54
2025-05-03 14:00:00,0.131,37.2,4.78,36.0,9999.0,49.37,37.41,0.0,RUN,7536.22
2025-05-03 15:00:00,0.123,36.8,3.61,37.0,606.0,47.61,37.16,0.0,RUN,5783.47
2025-05-03 16:00:00,0.198,35.9,4.04,38.0,392.3,43.28,36.51,0.0,run,3583.5
2025-05-03 17:00:00,0.161,36.2,4.71,35.0,169.0,39.0,35.51,0.0,RUN,1268.52
2025-05-03 18:00:00,0.237,35.4,5.31,35.0,18.8,34.59,35.59,0.0,run,23.52
2025-05-03 19:00:00,0.361,33.8,5.57,40.0,0.0,34.26,33.57,0.0,STANDBY,0.0
2025-05-03 20:00:00,0.33,32.1,4.98,40.0,0.0,31.41,31.98,0.0,STANDBY,-11.4
2025-05-03 21:00:00,0.171,31.0,4.6,44.0,0.0,29.51,31.3,0.0,STANDBY,-6.24
2025-05-03 22:00:00,0.137,29.3,4.38,47.0,0.0,27.08,28.74,0.0,STANDBY,-9.93
2025-05-03 23:00:00,0.203,27.9,4.54,51.0,0.0,26.18,27.57,0.0,STANDBY,0.0
2025-05-04 00:00:00,0.176,26.0,4.39,46.0,0.0,26.62,26.17,0.0,STANDBY,-11.05
2025-05-04 01:00:00,0.138,24.7,5.64,50.0,0.0,25.42,25.59,0.0,STANDBY,-4.59
2025-05-04 02:00:00,0.155,23.8,4.62,53.0,0.0,24.86,25.37,0.0,STANDBY,-7.64
2025-05-04 03:00:00,0.096,23.6,4.71,50.0,0.0,26.12,24.64,0.0,STANDBY,-999.0
2025-05-04 04:00:00,0.072,23.9,4.04,53.0,0.0,25.13,25.03,0.0,standby,0.0
2025-05-04 05:00:00,0.078,24.9,3.57,50.0,0.0,24.86,25.46,0.0,STANDBY,-1.91
2025-05-04 06:00:00,0.077,25.5,3.99,46.0,64.1,27.96,26.76,0.0,run,278.34
2025-05-04 07:00:00,0.107,27.2,3.65,44.0,250.5,33.46,28.21,0.0,RUN,2271.66
2025-05-04 08:00:00,0.156,28.9,3.07,37.0,482.2,39.49,29.47,0.0,RUN,4624.79
2025-05-04 09:00:00,0.248,30.7,3.61,34.0,685.6,44.17,31.88,0.0,RUN,6600.45
2025-05-04 10:00:00,0.218,32.4,4.37,31.0,831.8,48.65,33.09,0.0,RUN,8160.9
2025-05-04 11:00:00,0.211,33.5,4.28,33.0,938.9,51.4,34.02,0.0,RUN,8984.53
04-05-2025 12:00,0.183,34.7,4.46,29.0,965.9,53.04,34.76,0.0,RUN,-999.0
2025-05-04 13:00:00,0.294,35.7,4.16,31.0,911.4,52.09,36.23,0.0,RUN,8679.5
2025-05-04 14:00:00,0.132,37.0,4.49,26.0,785.9,52.53,37.18,0.0,RUN,7535.38
2025-05-04 15:00:00,0.155,37.3,4.19,27.0,611.1,47.85,36.55,0.0,RUN,5727.75
2025-05-04 16:00:00,0.141,37.6,3.77,26.0,385.5,43.28,36.54,0.0,RUN,3566.14
2025-05-04 17:00:00,0.141,36.5,4.11,27.0,163.0,38.6,36.37,0.0,RUN,1254.82
2025-05-04 18:00:00,0.172,36.4,3.92,27.0,20.3,35.25,35.37,0.0,RUN,0.0
2025-05-04 19:00:00,0.211,34.8,4.43,32.0,0.0,34.56,33.82,0.0,STANDBY,-2.08
2025-05-04 20:00:00,0.282,32.6,3.81,35.0,0.0,32.24,33.11,0.0,STANDBY,0.0
2025-05-04 21:00:00,0.179,31.1,3.87,38.0,0.0,29.61,30.94,0.0,STANDBY,0.0
2025-05-04 22:00:00,0.216,29.8,3.69,43.0,0.0,27.39,29.67,0.0,STANDBY,0.0
2025-05-04 23:00:00,0.213,28.1,3.46,48.0,0.0,26.99,28.67,0.0,STANDBY,-4.81
05-05-2025 00:00,0.25,28.4,2.51,51.0,0.0,27.03,26.75,0.0,STANDBY,0.0
2025-05-05 01:00:00,0.233,27.3,2.64,56.0,0.0,26.91,25.29,0.0,STANDBY,-4.73
2025-05-05 02:00:00,0.157,27.0,2.44,52.0,0.0,24.62,24.25,0.0,STANDBY,-2.95
2025-05-05 03:00:00,0.099,26.9,2.55,54.0,0.0,23.73,24.92,0.0,STANDBY,-6.45
2025-05-05 04:00:00,0.191,26.8,2.8,57.0,0.0,25.59,25.12,0.0,standby,-8.51
2025-05-05 05:00:00,0.341,27.7,2.62,56.0,0.0,25.92,25.62,0.0,STANDBY,-3.61
2025-05-05 06:00:00,0.332,28.1,2.61,55.0,63.7,28.42,26.98,0.0,RUN,293.61
2025-05-05 07:00:00,0.313,29.8,3.16,48.0,247.4,33.99,28.1,0.0,run,2314.16
2025-05-05 08:00:00,0.259,31.3,3.08,45.0,471.6,40.07,29.79,0.0,RUN,4588.78
05-05-2025 09:00,0.211,32.8,2.97,44.0,689.4,45.57,30.83,0.0,RUN,6605.95
2025-05-05 10:00:00,0.421,34.3,3.2,44.0,NA,NA,,0.0,,
2025-05-05 11:00:00,0.432,35.5,3.9,39.0,,NA,,0.0,,NA
2025-05-05 12:00:00,0.646,36.8,3.83,39.0,,,,0.0,,
2025-05-05 13:00:00,0.587,37.3,3.27,34.0,,null,,0.0,,
2025-05-05 14:00:00,0.539,38.2,3.51,32.0,NA,,null,0.0,,null
2025-05-05 15:00:00,0.354,38.5,3.27,32.0,,NA,,0.0,,
2025-05-05 16:00:00,0.503,38.3,2.53,36.0,,,null,0.0,,
2025-05-05 17:00:00,0.241,37.9,2.42,32.0,,,null,0.0,,
2025-05-05 18:00:00,0.137,37.0,2.19,31.0,null,,,0.0,,
2025-05-05 19:00:00,0.258,36.0,2.56,35.0,,,NA,0.0,,
2025-05-05 20:00:00,0.2,34.3,2.46,35.0,NA,,NA,0.0,,
2025-05-05 21:00:00,0.264,33.2,2.26,44.0,0.0,31.34,30.98,0.0,STANDBY,0.0
2025-05-05 22:00:00,0.257,31.5,2.91,48.0,0.0,29.22,28.79,0.0,STANDBY,-5.57
2025-05-05 23:00:00,0.34,29.5,2.75,53.0,0.0,27.76,27.41,0.0,STANDBY,-5.3
2025-05-06 00:00:00,0.209,24.9,3.16,55.0,0.0,25.44,24.07,0.0,STANDBY,0.0
2025-05-06 01:00:00,0.199,23.1,2.47,58.0,0.0,24.62,23.57,0.0,STANDBY,-5.39
2025-05-06 01:00:00,0.199,23.1,2.47,58.0,0.0,24.62,23.57,0.0,STANDBY,-5.39
2025-05-06 02:00:00,0.163,22.9,2.43,58.0,0.0,22.93,23.29,0.0,STANDBY,0.0
2025-05-06 03:00:00,0.131,22.7,2.37,60.0,0.0,23.27,22.48,0.0,STANDBY,-6.09
2025-05-06 04:00:00,0.164,23.8,2.54,61.0,0.0,22.76,23.71,0.0,STANDBY,0.0
2025-05-06 05:00:00,0.12,24.4,2.49,55.0,0.0,23.59,23.61,0.0,STANDBY,-8.32
2025-05-06 06:00:00,0.151,25.6,2.73,55.0,61.3,26.09,25.05,0.0,RUN,306.9
2025-05-06 07:00:00,0.19,27.3,3.12,54.0,253.2,31.25,26.34,0.0,RUN,2324.72
2025-05-06 08:00:00,0.116,28.8,3.89,52.0,485.9,38.83,28.06,0.0,RUN,4590.65
2025-05-06 09:00:00,0.085,30.0,3.61,47.0,656.6,43.39,28.96,0.0,RUN,6626.28
2025-05-06 10:00:00,0.114,31.6,3.05,43.0,810.6,48.31,30.82,0.0,RUN,8114.56
2025-05-06 11:00:00,0.061,32.7,3.99,39.0,910.6,49.63,32.35,0.0,RUN,8979.68
2025-05-06 12:00:00,0.154,34.0,4.44,37.0,990.0,52.7,33.21,0.0,RUN,9065.9
2025-05-06 13:00:00,0.147,34.9,5.63,32.0,889.0,53.02,34.27,0.0,RUN,8564.03
2025-05-06 14:00:00,0.101,35.1,4.75,29.0,812.7,49.59,34.97,0.0,RUN,7520.2
2025-05-06 15:00:00,0.116,34.9,4.33,26.0,601.6,46.13,34.53,0.0,RUN,5727.86
2025-05-06 16:00:00,0.193,34.7,4.87,26.0,392.8,42.1,34.85,0.0,RUN,3552.98
2025-05-06 17:00:00,0.135,34.7,4.43,29.0,167.4,36.42,34.44,0.0,RUN,1265.54
2025-05-06 18:00:00,0.16,34.1,4.92,35.0,14.9,34.36,33.52,0.0,RUN,1.72
2025-05-06 19:00:00,0.098,32.9,4.35,35.0,0.0,32.02,31.91,0.0,STANDBY,-5.71
2025-05-06 20:00:00,0.132,31.1,4.72,40.0,0.0,31.36,30.31,0.0,STANDBY,0.0
2025-05-06 21:00:00,0.239,29.9,3.95,41.0,0.0,28.66,29.34,0.0,STANDBY,-2.57
2025-05-06 22:00:00,0.254,28.1,4.0,47.0,0.0,27.74,28.06,0.0,,-8.5
2025-05-06 23:00:00,0.085,26.7,4.19,47.0,0.0,25.19,26.38,0.0,STANDBY,-11.41
2025-05-07 00:00:00,0.33,25.7,3.61,59.0,0.0,26.18,24.59,0.0,STANDBY,-9.32
2025-05-07 01:00:00,0.36,24.8,3.48,64.0,0.0,24.8,23.85,0.0, STANDBY ,-3.72
2025-05-07 02:00:00,0.344,23.8,3.06,66.0,0.0,23.3,23.49,0.0,STANDBY,-2.3
2025-05-07 04:00:00,0.464,24.3,2.54,63.0,0.0,23.97,24.01,0.0,STANDBY,-7.59
2025-05-07 05:00:00,0.413,24.7,2.58,65.0,0.0,24.94,24.49,0.0,STANDBY,-8.09
2025-05-07 06:00:00,0.471,25.0,2.91,62.0,65.1,27.17,24.5,0.0,RUN,364.2
2025-05-07 07:00:00,0.601,26.9,2.86,61.0,246.5,30.74,26.05,0.0,RUN,2178.44
2025-05-07 08:00:00,0.538,28.2,2.49,54.0,458.5,38.41,28.23,0.0,RUN,4501.42
2025-05-07 09:00:00,0.309,29.4,3.1,46.0,675.9,42.69,30.33,0.0,RUN,6669.38
2025-05-07 10:00:00,0.225,30.7,3.1,42.0,839.3,46.34,31.27,0.0,RUN,8140.41
2025-05-07 11:00:00,0.219,32.0,3.23,40.0,956.8,49.63,31.8,0.0,,-999.0
2025-05-07 12:00:00,0.299,33.0,3.34,42.0,934.6,49.57,32.71,0.0,RUN,9153.27
2025-05-07 13:00:00,0.319,33.9,4.72,40.0,919.7,49.89,34.29,0.0, run ,8650.22
2025-05-07 15:00:00,0.254,34.9,5.19,37.0,601.6,44.7,34.88,0.0,RUN,5795.68
2025-05-07 16:00:00,0.381,34.3,4.43,37.0,389.2,41.1,35.24,0.0,RUN,3488.25
2025-05-07 17:00:00,0.356,33.6,4.84,44.0,163.7,38.85,33.38,0.0,RUN,1271.44
2025-05-07 18:00:00,0.465,32.4,4.41,45.0,14.0,32.46,32.69,0.0,RUN,-6.58
07-05-2025 19:00,0.218,31.4,4.52,44.0,0.0,32.38,32.91,0.0,STANDBY,-2.7
2025-05-07 20:00:00,0.263,30.4,4.02,47.0,0.0,32.15,31.08,0.0,STANDBY,0.0
2025-05-07 21:00:00,0.233,29.7,3.57,51.0,0.0,30.44,29.29,0.0,STANDBY,-5.63
2025-05-07 22:00:00,0.252,27.7,3.85,55.0,0.0,26.86,28.03,0.0,STANDBY,-10.55
2025-05-07 23:00:00,0.299,26.5,3.89,58.0,0.0,26.08,26.53,0.0,STANDBY,0.0
2025-05-08 00:00:00,0.157,27.9,4.37,61.0,0.0,25.06,26.4,0.0,STANDBY,-3.92
2025-05-08 01:00:00,0.171,26.4,4.31,61.0,0.0,25.09,25.46,0.0,STANDBY,-10.33
2025-05-08 02:00:00,0.144,26.1,5.12,65.0,0.0,25.54,25.52,0.0,STANDBY,-5.33
2025-05-08 03:00:00,0.166,26.2,5.46,64.0,0.0,25.19,25.74,0.0,STANDBY,0.0
2025-05-08 04:00:00,0.297,26.4,5.56,62.0,0.0,25.04,25.86,0.0,STANDBY,-10.01
08-05-2025 05:00,0.406,26.9,6.15,66.0,0.0,25.26,25.74,0.0,standby,0.0
2025-05-08 06:00:00,0.389,28.5,5.17,62.0,62.6,26.78,26.91,0.0,RUN,256.69
2025-05-08 07:00:00,0.375,29.9,5.1,62.0,247.9,33.85,28.44,0.0,RUN,2209.92
2025-05-08 08:00:00,0.187,30.8,5.67,55.0,462.7,40.84,29.56,0.0,RUN,4584.72
2025-05-08 09:00:00,0.281,32.4,6.2,53.0,668.1,44.71,31.74,0.0,RUN,6480.51
2025-05-08 10:00:00,0.331,33.6,6.39,50.0,825.5,47.75,32.74,0.0,RUN,7777.93
2025-05-08 11:00:00,0.291,35.0,5.24,50.0,904.3,50.41,34.38,0.0,run,8664.16
2025-05-08 12:00:00,0.332,36.3,5.12,44.0,919.1,51.52,35.47,0.0,RUN,8830.77
2025-05-08 13:00:00,0.277,37.0,5.28,44.0,875.9,51.0,36.16,0.0,RUN,8478.47
08-05-2025 14:00,0.192,37.9,5.27,38.0,790.1,48.06,36.84,0.0,RUN,7373.96
2025-05-08 15:00:00,0.231,37.8,3.98,34.0,592.2,46.35,36.41,0.0,RUN,5680.82
2025-05-08 16:00:00,0.255,37.7,3.08,37.0,379.1,43.93,36.52,0.0,RUN,3516.26
2025-05-08 17:00:00,0.193,36.9,3.44,39.0,166.7,38.95,35.87,0.0,RUN,1187.06
2025-05-08 18:00:00,0.329,36.0,3.71,44.0,20.0,35.36,35.22,0.0, RUN ,28.05
2025-05-08 19:00:00,0.359,34.6,3.99,50.0,0.0,34.77,33.71,0.0,STANDBY,-7.87
2025-05-08 20:00:00,0.353,33.7,3.72,54.0,0.0,32.92,32.69,0.0,STANDBY,-2.86
2025-05-08 21:00:00,0.45,32.1,3.75,59.0,0.0,32.19,30.92,0.0,STANDBY,0.0
2025-05-08 22:00:00,0.392,29.9,4.1,59.0,0.0,29.57,29.01,0.0,STANDBY,-8.92
2025-05-08 23:00:00,0.26,28.6,3.91,66.0,0.0,28.2,27.84,0.0,STANDBY,-5.19
2025-05-09 00:00:00,0.165,23.9,4.65,66.0,0.0,23.09,25.99,0.0,STANDBY,-1.65
2025-05-09 02:00:00,0.201,22.0,4.31,68.0,0.0,23.88,23.41,0.0,STANDBY,-10.62
2025-05-09 03:00:00,0.267,22.2,4.69,69.0,0.0,25.2,22.84,0.0,STANDBY,0.0
2025-05-09 04:00:00,0.216,22.3,4.85,63.0,0.0,24.73,23.04,0.0,STANDBY,0.0
2025-05-09 05:00:00,0.211,23.2,4.85,62.0,0.0,23.74,24.53,0.0,STANDBY,-6.29
2025-05-09 06:00:00,0.309,24.7,5.08,63.0,61.4,27.11,25.65,0.0,RUN,308.42
2025-05-09 07:00:00,0.281,25.5,4.03,58.0,255.7,30.81,26.53,0.0,RUN,2416.42
2025-05-09 08:00:00,0.338,27.3,4.58,59.0,485.6,36.41,27.76,0.0,RUN,4817.08
2025-05-09 09:00:00,0.224,28.9,4.59,58.0,690.1,43.5,30.02,0.0,RUN,7008.63
2025-05-09 10:00:00,0.349,30.5,5.29,54.0,825.1,47.61,31.05,0.0,RUN,8540.09
2025-05-09 11:00:00,0.401,31.8,6.73,51.0,909.6,49.38,32.88,0.0,RUN,9385.18
2025-05-09 12:00:00,0.523,33.3,8.13,52.0,911.2,48.46,33.47,0.0,RUN,9307.45
2025-05-09 13:00:00,0.359,34.5,8.29,51.0,867.3,49.59,34.3,0.0,RUN,8995.3
2025-05-09 14:00:00,0.235,34.7,8.94,46.0,773.0,49.18,34.6,0.0,run,7859.62
2025-05-09 15:00:00,0.258,34.1,8.87,47.0,582.7,46.45,35.29,0.0,RUN,6006.25
2025-05-09 16:00:00,0.13,34.7,7.36,45.0,387.6,42.85,35.14,0.0,RUN,3770.54
2025-05-09 17:00:00,0.178,34.0,7.72,47.0,167.5,36.42,34.55,0.0,RUN,1314.82
2025-05-09 18:00:00,0.184,33.3,7.13,51.0,20.6,33.76,33.54,0.0,RUN,28.35
2025-05-09 19:00:00,0.184,31.4,6.35,51.0,0.0,31.12,32.26,0.0,STANDBY,-3.02
2025-05-09 20:00:00,0.127,29.7,5.99,54.0,0.0,31.62,30.99,0.0,STANDBY,-9.59
2025-05-09 21:00:00,0.088,28.3,5.59,52.0,0.0,29.76,29.34,0.0,standby,0.0
2025-05-09 22:00:00,0.166,26.6,4.48,57.0,0.0,27.37,28.13,0.0,STANDBY,0.0
2025-05-09 23:00:00,0.132,25.4,4.17,61.0,0.0,26.12,26.6,0.0,STANDBY,0.0
2025-05-10 00:00:00,0.142,26.4,2.65,56.0,0.0,26.69,26.87,0.0,STANDBY,0.0
2025-05-10 01:00:00,0.222,25.7,2.59,56.0,0.0,26.39,26.0,0.0,STANDBY,-2.27
2025-05-10 02:00:00,0.241,25.0,3.11,60.0,0.0,25.4,25.52,0.0,STANDBY,-7.5
2025-05-10 03:00:00,0.178,24.9,2.92,60.0,0.0,25.26,24.95,0.0,STANDBY,0.0
2025-05-10 04:00:00,0.206,25.5,2.95,59.0,0.0,25.51,24.59,0.0,STANDBY,0.0
2025-05-10 05:00:00,0.131,26.8,2.92,55.0,0.0,26.77,26.9,0.0,STANDBY,-2.03
2025-05-10 06:00:00,0.147,28.1,2.6,56.0,69.0,30.89,26.81,0.0,RUN,360.48
2025-05-10 07:00:00,0.184,29.2,2.85,55.0,259.1,32.68,28.35,0.0,RUN,2462.86
2025-05-10 08:00:00,0.402,30.9,3.01,56.0,457.3,38.37,30.07,0.0,RUN,4737.63
2025-05-10 09:00:00,0.136,32.3,2.62,48.0,679.1,47.19,31.11,0.0,RUN,6870.6
2025-05-10 10:00:00,0.118,33.6,2.49,41.0,827.7,50.61,33.66,0.0,RUN,8505.6
2025-05-10 11:00:00,0.098,34.7,3.07,39.0,915.8,51.97,34.6,0.0,RUN,9394.02
2025-05-10 12:00:00,0.169,35.9,3.58,39.0,950.6,54.62,35.31,0.0, RUN ,9478.27
2025-05-10 13:00:00,0.203,36.7,3.69,36.0,904.4,54.3,36.46,0.0,RUN,8918.26
2025-05-10 14:00:00,0.212,36.9,4.1,35.0,754.8,51.39,36.97,0.0,RUN,7729.25
2025-05-10 15:00:00,0.151,37.0,4.3,33.0,590.1,48.7,37.8,0.0,RUN,5919.72
2025-05-10 16:00:00,0.349,35.7,4.07,39.0,377.3,43.26,36.59,0.0,RUN,3611.69
2025-05-10 17:00:00,0.235,35.3,4.34,38.0,165.6,38.6,35.8,0.0,RUN,1309.04
2025-05-10 18:00:00,0.227,34.7,3.57,40.0,23.5,35.17,36.05,0.0,RUN,0.0
2025-05-10 19:00:00,0.206,33.7,2.93,40.0,0.0,33.71,35.11,0.0,STANDBY,0.0
2025-05-10 20:00:00,0.246,32.4,3.1,45.0,0.0,32.69,32.89,0.0,STANDBY,-6.87
2025-05-10 21:00:00,0.167,31.1,3.33,51.0,0.0,31.0,30.84,0.0,STANDBY,-4.56
2025-05-10 22:00:00,0.295,29.4,3.04,54.0,0.0,29.71,29.99,0.0,STANDBY,-2.88
2025-05-10 23:00:00,0.312,27.7,3.11,62.0,0.0,28.06,28.33,0.0,STANDBY,0.0
2025-05-11 00:00:00,0.324,27.7,3.18,66.0,0.0,26.59,26.65,0.0,STANDBY,0.0
11-05-2025 01:00,0.222,26.6,2.79,66.0,0.0,26.34,25.14,0.0,STANDBY,0.0
2025-05-11 02:00:00,0.436,25.8,3.6,65.0,0.0,25.75,24.94,0.0,STANDBY,0.0
2025-05-11 03:00:00,0.355,25.8,3.78,67.0,0.0,24.22,24.7,0.0,STANDBY,0.0
2025-05-11 04:00:00,0.274,25.8,4.43,67.0,0.0,25.11,25.42,0.0,STANDBY,-5.28
2025-05-11 05:00:00,0.216,27.0,5.09,62.0,0.0,26.19,27.11,0.0,STANDBY,0.0
2025-05-11 06:00:00,0.266,27.7,5.15,58.0,64.2,28.16,27.05,0.0,RUN,315.56
2025-05-11 07:00:00,0.387,29.5,4.92,57.0,248.3,33.52,27.62,0.0,RUN,2326.57
2025-05-11 08:00:00,0.276,30.7,4.08,48.0,492.5,40.74,29.68,0.0,RUN,4789.24
2025-05-11 09:00:00,0.184,32.2,4.4,45.0,681.3,46.39,31.92,0.0,RUN,6941.96
2025-05-11 10:00:00,0.237,33.6,4.47,43.0,871.2,49.82,32.52,0.0,RUN,8491.77
2025-05-11 11:00:00,0.195,34.6,5.15,40.0,956.2,52.99,34.18,0.0, RUN ,9368.82
2025-05-11 12:00:00,0.427,35.7,4.64,39.0,952.3,54.05,35.32,0.0,RUN,9518.54
2025-05-11 13:00:00,0.513,37.0,5.42,36.0,870.2,51.43,36.05,0.0,RUN,8873.83
11-05-2025 14:00,0.549,37.5,5.94,34.0,764.5,51.28,36.64,0.0,RUN,7693.6
2025-05-11 15:00:00,0.469,37.4,7.04,36.0,560.2,45.32,36.71,0.0,RUN,5854.27
2025-05-11 16:00:00,0.496,37.6,5.68,36.0,374.7,43.13,35.87,0.0,RUN,3647.56
2025-05-11 17:00:00,0.373,37.0,4.84,35.0,168.3,38.57,35.98,0.0,,1326.8
2025-05-11 18:00:00,0.279,36.4,3.89,37.0,21.9,34.81,34.9,0.0,RUN,0.0
2025-05-11 19:00:00,0.236,35.6,3.78,40.0,0.0,33.32,32.93,0.0,STANDBY,-5.01
2025-05-11 20:00:00,0.337,34.0,3.61,45.0,0.0,31.25,31.94,0.0,STANDBY,-3.99
2025-05-11 21:00:00,0.399,31.8,4.2,46.0,0.0,30.62,31.13,0.0,STANDBY,0.0
2025-05-11 22:00:00,0.341,30.2,4.25,52.0,0.0,30.16,29.44,0.0, STANDBY ,-9.05
2025-05-11 23:00:00,0.225,29.3,4.74,57.0,0.0,27.75,28.13,0.0,STANDBY,-9.08
2025-05-12 00:00:00,0.36,24.4,2.34,65.0,0.0,26.3,24.91,0.0,STANDBY,0.0
2025-05-12 01:00:00,0.406,23.2,2.29,67.0,0.0,23.6,24.28,0.0, STANDBY ,-4.28
2025-05-12 02:00:00,0.685,22.3,2.15,69.0,0.0,23.53,24.49,0.0,STANDBY,-8.08
2025-05-12 03:00:00,0.601,21.0,2.46,69.0,0.0,22.97,23.57,0.0,STANDBY,0.0
2025-05-12 04:00:00,0.343,21.2,2.28,66.0,0.0,23.68,23.03,0.0,STANDBY,-5.68
2025-05-12 05:00:00,0.327,20.9,2.12,66.0,0.0,24.23,24.43,0.0,STANDBY,0.0
2025-05-12 06:00:00,0.332,22.6,1.77,63.0,58.8,26.65,24.37,0.0,RUN,252.1
2025-05-12 07:00:00,0.314,25.4,1.68,61.0,260.6,31.37,27.33,0.0,RUN,2382.95
2025-05-12 08:00:00,0.299,27.1,1.57,53.0,480.2,38.44,27.89,0.0,RUN,-999.0
2025-05-12 09:00:00,0.281,28.5,1.53,48.0,680.3,45.0,29.74,0.0,RUN,6826.78
2025-05-12 10:00:00,0.198,29.4,1.67,48.0,790.6,49.17,31.05,0.0,RUN,8388.0
2025-05-12 11:00:00,0.233,30.4,1.69,45.0,936.3,51.65,32.16,0.0,RUN,9179.97
2025-05-12 12:00:00,0.117,32.6,1.96,44.0,972.1,50.98,33.33,0.0,RUN,9570.63
2025-05-12 13:00:00,0.144,33.8,2.51,45.0,884.1,51.99,34.92,0.0,RUN,8993.45
2025-05-12 14:00:00,0.257,33.9,2.65,44.0,770.9,49.89,34.66,0.0,RUN,7687.43
2025-05-12 15:00:00,0.436,34.2,3.02,45.0,586.7,45.14,34.43,0.0,RUN,5705.17
2025-05-12 16:00:00,0.487,33.4,3.29,47.0,362.5,40.65,34.22,0.0, run ,3568.07
2025-05-12 17:00:00,0.399,33.1,3.33,45.0,160.8,38.14,34.43,0.0,RUN,1324.97
2025-05-12 18:00:00,0.544,31.8,2.95,52.0,23.4,33.58,33.42,0.0,RUN,3.84
2025-05-12 19:00:00,0.484,30.9,2.46,54.0,0.0,31.59,31.66,0.0,STANDBY,0.0
2025-05-12 20:00:00,0.378,30.2,2.83,56.0,0.0,30.44,31.15,0.0,STANDBY,-4.95
2025-05-12 21:00:00,0.442,28.8,2.43,62.0,0.0,30.33,28.72,0.0,STANDBY,-2.69
2025-05-12 22:00:00,0.497,26.7,2.2,65.0,0.0,27.97,28.31,0.0,STANDBY,0.0
12-05-2025 23:00,0.4,25.6,2.27,69.0,0.0,26.19,26.65,0.0,STANDBY,-2.42
2025-05-13 00:00:00,0.578,24.0,2.02,74.0,0.0,24.81,25.09,0.0,STANDBY,-3.88
2025-05-13 01:00:00,0.485,23.1,2.33,75.0,0.0,24.31,23.55,0.0,STANDBY,-4.41
2025-05-13 02:00:00,0.495,22.3,2.27,76.0,0.0,23.52,23.05,0.0,STANDBY,-3.06
2025-05-13 03:00:00,0.447,21.9,2.5,75.0,0.0,22.07,21.67,0.0,STANDBY,-1.55
2025-05-13 04:00:00,0.408,21.7,2.53,74.0,0.0,22.82,22.91,0.0,STANDBY,0.0
13-05-2025 05:00,0.571,22.8,2.42,69.0,0.0,23.8,23.79,0.0, STANDBY ,-2.79
2025-05-13 06:00:00,0.527,23.7,2.33,71.0,64.5,25.74,24.9,0.0,RUN,277.51
2025-05-13 07:00:00,0.472,24.8,2.27,66.0,250.8,31.47,26.14,0.0,RUN,2431.51
2025-05-13 08:00:00,0.657,26.6,2.03,63.0,462.3,37.22,26.91,0.0,RUN,4454.8
2025-05-13 09:00:00,0.629,28.2,2.2,62.0,620.6,44.53,29.04,0.0,RUN,6494.65
2025-05-13 10:00:00,0.707,28.9,2.83,59.0,748.8,45.12,30.77,0.0,RUN,7676.98
2025-05-13 11:00:00,0.69,29.7,3.03,51.0,815.1,48.15,31.84,0.0,RUN,8441.7
2025-05-13 12:00:00,0.741,31.2,3.15,54.0,870.5,50.41,32.51,0.0,RUN,8668.16
2025-05-13 13:00:00,0.585,32.2,2.71,50.0,814.4,49.78,33.58,0.0,RUN,8554.84
2025-05-13 14:00:00,0.717,32.3,2.74,51.0,691.5,47.17,33.57,0.0,RUN,6849.92
2025-05-13 15:00:00,0.625,32.5,3.13,47.0,575.4,44.46,34.0,0.0,run,5617.16
2025-05-13 16:00:00,0.641,32.3,3.54,47.0,359.8,41.49,33.61,0.0,RUN,3548.2
2025-05-13 17:00:00,0.659,32.2,3.26,51.0,157.3,35.56,32.89,0.0,run,1301.32
2025-05-13 18:00:00,0.686,32.1,3.04,53.0,14.3,32.33,31.88,0.0,,60.75
13-05-2025 19:00,0.641,31.0,3.03,52.0,0.0,30.09,31.39,0.0, STANDBY ,-11.22
2025-05-13 20:00:00,0.538,29.7,3.4,59.0,0.0,29.04,29.94,0.0,STANDBY,-2.95
2025-05-13 21:00:00,0.543,28.0,2.53,61.0,0.0,28.95,28.42,0.0,STANDBY,0.0
2025-05-13 22:00:00,0.568,27.0,2.15,65.0,0.0,26.97,27.05,0.0,STANDBY,-9.1
2025-05-13 23:00:00,0.675,25.0,1.83,70.0,0.0,25.69,25.88,0.0,STANDBY,0.0
2025-05-14 00:00:00,0.516,24.2,1.95,68.0,0.0,23.73,22.83,0.0,STANDBY,-6.79
2025-05-14 01:00:00,0.516,23.0,2.35,67.0,0.0,21.79,22.09,0.0,STANDBY,0.0
2025-05-14 02:00:00,0.35,22.3,2.39,69.0,0.0,22.2,21.56,0.0,STANDBY,-8.64
2025-05-14 03:00:00,0.411,22.2,2.34,70.0,0.0,22.21,21.39,0.0,STANDBY,-11.24
2025-05-14 04:00:00,0.343,22.6,3.1,69.0,0.0,21.96,21.67,0.0,STANDBY,0.0
2025-05-14 05:00:00,0.257,24.1,3.15,64.0,0.0,22.75,22.54,0.0,STANDBY,-6.31
2025-05-14 06:00:00,0.443,24.8,2.79,62.0,65.2,24.62,22.99,0.0,RUN,283.11
2025-05-14 07:00:00,0.603,25.9,2.74,62.0,245.1,29.97,24.11,0.0,RUN,2349.25
2025-05-14 08:00:00,0.584,26.8,2.6,58.0,478.2,36.89,26.03,0.0, RUN ,4809.67
2025-05-14 09:00:00,0.707,28.3,3.3,59.0,645.8,42.36,26.99,0.0,RUN,6778.36
2025-05-14 10:00:00,0.635,29.4,3.67,54.0,814.3,43.5,29.16,0.0,STOP,0.0
2025-05-14 11:00:00,0.5,30.8,3.59,50.0,865.7,48.08,30.44,0.0,STOP,0.0
2025-05-14 12:00:00,0.496,31.9,3.82,49.0,907.5,48.93,31.25,0.0,STOP,0.0
2025-05-14 13:00:00,0.569,33.3,4.16,43.0,886.6,47.61,32.48,0.0,STOP,-9.05
2025-05-14 14:00:00,0.637,33.4,4.09,44.0,738.0,45.09,32.67,0.0,,-4.51
2025-05-14 15:00:00,0.784,32.9,3.88,50.0,541.2,44.06,31.65,0.0,PARTIAL,4872.08
2025-05-14 16:00:00,0.654,32.3,3.93,49.0,347.6,40.48,32.76,0.0,RUN,3549.66
2025-05-14 17:00:00,0.704,32.2,4.09,52.0,158.8,34.07,31.97,0.0,RUN,1252.09
14-05-2025 18:00,0.704,31.1,3.29,50.0,20.1,31.05,30.8,0.0,RUN,-1.55
2025-05-14 19:00:00,0.765,30.5,2.91,55.0,0.0,29.79,28.81,0.0,STANDBY,0.0
2025-05-14 20:00:00,0.768,29.3,3.38,56.0,0.0,29.01,28.63,0.0,standby,0.0
2025-05-14 21:00:00,0.839,27.8,2.6,59.0,0.0,27.78,27.12,0.0,STANDBY,-9.92
2025-05-14 22:00:00,0.876,26.6,3.09,61.0,0.0,26.27,25.12,0.0,STANDBY,-10.97
2025-05-14 23:00:00,0.779,25.1,3.29,62.0,0.0,23.88,23.94,0.0,STANDBY,-10.65
2025-05-15 00:00:00,0.762,23.2,3.6,64.0,0.0,22.49,23.39,0.0,STANDBY,-2.77
2025-05-15 01:00:00,0.64,22.2,3.61,65.0,0.0,22.63,22.61,0.0,STANDBY,-3.65
2025-05-15 02:00:00,0.717,21.7,3.05,68.0,0.0,22.4,22.17,0.0,standby,-9.49
2025-05-15 03:00:00,0.573,21.9,2.71,72.0,0.0,21.8,21.83,0.0,STANDBY,0.0
15-05-2025 04:00,0.683,22.0,2.95,71.0,0.0,23.0,22.39,0.0,STANDBY,0.0
2025-05-15 05:00:00,0.628,23.1,3.04,69.0,0.0,22.72,21.87,0.0,standby,-9.65
2025-05-15 06:00:00,0.591,24.5,3.65,67.0,62.1,26.1,24.16,0.0,RUN,257.09
2025-05-15 07:00:00,0.553,25.7,4.35,63.0,245.1,31.62,25.38,0.0,RUN,2362.48
2025-05-15 08:00:00,0.671,27.1,4.21,63.0,450.9,38.68,27.48,0.0,RUN,4610.81
2025-05-15 09:00:00,0.619,28.2,5.19,57.0,633.5,43.88,28.65,0.0,RUN,6532.85
2025-05-15 10:00:00,0.708,28.7,5.49,56.0,760.0,46.26,29.67,0.0,run,7818.14
2025-05-15 11:00:00,0.63,30.0,5.49,53.0,866.5,49.53,30.21,0.0,RUN,8848.44
2025-05-15 11:00:00,0.63,30.0,5.49,53.0,866.5,49.53,30.21,0.0,RUN,8848.44
2025-05-15 12:00:00,0.651,30.9,4.74,52.0,886.4,50.71,31.42,0.0,RUN,8962.32
2025-05-15 13:00:00,0.825,31.4,4.58,47.0,785.9,47.76,32.41,0.0,RUN,7939.37
2025-05-15 14:00:00,0.674,32.7,5.41,44.0,731.5,47.47,33.05,0.0,RUN,7397.89
2025-05-15 15:00:00,0.638,33.2,5.46,41.0,559.4,43.79,33.43,0.0,RUN,5835.92
2025-05-15 16:00:00,0.613,32.8,5.79,40.0,377.7,40.92,32.82,0.0,run,3596.99
2025-05-15 17:00:00,0.552,32.5,5.37,42.0,166.5,36.19,32.72,0.0,RUN,1392.63
2025-05-15 18:00:00,0.629,31.5,5.21,45.0,18.8,30.5,31.2,0.0,RUN,33.83
2025-05-15 19:00:00,0.674,29.7,4.18,52.0,0.0,31.03,29.72,0.0, standby ,-2.77
2025-05-15 20:00:00,0.536,28.3,3.06,52.0,0.0,29.29,28.57,0.0,STANDBY,-10.8
2025-05-15 21:00:00,0.618,26.5,3.22,59.0,0.0,27.67,28.45,0.0,STANDBY,0.0
2025-05-15 22:00:00,0.738,25.3,2.92,64.0,0.0,26.99,26.0,0.0,standby,-3.55
2025-05-15 23:00:00,0.783,23.6,3.06,65.0,0.0,26.65,25.24,0.0,STANDBY,0.0
2025-05-16 00:00:00,0.543,24.1,2.46,65.0,0.0,23.62,23.76,0.0,standby,-8.82
2025-05-16 01:00:00,0.47,23.5,1.97,63.0,0.0,22.08,22.98,0.0,STANDBY,0.0
2025-05-16 02:00:00,0.488,23.0,2.13,65.0,0.0,23.12,22.63,0.0,standby,0.0
2025-05-16 03:00:00,0.377,23.5,2.84,63.0,9999.0,22.23,22.18,0.0,STANDBY,0.0
2025-05-16 04:00:00,0.555,23.9,2.83,61.0,0.0,22.42,23.0,0.0,standby,0.0
2025-05-16 05:00:00,0.669,24.6,2.57,64.0,0.0,23.8,23.56,0.0,STANDBY,-4.43
2025-05-16 06:00:00,0.515,25.1,2.54,61.0,65.7,25.47,24.21,0.0,RUN,268.23
2025-05-16 07:00:00,0.51,25.8,2.58,61.0,243.8,29.22,24.44,0.0,RUN,2303.52
2025-05-16 08:00:00,0.399,27.3,2.68,58.0,444.0,35.18,26.9,0.0,RUN,4540.43
2025-05-16 09:00:00,0.323,29.0,2.98,53.0,637.5,41.64,28.66,0.0,RUN,6505.28
2025-05-16 10:00:00,0.285,30.0,3.22,50.0,759.4,45.44,29.8,0.0,RUN,8191.17
2025-05-16 11:00:00,0.336,31.2,3.48,48.0,879.6,47.24,31.44,0.0,RUN,9182.17
2025-05-16 12:00:00,0.238,32.6,3.63,45.0,941.8,49.1,32.46,0.0,RUN,9493.43
2025-05-16 14:00:00,0.422,33.6,3.25,45.0,711.5,46.23,33.2,0.0,RUN,7426.09
2025-05-16 15:00:00,0.293,33.7,3.31,46.0,572.1,44.9,32.85,0.0,RUN,5827.13
2025-05-16 16:00:00,0.333,33.4,3.21,44.0,364.9,41.16,33.17,0.0,RUN,3604.23
2025-05-16 17:00:00,0.371,32.9,2.77,47.0,157.2,35.8,32.58,0.0,run,1252.94
2025-05-16 18:00:00,0.284,32.9,2.87,49.0,17.9,31.83,31.69,0.0,RUN,-2.79
2025-05-16 19:00:00,0.29,32.0,2.96,52.0,0.0,31.09,30.11,0.0,STANDBY,-3.0
2025-05-16 20:00:00,0.178,31.2,3.12,50.0,0.0,29.07,28.7,0.0,STANDBY,0.0
2025-05-16 21:00:00,0.232,29.5,3.42,53.0,0.0,29.66,28.95,0.0,STANDBY,-1.58
2025-05-16 22:00:00,0.421,27.6,3.27,62.0,0.0,26.39,27.08,0.0,STANDBY,-5.81
2025-05-16 23:00:00,0.483,26.3,3.58,65.0,0.0,24.94,25.36,0.0,STANDBY,-3.67
2025-05-17 00:00:00,0.21,23.8,5.05,67.0,0.0,22.01,22.75,0.0,STANDBY,-9.63
2025-05-17 01:00:00,0.232,22.6,4.95,67.0,0.0,21.52,22.5,0.0,STANDBY,-3.23
2025-05-17 02:00:00,0.251,22.6,5.12,69.0,0.0,22.47,21.57,0.0,STANDBY,0.0
2025-05-17 03:00:00,0.305,22.4,4.94,68.0,0.0,21.65,21.12,0.0,STANDBY,0.0
2025-05-17 04:00:00,0.278,22.7,4.6,66.0,0.0,22.01,21.42,0.0,STANDBY,0.0
2025-05-17 05:00:00,0.196,22.8,4.73,65.0,0.0,21.79,22.9,0.0,STANDBY,-9.31
2025-05-17 06:00:00,0.171,24.0,5.38,63.0,68.9,24.87,23.44,0.0,RUN,329.17
2025-05-17 07:00:00,0.174,25.3,4.8,60.0,261.2,27.49,24.87,0.0,RUN,2397.83
2025-05-17 08:00:00,0.343,26.9,4.14,60.0,447.8,34.01,25.65,0.0,RUN,4543.37
2025-05-17 09:00:00,0.394,27.8,5.19,58.0,649.5,38.03,27.06,0.0,run,6625.47
2025-05-17 10:00:00,0.362,29.4,5.13,54.0,772.9,43.15,27.78,0.0,RUN,8130.57
2025-05-17 11:00:00,0.322,30.7,4.92,55.0,896.6,45.18,29.62,0.0,RUN,9259.72
2025-05-17 12:00:00,0.454,31.1,5.24,57.0,876.5,45.07,31.52,0.0,RUN,8982.16
2025-05-17 13:00:00,0.415,31.6,5.78,56.0,836.5,46.98,31.99,0.0,RUN,8676.78
2025-05-17 14:00:00,0.477,32.2,6.07,56.0,745.0,44.88,32.66,0.0,RUN,7454.81
2025-05-17 15:00:00,0.481,33.0,6.19,56.0,559.6,41.26,32.34,0.0,RUN,5754.49
2025-05-17 16:00:00,0.317,32.3,6.07,51.0,389.0,39.38,32.95,0.0, RUN ,3699.29
2025-05-17 17:00:00,0.356,31.4,6.03,57.0,169.0,34.49,31.88,0.0,RUN,1311.97
2025-05-17 18:00:00,0.223,32.0,5.39,54.0,19.4,30.99,31.15,0.0,RUN,-5.3
2025-05-17 19:00:00,0.241,31.1,4.76,58.0,0.0,29.48,30.58,0.0,STANDBY,-7.18
2025-05-17 20:00:00,0.261,29.7,4.71,60.0,0.0,28.52,29.33,0.0,STANDBY,-2.05
2025-05-17 21:00:00,0.165,28.2,4.24,61.0,0.0,27.25,27.73,0.0,standby,0.0
2025-05-17 22:00:00,0.187,26.1,4.56,63.0,0.0,27.03,25.63,0.0,STANDBY,-7.42
2025-05-17 23:00:00,0.219,24.1,4.38,61.0,0.0,23.65,24.93,0.0,STANDBY,0.0
2025-05-18 00:00:00,0.182,23.6,3.87,60.0,0.0,23.22,23.66,0.0,STANDBY,-6.39
2025-05-18 01:00:00,0.308,23.1,3.21,58.0,0.0,21.81,21.63,0.0,STANDBY,-11.4
2025-05-18 02:00:00,0.157,22.6,2.94,58.0,0.0,19.94,21.73,0.0, STANDBY ,-4.43
2025-05-18 03:00:00,0.346,22.4,2.68,59.0,0.0,22.36,21.09,0.0,STANDBY,0.0
2025-05-18 04:00:00,0.231,22.2,2.57,63.0,0.0,21.34,21.67,0.0,STANDBY,0.0
2025-05-18 05:00:00,0.134,23.0,2.94,59.0,0.0,22.56,21.81,0.0,STANDBY,-6.42
2025-05-18 06:00:00,0.181,24.3,2.93,54.0,66.3,24.55,23.38,0.0,RUN,295.55
2025-05-18 07:00:00,0.178,25.9,3.02,57.0,253.2,28.89,24.31,0.0,RUN,2436.1
2025-05-18 08:00:00,0.216,27.5,3.27,59.0,464.0,35.91,25.91,0.0,RUN,4862.87
2025-05-18 09:00:00,0.213,28.7,3.54,57.0,673.0,37.26,27.07,0.0,RUN,6971.03
2025-05-18 10:00:00,0.235,30.0,4.3,54.0,826.0,41.76,29.28,0.0,RUN,8451.07
2025-05-18 11:00:00,0.165,31.0,4.77,50.0,915.4,45.66,30.33,0.0,RUN,9489.15
2025-05-18 12:00:00,0.279,31.5,4.99,51.0,956.3,45.02,31.34,0.0,RUN,9632.97
2025-05-18 13:00:00,0.354,32.0,5.52,47.0,888.2,46.06,32.81,0.0,RUN,8962.54
2025-05-18 14:00:00,0.214,33.3,4.96,44.0,765.3,44.14,31.69,0.0,RUN,7849.4
2025-05-18 15:00:00,0.307,32.8,6.03,43.0,583.6,42.95,32.38,0.0,RUN,5947.82
2025-05-18 16:00:00,0.218,33.3,6.59,40.0,383.4,38.81,32.92,0.0,RUN,3778.2
2025-05-18 17:00:00,0.144,32.0,5.88,42.0,176.3,34.52,31.75,0.0,RUN,1363.68
2025-05-18 18:00:00,0.165,31.5,5.59,40.0,22.7,31.53,31.44,0.0,RUN,28.8
2025-05-18 19:00:00,0.222,30.3,4.64,40.0,0.0,28.9,29.6,0.0,STANDBY,0.0
2025-05-18 20:00:00,0.266,28.9,4.29,45.0,0.0,28.66,28.45,0.0,STANDBY,0.0
2025-05-18 21:00:00,0.327,27.8,4.0,48.0,0.0,27.64,26.82,0.0,STANDBY,0.0
2025-05-18 22:00:00,0.252,26.5,3.7,51.0,0.0,26.6,25.19,0.0,STANDBY,-7.97
2025-05-18 23:00:00,0.282,25.4,3.68,53.0,0.0,24.74,23.71,0.0,STANDBY,-3.65
2025-05-19 00:00:00,0.254,23.7,5.7,60.0,0.0,23.3,23.74,0.0,STANDBY,-8.86
2025-05-19 01:00:00,0.285,23.0,4.97,57.0,0.0,22.73,22.41,0.0,STANDBY,-1.81
2025-05-19 02:00:00,0.448,22.2,4.85,61.0,0.0,22.63,21.26,0.0,STANDBY,-9.12
2025-05-19 03:00:00,0.221,21.6,5.98,58.0,0.0,21.59,22.13,0.0,STANDBY,0.0
2025-05-19 04:00:00,0.382,21.7,5.67,58.0,0.0,22.42,21.5,0.0,STANDBY,0.0
2025-05-19 05:00:00,0.366,22.1,6.06,57.0,0.0,21.37,23.15,0.0,STANDBY,-10.82
2025-05-19 06:00:00,0.277,23.1,5.67,56.0,72.2,24.23,23.88,0.0,RUN,317.73
2025-05-19 07:00:00,0.342,23.9,5.32,52.0,251.3,29.01,24.76,0.0,RUN,2415.73
2025-05-19 08:00:00,0.311,25.3,5.37,52.0,472.4,34.97,25.91,0.0,RUN,4747.9
2025-05-19 09:00:00,0.299,26.7,5.33,50.0,696.9,40.3,27.52,0.0,run,6929.14
2025-05-19 10:00:00,0.208,28.2,6.26,46.0,841.5,42.63,29.01,0.0,run,8501.31
2025-05-19 11:00:00,0.081,29.9,5.99,38.0,915.4,45.15,30.48,0.0,RUN,9420.45
2025-05-19 12:00:00,0.226,30.7,5.67,42.0,947.1,47.29,31.43,0.0,RUN,9574.88
2025-05-19 13:00:00,0.207,31.3,6.21,38.0,899.3,45.55,32.47,0.0,RUN,9032.11
2025-05-19 14:00:00,0.111,31.9,6.09,35.0,798.0,45.25,32.82,0.0,RUN,7817.56
2025-05-19 15:00:00,0.16,31.6,6.76,38.0,602.4,39.98,33.21,0.0,RUN,5947.04
2025-05-19 16:00:00,0.258,31.2,6.9,42.0,385.4,39.37,32.69,0.0,,3748.24
2025-05-19 17:00:00,0.433,30.2,7.83,44.0,165.7,34.22,32.0,0.0,RUN,1309.62
2025-05-19 18:00:00,0.264,29.3,7.46,45.0,25.1,32.18,31.56,0.0,RUN,15.23
2025-05-19 19:00:00,0.1,28.9,6.26,49.0,0.0,29.69,29.85,0.0,STANDBY,-7.58
2025-05-19 20:00:00,0.141,28.4,5.2,50.0,0.0,27.95,28.69,0.0,STANDBY,0.0
2025-05-19 21:00:00,0.308,26.5,4.73,58.0,0.0,27.2,27.24,0.0,STANDBY,0.0
2025-05-19 22:00:00,0.231,25.6,4.27,58.0,0.0,26.16,25.63,0.0,STANDBY,-8.74
2025-05-19 23:00:00,0.222,24.3,4.1,61.0,0.0,24.88,24.54,0.0,STANDBY,0.0
2025-05-20 00:00:00,0.368,24.0,2.22,66.0,0.0,24.58,23.38,0.0,STANDBY,-7.96
2025-05-20 01:00:00,0.49,23.4,2.71,71.0,0.0,22.3,22.33,0.0,STANDBY,-9.92
2025-05-20 02:00:00,0.437,22.7,2.55,74.0,0.0,21.27,21.47,0.0,STANDBY,-3.2
2025-05-20 03:00:00,0.296,22.2,2.79,73.0,0.0,21.69,21.51,0.0,STANDBY,-9.98
2025-05-20 04:00:00,0.242,22.8,3.08,68.0,0.0,21.62,21.73,0.0,STANDBY,-6.28
2025-05-20 05:00:00,0.272,22.8,3.0,68.0,0.0,21.96,22.16,0.0,STANDBY,0.0
2025-05-20 06:00:00,0.45,24.4,2.83,67.0,57.9,24.51,23.27,0.0,RUN,263.72
2025-05-20 07:00:00,0.635,25.3,3.1,68.0,210.4,28.57,24.51,0.0,RUN,2060.38
2025-05-20 08:00:00,0.423,26.7,3.34,64.0,447.4,34.42,25.75,0.0,RUN,4468.37
2025-05-20 09:00:00,0.437,28.4,3.45,57.0,600.7,39.04,27.81,0.0,RUN,6323.89
2025-05-20 09:00:00,0.437,28.4,3.45,57.0,600.7,39.04,27.81,0.0,RUN,6323.89
2025-05-20 10:00:00,0.369,29.2,3.34,55.0,815.7,44.53,28.06,0.0,RUN,7929.2
2025-05-20 11:00:00,0.412,30.3,3.5,49.0,859.1,45.77,30.16,0.0,RUN,8805.7
2025-05-20 12:00:00,0.412,31.2,3.67,51.0,904.3,46.93,30.78,0.0,RUN,9053.25
2025-05-20 13:00:00,0.392,32.7,3.55,51.0,840.7,46.62,31.12,0.0,RUN,8625.57
2025-05-20 14:00:00,0.413,32.8,4.06,54.0,731.1,45.26,31.53,0.0,RUN,7427.37
2025-05-20 15:00:00,0.378,33.0,4.14,49.0,564.4,39.54,31.86,0.0,RUN,5778.51
2025-05-20 16:00:00,0.261,32.5,3.9,53.0,372.1,38.09,31.62,0.0,RUN,3658.27
2025-05-20 17:00:00,0.4,31.2,3.87,54.0,167.2,33.95,30.77,0.0,RUN,1283.88
2025-05-20 18:00:00,0.47,30.3,4.5,56.0,19.3,29.53,29.5,0.0,run,6.37
2025-05-20 19:00:00,0.549,30.0,3.78,58.0,0.0,30.45,29.6,0.0,standby,-7.35
2025-05-20 20:00:00,0.464,28.3,3.23,62.0,0.0,28.84,27.91,0.0,STANDBY,-8.6
2025-05-20 21:00:00,0.487,27.2,3.06,62.0,0.0,25.14,27.26,0.0,STANDBY,-2.82
2025-05-20 22:00:00,0.394,25.6,2.85,64.0,0.0,25.87,25.74,0.0,STANDBY,0.0
2025-05-20 23:00:00,0.251,24.2,3.09,62.0,0.0,23.57,23.9,0.0,STANDBY,0.0
2025-05-21 00:00:00,0.315,22.9,2.97,70.0,0.0,22.85,23.34,0.0,STANDBY,0.0
2025-05-21 01:00:00,0.532,22.2,2.79,75.0,0.0,22.39,22.62,0.0,STANDBY,0.0
2025-05-21 02:00:00,0.578,22.1,2.77,77.0,0.0,22.02,22.17,0.0,,-4.53
2025-05-21 03:00:00,0.667,21.9,2.77,77.0,0.0,20.21,22.4,0.0,STANDBY,0.0
2025-05-21 04:00:00,0.761,21.5,2.72,80.0,0.0,22.8,22.07,0.0,STANDBY,0.0
2025-05-21 05:00:00,0.485,22.5,2.67,79.0,0.0,23.38,22.96,0.0,STANDBY,0.0
2025-05-21 06:00:00,0.53,23.3,2.57,75.0,62.6,24.02,23.76,0.0,RUN,241.46
21-05-2025 07:00,0.521,24.8,2.77,73.0,243.4,30.37,25.82,0.0, RUN ,2342.6
2025-05-21 08:00:00,0.434,26.2,3.46,66.0,468.5,37.35,26.12,0.0,RUN,4716.45
2025-05-21 09:00:00,0.476,26.8,3.18,63.0,656.6,40.44,27.59,0.0,RUN,6601.92
2025-05-21 10:00:00,0.419,28.2,4.65,59.0,783.8,44.14,28.69,0.0,RUN,8208.37
2025-05-21 12:00:00,0.524,30.8,4.16,57.0,893.5,46.55,30.32,0.0,RUN,9138.74
2025-05-21 13:00:00,0.476,31.5,4.06,54.0,874.1,46.44,31.66,0.0,RUN,8600.05
2025-05-21 14:00:00,0.43,32.0,3.7,53.0,765.2,44.03,32.21,0.0,RUN,7413.0
2025-05-21 15:00:00,0.502,31.0,3.62,54.0,562.3,41.77,31.45,0.0,RUN,5570.91
2025-05-21 16:00:00,0.451,31.1,4.06,54.0,354.8,37.64,31.97,0.0,RUN,3506.35
2025-05-21 17:00:00,0.382,30.8,3.62,54.0,158.5,33.87,31.49,0.0,RUN,1292.98
2025-05-21 18:00:00,0.383,30.3,3.64,55.0,19.9,30.22,30.78,0.0,RUN,-3.17
2025-05-21 19:00:00,0.503,29.4,3.46,62.0,0.0,30.1,29.53,0.0,STANDBY,0.0
2025-05-21 20:00:00,0.546,28.0,3.23,67.0,0.0,29.47,29.25,0.0,STANDBY,-6.12
2025-05-21 21:00:00,0.427,26.9,3.39,68.0,0.0,27.91,26.79,0.0,STANDBY,-7.89
2025-05-21 22:00:00,0.31,25.5,3.35,69.0,0.0,26.02,26.1,0.0,standby,0.0
2025-05-21 23:00:00,0.222,23.9,3.11,70.0,0.0,25.7,25.42,0.0,STANDBY,0.0
2025-05-22 00:00:00,0.422,24.1,5.34,74.0,0.0,22.99,24.72,0.0,STANDBY,-2.29
2025-05-22 01:00:00,0.42,22.8,4.3,76.0,0.0,25.43,24.07,0.0,STANDBY,-2.4
2025-05-22 02:00:00,0.451,22.8,4.26,76.0,0.0,23.93,23.8,0.0,STANDBY,-7.49
2025-05-22 03:00:00,0.415,23.3,4.57,75.0,0.0,22.75,22.13,0.0,STANDBY,0.0
2025-05-22 04:00:00,0.44,23.4,5.25,71.0,0.0,22.32,23.19,0.0,STANDBY,-9.22
2025-05-22 05:00:00,0.467,23.9,5.19,70.0,0.0,24.34,24.83,0.0,STANDBY,-4.55
2025-05-22 06:00:00,0.435,24.7,6.19,66.0,66.1,25.93,25.55,0.0,RUN,217.74
2025-05-22 07:00:00,0.386,25.6,6.35,63.0,246.3,29.04,25.99,0.0,,2227.34
2025-05-22 08:00:00,0.403,27.3,5.67,57.0,457.2,36.51,27.6,0.0,run,4575.2
2025-05-22 09:00:00,0.466,29.1,5.5,58.0,654.5,42.89,28.79,0.0,RUN,6460.07
22-05-2025 10:00,0.542,29.9,5.59,59.0,745.7,42.07,30.03,0.0,RUN,7460.66
2025-05-22 11:00:00,0.602,30.4,5.9,58.0,769.6,44.66,30.52,0.0,RUN,7967.05
2025-05-22 12:00:00,0.497,32.0,7.02,53.0,898.6,47.16,32.58,0.0,RUN,8776.63
2025-05-22 13:00:00,0.484,32.9,7.59,51.0,828.6,47.56,32.71,0.0,RUN,8538.58
2025-05-22 14:00:00,0.69,33.7,8.16,52.0,670.8,43.95,33.3,0.0,RUN,7030.19
2025-05-22 15:00:00,0.757,33.3,6.57,52.0,-999.0,40.53,-999.0,0.0,RUN,4485.55
2025-05-22 16:00:00,0.661,33.3,6.4,54.0,331.3,40.09,33.12,0.0,RUN,3316.92
2025-05-22 17:00:00,0.822,32.4,5.47,56.0,115.8,35.52,32.18,0.0,RUN,1010.89
22-05-2025 19:00,0.776,30.7,4.41,60.0,0.0,30.83,30.06,0.0,STANDBY,-10.97
2025-05-22 20:00:00,0.774,29.5,3.71,61.0,0.0,29.67,30.11,0.0,STANDBY,0.0
2025-05-22 21:00:00,0.67,28.8,4.56,64.0,0.0,27.77,28.31,0.0,STANDBY,0.0
2025-05-22 22:00:00,0.743,27.3,4.91,69.0,0.0,27.34,27.18,0.0,STANDBY,0.0
2025-05-22 23:00:00,0.519,25.3,4.54,70.0,0.0,25.15,26.44,0.0,STANDBY,0.0
2025-05-23 00:00:00,0.491,23.2,4.58,68.0,0.0,22.96,24.66,0.0,STANDBY,-6.28
2025-05-23 01:00:00,0.702,22.5,3.97,71.0,0.0,22.8,23.83,0.0,STANDBY,-9.07
2025-05-23 02:00:00,0.723,21.9,4.53,71.0,0.0,23.35,23.11,0.0,STANDBY,-6.38
2025-05-23 03:00:00,0.79,22.0,4.89,73.0,0.0,22.97,22.99,0.0,standby,-8.02
2025-05-23 04:00:00,0.66,22.6,3.71,70.0,0.0,24.19,23.08,0.0,STANDBY,-3.24
2025-05-23 05:00:00,0.608,22.5,4.47,66.0,0.0,23.58,23.76,0.0,STANDBY,-4.7
2025-05-23 06:00:00,0.644,23.7,3.96,68.0,53.6,26.09,24.73,0.0,RUN,227.09
2025-05-23 07:00:00,0.649,24.3,3.94,63.0,210.7,31.54,25.96,0.0,RUN,1896.52
2025-05-23 08:00:00,0.405,25.1,4.01,59.0,426.6,35.86,27.31,0.0,RUN,4327.41
2025-05-23 09:00:00,0.402,26.6,4.34,54.0,594.4,40.83,28.76,0.0,RUN,6035.35
2025-05-23 10:00:00,0.407,27.7,4.89,51.0,730.5,42.96,30.06,0.0,,7210.62
2025-05-23 11:00:00,0.641,28.9,5.02,53.0,655.7,45.06,31.7,0.0,run,6717.23
2025-05-23 12:00:00,0.731,29.9,4.94,49.0,682.1,43.79,31.77,0.0,RUN,7064.1
2025-05-23 13:00:00,0.571,30.8,5.8,48.0,762.5,44.94,32.12,0.0,RUN,7757.31
2025-05-23 14:00:00,0.427,31.1,6.29,43.0,718.4,45.52,33.11,0.0,RUN,7382.07
2025-05-23 15:00:00,0.632,31.0,5.41,46.0,508.5,39.88,33.01,0.0,RUN,5155.69
2025-05-23 16:00:00,0.625,31.4,4.86,46.0,327.6,38.17,33.09,0.0,RUN,3157.06
2025-05-23 17:00:00,0.555,30.7,4.48,46.0,165.3,34.98,32.36,0.0,RUN,1282.23
2025-05-23 18:00:00,0.701,30.4,3.91,51.0,20.6,31.84,31.44,0.0,RUN,-6.39
2025-05-23 19:00:00,0.792,29.2,4.25,55.0,0.0,29.73,30.0,0.0,STANDBY,-9.65
2025-05-23 20:00:00,0.88,28.2,3.78,58.0,0.0,28.38,29.22,0.0,STANDBY,-2.08
2025-05-23 21:00:00,0.848,27.3,3.46,64.0,0.0,27.45,28.84,0.0,STANDBY,-3.67
2025-05-23 22:00:00,0.715,26.2,3.4,64.0,0.0,27.49,26.7,0.0,STANDBY,-7.57
2025-05-23 23:00:00,0.698,24.3,3.47,66.0,0.0,25.68,26.61,0.0,STANDBY,0.0
2025-05-24 00:00:00,0.881,26.9,2.69,72.0,0.0,26.04,26.49,0.0,STANDBY,0.0
2025-05-24 01:00:00,0.71,26.8,2.55,71.0,0.0,25.9,25.56,0.0,STANDBY,-10.34
2025-05-24 03:00:00,0.589,26.0,2.07,74.0,0.0,23.36,24.64,0.0,STANDBY,-6.0
2025-05-24 04:00:00,0.604,25.8,2.06,72.0,0.0,23.81,25.07,0.0,STANDBY,0.0
2025-05-24 05:00:00,0.582,25.9,2.63,71.0,0.0,27.48,25.36,0.0,STANDBY,0.0
2025-05-24 06:00:00,0.67,27.2,2.27,72.0,67.9,27.95,26.19,0.0,,309.79
2025-05-24 07:00:00,0.684,27.4,2.58,70.0,231.4,32.06,27.4,0.0,RUN,2112.76
2025-05-24 08:00:00,0.809,28.5,2.29,69.0,325.7,35.69,28.45,0.0,,3387.23
2025-05-24 10:00:00,0.895,32.0,3.0,63.0,569.9,42.83,31.43,0.0,RUN,5863.28
2025-05-24 11:00:00,0.859,32.8,2.73,60.0,743.0,47.99,32.98,0.0,RUN,7786.26
2025-05-24 12:00:00,0.794,33.6,2.93,59.0,756.8,47.15,33.22,0.0,,7770.81
2025-05-24 13:00:00,0.672,34.6,3.23,58.0,756.3,48.36,33.59,0.0,RUN,7720.21
2025-05-24 14:00:00,0.631,35.5,3.14,54.0,696.0,46.92,34.13,0.0,,7209.22
2025-05-24 15:00:00,0.59,35.0,3.04,52.0,541.7,45.44,34.75,0.0,RUN,5471.8
2025-05-24 16:00:00,0.626,34.6,3.2,49.0,346.5,40.85,34.09,0.0,RUN,3412.69
2025-05-24 17:00:00,0.694,34.7,2.99,54.0,149.5,37.57,33.9,0.0,RUN,1160.76
2025-05-24 18:00:00,0.628,33.9,3.02,57.0,19.8,33.61,32.68,0.0,RUN,10.95
2025-05-24 19:00:00,0.643,32.9,3.13,65.0,0.0,32.09,32.14,0.5,STANDBY,-4.55
2025-05-24 20:00:00,0.675,32.6,3.24,64.0,0.0,31.32,32.1,8.2,STANDBY,-3.12
2025-05-24 21:00:00,0.794,31.6,2.88,70.0,0.0,30.23,30.08,9.8,STANDBY,-6.34
2025-05-24 22:00:00,0.848,30.1,2.35,74.0,0.0,28.47,28.85,2.7,STANDBY,-10.21
2025-05-24 23:00:00,0.879,28.6,2.59,74.0,0.0,26.94,26.75,0.0,STANDBY,0.0
2025-05-25 00:00:00,0.698,26.1,3.23,70.0,0.0,25.36,25.86,0.0,STANDBY,-6.67
2025-05-25 01:00:00,0.659,25.5,4.09,73.0,0.0,24.25,25.18,0.0,STANDBY,-8.27
2025-05-25 02:00:00,0.696,24.8,4.26,72.0,0.0,24.37,25.27,0.0,STANDBY,0.0
2025-05-25 03:00:00,0.521,24.6,4.08,72.0,0.0,24.04,24.75,0.0,STANDBY,-10.43
2025-05-25 04:00:00,0.666,24.8,4.84,73.0,0.0,23.99,24.79,0.0,STANDBY,0.0
2025-05-25 05:00:00,0.687,25.7,4.39,72.0,0.0,23.88,25.91,0.0,STANDBY,0.0
2025-05-25 06:00:00,0.755,26.1,4.82,68.0,40.4,27.29,25.65,0.0,RUN,167.71
2025-05-25 07:00:00,0.881,26.8,5.1,68.0,131.4,30.83,27.29,0.0,RUN,1195.89
2025-05-25 08:00:00,0.748,28.1,5.84,65.0,285.7,34.75,28.65,0.0,RUN,2955.77
2025-05-25 09:00:00,0.764,29.4,5.05,60.0,420.2,40.04,29.55,0.0,RUN,4433.15
2025-05-25 10:00:00,0.656,30.4,5.32,59.0,616.6,42.55,30.74,0.0,RUN,6614.36
2025-05-25 11:00:00,0.585,31.1,6.51,56.0,762.5,46.85,31.29,0.0,RUN,7807.34
2025-05-25 12:00:00,0.598,31.7,5.97,59.0,734.8,46.0,32.82,0.0,RUN,7511.9
2025-05-25 13:00:00,0.651,32.5,5.8,57.0,9999.0,43.44,33.83,0.0,RUN,6797.4
2025-05-25 14:00:00,0.665,32.9,4.95,59.0,530.8,42.41,34.15,0.0,RUN,5455.91
2025-05-25 15:00:00,0.67,32.9,4.33,57.0,432.3,41.82,32.93,0.0,RUN,4428.48
2025-05-25 16:00:00,0.605,33.7,4.2,55.0,292.8,36.57,33.71,0.0,RUN,2833.62
2025-05-25 17:00:00,0.508,33.5,4.29,57.0,145.8,35.21,33.33,0.0,RUN,1209.8
2025-05-25 18:00:00,0.571,33.0,4.0,54.0,14.9,32.47,32.5,0.0,RUN,16.61
2025-05-25 19:00:00,0.715,31.9,3.87,56.0,0.0,32.87,32.13,0.0,STANDBY,-2.57
2025-05-25 20:00:00,0.635,30.3,3.48,59.0,0.0,30.41,30.69,0.0,STANDBY,-9.33
25-05-2025 21:00,0.551,29.0,3.54,61.0,0.0,30.13,30.38,0.0,STANDBY,0.0
2025-05-25 22:00:00,0.622,26.8,4.52,64.0,0.0,27.93,28.37,0.0,,0.0
2025-05-25 23:00:00,0.523,25.9,4.34,68.0,0.0,27.98,26.62,0.0,STANDBY,0.0
2025-05-26 00:00:00,0.359,23.4,6.21,77.0,0.0,26.11,25.65,0.0,STANDBY,-2.26
2025-05-26 01:00:00,0.235,23.3,7.17,77.0,0.0,24.8,25.14,0.0,STANDBY,-7.52
2025-05-26 02:00:00,0.252,23.4,7.12,80.0,0.0,24.96,24.2,0.0,STANDBY,-11.12
2025-05-26 03:00:00,0.416,23.4,6.75,82.0,0.0,24.86,23.38,0.0,standby,0.0
2025-05-26 04:00:00,0.553,23.1,7.25,87.0,0.0,24.78,25.13,0.0,STANDBY,-2.86
2025-05-26 05:00:00,0.563,24.0,6.21,84.0,0.0,25.26,24.99,0.0, STANDBY ,-1.62
2025-05-26 06:00:00,0.35,24.7,6.73,80.0,52.3,25.42,25.26,0.0,RUN,280.21
2025-05-26 07:00:00,0.399,25.7,6.83,76.0,228.7,30.54,26.56,0.0,RUN,2106.48
2025-05-26 08:00:00,0.515,26.8,6.88,73.0,376.9,34.25,27.64,0.0,RUN,3789.25
2025-05-26 09:00:00,0.472,28.5,6.23,66.0,568.8,40.02,29.31,0.0,RUN,6072.86
2025-05-26 10:00:00,0.447,29.6,6.82,63.0,765.0,42.56,30.85,0.0,RUN,7841.42
2025-05-26 11:00:00,0.486,30.1,7.5,63.0,851.2,45.13,31.96,0.0,RUN,8496.43
2025-05-26 12:00:00,0.521,31.7,7.62,61.0,-999.0,47.89,32.86,0.0,RUN,8477.15
2025-05-26 13:00:00,0.38,31.9,7.62,55.0,809.9,45.86,32.96,0.0,RUN,8510.39
2025-05-26 14:00:00,0.634,31.8,6.84,57.0,669.8,44.88,33.35,0.0,RUN,6987.33
2025-05-26 15:00:00,0.601,31.3,7.16,57.0,517.1,42.19,34.1,0.0,RUN,5341.99
2025-05-26 15:00:00,0.601,31.3,7.16,57.0,517.1,42.19,34.1,0.0,RUN,5875.79
2025-05-26 16:00:00,0.594,30.9,7.25,56.0,350.0,39.08,32.92,0.0,RUN,3463.23
2025-05-26 17:00:00,0.578,30.5,7.93,60.0,161.0,34.64,33.55,0.0,RUN,1209.85
2025-05-26 18:00:00,0.641,29.8,8.02,64.0,19.7,32.83,31.94,0.0,RUN,-8.75
2025-05-26 19:00:00,0.673,29.8,6.69,63.0,0.0,31.71,30.54,0.0,STANDBY,-4.73
2025-05-26 20:00:00,0.674,28.2,5.99,67.0,0.0,31.2,30.94,0.0,STANDBY,0.0
2025-05-26 21:00:00,0.43,27.6,6.17,68.0,0.0,30.2,29.78,0.0,STANDBY,-11.36
2025-05-26 22:00:00,0.4,25.7,7.37,69.0,0.0,28.4,28.53,0.0,STANDBY,0.0
2025-05-26 23:00:00,0.377,24.3,8.51,69.0,0.0,27.31,26.58,0.0,STANDBY,-4.87
2025-05-27 00:00:00,0.568,25.4,5.29,72.0,0.0,26.97,26.92,0.0,STANDBY,-7.76
2025-05-27 01:00:00,0.467,25.2,5.61,77.0,0.0,27.05,25.71,0.0,STANDBY,-7.46
2025-05-27 02:00:00,0.739,24.7,5.67,83.0,0.0,26.54,25.7,0.0,STANDBY,0.0
2025-05-27 03:00:00,0.527,24.7,5.58,81.0,0.0,25.13,24.43,0.0,STANDBY,-2.5
2025-05-27 04:00:00,0.411,25.1,5.44,78.0,0.0,25.8,25.23,0.0,STANDBY,-999.0
2025-05-27 05:00:00,0.496,25.5,6.23,77.0,0.0,25.54,26.31,0.0,standby,0.0
2025-05-27 06:00:00,0.637,26.3,5.58,79.0,55.8,27.18,26.01,0.0,RUN,242.49
2025-05-27 07:00:00,0.341,26.9,5.5,73.0,233.1,30.76,28.76,0.0,run,2166.99
2025-05-27 08:00:00,0.544,28.7,5.4,74.0,369.0,37.15,28.82,0.0,RUN,3850.67
2025-05-27 09:00:00,0.463,30.3,4.44,68.0,559.5,40.43,30.29,0.0,RUN,5764.39
2025-05-27 10:00:00,0.475,31.4,4.69,64.0,782.9,45.07,30.98,0.0,RUN,7685.67
2025-05-27 11:00:00,0.518,32.1,4.66,58.0,787.4,47.74,32.25,0.0,RUN,8214.0
2025-05-27 12:00:00,0.608,32.3,4.82,57.0,679.2,45.14,33.23,0.0,RUN,6959.9
2025-05-27 13:00:00,0.473,32.8,4.79,53.0,681.0,45.07,34.59,0.0,RUN,7130.85
2025-05-27 14:00:00,0.54,33.2,5.11,53.0,525.1,43.32,33.76,0.0,RUN,5603.0
2025-05-27 15:00:00,0.493,33.7,5.22,50.0,469.7,42.12,34.13,0.0,RUN,4881.04
2025-05-27 16:00:00,0.364,33.9,4.94,52.0,366.4,40.4,33.81,0.0,RUN,3384.41
2025-05-27 17:00:00,0.535,33.5,4.75,56.0,151.1,36.06,33.87,0.0,RUN,1288.51
2025-05-27 18:00:00,0.541,32.9,4.53,56.0,20.8,34.47,32.99,0.0,RUN,0.0
2025-05-27 19:00:00,0.521,31.8,4.18,55.0,0.0,31.7,33.0,0.0,STANDBY,-7.63
2025-05-27 20:00:00,0.517,30.6,4.0,61.0,0.0,30.3,31.37,0.0,STANDBY,0.0
2025-05-27 21:00:00,0.655,29.7,3.84,69.0,0.0,29.75,30.25,0.0,STANDBY,-10.38
2025-05-27 22:00:00,0.687,28.6,4.0,70.0,0.0,28.5,28.34,0.0,STANDBY,0.0
2025-05-27 23:00:00,0.594,27.7,4.19,71.0,0.0,27.48,27.95,0.0,STANDBY,-6.21
2025-05-28 00:00:00,0.556,26.6,3.99,76.0,0.0,25.95,26.1,0.0,STANDBY,-10.9
2025-05-28 01:00:00,0.461,26.3,4.23,78.0,0.0,25.3,25.42,0.0,STANDBY,-8.29
2025-05-28 02:00:00,0.522,25.5,4.16,78.0,0.0,24.31,24.75,0.0,standby,-9.17
2025-05-28 03:00:00,0.596,25.1,4.39,81.0,0.0,22.21,24.5,0.0,STANDBY,0.0
2025-05-28 04:00:00,0.415,25.1,3.6,76.0,0.0,23.84,24.35,0.0,STANDBY,-7.04
2025-05-28 05:00:00,0.383,26.4,3.3,75.0,0.0,26.69,25.47,0.0,,-6.59
2025-05-28 06:00:00,0.321,27.2,3.35,73.0,69.8,26.85,25.95,0.0,RUN,253.09
2025-05-28 07:00:00,0.367,28.0,3.26,71.0,253.4,31.28,27.14,0.0,RUN,2388.09
2025-05-28 08:00:00,0.357,29.4,2.88,68.0,452.4,40.04,28.47,0.0,RUN,4688.76
2025-05-28 09:00:00,0.319,30.2,3.51,67.0,648.9,42.3,30.25,0.0,RUN,6734.96
2025-05-28 10:00:00,0.244,32.1,4.07,63.0,818.2,44.69,31.48,0.0,RUN,8324.82
2025-05-28 11:00:00,0.263,32.6,4.5,60.0,882.2,47.56,31.95,0.0,RUN,9077.04
2025-05-28 12:00:00,0.415,33.9,5.55,60.0,831.9,46.26,32.72,0.0,RUN,8536.41
2025-05-28 13:00:00,0.416,34.6,5.09,59.0,778.8,46.02,33.09,0.0,RUN,7847.36
2025-05-28 14:00:00,0.455,35.0,4.6,57.0,644.2,43.23,33.79,0.0,RUN,6829.57
2025-05-28 15:00:00,0.406,35.4,3.71,55.0,561.8,42.85,33.58,0.0,RUN,5679.01
2025-05-28 16:00:00,0.399,35.5,3.52,56.0,360.1,38.39,33.89,0.0,RUN,3594.31
2025-05-28 17:00:00,0.519,34.3,3.67,59.0,157.3,35.25,32.4,0.0,RUN,1274.27
2025-05-28 19:00:00,0.441,32.7,3.17,65.0,0.0,32.43,31.26,0.0,STANDBY,-7.47
2025-05-28 20:00:00,0.258,32.3,3.11,63.0,0.0,29.44,30.37,0.0,STANDBY,0.0
2025-05-28 21:00:00,0.213,30.6,2.62,64.0,0.0,29.63,29.97,0.0,STANDBY,-10.75
2025-05-28 22:00:00,0.203,28.9,2.42,65.0,0.0,27.19,27.79,0.0,STANDBY,0.0
2025-05-28 23:00:00,0.271,28.1,2.98,67.0,0.0,26.8,27.16,0.0,STANDBY,-5.27
2025-05-29 00:00:00,0.591,24.4,3.57,78.0,0.0,24.27,24.43,0.0,STANDBY,-9.16
2025-05-29 01:00:00,0.456,23.8,3.96,80.0,0.0,23.46,22.69,0.0,STANDBY,0.0
2025-05-29 02:00:00,0.408,23.2,4.09,79.0,0.0,22.86,23.82,0.0,STANDBY,-6.27
2025-05-29 03:00:00,0.475,23.4,4.01,82.0,0.0,22.77,23.01,0.0,STANDBY,0.0
2025-05-29 04:00:00,0.51,24.1,3.49,81.0,0.0,21.63,22.56,0.0,STANDBY,-6.65
2025-05-29 06:00:00,0.572,25.3,4.01,79.0,67.5,25.99,25.08,0.0,RUN,291.75
2025-05-29 07:00:00,0.537,26.0,4.22,76.0,248.2,31.53,25.55,0.0,RUN,2309.88
2025-05-29 08:00:00,0.557,27.6,3.65,71.0,467.9,35.29,27.18,0.0,RUN,4681.57
2025-05-29 09:00:00,0.449,29.2,3.36,67.0,672.1,39.72,28.27,0.0,RUN,6749.24
2025-05-29 10:00:00,0.499,30.2,4.17,61.0,806.7,43.93,29.14,0.0,RUN,7979.52
2025-05-29 11:00:00,0.377,30.3,4.58,61.0,903.6,45.96,29.8,0.0,RUN,8909.55
2025-05-29 12:00:00,0.31,31.2,6.58,57.0,921.4,45.46,30.43,0.0,RUN,9335.82
2025-05-29 13:00:00,0.25,32.2,6.08,47.0,862.4,46.39,31.75,0.0,RUN,8893.43
2025-05-29 14:00:00,0.207,32.6,4.97,48.0,766.5,44.26,32.19,0.0,RUN,7629.65
29-05-2025 15:00,0.148,32.8,5.22,48.0,577.6,42.36,32.25,0.0,RUN,5968.91
2025-05-29 16:00:00,0.176,32.5,5.18,47.0,370.1,38.54,32.94,0.0,RUN,3757.28
2025-05-29 17:00:00,0.196,32.0,3.99,51.0,170.1,32.45,31.42,0.0,RUN,1314.46
29-05-2025 18:00,0.341,30.8,4.54,55.0,20.9,32.42,31.0,0.0,RUN,18.77
2025-05-29 19:00:00,0.322,29.2,3.59,60.0,0.0,29.14,29.99,0.0,STANDBY,-3.47
2025-05-29 20:00:00,0.425,27.7,3.3,64.0,0.0,27.42,28.19,0.0,STANDBY,0.0
2025-05-29 21:00:00,0.499,26.8,3.31,65.0,0.0,28.76,27.86,0.0,STANDBY,-2.37
2025-05-29 22:00:00,0.503,25.3,3.2,73.0,0.0,25.56,26.75,0.0,STANDBY,0.0
2025-05-29 23:00:00,0.643,24.5,3.76,79.0,0.0,26.55,25.22,0.0,STANDBY,0.0
2025-05-30 00:00:00,0.686,23.9,3.02,84.0,0.0,24.5,24.24,0.0,standby,-6.53
2025-05-30 01:00:00,0.461,22.7,3.38,82.0,0.0,23.63,22.66,0.0,STANDBY,0.0
2025-05-30 02:00:00,0.754,22.3,3.03,86.0,0.0,22.28,23.73,0.0,STANDBY,0.0
2025-05-30 03:00:00,0.754,22.6,3.71,87.0,0.0,23.8,23.48,0.0,STANDBY,-4.85
2025-05-30 04:00:00,0.683,23.1,3.05,85.0,0.0,23.3,23.26,0.0,STANDBY,0.0
2025-05-30 05:00:00,0.592,23.9,2.36,82.0,0.0,23.93,24.56,0.0,STANDBY,0.0
2025-05-30 06:00:00,0.498,25.2,2.34,77.0,65.5,25.93,25.11,0.0,RUN,279.5
2025-05-30 07:00:00,0.389,26.1,2.91,73.0,243.9,30.59,25.6,0.0,RUN,2388.12
2025-05-30 08:00:00,0.467,26.8,2.69,68.0,439.7,37.0,26.95,0.2,RUN,4615.86
2025-05-30 09:00:00,0.601,27.6,2.51,65.0,619.5,43.21,28.72,0.0,run,6169.29
2025-05-30 10:00:00,0.639,29.1,2.87,61.0,715.6,43.05,28.66,0.2,RUN,7316.53
2025-05-30 11:00:00,0.787,30.1,3.08,62.0,748.5,46.07,30.06,0.2,RUN,7763.38
2025-05-30 12:00:00,0.72,31.2,3.77,57.0,784.7,44.55,31.07,0.3,RUN,7964.51
2025-05-30 13:00:00,0.53,32.3,5.17,53.0,842.0,49.08,32.2,0.2,RUN,8402.54
2025-05-30 14:00:00,0.526,32.7,5.05,52.0,694.7,44.87,32.38,0.0,RUN,7387.47
2025-05-30 15:00:00,0.648,32.4,4.65,53.0,556.4,40.84,32.25,0.0,RUN,5659.91
2025-05-30 16:00:00,0.655,31.9,4.89,51.0,353.4,40.54,32.21,0.0,,3529.7
2025-05-30 17:00:00,0.587,31.4,4.9,57.0,162.1,34.58,32.02,0.0,RUN,1425.94
2025-05-30 18:00:00,0.653,30.9,4.74,59.0,23.1,30.56,31.51,0.0,RUN,13.74
2025-05-30 19:00:00,0.74,29.8,4.49,61.0,0.0,29.86,30.29,0.0,STANDBY,-4.54
2025-05-30 20:00:00,0.553,28.7,3.48,62.0,0.0,30.17,28.83,0.0,STANDBY,0.0
2025-05-30 21:00:00,0.598,28.3,4.45,64.0,0.0,29.17,27.8,0.0,STANDBY,0.0
2025-05-30 22:00:00,0.462,27.8,4.07,68.0,0.0,27.33,27.04,0.0,STANDBY,0.0
2025-05-30 23:00:00,0.727,25.8,4.32,73.0,0.0,-999.0,25.72,0.0,STANDBY,0.0
2025-05-31 00:00:00,0.489,23.6,4.52,74.0,0.0,23.17,24.75,0.0,STANDBY,-9.04
2025-05-31 01:00:00,0.527,23.0,3.76,79.0,0.0,22.66,24.43,0.0,STANDBY,-9.42
2025-05-31 02:00:00,0.538,23.0,3.92,78.0,0.0,22.98,23.22,0.0,STANDBY,0.0
2025-05-31 03:00:00,0.757,22.9,3.31,82.0,0.0,22.82,22.71,0.0,STANDBY,-8.58
2025-05-31 04:00:00,0.605,22.6,3.51,82.0,0.0,24.19,22.82,0.0,STANDBY,-6.31
2025-05-31 05:00:00,0.615,23.5,3.84,80.0,0.0,23.21,24.02,0.0,STANDBY,0.0
2025-05-31 06:00:00,0.458,23.9,3.36,79.0,71.0,25.56,24.28,0.0,RUN,243.63
2025-05-31 07:00:00,0.393,25.0,3.38,73.0,249.0,29.77,25.36,0.0,RUN,2369.68
2025-05-31 08:00:00,0.438,26.5,3.12,69.0,445.2,34.17,26.32,0.0,RUN,4648.34
2025-05-31 09:00:00,0.5,27.6,2.94,63.0,618.9,41.11,28.67,0.0,RUN,6629.53
2025-05-31 10:00:00,0.679,28.4,3.15,62.0,682.3,42.39,28.95,0.0,RUN,7389.17
2025-05-31 11:00:00,0.729,29.1,3.26,64.0,734.7,43.06,30.6,0.0,run,7702.61
2025-05-31 12:00:00,0.613,30.5,3.58,61.0,818.0,46.43,30.45,0.0,RUN,8703.8
2025-05-31 13:00:00,0.551,31.4,3.82,58.0,799.3,44.68,31.28,0.0,RUN,8361.72
2025-05-31 14:00:00,0.477,31.5,4.52,59.0,712.0,43.97,31.72,0.0,run,7392.09
2025-05-31 15:00:00,0.291,31.9,4.02,57.0,566.6,39.71,31.99,0.0,RUN,5928.22
2025-05-31 16:00:00,0.215,32.8,4.55,59.0,380.5,39.37,32.07,0.0,RUN,3796.35
2025-05-31 17:00:00,0.339,32.5,4.7,62.0,168.2,33.65,31.57,0.0,RUN,1406.56
2025-05-31 18:00:00,0.361,32.0,3.76,66.0,24.0,31.36,30.59,0.0,RUN,35.89
2025-05-31 19:00:00,0.414,30.6,4.28,71.0,0.0,28.08,29.81,0.0,STANDBY,-10.9
2025-05-31 20:00:00,0.368,29.5,3.85,72.0,0.0,28.37,29.12,0.0,STANDBY,0.0
2025-05-31 21:00:00,0.31,28.2,3.02,73.0,0.0,28.18,27.41,0.0,STANDBY,-5.43
2025-05-31 22:00:00,0.307,27.1,3.25,77.0,0.0,26.59,26.63,0.0,STANDBY,-3.17
2025-05-31 23:00:00,0.333,25.8,3.34,79.0,0.0,26.64,25.51,0.0,STANDBY,0.0
2025-06-01 00:00:00,0.497,25.0,2.09,84.0,0.0,23.61,24.26,0.0,STANDBY,-7.63
2025-06-01 01:00:00,0.694,24.5,1.81,85.0,0.0,25.19,22.84,0.0,STANDBY,0.0
2025-06-01 02:00:00,0.739,23.9,2.04,89.0,0.0,21.43,22.75,0.0,STANDBY,0.0
2025-06-01 03:00:00,0.602,23.8,1.93,84.0,0.0,22.16,22.82,0.0,STANDBY,-3.51
2025-06-01 04:00:00,0.467,23.6,2.51,80.0,0.0,22.96,22.8,0.0,STANDBY,-9.98
2025-06-01 05:00:00,0.445,24.4,1.89,79.0,0.0,22.58,23.23,0.0,STANDBY,-9.77
2025-06-01 06:00:00,0.652,24.5,2.18,80.0,66.9,25.18,24.32,0.0,RUN,211.21
2025-06-01 07:00:00,0.75,25.1,2.09,75.0,224.3,29.12,25.95,0.0,RUN,2127.16
2025-06-01 08:00:00,0.613,26.2,2.11,69.0,452.3,36.32,26.04,0.0,RUN,4605.98
2025-06-01 09:00:00,0.513,27.4,1.83,69.0,659.0,39.97,28.15,0.0,RUN,6786.01
2025-06-01 10:00:00,0.67,27.9,2.12,68.0,759.2,41.78,28.25,0.0,RUN,7795.53
2025-06-01 11:00:00,0.606,29.0,2.32,63.0,822.2,45.12,29.18,0.0,RUN,22680.46
2025-06-01 12:00:00,0.394,30.4,2.48,59.0,943.9,47.66,30.95,0.0,RUN,9398.05
2025-06-01 13:00:00,0.459,30.6,2.89,57.0,877.7,45.05,31.29,0.0,RUN,8801.02
2025-06-01 14:00:00,0.525,30.7,3.4,58.0,723.8,43.22,-999.0,0.0,RUN,7462.12
2025-06-01 15:00:00,0.413,31.1,3.55,57.0,572.6,39.83,32.19,0.0,RUN,5901.1
2025-06-01 16:00:00,0.299,31.3,3.32,56.0,382.0,37.89,31.13,0.0,RUN,3810.95
2025-06-01 17:00:00,0.448,30.5,3.2,60.0,167.5,33.96,30.98,0.0,run,1410.75
2025-06-01 18:00:00,0.631,29.5,2.88,61.0,27.8,30.69,29.89,0.0,RUN,10.58
2025-06-01 19:00:00,0.429,29.4,2.43,63.0,0.0,28.18,30.08,0.0,STANDBY,0.0
2025-06-01 20:00:00,0.643,28.6,2.33,65.0,0.0,30.24,28.05,0.0,STANDBY,0.0
2025-06-01 21:00:00,0.434,27.6,1.87,67.0,0.0,27.99,26.81,0.0,STANDBY,-8.38
2025-06-01 22:00:00,0.643,26.4,2.04,78.0,0.0,25.91,26.8,0.0,STANDBY,-4.36
2025-06-01 23:00:00,0.58,25.2,1.95,79.0,0.0,24.94,25.5,0.0,STANDBY,-8.15
2025-06-02 00:00:00,0.505,23.8,3.35,77.0,0.0,22.43,23.63,0.0,STANDBY,-10.78
2025-06-02 01:00:00,0.543,23.2,3.01,77.0,0.0,22.27,22.26,0.0,STANDBY,0.0
2025-06-02 02:00:00,0.471,22.8,3.03,76.0,0.0,22.63,22.23,0.0,STANDBY,-9.37
2025-06-02 03:00:00,0.418,22.6,3.63,72.0,0.0,23.05,22.51,0.0,STANDBY,-3.1
2025-06-02 04:00:00,0.431,22.8,3.42,74.0,0.0,22.89,22.04,0.0,STANDBY,-9.08
2025-06-02 05:00:00,0.508,23.6,3.73,74.0,0.0,21.38,22.29,0.0,STANDBY,-9.85
2025-06-02 06:00:00,0.448,23.8,3.66,74.0,66.0,24.17,24.04,0.0,RUN,263.1
2025-06-02 07:00:00,0.3,24.4,3.0,69.0,247.0,29.36,24.48,0.0,RUN,2346.15
2025-06-02 08:00:00,0.284,25.3,3.28,64.0,458.7,32.22,26.23,0.0,RUN,4732.84
2025-06-02 09:00:00,0.33,27.3,3.65,61.0,629.5,39.81,26.63,0.0,RUN,6748.08
2025-06-02 10:00:00,0.588,28.5,3.96,60.0,738.7,41.18,28.17,0.0,RUN,7662.53
2025-06-02 11:00:00,0.324,29.8,4.36,55.0,889.6,42.82,29.24,0.0,RUN,9033.79
2025-06-02 12:00:00,0.27,30.5,5.36,54.0,917.8,44.96,-999.0,0.0,RUN,9357.17
2025-06-02 13:00:00,0.276,31.1,7.46,54.0,860.1,43.67,30.43,0.0,run,8940.32
2025-06-02 14:00:00,0.173,31.6,6.99,54.0,712.2,43.25,30.85,0.0,RUN,7750.63
2025-06-02 15:00:00,0.213,31.9,6.85,52.0,578.4,41.0,31.85,0.0,RUN,5947.93
2025-06-02 16:00:00,0.426,31.3,5.8,52.0,379.0,36.61,31.18,0.0,RUN,3709.5
2025-06-02 17:00:00,0.501,30.6,6.28,54.0,174.5,33.74,31.09,0.0,RUN,1300.14
02-06-2025 18:00,0.383,30.4,6.13,57.0,25.4,29.56,29.37,0.0,RUN,67.87
2025-06-02 19:00:00,0.329,29.6,6.38,59.0,0.0,30.27,28.87,0.0,standby,-1.67
2025-06-02 20:00:00,0.269,28.8,5.78,61.0,0.0,28.57,27.7,0.0,STANDBY,-9.71
2025-06-02 21:00:00,0.308,28.0,5.31,64.0,0.0,26.09,26.41,0.0,STANDBY,-4.61
2025-06-02 22:00:00,0.191,27.2,5.61,68.0,0.0,25.9,25.4,0.0,STANDBY,0.0
2025-06-02 23:00:00,0.217,25.4,5.44,69.0,0.0,24.88,24.09,0.0,STANDBY,0.0
2025-06-03 00:00:00,0.372,23.9,6.82,81.0,0.0,23.86,23.36,0.0,STANDBY,0.0
2025-06-03 01:00:00,0.444,23.0,5.53,85.0,0.0,23.57,21.99,0.0,STANDBY,-1.85
2025-06-03 02:00:00,0.543,22.2,5.75,85.0,0.0,22.62,22.74,0.0,STANDBY,-10.8
2025-06-03 03:00:00,0.414,21.9,6.27,84.0,0.0,22.14,22.33,0.0,STANDBY,0.0
2025-06-03 04:00:00,0.314,21.8,7.36,84.0,0.0,22.0,22.86,0.0,STANDBY,-9.63
2025-06-03 05:00:00,0.471,22.4,8.56,81.0,0.0,22.66,23.43,0.0,STANDBY,-2.63
2025-06-03 06:00:00,0.375,23.9,8.53,77.0,72.8,25.38,23.48,0.0,run,283.14
2025-06-03 07:00:00,0.479,24.8,8.52,78.0,251.5,29.24,24.68,0.0,RUN,2334.73
2025-06-03 08:00:00,0.644,25.9,8.44,75.0,425.5,32.17,25.52,0.0,RUN,4301.82
2025-06-03 09:00:00,0.652,27.5,6.57,75.0,607.8,37.7,27.04,0.0,RUN,6296.6
2025-06-03 10:00:00,0.795,28.6,6.57,72.0,639.2,39.28,28.37,0.0,RUN,6752.43
2025-06-03 11:00:00,0.813,29.0,7.74,67.0,630.0,39.54,28.07,0.0,RUN,6759.71
2025-06-03 12:00:00,0.693,29.2,10.05,56.0,868.5,42.11,29.27,0.0,RUN,8795.41
2025-06-03 13:00:00,0.614,30.2,12.63,53.0,861.3,42.56,30.96,0.0,RUN,8706.66
2025-06-03 14:00:00,0.547,31.0,10.23,52.0,756.9,41.41,31.51,0.0,RUN,7735.35
03-06-2025 15:00,0.472,31.6,9.4,54.0,566.6,40.26,31.33,0.0,RUN,6079.07
2025-06-03 16:00:00,0.515,31.7,8.77,55.0,368.2,35.57,30.29,0.0,RUN,3739.86
2025-06-03 17:00:00,0.431,31.5,8.51,52.0,176.3,32.84,30.22,0.0,RUN,1433.26
2025-06-03 18:00:00,0.48,31.0,7.74,59.0,21.1,29.68,29.88,0.0,RUN,0.0
2025-06-03 19:00:00,0.567,29.6,5.97,64.0,0.0,29.1,28.49,0.0,STANDBY,-6.71
2025-06-03 20:00:00,0.622,28.6,6.47,68.0,0.0,27.44,27.21,0.0,STANDBY,-4.32
2025-06-03 21:00:00,0.513,28.5,5.69,69.0,0.0,25.44,27.04,0.0,STANDBY,-7.2
2025-06-03 22:00:00,0.399,26.5,7.2,74.0,0.0,26.85,25.65,0.0,STANDBY,-10.59
2025-06-03 23:00:00,0.415,25.1,7.7,81.0,0.0,25.36,24.52,0.0,STANDBY,0.0
2025-06-04 00:00:00,0.305,24.5,5.56,80.0,0.0,23.92,23.03,0.0,STANDBY,0.0
2025-06-04 01:00:00,0.454,23.3,5.76,82.0,0.0,21.6,21.58,0.0,STANDBY,-5.47
2025-06-04 02:00:00,0.381,22.8,5.11,82.0,0.0,20.33,20.55,0.0,STANDBY,0.0
2025-06-04 03:00:00,0.321,22.7,5.34,80.0,0.0,21.66,20.74,0.0,STANDBY,-10.25
2025-06-04 04:00:00,0.381,22.6,4.68,80.0,0.0,21.06,20.84,0.0,STANDBY,0.0
2025-06-04 05:00:00,0.193,23.2,4.34,81.0,0.0,21.37,21.8,0.0,STANDBY,-11.44
2025-06-04 06:00:00,0.216,24.5,4.12,79.0,71.8,24.57,22.46,0.0,RUN,234.73
2025-06-04 07:00:00,0.176,25.2,3.99,74.0,257.8,30.31,23.67,0.0,RUN,2372.09
2025-06-04 08:00:00,0.142,26.1,4.46,67.0,460.7,33.27,25.19,0.0,RUN,4762.7
2025-06-04 09:00:00,0.235,26.9,5.22,66.0,656.5,36.81,26.61,0.0,RUN,6763.69
2025-06-04 10:00:00,0.227,28.5,5.5,65.0,790.0,40.2,27.57,0.0,RUN,-999.0
2025-06-04 11:00:00,0.484,29.2,5.74,62.0,838.2,39.87,27.17,0.0,run,8826.18
2025-06-04 12:00:00,0.579,29.6,7.25,57.0,849.8,40.85,29.51,0.0,RUN,8870.09
2025-06-04 13:00:00,0.386,30.8,7.59,56.0,814.3,43.51,30.05,0.0,RUN,8818.1
2025-06-04 14:00:00,0.342,30.9,7.71,55.0,768.2,41.97,30.34,0.0,RUN,7768.08
2025-06-04 15:00:00,0.395,31.6,8.23,52.0,572.0,38.72,29.58,0.0,RUN,5958.37
2025-06-04 16:00:00,0.465,31.2,8.21,54.0,364.0,35.89,29.86,0.0,run,3666.97
2025-06-04 17:00:00,0.213,31.2,8.25,55.0,163.9,31.49,29.71,0.0,RUN,1393.33
2025-06-04 18:00:00,0.229,30.2,7.66,55.0,34.2,28.18,27.78,0.0,RUN,2.96
2025-06-04 19:00:00,0.341,28.8,6.35,61.0,0.0,26.89,27.73,0.0,STANDBY,-3.24
2025-06-04 20:00:00,0.385,28.3,5.73,64.0,0.0,26.77,27.35,0.0,STANDBY,-5.88
2025-06-04 21:00:00,0.17,27.0,5.55,66.0,0.0,25.23,26.19,0.0,STANDBY,0.0
2025-06-04 22:00:00,0.171,25.8,5.71,65.0,0.0,25.62,24.47,0.0,STANDBY,-9.75
2025-06-04 23:00:00,0.239,24.8,4.99,71.0,0.0,24.18,23.14,0.0,STANDBY,0.0
2025-06-05 00:00:00,0.258,23.7,3.52,74.0,0.0,22.11,22.73,0.0,STANDBY,-6.61
2025-06-05 01:00:00,0.311,23.6,3.64,78.0,0.0,21.08,21.92,0.0,STANDBY,-6.45
2025-06-05 02:00:00,0.294,23.0,3.26,82.0,0.0,21.16,21.8,0.0,STANDBY,-9.07
2025-06-05 03:00:00,0.249,22.7,3.38,77.0,0.0,21.08,20.75,0.0,STANDBY,0.0
2025-06-05 04:00:00,0.376,23.0,3.41,82.0,0.0,20.19,21.49,0.0,STANDBY,0.0
2025-06-05 05:00:00,0.395,23.2,3.89,81.0,0.0,24.55,22.03,0.0,STANDBY,0.0
2025-06-05 06:00:00,0.315,23.9,4.54,74.0,70.1,25.22,23.25,0.0,RUN,291.44
2025-06-05 07:00:00,0.238,25.2,3.55,69.0,239.9,29.48,24.02,0.0,RUN,2372.44
2025-06-05 08:00:00,0.165,26.4,3.56,64.0,447.0,32.78,24.78,0.0,RUN,4714.12
2025-06-05 09:00:00,0.13,27.0,2.8,59.0,651.7,37.76,26.33,0.0,RUN,6803.44
2025-06-05 10:00:00,0.154,29.0,3.22,56.0,829.2,39.45,27.15,0.0,RUN,8257.53
2025-06-05 11:00:00,0.337,29.2,3.33,59.0,807.6,40.6,28.02,0.0, RUN ,8665.59
2025-06-05 12:00:00,0.283,30.9,4.6,58.0,903.8,42.79,28.85,0.0,RUN,9308.1
2025-06-05 13:00:00,0.123,30.2,3.73,53.0,878.2,44.28,30.4,0.0,RUN,9004.99
2025-06-05 14:00:00,0.153,31.0,4.46,56.0,745.6,41.66,29.65,0.0,RUN,7781.77
2025-06-05 15:00:00,0.092,30.9,4.56,53.0,581.0,39.58,30.25,0.0,RUN,6069.49
2025-06-05 16:00:00,0.087,30.7,4.79,55.0,384.2,35.47,30.94,0.0,RUN,3733.32
2025-06-05 17:00:00,0.112,29.8,4.07,50.0,171.9,33.0,28.6,0.0,RUN,1460.63
2025-06-05 18:00:00,0.056,29.4,3.91,52.0,23.3,28.69,28.69,0.0,RUN,47.66
2025-06-05 19:00:00,0.107,28.1,3.37,59.0,0.0,28.85,28.77,0.0,STANDBY,-7.87
2025-06-05 20:00:00,0.14,27.2,3.03,65.0,0.0,27.62,26.32,0.0,STANDBY,0.0
2025-06-05 21:00:00,0.216,25.8,3.89,69.0,0.0,26.07,25.79,0.0,STANDBY,0.0
2025-06-05 22:00:00,0.124,25.1,4.17,69.0,0.0,24.92,24.41,0.0,STANDBY,0.0
2025-06-05 23:00:00,0.131,24.2,4.55,72.0,0.0,23.78,22.69,0.0,STANDBY,0.0
2025-06-06 00:00:00,0.479,21.5,4.17,78.0,0.0,21.93,22.43,0.0,STANDBY,-6.73
2025-06-06 01:00:00,0.667,20.4,4.23,82.0,0.0,21.24,21.48,0.0,STANDBY,-5.44
2025-06-06 02:00:00,0.509,20.1,5.04,78.0,0.0,21.14,20.99,0.0,STANDBY,0.0
2025-06-06 03:00:00,0.524,20.5,4.09,75.0,0.0,20.9,20.61,0.0,STANDBY,-4.38
2025-06-06 04:00:00,0.547,21.2,4.77,72.0,0.0,21.89,21.47,0.0,STANDBY,-6.39
2025-06-06 05:00:00,0.618,21.1,4.69,69.0,0.0,20.81,21.47,0.0,STANDBY,0.0
2025-06-06 06:00:00,0.624,22.0,4.46,71.0,69.6,22.73,20.87,0.0,RUN,246.35
2025-06-06 07:00:00,0.666,22.8,5.08,68.0,235.2,29.0,23.05,0.0,RUN,2272.25
2025-06-06 08:00:00,0.675,24.0,5.81,67.0,441.1,30.4,24.43,0.0,RUN,4540.84
2025-06-06 09:00:00,0.759,25.1,6.09,65.0,572.8,33.9,25.69,0.0,RUN,5950.8
2025-06-06 10:00:00,0.584,26.4,5.76,59.0,773.1,39.35,26.58,0.0,RUN,8094.98
06-06-2025 11:00,0.427,27.6,5.54,58.0,882.4,43.93,27.41,0.0,RUN,9269.0
2025-06-06 12:00:00,0.491,28.1,6.45,58.0,920.2,41.53,28.09,0.0,RUN,9471.02
2025-06-06 13:00:00,0.698,28.7,7.66,60.0,834.7,39.93,28.72,0.0,RUN,8509.3
2025-06-06 14:00:00,0.561,28.5,6.93,61.0,719.6,38.38,29.8,0.0,RUN,7429.86
2025-06-06 15:00:00,0.517,28.5,8.8,59.0,580.5,37.95,29.77,0.0,RUN,5827.91
2025-06-06 16:00:00,0.32,28.5,7.3,59.0,395.3,34.28,28.86,0.0,RUN,3804.55
2025-06-06 17:00:00,0.428,28.6,7.44,56.0,172.4,31.25,28.59,0.0, RUN ,1446.39
2025-06-06 18:00:00,0.662,27.6,6.82,61.0,28.0,28.4,27.75,0.0,RUN,-10.41
2025-06-06 19:00:00,0.593,27.3,7.0,67.0,0.0,26.81,26.97,0.0,standby,0.0
2025-06-06 20:00:00,0.674,26.2,6.14,69.0,0.0,27.64,26.36,0.0,STANDBY,-2.03
2025-06-06 21:00:00,0.794,25.1,5.71,74.0,0.0,25.82,25.21,0.0,STANDBY,0.0
2025-06-06 22:00:00,0.694,24.0,5.23,77.0,0.0,25.35,24.03,0.0,STANDBY,-7.2
2025-06-06 23:00:00,0.696,22.9,5.41,79.0,0.0,21.64,22.88,0.0,STANDBY,0.0
2025-06-07 00:00:00,0.644,23.0,6.37,95.0,0.0,21.33,23.01,0.0,STANDBY,-1.74
2025-06-07 01:00:00,0.744,22.4,6.55,97.0,0.0,21.49,21.91,0.0,STANDBY,-8.34
2025-06-07 02:00:00,0.764,22.5,5.63,98.0,0.0,20.76,21.97,0.0,STANDBY,-11.16
2025-06-07 03:00:00,0.827,22.5,5.37,97.0,0.0,21.26,22.13,0.0,STANDBY,0.0
2025-06-07 04:00:00,0.739,23.0,4.72,92.0,0.0,22.23,21.38,0.0,STANDBY,-5.96
2025-06-07 05:00:00,0.707,23.1,4.91,91.0,0.0,21.23,22.17,0.0,STANDBY,-6.13
2025-06-07 06:00:00,0.627,22.8,4.62,86.0,66.0,23.51,22.69,0.0,RUN,207.08
2025-06-07 07:00:00,0.625,23.8,4.95,87.0,192.1,26.53,23.28,0.0,RUN,5325.44
2025-06-07 08:00:00,0.827,25.3,5.23,85.0,263.6,28.89,24.93,0.0,RUN,2761.75
2025-06-07 08:00:00,0.827,25.3,5.23,85.0,263.6,28.89,24.93,0.0,RUN,2761.75
2025-06-07 09:00:00,0.69,26.6,5.04,85.0,459.2,34.2,26.16,0.0,run,4883.08
2025-06-07 10:00:00,0.82,27.0,5.27,80.0,443.4,34.0,26.91,0.0,RUN,4749.73
2025-06-07 11:00:00,0.573,27.6,6.15,75.0,688.5,37.79,27.07,0.0,,7447.42
2025-06-07 12:00:00,0.694,28.0,6.93,76.0,629.6,37.39,27.8,0.0,RUN,6653.72
2025-06-07 13:00:00,0.694,28.1,7.48,75.0,537.5,36.21,28.21,0.0,RUN,5862.37
2025-06-07 14:00:00,0.351,29.6,8.69,73.0,677.7,39.35,28.77,0.0,RUN,7077.83
2025-06-07 15:00:00,0.531,29.1,8.87,76.0,479.4,34.86,28.95,0.0,RUN,4896.86
2025-06-07 16:00:00,0.657,28.8,7.11,77.0,260.8,32.32,29.43,0.5,RUN,2668.37
2025-06-07 17:00:00,0.586,28.3,7.27,76.0,143.0,30.63,28.13,0.4,RUN,1137.22
2025-06-07 18:00:00,0.681,28.1,6.99,81.0,29.4,27.58,27.9,0.6,RUN,-8.29
07-06-2025 19:00,0.715,27.6,6.36,78.0,0.0,27.55,26.63,0.2,STANDBY,-7.33
2025-06-07 20:00:00,0.611,26.4,4.86,80.0,0.0,26.76,26.98,0.4,STANDBY,-3.91
2025-06-07 21:00:00,0.483,25.8,4.66,80.0,0.0,25.95,26.04,0.0,STANDBY,0.0
2025-06-07 22:00:00,0.637,24.9,4.98,88.0,0.0,23.85,24.05,0.0,STANDBY,-7.96
2025-06-07 23:00:00,0.761,22.8,4.43,89.0,0.0,24.06,23.06,0.0,STANDBY,0.0
2025-06-08 00:00:00,0.781,21.7,4.87,84.0,0.0,22.98,22.39,0.0,STANDBY,-7.21
2025-06-08 01:00:00,0.625,22.0,5.86,79.0,0.0,21.51,22.41,0.0,standby,0.0
2025-06-08 02:00:00,0.582,22.4,6.42,82.0,0.0,20.08,21.34,0.0,STANDBY,0.0
2025-06-08 03:00:00,0.477,21.5,5.93,81.0,0.0,20.68,21.73,0.0,STANDBY,0.0
2025-06-08 04:00:00,0.222,22.6,6.1,74.0,0.0,22.36,21.56,0.0,STANDBY,-9.92
2025-06-08 05:00:00,0.447,22.5,5.72,80.0,0.0,22.86,21.89,0.0,STANDBY,0.0
2025-06-08 06:00:00,0.489,23.4,6.22,77.0,62.9,23.24,23.79,0.0,RUN,306.52
2025-06-08 07:00:00,0.402,24.3,5.83,73.0,243.1,27.29,23.41,0.0,RUN,2270.19
2025-06-08 08:00:00,0.398,24.5,6.16,72.0,438.6,32.85,25.28,0.0,RUN,4579.64
2025-06-08 09:00:00,0.537,24.9,6.4,70.0,591.4,35.77,25.18,0.0,RUN,6336.55
2025-06-08 10:00:00,0.495,26.1,6.42,69.0,711.8,37.69,25.92,0.0,RUN,7545.2
2025-06-08 11:00:00,0.506,27.1,5.79,62.0,831.4,39.76,28.23,0.0,RUN,8679.46
2025-06-08 12:00:00,0.64,27.6,6.64,60.0,775.4,39.41,28.2,0.0,RUN,8243.8
2025-06-08 13:00:00,0.604,28.3,7.0,59.0,805.4,39.44,28.22,0.0,RUN,8342.51
2025-06-08 14:00:00,0.704,29.1,6.94,57.0,648.0,37.84,28.79,0.0,RUN,6890.65
2025-06-08 15:00:00,0.721,28.7,7.29,55.0,531.5,36.88,29.02,0.0,RUN,5520.37
2025-06-08 16:00:00,0.74,27.9,6.9,59.0,319.8,34.52,28.61,0.0,RUN,3314.24
2025-06-08 17:00:00,0.464,27.9,7.69,57.0,166.8,30.0,28.91,0.0,RUN,1365.88
2025-06-08 18:00:00,0.408,27.3,8.07,59.0,26.5,28.82,28.08,0.0,RUN,36.87
2025-06-08 19:00:00,0.395,26.8,7.02,64.0,0.0,27.6,27.61,0.0,STANDBY,0.0
2025-06-08 20:00:00,0.421,25.8,7.39,66.0,0.0,25.89,26.11,0.0,STANDBY,-11.29
2025-06-08 21:00:00,0.341,24.6,6.91,68.0,0.0,26.07,26.39,0.0,STANDBY,-999.0
2025-06-08 22:00:00,0.407,23.1,6.93,71.0,0.0,25.69,23.79,0.0,STANDBY,0.0
2025-06-08 23:00:00,0.564,22.6,6.65,75.0,0.0,23.96,23.81,0.0,STANDBY,0.0
2025-06-09 00:00:00,0.562,24.6,6.11,75.0,0.0,23.58,23.11,0.0,STANDBY,0.0
2025-06-09 01:00:00,0.441,24.8,7.11,74.0,0.0,21.71,22.14,0.0,STANDBY,-10.62
2025-06-09 02:00:00,0.561,23.6,6.35,80.0,0.0,21.57,21.42,0.0,STANDBY,0.0
2025-06-09 03:00:00,0.574,22.7,5.89,78.0,0.0,22.23,21.78,0.0,STANDBY,-4.97
2025-06-09 04:00:00,0.451,23.3,5.41,79.0,0.0,22.62,21.74,0.0,STANDBY,0.0
2025-06-09 05:00:00,0.257,23.7,4.77,75.0,0.0,21.86,21.48,0.0,STANDBY,-4.75
2025-06-09 06:00:00,0.472,24.4,5.59,75.0,61.6,24.23,23.53,0.0,RUN,211.93
2025-06-09 07:00:00,0.644,25.2,5.12,75.0,193.6,28.02,23.91,0.0,RUN,1790.82
2025-06-09 08:00:00,0.702,26.1,4.01,69.0,370.1,31.76,25.77,0.0,RUN,3680.03
2025-06-09 09:00:00,0.765,27.2,4.63,65.0,506.6,35.57,26.43,0.0,RUN,5244.25
2025-06-09 10:00:00,0.7,27.8,4.7,63.0,658.9,38.23,27.44,0.0,RUN,7089.04
2025-06-09 11:00:00,0.547,28.8,5.36,57.0,808.4,40.75,27.78,0.0,RUN,8835.29
2025-06-09 12:00:00,0.494,30.4,6.11,54.0,847.4,41.35,28.93,0.0,RUN,9084.18
2025-06-09 13:00:00,0.499,31.1,7.03,53.0,764.4,41.1,29.48,0.0,RUN,8444.21
2025-06-09 14:00:00,0.475,30.9,7.51,49.0,675.4,38.8,29.37,0.0,RUN,7159.79
2025-06-09 15:00:00,0.397,31.1,8.82,47.0,554.3,36.72,30.17,0.0,RUN,5629.43
2025-06-09 16:00:00,0.537,31.2,8.18,48.0,339.7,35.07,29.37,0.0,RUN,3372.91
2025-06-09 17:00:00,0.588,31.0,8.41,52.0,172.0,32.56,29.29,0.0,RUN,1328.76
09-06-2025 19:00,0.648,29.6,7.42,55.0,0.0,26.58,27.79,0.0,STANDBY,-10.47
2025-06-09 20:00:00,0.602,28.5,5.18,61.0,0.0,27.18,27.12,0.0,STANDBY,-3.47
2025-06-09 21:00:00,0.564,28.1,4.48,64.0,0.0,25.82,26.09,0.0,STANDBY,-5.81
2025-06-09 22:00:00,0.585,26.5,4.2,73.0,0.0,24.42,24.87,0.0,STANDBY,0.0
2025-06-09 23:00:00,0.462,24.7,4.82,80.0,0.0,25.36,24.46,0.0,STANDBY,-8.31
2025-06-10 00:00:00,0.634,23.4,4.47,95.0,0.0,23.36,24.16,0.0,STANDBY,-6.01
2025-06-10 01:00:00,0.453,23.3,5.3,92.0,0.0,23.07,23.05,0.0,STANDBY,-7.23
2025-06-10 02:00:00,0.326,23.3,5.21,92.0,0.0,21.87,23.1,0.0,STANDBY,-4.9
2025-06-10 03:00:00,0.488,23.1,5.3,97.0,0.0,23.85,21.91,0.0,STANDBY,0.0
2025-06-10 04:00:00,0.514,23.1,4.32,99.0,0.0,24.03,22.9,0.0,STANDBY,-3.28
2025-06-10 05:00:00,0.622,23.6,3.9,96.0,0.0,22.73,23.38,0.0,STANDBY,-11.09
2025-06-10 06:00:00,0.726,24.5,3.8,93.0,56.0,25.98,24.71,0.0,RUN,225.43
2025-06-10 07:00:00,0.893,25.7,4.24,91.0,145.9,28.7,25.8,0.0,RUN,-999.0
2025-06-10 08:00:00,0.827,26.3,4.81,87.0,299.5,31.71,25.97,0.0,RUN,3138.1
2025-06-10 09:00:00,0.642,27.2,4.64,84.0,550.9,34.76,27.49,0.0,RUN,5647.35
2025-06-10 10:00:00,0.708,28.7,5.61,80.0,655.2,38.52,27.52,0.0, RUN ,6662.92
2025-06-10 11:00:00,0.727,29.8,5.93,79.0,729.7,39.58,29.11,0.0,run,7531.57
2025-06-10 12:00:00,0.667,30.1,6.47,77.0,760.7,40.3,29.17,0.0,RUN,7892.69
2025-06-10 13:00:00,0.601,30.4,6.92,76.0,780.9,41.11,30.11,0.0,RUN,8132.36
2025-06-10 14:00:00,0.763,30.5,6.69,74.0,657.3,38.7,29.91,0.0,RUN,6822.42
10-06-2025 15:00,0.759,30.4,6.25,71.0,532.1,38.03,30.15,0.0,RUN,5516.17
10-06-2025 16:00,0.821,29.9,6.11,75.0,291.9,34.63,29.97,0.0,RUN,3134.81
2025-06-10 17:00:00,0.812,29.7,6.62,76.0,139.0,31.26,29.37,0.0,RUN,1136.56
2025-06-10 18:00:00,0.669,29.2,6.54,76.0,30.3,30.41,29.7,0.0,RUN,-11.09
10-06-2025 19:00,0.502,28.7,6.55,78.0,0.0,28.55,27.88,0.0,STANDBY,-5.5
2025-06-10 20:00:00,0.415,28.3,7.02,79.0,0.0,28.82,27.99,0.0,STANDBY,0.0
2025-06-10 21:00:00,0.419,28.1,6.08,83.0,0.0,26.98,26.76,0.0,standby,-6.66
2025-06-10 22:00:00,0.405,26.4,5.89,90.0,0.0,26.05,26.42,0.0,STANDBY,-5.38
2025-06-10 23:00:00,0.466,25.2,6.74,94.0,0.0,25.19,25.37,0.0,STANDBY,-5.05
2025-06-11 00:00:00,0.675,23.3,6.02,86.0,0.0,23.71,22.53,0.0,STANDBY,0.0
2025-06-11 01:00:00,0.561,22.3,6.37,86.0,0.0,21.19,22.29,0.0,STANDBY,0.0
2025-06-11 02:00:00,0.66,22.0,5.82,85.0,0.0,20.99,22.05,0.0,STANDBY,-3.81
2025-06-11 03:00:00,0.685,21.5,6.73,87.0,0.0,23.3,22.03,0.0,STANDBY,0.0
2025-06-11 04:00:00,0.534,21.4,7.48,84.0,0.0,23.51,22.05,0.0,STANDBY,-5.77
2025-06-11 05:00:00,0.47,21.7,6.05,83.0,0.0,22.93,21.81,0.0,STANDBY,-10.26
2025-06-11 06:00:00,0.329,22.9,6.41,77.0,63.4,24.38,23.03,0.0,run,240.7
2025-06-11 07:00:00,0.391,24.1,5.75,74.0,246.9,28.42,23.63,0.0,RUN,2279.22
2025-06-11 08:00:00,0.312,25.3,4.87,72.0,445.5,31.43,25.31,0.0,RUN,4657.75
2025-06-11 09:00:00,0.461,26.7,4.65,73.0,595.9,35.52,27.02,0.0,RUN,6388.99
2025-06-11 10:00:00,0.596,27.7,4.33,72.0,665.5,38.7,26.7,0.0,RUN,7185.74
2025-06-11 11:00:00,0.65,28.3,5.58,70.0,706.1,38.63,27.01,0.0,RUN,7692.12
2025-06-11 12:00:00,0.731,29.2,6.5,64.0,634.0,38.0,28.98,0.0,RUN,7113.94
2025-06-11 13:00:00,0.582,29.8,6.47,61.0,768.2,41.49,29.1,0.0,RUN,8125.23
2025-06-11 14:00:00,0.584,29.5,7.35,62.0,9999.0,37.82,28.52,0.0,RUN,7234.5
2025-06-11 15:00:00,0.783,29.1,7.09,66.0,443.9,37.0,29.17,0.0,RUN,4662.19
2025-06-11 16:00:00,0.784,29.0,7.45,67.0,286.1,32.96,28.62,0.0,RUN,2857.29
2025-06-11 17:00:00,0.724,28.4,8.26,67.0,157.3,31.1,28.76,0.0,RUN,1405.52
2025-06-11 18:00:00,0.772,27.8,7.23,70.0,30.3,27.55,27.99,0.0,RUN,18.84
2025-06-11 19:00:00,0.752,28.0,6.15,72.0,0.0,28.13,28.19,0.0,STANDBY,0.0
2025-06-11 20:00:00,0.568,26.9,5.23,74.0,0.0,28.26,27.47,0.0,STANDBY,0.0
2025-06-11 22:00:00,0.661,24.3,4.0,79.0,0.0,25.54,24.9,0.0,STANDBY,-10.18
2025-06-11 23:00:00,0.669,24.1,4.21,87.0,0.0,23.41,23.95,0.0,STANDBY,-2.16
2025-06-12 00:00:00,0.265,23.8,7.2,85.0,0.0,21.98,22.51,0.0,STANDBY,-10.13
2025-06-12 01:00:00,0.364,23.2,7.3,85.0,0.0,21.1,21.94,0.0,STANDBY,0.0
2025-06-12 02:00:00,0.463,22.0,7.72,84.0,0.0,20.88,20.89,0.0,STANDBY,0.0
2025-06-12 03:00:00,0.411,22.8,6.28,81.0,0.0,20.1,20.71,0.0,STANDBY,-6.66
2025-06-12 04:00:00,0.497,23.6,6.9,77.0,0.0,21.89,21.14,0.0,STANDBY,-4.87
2025-06-12 05:00:00,0.547,23.7,6.94,75.0,0.0,19.91,20.89,0.0,STANDBY,0.0
2025-06-12 06:00:00,0.347,24.7,6.02,72.0,68.8,23.53,22.63,0.0,RUN,212.78
2025-06-12 07:00:00,0.296,25.3,5.3,76.0,247.4,27.01,23.46,0.0,RUN,2276.21
2025-06-12 08:00:00,0.368,26.2,5.24,72.0,444.1,30.7,23.67,0.0,RUN,4644.07
2025-06-12 09:00:00,0.359,27.0,6.3,70.0,654.7,34.65,25.01,0.0,run,6654.63
2025-06-12 10:00:00,0.54,27.8,7.53,68.0,748.5,38.52,26.65,0.0,RUN,7926.47
2025-06-12 11:00:00,0.427,28.9,8.12,62.0,886.6,39.36,26.95,0.0, RUN ,9152.98
2025-06-12 12:00:00,0.491,29.0,7.73,63.0,893.0,40.79,28.04,0.0,RUN,9384.34
2025-06-12 13:00:00,0.507,29.4,8.73,61.0,823.0,40.74,28.42,0.0,RUN,8867.39
2025-06-12 14:00:00,0.424,29.8,9.89,59.0,749.7,39.24,27.34,0.0,RUN,7672.74
2025-06-12 15:00:00,0.676,29.4,9.28,61.0,538.4,35.32,27.45,0.0,RUN,5523.6
2025-06-12 16:00:00,0.74,28.9,10.71,59.0,353.6,32.53,28.36,0.0,RUN,3465.71
2025-06-12 17:00:00,0.499,28.5,9.59,61.0,164.0,31.5,27.8,0.0,run,1429.89
2025-06-12 18:00:00,0.264,28.2,8.73,59.0,24.1,28.98,27.95,0.0,RUN,33.5
2025-06-12 19:00:00,0.342,27.4,8.99,63.0,0.0,26.63,26.3,0.0,STANDBY,-6.37
2025-06-12 20:00:00,0.366,25.9,8.76,63.0,0.0,25.88,26.68,0.0,STANDBY,-7.12
2025-06-12 21:00:00,0.532,24.3,7.82,67.0,-999.0,25.54,25.49,0.0,STANDBY,-9.45
2025-06-12 22:00:00,0.596,23.2,6.77,72.0,0.0,23.87,24.37,0.0,STANDBY,-8.25
2025-06-12 23:00:00,0.512,22.3,6.83,74.0,0.0,22.16,23.31,0.0,STANDBY,-1.99
2025-06-13 00:00:00,0.541,21.3,7.15,79.0,0.0,22.17,22.5,0.0,STANDBY,-5.16
2025-06-13 01:00:00,0.371,20.1,7.02,81.0,0.0,21.67,21.94,0.0,,-2.62
2025-06-13 02:00:00,0.481,20.0,7.09,85.0,0.0,21.24,21.53,0.0,STANDBY,-11.17
2025-06-13 03:00:00,0.736,20.4,7.15,90.0,0.0,22.36,21.67,0.0,STANDBY,0.0
2025-06-13 04:00:00,0.614,20.7,8.41,87.0,0.0,23.22,22.02,0.0,STANDBY,0.0
13-06-2025 05:00,0.586,21.3,8.93,89.0,0.0,22.19,22.33,0.0,STANDBY,-2.72
2025-06-13 06:00:00,0.444,21.7,10.05,85.0,66.4,24.11,22.17,0.0,RUN,197.84
2025-06-13 07:00:00,0.513,23.7,7.27,84.0,217.2,27.56,24.12,0.0,RUN,2059.22
2025-06-13 08:00:00,0.578,25.1,7.25,79.0,390.4,31.93,24.08,0.0,RUN,4013.58
2025-06-13 09:00:00,0.537,25.9,6.66,75.0,533.6,33.23,25.58,0.0,RUN,5966.88
2025-06-13 10:00:00,0.509,26.5,6.57,75.0,653.0,36.69,26.48,0.0,RUN,6909.99
2025-06-13 11:00:00,0.66,26.7,6.59,72.0,659.3,36.52,26.98,0.0,RUN,7266.26
2025-06-13 12:00:00,0.479,26.7,7.17,67.0,763.1,39.37,27.5,0.0, run ,8212.58
2025-06-13 13:00:00,0.439,27.7,7.09,63.0,774.4,36.57,28.0,0.0,RUN,7967.5
2025-06-13 14:00:00,0.209,28.0,7.39,58.0,726.4,39.3,28.22,0.0,RUN,7621.86
2025-06-13 15:00:00,0.406,28.2,7.4,56.0,553.0,36.14,28.74,0.0, RUN ,5706.34
2025-06-13 16:00:00,0.612,27.5,7.77,61.0,300.0,31.98,28.77,0.0,RUN,3099.98
2025-06-13 17:00:00,0.606,26.5,6.99,64.0,150.9,31.23,27.73,0.0,RUN,1159.41
2025-06-13 18:00:00,0.464,26.3,7.21,63.0,30.7,26.52,27.31,0.0,RUN,0.0
13-06-2025 19:00,0.4,25.9,6.87,65.0,0.0,26.81,27.13,0.0,STANDBY,0.0
2025-06-13 20:00:00,0.519,25.2,7.58,73.0,0.0,24.82,26.34,0.0,STANDBY,0.0
2025-06-13 21:00:00,0.618,23.9,6.93,77.0,0.0,25.05,24.67,0.0,STANDBY,-2.29
2025-06-13 22:00:00,0.539,23.4,6.06,82.0,0.0,25.49,24.21,0.0,STANDBY,0.0
2025-06-13 23:00:00,0.697,22.0,5.86,88.0,0.0,23.9,22.86,0.0,,-3.89
2025-06-14 00:00:00,0.822,21.4,4.38,89.0,0.0,22.94,21.23,0.0,STANDBY,0.0
2025-06-14 01:00:00,0.674,20.4,4.88,88.0,0.0,21.17,20.69,0.0,STANDBY,0.0
2025-06-14 02:00:00,0.649,19.9,4.7,87.0,0.0,20.63,21.29,0.0, STANDBY ,-11.08
2025-06-14 03:00:00,0.677,19.5,3.89,84.0,0.0,20.86,21.28,0.0,STANDBY,-8.94
2025-06-14 04:00:00,0.73,19.9,4.3,87.0,0.0,20.9,21.28,0.0,STANDBY,-2.94
2025-06-14 05:00:00,0.768,20.8,4.44,89.0,0.0,23.09,21.14,0.0,STANDBY,-8.6
2025-06-14 06:00:00,0.541,21.6,5.02,81.0,59.7,22.45,21.47,0.0,RUN,190.17
2025-06-14 07:00:00,0.509,22.4,5.78,78.0,220.5,27.32,23.07,0.0,RUN,2140.88
14-06-2025 08:00,0.604,24.1,5.3,79.0,413.0,29.88,23.86,4.3,RUN,4284.04
2025-06-14 09:00:00,0.772,25.2,5.2,76.0,476.7,31.9,24.9,13.1,RUN,5054.15
2025-06-14 10:00:00,0.802,25.8,6.09,73.0,593.7,35.21,25.94,17.3,RUN,6160.22
2025-06-14 11:00:00,0.797,26.3,5.3,71.0,612.6,35.95,26.62,0.0,RUN,6692.72
2025-06-14 12:00:00,0.856,26.9,6.18,68.0,593.0,36.1,26.89,0.0,RUN,6347.13
2025-06-14 13:00:00,0.825,27.2,6.48,64.0,563.8,36.6,26.68,0.0,RUN,6150.35
2025-06-14 14:00:00,0.593,28.1,7.3,63.0,613.6,34.99,27.38,0.0,RUN,6742.49
2025-06-14 15:00:00,0.598,28.4,7.42,61.0,475.6,34.07,27.58,0.0,RUN,5100.28
2025-06-14 16:00:00,0.715,28.3,7.14,63.0,301.0,31.91,27.54,0.0,RUN,3091.58
2025-06-14 17:00:00,0.784,28.0,5.98,65.0,143.1,29.18,27.7,0.0,run,1206.21
14-06-2025 18:00,0.752,27.5,5.67,65.0,21.9,27.74,26.45,0.0,RUN,-2.47
2025-06-14 19:00:00,0.469,26.8,4.91,62.0,0.0,24.92,26.2,0.0,STANDBY,0.0
2025-06-14 20:00:00,0.464,26.4,4.55,70.0,0.0,26.4,24.88,0.0,STANDBY,-4.07
2025-06-14 21:00:00,0.598,24.7,5.69,74.0,0.0,24.66,24.01,0.0,standby,0.0
2025-06-14 22:00:00,0.755,23.5,5.71,79.0,0.0,24.66,23.54,0.0,STANDBY,-7.82
2025-06-14 23:00:00,0.679,22.2,5.81,83.0,0.0,23.32,22.51,0.0,STANDBY,-2.53
2025-06-15 00:00:00,0.377,22.3,5.31,81.0,0.0,22.16,21.72,0.0,STANDBY,0.0
2025-06-15 01:00:00,0.27,21.2,4.47,82.0,0.0,20.21,20.88,0.0,STANDBY,0.0
2025-06-15 02:00:00,0.477,20.6,4.1,84.0,0.0,18.78,21.51,0.0,STANDBY,0.0
2025-06-15 03:00:00,0.524,20.8,4.27,85.0,0.0,20.36,21.22,0.0,STANDBY,-3.7
2025-06-15 04:00:00,0.702,21.5,3.55,84.0,0.0,20.28,21.24,0.0,STANDBY,-3.17
2025-06-15 05:00:00,0.661,22.0,3.6,86.0,0.0,21.7,21.56,0.0,STANDBY,0.0
2025-06-15 06:00:00,0.651,23.0,4.01,80.0,62.4,23.53,21.74,0.0,RUN,255.52
2025-06-15 07:00:00,0.622,23.7,3.84,77.0,218.1,26.61,22.99,0.0,run,2008.76
2025-06-15 08:00:00,0.466,24.8,4.37,74.0,407.1,32.48,-999.0,0.0,RUN,4238.14
2025-06-15 09:00:00,0.548,25.3,4.98,69.0,530.3,35.05,24.94,0.0,RUN,5713.26
2025-06-15 10:00:00,0.498,27.2,5.52,67.0,683.9,37.52,25.84,0.0, RUN ,7299.49
2025-06-15 11:00:00,0.383,28.0,5.29,62.0,807.9,39.14,25.56,0.0,RUN,8913.13
2025-06-15 12:00:00,0.377,28.5,5.01,61.0,853.0,39.85,26.64,0.0,RUN,8998.36
2025-06-15 13:00:00,0.54,28.2,5.78,60.0,710.8,36.88,26.85,0.0,RUN,7329.19
2025-06-15 14:00:00,0.583,28.2,7.72,62.0,618.1,36.81,27.18,0.0,RUN,6550.28
2025-06-15 15:00:00,0.404,28.3,7.94,61.0,534.7,36.58,27.11,0.0,RUN,5532.02
2025-06-15 16:00:00,0.383,28.4,7.97,64.0,360.8,32.96,27.8,0.0,RUN,3588.12
2025-06-15 17:00:00,0.603,28.2,7.23,69.0,165.0,28.89,27.5,0.0,RUN,1314.76
2025-06-15 18:00:00,0.627,28.4,6.84,70.0,26.4,25.42,26.85,0.0, RUN ,41.21
2025-06-15 19:00:00,0.644,27.4,5.61,69.0,0.0,26.62,25.34,0.0,STANDBY,0.0
2025-06-15 20:00:00,0.494,26.0,6.53,72.0,0.0,25.8,25.4,0.0,STANDBY,0.0
2025-06-15 21:00:00,0.309,25.4,6.01,72.0,0.0,24.83,24.34,0.0,STANDBY,0.0
2025-06-15 22:00:00,0.249,24.2,5.56,79.0,0.0,22.69,23.81,0.0,STANDBY,-5.55
2025-06-15 23:00:00,0.487,23.7,5.56,83.0,0.0,22.13,23.18,0.0,STANDBY,-6.32
2025-06-16 00:00:00,0.626,23.3,4.31,90.0,0.0,24.52,23.99,0.0,STANDBY,-1.85
2025-06-16 01:00:00,0.435,22.8,4.74,88.0,0.0,23.19,23.27,0.0,STANDBY,-8.53
2025-06-16 02:00:00,0.67,22.8,4.07,92.0,0.0,21.33,22.96,0.0,STANDBY,-7.64
2025-06-16 03:00:00,0.713,22.1,4.43,94.0,0.0,22.46,22.81,0.0,STANDBY,-9.76
2025-06-16 04:00:00,0.669,22.4,3.91,91.0,0.0,23.37,23.33,0.0,STANDBY,-7.78
2025-06-16 05:00:00,0.744,22.9,4.0,92.0,0.0,23.27,22.99,0.0,STANDBY,0.0
2025-06-16 06:00:00,0.795,23.4,4.73,91.0,59.1,24.06,23.95,0.0,RUN,182.44
2025-06-16 07:00:00,0.856,24.1,3.89,87.0,178.4,26.06,25.41,0.0, RUN ,1652.37
2025-06-16 08:00:00,0.797,24.6,3.73,81.0,331.7,30.32,25.51,0.0,RUN,3560.21
2025-06-16 09:00:00,0.805,25.0,3.84,79.0,498.3,35.3,26.37,0.0,RUN,5217.04
2025-06-16 10:00:00,0.754,25.4,4.29,73.0,646.9,37.62,27.37,0.0,RUN,-999.0
2025-06-16 11:00:00,0.687,25.6,4.82,71.0,706.1,37.92,27.66,0.0,RUN,7535.45
2025-06-16 12:00:00,0.709,26.2,5.1,71.0,675.4,38.27,28.18,0.0,RUN,7164.62
2025-06-16 13:00:00,0.774,26.9,4.8,70.0,542.9,36.86,28.08,0.0,RUN,5915.84
2025-06-16 14:00:00,0.855,27.0,4.81,70.0,397.7,35.52,28.34,0.0,RUN,4175.26
2025-06-16 15:00:00,0.807,28.4,5.19,64.0,393.8,36.0,29.99,0.0,RUN,4349.44
2025-06-16 16:00:00,0.795,27.8,4.26,64.0,288.2,32.73,29.26,0.0,RUN,2825.01
2025-06-16 18:00:00,0.709,26.8,3.95,67.0,26.9,29.6,28.94,0.0,RUN,12.63
2025-06-16 19:00:00,0.776,26.9,3.48,70.0,0.0,28.85,27.83,0.0,STANDBY,0.0
2025-06-16 20:00:00,0.651,26.6,3.82,70.0,0.0,27.13,27.92,0.0,STANDBY,0.0
16-06-2025 21:00,0.642,25.4,3.81,74.0,0.0,24.3,26.5,0.0,STANDBY,-9.87
2025-06-16 22:00:00,0.738,24.3,3.89,80.0,0.0,26.47,25.4,0.0,STANDBY,-6.17
2025-06-16 23:00:00,0.792,24.0,3.82,83.0,0.0,24.65,24.3,0.0,STANDBY,0.0
2025-06-17 00:00:00,0.824,20.3,4.46,84.0,0.0,21.24,20.44,0.0,STANDBY,0.0
2025-06-17 01:00:00,0.776,20.3,4.65,84.0,0.0,18.39,20.39,0.0,STANDBY,-10.74
2025-06-17 02:00:00,0.702,19.6,5.46,81.0,0.0,19.56,19.69,0.0,STANDBY,-9.57
2025-06-17 03:00:00,0.523,19.9,4.82,77.0,0.0,20.25,20.25,0.0,STANDBY,0.0
2025-06-17 04:00:00,0.537,19.7,4.94,82.0,0.0,18.95,19.88,0.0,STANDBY,-3.92
2025-06-17 05:00:00,0.6,20.3,5.35,80.0,0.0,20.63,20.18,0.0,STANDBY,-8.22
2025-06-17 06:00:00,0.601,20.3,5.16,80.0,54.6,21.66,21.18,0.0, RUN ,267.54
2025-06-17 07:00:00,0.741,21.3,5.2,77.0,221.7,26.05,21.82,0.0,RUN,2083.11
2025-06-17 08:00:00,0.76,21.7,4.38,74.0,413.0,30.93,22.89,0.0,RUN,4204.28
2025-06-17 09:00:00,0.727,22.3,4.16,73.0,539.7,33.26,24.16,0.0,RUN,5837.56
2025-06-17 10:00:00,0.653,23.1,4.95,73.0,695.9,36.12,24.74,0.0,RUN,7461.42
2025-06-17 11:00:00,0.603,24.1,5.7,66.0,797.2,38.23,25.81,0.0,RUN,8564.25
2025-06-17 12:00:00,0.627,25.6,6.58,64.0,797.8,38.31,25.47,0.0,run,8257.68
2025-06-17 13:00:00,0.579,25.7,7.08,63.0,796.1,37.27,26.6,0.0,RUN,8206.73
2025-06-17 14:00:00,0.411,26.8,7.81,58.0,749.4,38.34,26.76,0.0, RUN ,7734.4
2025-06-17 15:00:00,0.625,27.0,8.14,60.0,530.2,36.31,26.99,0.0,RUN,5698.03
2025-06-17 16:00:00,0.664,27.1,8.86,62.0,347.7,31.28,26.48,0.0,RUN,3439.72
2025-06-17 17:00:00,0.701,25.8,8.55,65.0,151.2,26.88,26.63,0.0,,1268.15
2025-06-17 18:00:00,0.633,25.4,8.47,64.0,32.2,25.74,26.02,0.0,RUN,30.7
2025-06-17 19:00:00,0.485,24.8,8.65,62.0,0.0,25.97,25.3,0.0,STANDBY,0.0
2025-06-17 20:00:00,0.568,24.3,6.35,72.0,0.0,24.52,24.3,0.0,STANDBY,0.0
2025-06-17 21:00:00,0.54,23.3,5.03,75.0,0.0,22.65,23.58,0.0,STANDBY,-5.65
2025-06-17 22:00:00,0.464,22.7,5.16,74.0,0.0,21.48,22.17,0.0,STANDBY,-7.58
2025-06-17 23:00:00,0.629,21.6,4.78,78.0,0.0,21.83,21.69,0.0,STANDBY,0.0
2025-06-18 00:00:00,0.591,21.3,3.35,81.0,0.0,21.73,20.94,0.0,STANDBY,-3.18
2025-06-18 01:00:00,0.609,21.0,4.01,84.0,0.0,19.55,21.15,0.0,STANDBY,0.0
2025-06-18 02:00:00,0.597,20.3,4.15,86.0,0.0,20.18,20.29,0.0,STANDBY,-4.66
2025-06-18 03:00:00,0.374,20.3,3.92,84.0,0.0,20.89,18.9,0.0,STANDBY,-5.11
2025-06-18 04:00:00,0.405,19.6,3.98,83.0,0.0,20.5,19.76,0.0,STANDBY,0.0
2025-06-18 05:00:00,0.488,20.8,4.51,84.0,0.0,21.75,20.45,0.0,STANDBY,-3.13
2025-06-18 06:00:00,0.488,21.6,3.92,78.0,64.3,21.71,21.11,0.0,RUN,198.63
2025-06-18 07:00:00,0.656,22.6,4.05,79.0,218.3,26.9,21.12,0.0,RUN,2086.22
2025-06-18 08:00:00,0.616,23.5,3.77,80.0,422.2,28.73,22.66,0.0,RUN,4289.28
2025-06-18 09:00:00,0.579,25.4,4.08,70.0,588.9,34.19,23.79,0.0,RUN,6185.08
2025-06-18 10:00:00,0.559,25.6,4.41,70.0,732.8,37.06,25.36,0.0,RUN,7588.53
2025-06-18 11:00:00,0.585,27.0,4.54,66.0,802.9,38.31,25.34,0.0,RUN,8473.75
2025-06-18 12:00:00,0.288,27.6,5.29,61.0,864.8,40.23,26.37,0.0,RUN,9408.75
2025-06-18 13:00:00,0.309,28.1,6.8,61.0,861.7,39.05,26.54,0.0,RUN,8947.86
2025-06-18 14:00:00,0.452,27.7,7.3,63.0,736.4,37.58,27.04,0.0,RUN,7563.62
2025-06-18 14:00:00,0.452,27.7,7.3,63.0,736.4,37.58,27.04,0.0,RUN,7563.62
2025-06-18 15:00:00,0.404,28.3,8.14,60.0,564.5,35.9,27.08,0.0,RUN,5982.62
2025-06-18 16:00:00,0.379,27.6,7.37,60.0,385.3,32.23,26.19,0.0,RUN,3916.61
2025-06-18 17:00:00,0.479,27.4,7.44,64.0,179.9,28.99,26.56,0.0,RUN,1564.54
2025-06-18 18:00:00,0.434,26.8,6.57,64.0,30.7,26.08,25.73,0.0,RUN,-4.18
2025-06-18 19:00:00,0.468,26.3,6.0,68.0,0.0,25.12,25.39,0.0,STANDBY,-1.93
2025-06-18 20:00:00,0.411,25.7,6.06,69.0,0.0,24.6,24.19,0.0,STANDBY,-8.07
2025-06-18 21:00:00,0.397,24.4,6.19,71.0,0.0,23.68,23.79,0.0,STANDBY,-8.79
2025-06-18 22:00:00,0.611,23.2,6.14,75.0,9999.0,22.26,22.49,0.0,STANDBY,0.0
2025-06-18 23:00:00,0.594,21.6,5.39,77.0,0.0,21.42,21.63,0.0,STANDBY,-5.66
2025-06-19 00:00:00,0.57,19.2,6.12,79.0,0.0,19.36,20.72,0.0,STANDBY,-2.27
2025-06-19 01:00:00,0.361,18.8,5.58,78.0,0.0,19.41,19.95,0.0,STANDBY,-4.01
2025-06-19 02:00:00,0.483,19.1,5.71,81.0,0.0,19.45,19.69,0.0,STANDBY,-11.08
2025-06-19 03:00:00,0.44,18.7,5.75,81.0,0.0,19.45,19.61,0.0,STANDBY,-3.75
2025-06-19 04:00:00,0.321,18.6,5.82,78.0,0.0,19.82,20.34,0.0,STANDBY,-11.42
2025-06-19 05:00:00,0.396,19.1,6.91,79.0,0.0,20.24,20.34,0.0,STANDBY,0.0
2025-06-19 06:00:00,0.406,19.3,6.51,80.0,62.5,21.99,21.23,0.0,RUN,209.02
2025-06-19 07:00:00,0.693,20.7,6.99,79.0,214.1,26.35,22.0,0.0,RUN,2063.55
2025-06-19 08:00:00,0.569,21.8,6.96,75.0,417.9,29.81,22.43,0.0,RUN,4401.82
2025-06-19 09:00:00,0.644,22.2,7.21,71.0,592.8,34.18,23.35,0.0,RUN,6375.08
2025-06-19 10:00:00,0.639,23.0,7.03,71.0,723.8,36.48,24.15,0.0,RUN,7676.77
2025-06-19 11:00:00,0.496,24.1,7.44,70.0,819.1,38.81,24.84,0.0,RUN,8857.86
2025-06-19 12:00:00,0.211,24.7,7.58,62.0,900.4,39.22,25.29,0.0,RUN,9462.79
2025-06-19 13:00:00,0.281,25.1,7.53,60.0,871.4,38.41,26.24,0.0, run ,-999.0
2025-06-19 14:00:00,0.316,25.4,5.47,59.0,731.4,36.04,26.24,0.0,RUN,7765.21
2025-06-19 15:00:00,0.388,25.1,5.35,55.0,574.1,34.31,26.9,0.0,RUN,6090.72
2025-06-19 16:00:00,0.323,25.7,4.78,57.0,389.0,31.98,27.09,0.0,RUN,3896.32
2025-06-19 17:00:00,0.661,24.9,4.82,62.0,179.4,28.34,25.36,0.0,RUN,1444.32
2025-06-19 18:00:00,0.495,25.1,5.42,61.0,35.1,25.74,25.65,0.0,RUN,17.45
2025-06-19 19:00:00,0.502,24.1,5.35,65.0,0.0,26.48,24.84,0.0,standby,-5.14
2025-06-19 20:00:00,0.377,23.3,4.56,68.0,0.0,23.8,23.97,0.0,STANDBY,-8.85
2025-06-19 21:00:00,0.434,22.4,4.16,74.0,0.0,23.58,23.83,0.0,STANDBY,-2.72
19-06-2025 22:00,0.395,21.0,4.31,71.0,0.0,21.97,22.8,0.0,STANDBY,0.0
2025-06-19 23:00:00,0.306,20.1,4.21,75.0,0.0,21.2,21.98,0.0,STANDBY,-2.45
2025-06-20 00:00:00,0.339,18.5,5.84,92.0,0.0,21.19,20.68,0.0,STANDBY,0.0
2025-06-20 01:00:00,0.352,17.8,5.87,93.0,0.0,20.83,20.08,0.0,STANDBY,-5.94
2025-06-20 02:00:00,0.24,17.6,5.12,86.0,0.0,19.22,20.66,0.0,STANDBY,-11.35
2025-06-20 03:00:00,0.309,17.4,5.32,89.0,0.0,19.56,18.9,0.0,STANDBY,0.0
2025-06-20 04:00:00,0.525,17.7,6.06,94.0,0.0,20.54,20.24,0.0,STANDBY,-10.54
2025-06-20 05:00:00,0.502,18.7,5.5,93.0,0.0,18.68,20.6,0.0,STANDBY,0.0
2025-06-20 06:00:00,0.622,19.5,6.1,92.0,50.7,22.77,20.93,0.0,RUN,182.47
2025-06-20 07:00:00,0.497,20.1,5.96,88.0,167.7,24.82,22.21,0.0,RUN,1611.09
2025-06-20 08:00:00,0.505,20.6,7.54,84.0,337.8,29.03,22.62,0.0,RUN,3535.37
2025-06-20 09:00:00,0.48,21.5,6.71,80.0,540.5,32.83,24.06,0.0,run,5674.06
2025-06-20 10:00:00,0.609,22.5,8.96,78.0,615.0,32.37,24.48,0.0,RUN,6451.94
20-06-2025 11:00,0.775,22.9,11.06,78.0,556.8,32.27,24.47,0.0,RUN,6260.1
2025-06-20 12:00:00,0.72,23.3,11.37,73.0,623.0,34.29,25.86,0.0,RUN,6747.3
2025-06-20 13:00:00,0.737,23.3,12.68,70.0,583.3,32.15,26.2,0.0,RUN,6415.32
2025-06-20 14:00:00,0.752,24.0,11.44,72.0,546.5,33.97,25.31,0.0,RUN,5750.37
2025-06-20 15:00:00,0.694,24.5,11.42,71.0,450.1,31.94,25.96,0.0,RUN,4600.02
2025-06-20 16:00:00,0.58,25.2,11.91,70.0,337.7,30.89,26.85,0.0,RUN,3530.59
2025-06-20 17:00:00,0.592,24.8,11.06,69.0,150.5,28.19,26.38,0.0,RUN,1305.08
2025-06-20 18:00:00,0.563,24.3,11.14,68.0,35.0,25.2,25.16,1.7,RUN,46.2
2025-06-20 19:00:00,0.558,23.4,8.96,73.0,0.0,25.81,24.82,2.2,STANDBY,-7.4
2025-06-20 20:00:00,0.516,21.9,8.04,83.0,0.0,23.61,23.95,2.2,STANDBY,0.0
2025-06-20 21:00:00,0.627,21.1,7.26,80.0,0.0,23.71,23.69,0.3,STANDBY,0.0
2025-06-20 22:00:00,0.62,19.6,7.92,81.0,0.0,22.89,22.39,0.0,STANDBY,0.0
2025-06-20 23:00:00,0.512,19.1,6.91,84.0,0.0,20.73,21.39,0.0,STANDBY,0.0
2025-06-21 00:00:00,0.797,19.2,4.27,83.0,0.0,20.65,19.06,0.0,STANDBY,-11.05
2025-06-21 01:00:00,0.695,18.8,4.18,82.0,0.0,18.5,19.05,0.0,STANDBY,-4.49
2025-06-21 02:00:00,0.735,18.1,4.9,83.0,0.0,18.38,18.48,0.0,STANDBY,-5.73
2025-06-21 03:00:00,0.86,18.6,4.14,87.0,0.0,18.4,18.04,0.0,standby,-9.04
2025-06-21 04:00:00,0.921,18.1,4.04,87.0,0.0,19.42,17.86,0.0,STANDBY,-4.08
2025-06-21 05:00:00,0.838,19.2,4.05,84.0,0.0,17.88,18.84,0.0,STANDBY,0.0
2025-06-21 06:00:00,0.866,19.5,4.13,81.0,45.2,20.77,19.0,0.0,RUN,185.46
21-06-2025 07:00,0.839,19.7,3.38,74.0,168.4,23.95,19.82,0.0,RUN,1549.27
2025-06-21 08:00:00,0.731,20.2,4.09,69.0,359.1,26.76,21.98,0.0,RUN,3737.58
2025-06-21 09:00:00,0.679,21.1,4.15,66.0,569.5,30.9,21.93,0.0,RUN,5893.62
2025-06-21 10:00:00,0.715,21.7,5.36,67.0,680.7,33.16,22.88,0.0,RUN,7262.54
2025-06-21 11:00:00,0.712,22.5,5.5,67.0,693.0,32.52,23.83,0.0,RUN,7553.51
2025-06-21 12:00:00,0.712,23.3,6.28,61.0,707.8,34.74,23.51,0.0,RUN,7666.24
2025-06-21 13:00:00,0.747,24.5,7.01,59.0,574.1,32.77,23.88,0.0,RUN,6455.8
2025-06-21 14:00:00,0.798,24.2,6.49,58.0,465.7,30.88,24.27,0.0,RUN,5088.17
2025-06-21 15:00:00,0.855,24.0,6.17,58.0,372.4,30.78,24.57,0.0,RUN,-999.0
2025-06-21 16:00:00,0.843,23.3,5.93,59.0,274.9,26.72,24.36,0.0,RUN,2760.41
2025-06-21 17:00:00,0.771,23.4,5.2,61.0,156.4,25.54,24.22,0.0,RUN,1320.77
2025-06-21 18:00:00,0.707,23.0,4.92,60.0,29.7,25.67,23.69,0.0,RUN,27.68
2025-06-21 19:00:00,0.843,23.0,4.16,65.0,0.0,23.35,23.01,0.0,STANDBY,-4.1
2025-06-21 20:00:00,0.817,22.1,3.91,67.0,0.0,23.35,22.61,0.0,STANDBY,-9.74
2025-06-21 21:00:00,0.68,21.6,3.81,72.0,0.0,23.12,22.05,0.0,STANDBY,-8.71
2025-06-21 22:00:00,0.768,21.5,4.01,76.0,0.0,21.64,20.81,0.0,STANDBY,0.0
2025-06-21 23:00:00,0.717,19.9,3.65,77.0,0.0,20.47,20.12,0.0,,-4.47
2025-06-22 00:00:00,0.777,18.2,4.5,83.0,0.0,20.31,20.06,0.0,STANDBY,-10.56
2025-06-22 01:00:00,0.773,17.2,4.25,86.0,0.0,19.35,19.12,0.0,STANDBY,-7.26
22-06-2025 02:00,0.734,17.2,3.76,89.0,0.0,19.63,19.21,0.0,STANDBY,-10.23
2025-06-22 03:00:00,0.75,17.7,3.55,94.0,0.0,18.29,19.16,0.0,STANDBY,0.0
2025-06-22 04:00:00,0.836,18.3,3.83,93.0,0.0,18.66,18.82,0.0,STANDBY,-3.49
2025-06-22 05:00:00,0.8,19.0,3.95,93.0,0.0,20.07,19.68,0.0,STANDBY,0.0
2025-06-22 06:00:00,0.669,18.8,4.32,89.0,50.0,20.5,19.78,0.0,RUN,152.51
2025-06-22 08:00:00,0.741,20.5,6.17,82.0,331.3,28.5,21.82,0.0,RUN,3462.9
2025-06-22 09:00:00,0.79,21.5,5.52,84.0,377.0,30.04,22.83,0.0,RUN,3947.59
2025-06-22 10:00:00,0.695,22.0,7.08,78.0,500.4,32.28,23.96,0.0,RUN,5570.84
2025-06-22 11:00:00,0.666,22.6,8.94,79.0,593.0,35.18,24.47,0.0,RUN,6546.04
2025-06-22 12:00:00,0.684,22.5,9.32,72.0,637.3,35.39,23.91,0.0,RUN,6806.37
2025-06-22 13:00:00,0.821,22.9,9.2,71.0,466.0,31.79,24.74,0.0,RUN,5253.92
2025-06-22 14:00:00,0.86,23.2,10.37,67.0,391.8,31.72,25.14,0.0,RUN,4306.55
2025-06-22 15:00:00,0.869,23.9,10.49,70.0,281.1,30.67,25.04,0.0,run,3192.49
2025-06-22 16:00:00,0.879,23.3,8.22,74.0,172.1,28.07,23.68,0.0, RUN ,1751.26
2025-06-22 17:00:00,0.878,22.8,7.02,75.0,73.4,26.76,23.59,0.1,RUN,614.26
2025-06-22 18:00:00,0.856,22.7,5.97,74.0,18.8,24.3,24.67,0.7,RUN,42.12
2025-06-22 19:00:00,0.776,22.2,4.94,78.0,0.0,25.86,24.01,0.6,STANDBY,-5.23
2025-06-22 20:00:00,0.776,21.3,5.27,81.0,0.0,20.83,23.75,0.0,STANDBY,0.0
2025-06-22 21:00:00,0.841,20.4,5.08,85.0,0.0,22.02,23.29,0.4,standby,-7.9
2025-06-22 22:00:00,0.86,19.6,4.06,88.0,0.0,22.79,21.03,0.4,STANDBY,0.0
2025-06-22 23:00:00,0.808,18.7,4.88,89.0,0.0,21.05,20.83,0.0,STANDBY,-9.26
2025-06-23 00:00:00,0.827,21.8,3.83,83.0,0.0,22.39,21.47,0.0,STANDBY,0.0
2025-06-23 01:00:00,0.821,21.8,4.51,86.0,0.0,20.92,21.14,0.0,STANDBY,-11.13
2025-06-23 02:00:00,0.792,21.8,4.53,90.0,0.0,21.47,20.27,0.0,STANDBY,-11.25
2025-06-23 03:00:00,0.755,22.3,4.63,88.0,0.0,20.62,20.61,0.0,STANDBY,0.0
2025-06-23 04:00:00,0.657,21.8,5.35,90.0,0.0,22.26,21.44,0.0,STANDBY,-4.12
2025-06-23 05:00:00,0.688,22.4,4.97,88.0,0.0,21.15,21.19,0.0,STANDBY,0.0
2025-06-23 06:00:00,0.711,23.1,4.72,87.0,42.2,22.55,22.34,0.0,RUN,122.94
2025-06-23 07:00:00,0.65,23.4,3.99,85.0,163.4,26.06,22.62,0.0,RUN,1550.15
2025-06-23 08:00:00,0.818,24.3,3.98,85.0,207.5,28.08,23.79,0.0,RUN,2098.67
2025-06-23 09:00:00,0.651,24.8,4.37,85.0,332.5,32.57,24.49,0.0,RUN,3608.13
2025-06-23 10:00:00,0.638,25.8,5.78,83.0,427.6,33.82,25.75,0.0,RUN,4643.2
2025-06-23 11:00:00,0.49,26.4,6.0,82.0,624.9,37.57,25.36,0.0,run,6618.91
2025-06-23 12:00:00,0.535,26.4,6.89,78.0,634.0,37.03,26.28,8.0,RUN,6574.11
2025-06-23 13:00:00,0.694,26.9,6.78,78.0,492.7,34.63,27.15,6.3,RUN,5313.63
2025-06-23 14:00:00,0.55,27.7,7.57,73.0,538.8,36.62,27.19,10.8,RUN,5749.8
2025-06-23 15:00:00,0.575,27.7,7.54,71.0,431.8,33.45,27.35,0.0,RUN,4547.36
2025-06-23 16:00:00,0.583,27.1,7.14,70.0,284.8,31.97,26.81,0.0,RUN,2883.49
2025-06-23 17:00:00,0.703,27.8,7.32,70.0,132.8,29.03,25.66,0.0,RUN,1107.63
2025-06-23 18:00:00,0.651,27.1,6.32,69.0,26.6,26.97,26.33,0.0,RUN,32.21
2025-06-23 19:00:00,0.631,26.8,5.58,70.0,0.0,24.53,25.31,0.0,STANDBY,0.0
2025-06-23 20:00:00,0.573,25.5,5.61,76.0,0.0,24.46,24.99,0.0,STANDBY,0.0
2025-06-23 21:00:00,0.646,24.9,4.04,77.0,0.0,24.72,24.13,0.0,STANDBY,0.0
23-06-2025 22:00,0.722,23.9,4.15,79.0,0.0,21.97,23.47,0.0,STANDBY,0.0
2025-06-23 23:00:00,0.635,23.1,4.3,84.0,0.0,21.93,21.93,0.0,standby,-7.2
2025-06-24 00:00:00,0.424,22.9,4.58,87.0,0.0,21.43,22.15,0.0,STANDBY,-2.12
2025-06-24 01:00:00,0.502,22.7,4.3,94.0,0.0,22.48,21.89,0.0,STANDBY,0.0
2025-06-24 02:00:00,0.579,22.5,4.57,93.0,-999.0,20.21,21.34,0.0,STANDBY,-6.31
2025-06-24 03:00:00,0.52,22.9,4.52,92.0,0.0,21.52,21.8,0.0,STANDBY,0.0
2025-06-24 04:00:00,0.518,22.5,4.0,90.0,0.0,20.34,22.18,0.0,standby,-8.33
2025-06-24 05:00:00,0.582,23.5,4.42,89.0,0.0,22.86,22.18,0.0,STANDBY,-4.71
2025-06-24 06:00:00,0.68,23.8,4.36,89.0,54.1,23.18,22.58,0.0,RUN,205.52
2025-06-24 07:00:00,0.648,23.8,5.13,85.0,176.1,24.61,23.42,0.0,RUN,1659.32
2025-06-24 08:00:00,0.671,24.4,4.88,84.0,308.3,27.54,23.6,0.0,RUN,3191.7
2025-06-24 09:00:00,0.599,25.7,5.21,80.0,498.3,34.23,25.6,0.0,RUN,5330.96
2025-06-24 10:00:00,0.562,27.1,5.72,76.0,635.0,36.41,25.55,0.0,RUN,6766.33
24-06-2025 11:00,0.526,27.9,7.35,74.0,720.0,38.23,26.24,0.0,RUN,7618.41
2025-06-24 12:00:00,0.603,28.3,6.06,74.0,717.3,38.08,26.38,0.0,RUN,7759.79
2025-06-24 13:00:00,0.669,28.0,5.33,74.0,618.1,37.09,26.85,0.0,RUN,6576.12
2025-06-24 14:00:00,0.612,28.2,5.22,72.0,null,null,,0.0,,
24-06-2025 15:00,0.612,28.8,5.86,72.0,,,,0.0,,NA
2025-06-24 16:00:00,0.574,28.7,5.39,74.0,null,,,0.0,,NA
2025-06-24 17:00:00,0.643,28.8,4.49,72.0,null,,NA,0.0,,
2025-06-24 18:00:00,0.661,29.1,4.86,73.0,,,,0.0,,
2025-06-24 19:00:00,0.573,28.2,4.53,73.0,,NA,NA,0.0,,NA
2025-06-24 20:00:00,0.437,27.4,4.11,77.0,,,,0.0,,
2025-06-24 21:00:00,0.512,26.0,4.03,79.0,,null,,0.0,,null
2025-06-24 22:00:00,0.471,24.7,5.25,82.0,,,NA,0.0,,
2025-06-24 23:00:00,0.68,23.4,4.63,85.0,,,null,0.0,,
2025-06-25 00:00:00,0.909,22.8,3.79,92.0,,,NA,0.0,,
2025-06-25 01:00:00,0.945,22.3,4.55,92.0,,,,0.0,,NA
2025-06-25 02:00:00,0.895,21.7,3.89,91.0,,null,,0.0,,
2025-06-25 03:00:00,0.861,22.3,3.51,90.0,NA,,,0.0,,
2025-06-25 04:00:00,0.905,21.9,3.65,90.0,,NA,,0.0,,
2025-06-25 05:00:00,0.929,22.8,3.51,90.0,NA,,,0.0,,
2025-06-25 06:00:00,0.946,22.9,4.41,86.0,,,,0.0,,NA
2025-06-25 07:00:00,0.886,23.5,4.39,84.0,NA,,NA,0.0,,
2025-06-25 08:00:00,0.863,23.8,3.97,78.0,,,NA,0.0,,
2025-06-25 09:00:00,0.857,24.9,4.05,75.0,null,,NA,0.0,,
2025-06-25 10:00:00,0.893,25.4,3.47,74.0,,,NA,0.0,,
2025-06-25 11:00:00,0.849,26.2,3.91,74.0,,,,0.0,,
2025-06-25 12:00:00,0.858,26.6,4.37,74.0,,,NA,0.0,,
2025-06-25 13:00:00,0.907,27.2,4.56,73.0,,,,0.0,,
2025-06-25 14:00:00,0.885,27.2,5.0,70.0,NA,,NA,0.0,,
2025-06-25 15:00:00,0.886,27.4,5.34,72.0,,,,0.0,,
2025-06-25 16:00:00,0.902,27.0,5.74,73.0,,,,2.7,,NA
2025-06-25 17:00:00,0.918,27.1,6.62,71.0,,,null,4.9,,
2025-06-25 18:00:00,0.888,27.0,5.27,75.0,,,,3.9,,
25-06-2025 19:00,0.87,26.4,4.8,78.0,,,,0.6,,
2025-06-25 20:00:00,0.819,25.9,4.71,81.0,,NA,,5.4,,
2025-06-25 21:00:00,0.855,25.1,4.32,83.0,,NA,NA,0.0,,
2025-06-25 22:00:00,0.899,24.1,3.93,91.0,,NA,,0.0,,
2025-06-25 23:00:00,0.919,23.0,3.96,91.0,NA,,,0.0,,
2025-06-26 00:00:00,0.952,24.1,5.03,94.0,NA,,,0.0,,
2025-06-26 01:00:00,0.933,23.7,5.73,94.0,,,,0.0,,
2025-06-26 02:00:00,0.969,23.8,6.55,94.0,,NA,null,0.0,,
2025-06-26 03:00:00,0.957,23.3,5.77,91.0,,,NA,0.0,,NA
2025-06-26 04:00:00,0.924,23.6,4.88,87.0,NA,,,0.0,,NA
2025-06-26 05:00:00,0.912,24.4,4.65,87.0,,,,0.0,,
2025-06-26 05:00:00,0.912,24.4,4.65,87.0,,NA,,0.0,,NA
2025-06-26 06:00:00,0.817,25.2,5.22,87.0,,,NA,0.0,,NA
2025-06-26 07:00:00,0.882,26.5,-999.0,90.0,NA,NA,NA,0.0,,NA
2025-06-26 07:00:00,0.882,26.5,-999.0,90.0,null,,NA,0.0,,
2025-06-26 08:00:00,0.92,27.1,5.7,88.0,,NA,,0.0,,NA
2025-06-26 09:00:00,0.956,28.0,5.56,86.0,NA,,NA,0.0,,
2025-06-26 10:00:00,0.939,27.7,6.05,85.0,,,,0.0,,NA
2025-06-26 11:00:00,0.895,28.5,6.61,77.0,,,,0.0,,
2025-06-26 12:00:00,0.792,30.0,6.13,76.0,,NA,,0.0,,
2025-06-26 14:00:00,0.912,29.2,7.38,75.0,,,null,0.0,,
2025-06-26 15:00:00,0.891,28.9,6.34,72.0,NA,NA,,9.9,,NA
2025-06-26 16:00:00,0.881,28.8,6.21,75.0,,NA,,9.4,,null
2025-06-26 17:00:00,0.919,28.6,6.35,79.0,,NA,,5.3,,
2025-06-26 18:00:00,0.941,29.3,6.8,82.0,NA,NA,,0.0,,
2025-06-26 19:00:00,0.94,28.9,6.4,82.0,,,,0.0,,
2025-06-26 20:00:00,0.963,28.0,6.08,85.0,,,,0.0,,
2025-06-26 21:00:00,0.978,27.2,5.79,83.0,,NA,,0.0,,
2025-06-26 22:00:00,0.988,27.0,5.95,87.0,,,,0.0,,
2025-06-26 23:00:00,0.965,25.8,6.16,91.0,null,,NA,0.0,,
2025-06-27 00:00:00,0.815,25.4,6.12,99.0,-999.0,,,0.0,,
2025-06-27 01:00:00,0.865,25.4,6.23,100.0,NA,null,,0.0,,NA
2025-06-27 02:00:00,0.785,24.8,5.1,100.0,,null,null,0.0,,NA
2025-06-27 03:00:00,0.719,24.5,4.82,98.0,NA,,,0.0,,
2025-06-27 04:00:00,0.723,24.7,5.52,100.0,NA,,,0.0,,
2025-06-27 05:00:00,0.677,25.3,5.16,97.0,,null,,0.0,,
2025-06-27 06:00:00,0.75,26.3,5.02,98.0,NA,,null,0.0,,NA
2025-06-27 07:00:00,0.613,26.7,4.53,93.0,,NA,,0.0,,
2025-06-27 08:00:00,0.69,27.8,4.07,95.0,346.1,32.51,26.88,0.0,RUN,3480.27
2025-06-27 09:00:00,0.728,28.2,4.89,91.0,435.8,34.74,26.99,0.0,RUN,4620.52
2025-06-27 10:00:00,0.68,28.2,5.04,90.0,537.1,37.11,28.29,0.0,run,5768.78
2025-06-27 11:00:00,0.54,28.6,4.75,86.0,704.4,40.12,29.77,0.0,RUN,7688.93
2025-06-27 12:00:00,0.502,28.7,5.26,79.0,783.2,41.4,29.7,0.0,RUN,8358.64
2025-06-27 13:00:00,0.567,29.1,5.98,79.0,810.7,42.94,30.28,0.0,run,8205.28
2025-06-27 14:00:00,0.639,29.8,6.57,81.0,652.5,40.06,30.51,0.0,RUN,6895.4
2025-06-27 15:00:00,0.6,29.6,7.21,79.0,470.6,36.75,30.49,0.0,RUN,4981.37
2025-06-27 16:00:00,0.778,29.1,5.84,78.0,272.5,33.07,30.29,0.0,,2686.77
2025-06-27 17:00:00,0.742,28.5,6.38,75.0,144.6,32.96,29.82,0.0,run,1269.08
2025-06-27 18:00:00,0.65,27.9,6.38,76.0,31.9,29.79,29.5,3.2,RUN,30.73
2025-06-27 19:00:00,0.824,27.7,6.96,80.0,0.0,29.61,28.77,2.4,standby,0.0
2025-06-27 20:00:00,0.813,27.2,6.81,82.0,0.0,27.71,28.56,3.3,STANDBY,0.0
2025-06-27 21:00:00,0.921,27.0,6.01,86.0,0.0,27.08,28.09,1.5,STANDBY,-4.87
2025-06-27 22:00:00,0.878,25.4,5.87,88.0,0.0,26.77,27.32,0.0,STANDBY,-4.05
2025-06-27 23:00:00,0.725,24.7,6.09,85.0,0.0,26.48,26.02,0.0,STANDBY,-11.37
2025-06-28 00:00:00,0.315,22.6,7.83,74.0,0.0,22.65,23.3,0.0,STANDBY,-5.81
2025-06-28 01:00:00,0.327,22.7,7.7,80.0,0.0,21.82,22.85,0.0,STANDBY,0.0
2025-06-28 02:00:00,0.413,22.3,7.24,86.0,0.0,23.67,22.46,0.0,STANDBY,-3.26
2025-06-28 03:00:00,0.57,22.8,6.7,87.0,0.0,21.84,22.6,0.0,STANDBY,-10.52
2025-06-28 04:00:00,0.632,23.1,7.27,92.0,0.0,21.43,22.91,0.0,STANDBY,-2.87
2025-06-28 05:00:00,0.643,23.4,6.66,85.0,0.0,23.5,22.53,0.0,STANDBY,-5.72
2025-06-28 06:00:00,0.523,23.5,7.43,86.0,58.2,24.67,23.35,0.0,RUN,117.21
2025-06-28 07:00:00,0.425,24.2,7.38,82.0,222.3,28.9,24.35,0.0,RUN,2128.44
2025-06-28 08:00:00,0.492,25.3,6.16,80.0,411.1,31.35,26.08,0.0,RUN,4157.9
2025-06-28 09:00:00,0.706,26.8,7.27,80.0,489.3,32.34,26.81,0.0,run,5125.39
2025-06-28 10:00:00,0.724,27.7,7.89,75.0,541.4,34.27,26.41,0.0,RUN,5808.29
2025-06-28 11:00:00,0.585,28.8,9.36,67.0,710.2,37.94,26.7,0.0,RUN,7557.33
2025-06-28 12:00:00,0.692,29.2,9.55,67.0,702.1,36.79,27.79,0.0,RUN,7423.06
2025-06-28 13:00:00,0.801,29.0,12.05,67.0,545.9,34.69,27.59,0.0,RUN,5669.87
28-06-2025 14:00,0.728,29.3,10.2,68.0,477.1,33.12,27.76,0.0,RUN,5143.09
2025-06-28 15:00:00,0.566,29.8,10.57,64.0,514.4,35.31,28.45,0.0,RUN,5249.79
2025-06-28 17:00:00,0.631,28.9,8.39,67.0,171.3,32.0,28.18,0.0,RUN,1452.53
2025-06-28 18:00:00,0.537,28.1,6.29,68.0,27.8,28.97,27.74,0.0,RUN,49.67
2025-06-28 19:00:00,0.513,26.9,6.1,67.0,0.0,27.22,26.98,0.0,standby,-2.42
2025-06-28 20:00:00,0.29,27.0,6.1,66.0,0.0,26.44,25.9,0.0,STANDBY,-4.44
2025-06-28 21:00:00,0.345,25.9,5.42,69.0,0.0,26.34,25.87,0.0,STANDBY,-5.0
2025-06-28 22:00:00,0.427,24.4,4.74,69.0,0.0,24.57,25.48,0.0,STANDBY,0.0
2025-06-28 23:00:00,0.448,24.0,5.09,73.0,0.0,22.96,23.84,0.0,STANDBY,0.0
2025-06-29 00:00:00,0.895,23.5,4.51,83.0,0.0,23.53,23.58,0.0,STANDBY,-7.25
2025-06-29 01:00:00,0.887,23.1,5.55,87.0,0.0,23.63,23.13,0.0,STANDBY,-7.17
2025-06-29 02:00:00,0.868,23.4,5.75,86.0,0.0,22.3,23.18,0.0,STANDBY,-6.6
2025-06-29 03:00:00,0.898,22.8,5.0,89.0,0.0,22.47,22.96,0.0,STANDBY,0.0
2025-06-29 04:00:00,0.85,22.8,5.11,87.0,0.0,22.15,22.39,0.0,STANDBY,0.0
2025-06-29 05:00:00,0.857,23.8,5.54,88.0,0.0,23.87,23.41,0.0,STANDBY,0.0
2025-06-29 06:00:00,0.774,25.1,6.44,83.0,54.9,25.17,24.02,0.0,RUN,231.72
2025-06-29 07:00:00,0.747,25.7,6.8,82.0,197.0,27.18,24.81,0.0,RUN,1799.27
2025-06-29 08:00:00,0.584,26.3,7.61,75.0,412.5,31.94,25.57,0.0,RUN,4304.45
2025-06-29 09:00:00,0.651,27.9,8.96,71.0,567.4,34.78,26.48,0.0,RUN,6091.32
2025-06-29 10:00:00,0.859,27.6,7.25,69.0,572.6,34.81,26.98,0.0,RUN,6215.59
2025-06-29 11:00:00,0.825,27.8,8.12,64.0,709.9,35.09,27.05,2.9,RUN,7473.46
2025-06-29 12:00:00,0.88,28.9,8.4,64.0,650.8,35.73,27.44,2.2,RUN,6980.81
2025-06-29 13:00:00,0.887,29.0,9.48,62.0,638.6,36.75,28.41,1.4,RUN,6674.2
2025-06-29 14:00:00,0.857,28.6,8.92,63.0,605.6,36.17,28.41,0.0,RUN,6589.91
2025-06-29 15:00:00,0.921,29.1,8.95,63.0,480.3,34.33,28.81,0.0,RUN,4959.41
2025-06-29 16:00:00,0.903,29.0,8.93,67.0,326.7,32.43,29.08,0.0,RUN,3259.27
29-06-2025 17:00,0.787,28.8,9.11,65.0,175.8,31.7,28.33,0.0,RUN,1536.32
2025-06-29 18:00:00,0.732,28.5,8.04,68.0,37.2,27.85,27.68,0.0,RUN,21.43
2025-06-29 19:00:00,0.847,27.8,7.8,70.0,0.0,26.71,27.12,0.0,STANDBY,-4.48
2025-06-29 20:00:00,0.94,27.7,7.01,74.0,0.0,27.19,26.68,0.0,STANDBY,-4.56
2025-06-29 21:00:00,0.901,26.6,8.14,77.0,0.0,27.41,26.54,0.0,STANDBY,0.0
2025-06-29 22:00:00,0.833,25.7,7.31,79.0,0.0,24.08,25.6,0.0,STANDBY,-1.56
2025-06-29 23:00:00,0.77,24.7,8.17,76.0,0.0,24.03,24.73,0.0,STANDBY,-5.75
2025-06-30 00:00:00,0.796,23.0,8.17,88.0,0.0,22.1,22.09,0.0,STANDBY,0.0
2025-06-30 01:00:00,0.868,22.1,8.74,91.0,0.0,20.94,21.37,0.0,,0.0
2025-06-30 02:00:00,0.839,22.1,8.36,98.0,0.0,21.03,21.43,0.0,STANDBY,-5.19
2025-06-30 03:00:00,0.837,21.9,9.21,99.0,0.0,21.5,21.11,0.0,STANDBY,0.0
2025-06-30 04:00:00,0.768,21.6,8.05,94.0,0.0,21.12,21.72,0.0,STANDBY,0.0
2025-06-30 05:00:00,0.777,22.0,7.37,90.0,0.0,21.51,21.63,0.0,STANDBY,0.0
2025-06-30 06:00:00,0.795,23.0,7.34,87.0,42.4,23.63,22.01,0.0,RUN,144.25
2025-06-30 07:00:00,0.849,23.8,8.09,88.0,149.6,24.59,22.44,0.0,RUN,1312.82
2025-06-30 08:00:00,0.915,24.5,8.27,88.0,205.4,25.94,24.13,0.0,RUN,2170.27
2025-06-30 09:00:00,0.91,25.1,10.63,83.0,313.4,29.22,24.07,0.0,RUN,3408.88
2025-06-30 10:00:00,0.875,25.6,11.14,82.0,375.9,30.09,24.98,0.0,RUN,4025.21
2025-06-30 11:00:00,0.878,26.4,12.02,80.0,388.2,31.47,26.31,0.0,RUN,4345.63
2025-06-30 12:00:00,0.865,26.5,8.93,78.0,433.5,32.39,25.87,0.0,RUN,4761.67
2025-06-30 13:00:00,0.8,27.1,10.13,77.0,569.2,34.14,26.6,0.2,RUN,6153.26
2025-06-30 14:00:00,0.651,27.4,10.64,72.0,659.5,34.18,26.92,0.2,RUN,6838.46
2025-06-30 15:00:00,0.616,27.2,10.2,70.0,546.8,32.88,25.65,1.0,RUN,5566.14
2025-06-30 16:00:00,0.665,27.3,9.66,71.0,356.9,30.71,26.77,0.0,RUN,3700.71
2025-06-30 16:00:00,0.665,27.3,9.66,71.0,356.9,30.71,26.77,0.0,RUN,3505.1
2025-06-30 17:00:00,0.886,26.3,10.58,79.0,132.7,27.79,26.53,0.0,RUN,1103.16
2025-06-30 18:00:00,0.896,25.5,9.56,81.0,22.3,26.19,25.64,1.2,RUN,36.79
2025-06-30 19:00:00,0.912,26.1,8.12,80.0,0.0,25.79,25.17,0.0,STANDBY,-6.05
2025-06-30 20:00:00,0.836,25.5,7.28,83.0,0.0,24.11,25.32,0.0,STANDBY,-4.21
2025-06-30 21:00:00,0.804,24.2,6.1,84.0,0.0,23.8,23.66,0.0,STANDBY,0.0
30-06-2025 22:00,0.878,23.6,6.27,88.0,0.0,23.97,23.28,0.0,STANDBY,-5.77
30-06-2025 23:00,0.924,22.9,6.26,94.0,0.0,23.22,23.0,0.0,STANDBY,-4.56
2024-06-10 00:00:00,0.842,23.8,4.12,98.0,0.0,23.7,22.47,0.0,STANDBY,-7.82
2024-06-10 01:00:00,0.747,23.0,4.41,96.0,0.0,23.04,22.57,0.0,STANDBY,-1.92
2024-06-10 02:00:00,0.701,22.5,3.73,96.0,0.0,23.29,22.81,0.0,STANDBY,-10.27
2024-06-10 03:00:00,0.844,22.5,4.22,100.0,0.0,22.63,21.82,0.0,STANDBY,-10.05
2024-06-10 04:00:00,0.931,22.6,4.72,97.0,0.0,22.79,22.75,0.0,STANDBY,0.0
2024-06-10 05:00:00,0.921,22.9,4.81,98.0,0.0,23.0,22.87,0.0,STANDBY,-4.38
2024-06-10 06:00:00,0.911,23.3,4.66,94.0,45.3,23.7,23.02,0.0,RUN,197.74
2024-06-10 07:00:00,0.937,23.9,4.57,88.0,128.4,25.98,23.95,0.0,run,1218.61
2024-06-10 08:00:00,0.961,24.7,4.97,90.0,220.2,28.48,25.94,8.4,RUN,2261.89
2024-06-10 09:00:00,0.969,26.0,5.39,88.0,279.6,31.16,25.85,3.9,RUN,2976.51
2024-06-10 10:00:00,0.946,26.2,4.85,89.0,423.5,33.82,27.38,0.0,run,4646.92
2024-06-10 11:00:00,0.903,26.2,5.11,86.0,528.6,35.25,27.78,5.1,RUN,5723.83
2024-06-10 12:00:00,0.83,27.0,5.21,77.0,694.6,38.09,28.36,4.3,RUN,7147.28
2024-06-10 13:00:00,0.844,26.7,6.13,76.0,585.2,35.73,29.44,3.1,RUN,6102.12
2024-06-10 14:00:00,0.85,27.4,6.19,77.0,486.0,35.08,28.98,0.0,RUN,5111.63
2024-06-10 15:00:00,0.913,27.4,5.94,77.0,332.8,34.72,28.08,0.0,RUN,3377.1
10-06-2024 16:00,0.902,27.9,5.47,79.0,205.0,31.38,28.48,0.0,RUN,2197.11
2024-06-10 17:00:00,0.789,27.9,5.76,79.0,136.9,30.41,28.45,0.0,RUN,1162.96
2024-06-10 18:00:00,0.829,27.2,4.97,83.0,18.5,28.64,28.27,0.0,RUN,21.31
2024-06-10 19:00:00,0.839,27.3,4.91,84.0,0.0,27.22,27.27,0.0,STANDBY,-10.4
2024-06-10 20:00:00,0.842,27.2,4.5,86.0,0.0,27.19,26.56,0.0,STANDBY,-4.25
2024-06-10 21:00:00,0.784,26.4,4.74,87.0,0.0,25.06,26.36,0.0,STANDBY,0.0
2024-06-10 22:00:00,0.614,24.2,4.27,85.0,0.0,25.25,24.74,0.0,standby,-2.35
2024-06-10 23:00:00,0.718,23.8,3.88,88.0,0.0,27.13,24.43,0.0, STANDBY ,0.0
2024-06-11 00:00:00,0.832,25.4,4.27,93.0,0.0,25.43,24.28,0.0,STANDBY,-8.01
2024-06-11 01:00:00,0.885,24.7,4.15,96.0,0.0,23.84,23.6,0.0,,-7.27
2024-06-11 02:00:00,0.934,23.8,3.99,96.0,0.0,24.32,23.91,0.0,STANDBY,0.0
2024-06-11 03:00:00,0.919,23.8,5.27,99.0,0.0,23.06,23.42,0.0,standby,-10.56
11-06-2024 04:00,0.865,24.4,5.36,96.0,0.0,24.25,23.76,0.0, STANDBY ,-5.82
2024-06-11 05:00:00,0.889,24.6,4.57,94.0,0.0,23.58,23.74,0.0,STANDBY,-3.41
2024-06-11 06:00:00,0.894,25.3,4.71,92.0,29.9,24.9,25.38,0.0,RUN,129.53
2024-06-11 07:00:00,0.948,26.2,5.21,92.0,95.5,27.96,26.16,0.0,RUN,922.99
2024-06-11 08:00:00,0.949,27.7,5.09,88.0,172.8,29.46,26.53,0.0,RUN,1770.29
2024-06-11 09:00:00,0.937,28.0,5.4,88.0,246.2,30.83,27.05,0.0,RUN,2616.88
2024-06-11 10:00:00,0.913,28.8,5.51,83.0,373.1,34.4,27.34,0.0,RUN,3983.98
2024-06-11 11:00:00,0.947,29.3,5.88,80.0,355.3,33.44,27.98,0.0,RUN,3891.27
2024-06-11 11:00:00,0.947,29.3,5.88,80.0,355.3,33.44,27.98,0.0,RUN,3835.78
2024-06-11 12:00:00,0.954,30.4,5.93,74.0,366.9,34.81,29.21,0.0,RUN,3952.14
2024-06-11 13:00:00,0.935,30.5,6.34,72.0,342.5,35.32,29.51,0.0,RUN,3576.9
2024-06-11 14:00:00,0.939,30.8,6.13,67.0,306.0,32.7,29.82,0.0,RUN,3212.22
2024-06-11 15:00:00,0.925,30.0,6.22,70.0,261.3,33.84,30.46,0.0,RUN,2755.89
2024-06-11 16:00:00,0.951,30.0,5.29,69.0,160.8,31.64,29.85,0.0,RUN,1610.99
2024-06-11 17:00:00,0.931,29.5,4.53,71.0,78.8,32.39,29.68,0.0,RUN,652.85
2024-06-11 18:00:00,0.903,29.2,5.17,72.0,14.0,27.3,29.06,0.0,RUN,0.0
2024-06-11 19:00:00,0.922,28.4,5.41,75.0,0.0,28.96,29.59,0.0,STANDBY,-7.79
2024-06-11 20:00:00,0.933,27.6,5.59,76.0,0.0,26.97,28.19,0.0,STANDBY,-4.17
2024-06-11 21:00:00,0.964,26.7,5.03,84.0,0.0,26.22,27.09,0.0,STANDBY,-4.9
2024-06-11 22:00:00,0.974,26.0,5.29,87.0,0.0,27.06,26.52,0.0,STANDBY,0.0
2024-06-11 23:00:00,0.926,25.0,5.44,88.0,0.0,25.69,25.39,0.0,STANDBY,-2.0
2024-06-12 00:00:00,0.719,25.0,7.87,93.0,0.0,25.32,25.74,0.0,STANDBY,-9.57
2024-06-12 01:00:00,0.716,24.5,7.05,91.0,0.0,25.65,25.26,0.0,STANDBY,0.0
2024-06-12 02:00:00,0.799,22.8,7.46,93.0,0.0,25.92,23.87,0.0,STANDBY,-6.95
2024-06-12 03:00:00,0.871,22.9,7.31,99.0,0.0,24.45,24.06,0.0,STANDBY,-1.54
2024-06-12 04:00:00,0.858,24.5,8.66,94.0,0.0,25.62,23.59,0.0,STANDBY,-4.59
2024-06-12 05:00:00,0.866,25.1,9.48,95.0,0.0,23.96,25.01,0.0,STANDBY,-3.07
2024-06-12 06:00:00,0.885,25.5,10.19,92.0,40.2,26.04,25.54,0.0,RUN,112.82
2024-06-12 07:00:00,0.694,25.8,9.8,88.0,175.8,28.06,25.88,0.0,RUN,1658.98
2024-06-12 08:00:00,0.693,27.0,8.32,86.0,304.4,32.25,27.65,0.0,RUN,3092.04
2024-06-12 09:00:00,0.768,27.8,8.49,86.0,417.5,35.23,28.72,0.0,RUN,4453.73
2024-06-12 10:00:00,0.738,28.7,7.29,78.0,501.8,35.75,28.79,0.0,RUN,5427.01
2024-06-12 11:00:00,0.679,29.7,6.38,80.0,550.4,38.17,29.58,1.3,RUN,6092.55
2024-06-12 12:00:00,0.712,29.7,7.65,79.0,538.7,36.34,29.89,0.4,RUN,5831.81
2024-06-12 13:00:00,0.804,30.0,8.41,74.0,481.8,37.26,30.42,2.2,RUN,5137.6
2024-06-12 14:00:00,0.885,30.2,7.96,70.0,375.6,35.44,30.4,0.9, RUN ,4033.79
2024-06-12 15:00:00,0.891,30.4,7.43,69.0,309.0,35.72,30.73,0.8,RUN,7286.54
2024-06-12 16:00:00,0.843,30.4,6.9,72.0,236.5,33.29,31.12,0.0,RUN,2362.68
2024-06-12 17:00:00,0.84,30.6,6.56,69.0,132.1,32.13,30.87,0.0,RUN,1052.42
2024-06-12 18:00:00,0.831,30.1,5.71,72.0,19.1,29.81,30.46,0.0,RUN,0.0
2024-06-12 19:00:00,0.877,29.9,5.0,76.0,0.0,30.49,29.32,0.0,STANDBY,0.0
12-06-2024 20:00,0.911,29.1,3.85,81.0,0.0,29.2,29.07,0.0,STANDBY,-4.58
2024-06-12 21:00:00,0.76,29.0,4.35,80.0,0.0,27.58,27.85,0.0,STANDBY,0.0
2024-06-12 23:00:00,0.846,28.1,5.41,91.0,0.0,26.09,26.49,0.0,STANDBY,-8.97
2024-06-13 00:00:00,0.712,23.9,5.43,84.0,0.0,23.92,24.01,0.0,STANDBY,-8.82
2024-06-13 01:00:00,0.647,22.8,5.87,92.0,0.0,22.78,22.45,0.0, STANDBY ,0.0
2024-06-13 02:00:00,0.634,21.7,5.11,90.0,0.0,22.22,22.51,0.0,STANDBY,0.0
2024-06-13 03:00:00,0.688,21.3,4.96,92.0,0.0,21.77,22.56,0.0,STANDBY,0.0
2024-06-13 04:00:00,0.79,20.9,5.31,95.0,0.0,21.43,22.12,0.0,standby,-1.5
2024-06-13 05:00:00,0.748,20.9,5.46,94.0,0.0,22.67,22.92,0.0,STANDBY,-2.1
13-06-2024 06:00,0.861,21.6,5.78,92.0,36.9,23.57,24.05,0.0,RUN,161.37
2024-06-13 07:00:00,0.838,23.2,4.99,86.0,144.7,28.57,24.05,0.0,RUN,1376.9
2024-06-13 08:00:00,0.762,23.9,5.39,80.0,288.6,32.2,25.74,0.0,RUN,3037.1
2024-06-13 09:00:00,0.697,24.8,5.95,78.0,443.2,34.87,26.19,0.0,RUN,4565.33
2024-06-13 10:00:00,0.659,25.4,7.25,76.0,460.3,36.5,27.11,0.0,RUN,4880.06
2024-06-13 11:00:00,0.701,26.1,6.86,71.0,575.2,37.32,27.99,0.0,RUN,6168.61
2024-06-13 12:00:00,0.677,26.5,6.79,66.0,661.2,39.75,28.36,0.0,RUN,7109.39
2024-06-13 13:00:00,0.616,27.2,6.66,69.0,625.8,40.22,29.46,0.0,RUN,6703.45
2024-06-13 14:00:00,0.622,28.0,6.5,63.0,557.7,39.32,29.1,0.0,RUN,5821.06
2024-06-13 15:00:00,0.509,28.6,6.24,63.0,529.7,37.93,29.23,0.0,run,5581.13
2024-06-13 16:00:00,0.633,27.8,6.44,62.0,320.2,34.12,28.3,0.0,run,3208.93
2024-06-13 17:00:00,0.809,27.6,7.56,68.0,123.8,31.01,29.15,0.0,RUN,947.35
2024-06-13 18:00:00,0.815,27.2,6.53,69.0,18.9,28.82,27.55,0.0,RUN,8.37
2024-06-13 19:00:00,0.781,26.4,6.59,74.0,0.0,28.49,28.11,0.0,STANDBY,-9.28
2024-06-13 20:00:00,0.703,26.0,8.08,75.0,0.0,26.12,26.8,0.0,STANDBY,-9.38
2024-06-13 21:00:00,0.753,25.2,8.97,82.0,0.0,27.18,26.59,0.0,STANDBY,0.0
2024-06-13 22:00:00,0.801,24.3,9.39,89.0,0.0,24.66,24.59,0.0,STANDBY,0.0
2024-06-13 23:00:00,0.854,23.1,7.55,89.0,0.0,24.1,24.84,0.0,STANDBY,-10.08
2024-06-14 00:00:00,0.864,21.4,4.96,93.0,0.0,22.98,21.56,0.0,STANDBY,0.0
2024-06-14 01:00:00,0.884,21.1,5.74,95.0,0.0,20.42,20.5,0.0,STANDBY,-6.8
2024-06-14 02:00:00,0.88,20.7,5.07,94.0,0.0,19.82,20.58,0.0,STANDBY,-9.27
2024-06-14 03:00:00,0.86,20.1,5.19,95.0,0.0,20.75,20.23,0.0,STANDBY,0.0
2024-06-14 04:00:00,0.724,20.7,4.93,94.0,0.0,21.04,20.5,0.0,standby,0.0
2024-06-14 05:00:00,0.774,21.1,4.31,95.0,0.0,21.33,20.69,0.0,STANDBY,0.0
14-06-2024 06:00,0.732,21.3,3.32,91.0,63.1,21.8,21.47,0.0,RUN,240.32
2024-06-14 07:00:00,0.679,22.3,2.74,88.0,218.3,28.04,22.89,0.0,RUN,2074.84
2024-06-14 08:00:00,0.59,22.9,2.55,90.0,403.6,32.09,23.77,0.0,RUN,4291.08
2024-06-14 09:00:00,0.724,23.7,2.8,82.0,505.9,33.29,24.05,0.0,RUN,5483.47
2024-06-14 10:00:00,0.718,25.2,3.15,81.0,546.7,34.74,25.42,0.0,RUN,5930.8
2024-06-14 11:00:00,0.701,25.8,3.73,78.0,618.1,35.79,26.39,0.0,RUN,6498.2
2024-06-14 12:00:00,0.704,26.4,3.47,74.0,641.4,36.29,26.49,0.0,run,6942.02
2024-06-14 13:00:00,0.648,26.9,3.91,71.0,651.4,37.83,26.53,0.0,RUN,7029.31
2024-06-14 14:00:00,0.721,26.3,3.92,70.0,507.5,34.72,26.55,0.0,RUN,5525.27
2024-06-14 15:00:00,0.74,26.9,3.7,69.0,444.6,33.4,27.15,0.0,RUN,4646.33
2024-06-14 16:00:00,0.775,26.4,4.36,70.0,288.2,31.48,27.46,0.0,run,2983.75
2024-06-14 17:00:00,0.698,25.6,5.25,69.0,163.5,29.53,26.9,0.0,RUN,1382.91
2024-06-14 18:00:00,0.78,24.8,5.22,72.0,31.5,25.16,26.58,0.0,RUN,43.1
2024-06-14 19:00:00,0.833,24.3,4.97,77.0,0.0,26.13,25.46,0.0,STANDBY,-8.62
2024-06-14 20:00:00,0.754,24.0,3.95,82.0,0.0,25.48,25.43,0.0,STANDBY,-11.17
2024-06-14 21:00:00,0.785,23.4,3.34,82.0,0.0,25.53,24.83,0.0,STANDBY,0.0
2024-06-14 22:00:00,0.733,22.5,3.43,83.0,0.0,24.16,23.6,0.0,STANDBY,-1.58
2024-06-14 23:00:00,0.801,21.9,3.13,87.0,0.0,23.76,22.4,0.0,STANDBY,-1.86
2024-06-15 00:00:00,0.932,22.1,3.15,83.0,0.0,24.47,23.11,0.0,STANDBY,0.0
2024-06-15 01:00:00,0.955,22.2,3.16,83.0,0.0,23.6,22.69,0.0,STANDBY,-3.79
2024-06-15 02:00:00,0.916,21.4,2.84,84.0,0.0,21.53,22.24,0.0,STANDBY,0.0
2024-06-15 03:00:00,0.904,22.0,3.49,83.0,0.0,22.41,22.31,0.0,STANDBY,0.0
2024-06-15 04:00:00,0.814,22.0,3.37,81.0,0.0,22.62,21.8,0.0,STANDBY,-7.57
2024-06-15 05:00:00,0.775,22.2,4.05,78.0,0.0,22.28,23.08,0.0,STANDBY,-7.43
2024-06-15 06:00:00,0.902,23.4,3.64,83.0,52.7,25.74,23.01,0.0,RUN,123.35
2024-06-15 08:00:00,0.846,25.2,3.14,76.0,393.7,31.87,25.15,0.0, RUN ,4046.83
2024-06-15 09:00:00,0.873,26.0,3.65,74.0,553.6,37.52,25.5,0.0,RUN,5801.64
2024-06-15 10:00:00,0.923,26.7,2.77,73.0,569.5,37.39,26.89,0.0,RUN,6110.39
2024-06-15 11:00:00,0.915,27.0,3.27,72.0,630.8,36.53,27.69,0.0,run,6715.04
2024-06-15 12:00:00,0.927,27.8,4.26,65.0,619.3,37.05,27.58,0.0,RUN,6600.91
2024-06-15 13:00:00,0.937,27.8,4.72,63.0,568.1,36.88,28.07,0.0,RUN,5989.82
2024-06-15 14:00:00,0.927,27.8,5.49,63.0,478.4,36.42,28.3,0.0,RUN,5312.71
2024-06-15 15:00:00,0.936,28.2,6.39,61.0,400.6,34.72,28.91,0.0,RUN,4111.06
2024-06-15 16:00:00,0.895,27.9,6.67,59.0,263.0,31.87,29.02,0.0,RUN,2718.47
2024-06-15 17:00:00,0.864,28.0,6.0,62.0,133.3,28.69,28.62,0.0,run,1105.73
2024-06-15 18:00:00,0.864,27.4,6.19,64.0,21.5,29.3,27.51,0.0,run,2.37
2024-06-15 19:00:00,0.804,26.7,6.2,64.0,0.0,27.69,27.08,0.0,STANDBY,0.0
2024-06-15 20:00:00,0.824,26.0,6.22,64.0,0.0,26.4,27.66,0.0,STANDBY,0.0
2024-06-15 21:00:00,0.807,25.3,5.15,66.0,0.0,26.05,25.27,0.0,STANDBY,0.0
2024-06-15 22:00:00,0.914,24.6,5.22,75.0,0.0,23.35,25.54,0.0,STANDBY,0.0
2024-06-15 23:00:00,0.935,23.4,4.18,77.0,0.0,24.41,24.01,0.0,STANDBY,0.0
2024-06-16 00:00:00,0.916,21.3,7.32,85.0,0.0,21.71,22.92,0.0,STANDBY,-10.97
2024-06-16 01:00:00,0.851,21.0,6.86,90.0,0.0,22.26,21.73,0.0,STANDBY,-2.72
2024-06-16 02:00:00,0.848,20.3,5.84,90.0,0.0,21.51,21.46,0.0, STANDBY ,0.0
2024-06-16 04:00:00,0.855,21.1,5.44,90.0,0.0,22.47,22.01,0.0,STANDBY,-9.51
2024-06-16 05:00:00,0.847,21.9,5.96,90.0,0.0,21.69,22.0,0.0,STANDBY,0.0
2024-06-16 06:00:00,0.843,22.0,5.14,89.0,34.8,23.65,22.88,0.0,RUN,103.71
2024-06-16 07:00:00,0.82,22.4,4.73,84.0,119.6,25.66,23.86,0.0, RUN ,1172.22
2024-06-16 08:00:00,0.782,24.1,5.73,79.0,238.5,27.94,24.59,0.0,RUN,2580.43
2024-06-16 10:00:00,0.761,26.1,5.91,77.0,434.8,31.63,25.84,0.0,RUN,4702.98
2024-06-16 11:00:00,0.709,26.9,6.74,77.0,450.1,33.74,26.87,0.0,RUN,4865.26
2024-06-16 12:00:00,0.731,27.7,6.01,71.0,483.4,33.31,27.18,0.0,RUN,5372.2
2024-06-16 13:00:00,0.706,27.9,6.28,71.0,482.8,32.52,27.69,0.0,RUN,5151.04
2024-06-16 14:00:00,0.824,27.8,6.88,73.0,298.4,32.36,27.82,0.0,,3384.91
2024-06-16 15:00:00,0.753,28.4,7.78,66.0,337.2,32.62,27.74,0.0,RUN,3608.13
2024-06-16 16:00:00,0.751,28.2,8.77,66.0,239.5,29.82,27.78,0.0,RUN,2440.68
2024-06-16 17:00:00,0.795,28.3,8.69,62.0,103.1,27.5,27.33,0.4,RUN,808.13
2024-06-16 18:00:00,0.673,27.8,8.3,62.0,26.0,29.05,27.67,0.7,run,0.0
2024-06-16 19:00:00,0.792,26.6,7.15,70.0,0.0,26.16,27.2,0.3,STANDBY,-4.11
2024-06-16 20:00:00,0.822,26.0,5.85,76.0,0.0,25.77,26.03,0.0,STANDBY,0.0
2024-06-16 21:00:00,0.864,24.9,5.16,76.0,0.0,25.63,25.29,0.0,STANDBY,0.0
2024-06-16 22:00:00,0.855,23.7,5.6,81.0,0.0,23.7,24.32,0.0,STANDBY,-9.3
2024-06-16 23:00:00,0.924,22.4,7.14,85.0,0.0,23.13,23.65,0.0,standby,-7.19
